Name,A,Z,Ealpha_MeV,Texp_s,Br_alpha,l,N_calc,Ad,Zd,Ac_used,Zc_used,Qc_Ismail_MeV,Q_source,parity_case,param_set_used,l_used,log10T_Ismail2022_FE_s,T_Ismail2022_FE_s,Talpha_exp_s,HF_Ismail2022_FE,log10HF_Ismail2022_FE
273Ds_a,273,110,10.858,0.017,1.0,0,163,269,108,4,2,11.019457249070632,Ealpha_MeV converted by A/(A-4),even-odd,even-odd,0.0,-3.3213701715522763,0.0004771224242798615,0.017,35.63026832297545,1.5518190929305502
273Ds_b,273,110,10.929,0.017,1.0,0,163,269,108,4,2,11.091513011152417,Ealpha_MeV converted by A/(A-4),even-odd,even-odd,0.0,-3.494025372383641,0.0003206082013078645,0.017,53.02422062396254,1.7244742937619149
273Ds_c,273,110,11.165,0.00018,1.0,0,163,269,108,4,2,11.331022304832713,Ealpha_MeV converted by A/(A-4),even-odd,even-odd,0.0,-4.056037948393752,8.789457117213587e-05,0.00018,2.0479080516529464,0.31131045349705794
269Hs_a,269,108,9.13,9.6,1.0,0,161,265,106,4,2,9.267811320754719,Ealpha_MeV converted by A/(A-4),even-odd,even-odd,0.0,0.7842917633101546,6.0854368962694005,9.6,1.577536693525679,0.1979794697294138
269Hs_b,269,108,8.95,6.5,1.0,0,161,265,106,4,2,9.085094339622641,Ealpha_MeV converted by A/(A-4),even-odd,even-odd,0.0,1.352493328072587,22.516108257009563,6.5,0.2886822147862282,-0.5395799714297315
270Ds_a,270,110,11.3,0.002,1.0,0,160,266,108,4,2,11.469924812030076,Ealpha_MeV converted by A/(A-4),even-even,even-even,0.0,-4.695005542527078,2.018340605171367e-05,0.002,99.09130276998962,1.9960355381910588
270Ds_b,270,110,11.1,0.0002,1.0,0,160,266,108,4,2,11.266917293233083,Ealpha_MeV converted by A/(A-4),even-even,even-even,0.0,-4.228398391497194,5.910192255727147e-05,0.0002,3.383984671669424,0.5294283871611754
