Name,A,Z,Ealpha_MeV,Texp_s,Br_alpha,l,N,Ad,Zd,Qalpha_MeV,x,Ks,y,z,N_interval,Z_interval,F_yz,log10_Tcalc_s,Tcalc_s,Br_alpha,Talpha_exp_s,HF,log10_HF
273Ds_a,273,110,10.858,0.017,1.0,0,163,269,108,11.019457249070632,0.34900729181936285,37.75259994212195,0.6206896551724138,0.84375,"(127,185]","(83,115]",0.9054430180124111,-5.6005864109794,2.508497017585703e-06,1.0,0.017,6776.966398932223,3.831035332357674
273Ds_b,273,110,10.929,0.017,1.0,0,163,269,108,11.091513011152417,0.35128943565056336,37.3766119149338,0.6206896551724138,0.84375,"(127,185]","(83,115]",0.9054430180124111,-5.748435771730321,1.784695909587367e-06,1.0,0.017,9525.432264777537,3.9788846931085953
273Ds_c,273,110,11.165,0.00018,1.0,0,163,269,108,11.331022304832713,0.35887515317399027,36.15586920807505,0.6206896551724138,0.84375,"(127,185]","(83,115]",0.9054430180124111,-6.228467091344914,5.909257412637387e-07,1.0,0.00018,304.60680155015183,2.48373959644822
269Hs_a,269,108,9.13,9.6,1.0,0,161,265,106,9.267811320754719,0.29787186593930975,46.87074879007711,0.5862068965517241,0.78125,"(127,185]","(83,115]",0.9197246324966557,-1.7243543431425294,0.01886451555313984,1.0,9.6,508.89194439992707,2.706625576182098
269Hs_b,269,108,8.95,6.5,1.0,0,161,265,106,9.085094339622641,0.2919992552198052,48.141446328324314,0.5862068965517241,0.78125,"(127,185]","(83,115]",0.9197246324966557,-1.216797931900775,0.06070186969416852,1.0,6.5,107.08072144645058,2.0297112885436306
270Ds_a,270,110,11.3,0.002,1.0,0,160,266,108,11.469924812030076,0.36218648642044576,35.58021301800715,0.5689655172413793,0.84375,"(127,185]","(83,115]",0.9030150079982906,-6.49235006072295,3.2184735122663935e-07,1.0,0.002,6214.126020852769,3.7933800563869315
270Ds_b,270,110,11.1,0.0002,1.0,0,160,266,108,11.266917293233083,0.3557761061298184,36.5913368127374,0.5689655172413793,0.84375,"(127,185]","(83,115]",0.9030150079982906,-6.095813157759528,8.020230356521867e-07,1.0,0.0002,249.36939602659243,2.396843153423509
