Name,A,Z,Ealpha_MeV,Texp_s,Br_alpha,l,Ad,Zd,Ac_used,Zc_used,Qc_QiUDL_MeV,Q_source,coeff_set_QiUDL,chi_prime,rho_prime,log10T_Qi2009_UDL_s,T_Qi2009_UDL_s,Talpha_exp_s,HF_Qi2009_UDL,log10HF_Qi2009_UDL
273Ds_a,273,110,10.858,0.017,1.0,0,269,108,4,2,11.019457249070632,Ealpha_MeV converted by A/(A-4),alpha,129.180946158481,82.74715116314819,-3.949142253010667,0.00011242366703102127,0.017,151.2137119251693,2.179591174388941
273Ds_b,273,110,10.929,0.017,1.0,0,269,108,4,2,11.091513011152417,Ealpha_MeV converted by A/(A-4),alpha,128.76065189848,82.74715116314819,-4.119991869701071,7.585917762692015e-05,0.017,224.0994502155954,2.350440791079345
273Ds_c,273,110,11.165,0.00018,1.0,0,269,108,4,2,11.331022304832713,Ealpha_MeV converted by A/(A-4),alpha,127.39254564620364,82.74715116314819,-4.67612706125141,2.1080113202171325e-05,0.00018,8.538853576054771,0.9313995663547164
269Hs_a,269,108,9.13,9.6,1.0,0,265,106,4,2,9.267811320754719,Ealpha_MeV converted by A/(A-4),alpha,138.23692409153008,81.80430213380357,0.1385749933242515,1.3758623716288265,9.6,6.977442074118908,0.8436962397153169
269Hs_b,269,108,8.95,6.5,1.0,0,265,106,4,2,9.085094339622641,Ealpha_MeV converted by A/(A-4),alpha,139.62009618853796,81.80430213380357,0.7008344507579558,5.021511374316386,6.5,1.2944310020376866,0.11207890588489981
270Ds_a,270,110,11.3,0.002,1.0,0,266,108,4,2,11.469924812030076,Ealpha_MeV converted by A/(A-4),alpha,126.60836416329765,82.61632224456416,-4.938496487251111,1.1521353787236346e-05,0.002,173.5907113811271,2.2395264829150925
270Ds_b,270,110,11.1,0.0002,1.0,0,266,108,4,2,11.266917293233083,Ealpha_MeV converted by A/(A-4),alpha,127.74388791993493,82.61632224456416,-4.476906080178058,3.3349852681710886e-05,0.0002,5.997027990162017,0.7779360758420388
