Name,A,Z,Ealpha_MeV,Texp_s,Br_alpha,l,N_calc,Qalpha_VS_MeV,Qalpha_source,log10T_VS_s,T_VS_s,Talpha_exp_s,log10Talpha_exp_s,Delta_log10_exp_minus_VS,HF_VS
273Ds_a,273,110,10.858,0.017,1.0,0,163.0,11.019457249070632,Ealpha_MeV converted by A/(A-4),-3.6899072133666877,0.0002042174206783861,0.017,-1.7695510786217261,1.9203561347449616,83.2446122545668
273Ds_b,273,110,10.929,0.017,1.0,0,163.0,11.091513011152417,Ealpha_MeV converted by A/(A-4),-3.861593111815459,0.00013753299108487408,0.017,-1.7695510786217261,2.0920420331937333,123.6067060412363
273Ds_c,273,110,11.165,0.00018,1.0,0,163.0,11.331022304832713,Ealpha_MeV converted by A/(A-4),-4.420450496864923,3.79795227531868e-05,0.00018,-3.744727494896694,0.6757230019682292,4.739396046910477
269Hs_a,269,108,9.13,9.6,1.0,0,161.0,9.267811320754719,Ealpha_MeV converted by A/(A-4),0.4169754564848134,2.612013736105652,9.6,0.9822712330395684,0.565295776554755,3.6753252355835597
269Hs_b,269,108,8.95,6.5,1.0,0,161.0,9.085094339622641,Ealpha_MeV converted by A/(A-4),0.9809645760259613,9.571159993033376,6.5,0.8129133566428556,-0.16805121938310574,0.6791235341098882
