record_id,source_csv_line,isotope,state_label,symbol,A,Z,N,method,method_slug,Qalpha_MeV,Ealpha_MeV,Qalpha_err_MeV,qalpha_estimated,Qalpha_qualifier,Talpha_partial_exp_s,Talpha_err_plus_s,Talpha_err_minus_s,Talpha_qualifier,decay_modes_raw,b_alpha_percent,b_SF_percent,alpha_daughter,alpha_daughter_population_raw,log10_Tcalc_s,Tcalc_s,log10_HF,HF,l_used,l_assumed,calculation_status,model_status,diagnostics_json,cell_record_index,cell_record_count,HF_definition,Qalpha_source_column,Talpha_source_column
source-row-0002,2,240Es,,Es,240,99,141,Poenaru,poenaru,8.26,,0.06,False,,8.57142857143,2.42857142857,2.42857142857,,"alpha, EC, SF",70,,,,-0.563149967284,0.273432436707,1.49620317765,31.3475192434,,False,ok,within_implemented_formula,"{""N_interval"": ""(127,185]"", ""Z_interval"": ""(83,115]"", ""parameter_set"": ""original1980"", ""x"": 0.2812970633936152}",1,1,HF = T_alpha_half_s / Tcalc_s,Qalpha_MeV,T_alpha_half_s
source-row-0003,3,241Es,,Es,241,99,142,Poenaru,poenaru,8.259,,0.017,False,,4.3,2.4,1.2,,"alpha, EC",100,,,,-0.566926713529,0.271064901081,1.20039516911,15.8633595971,,False,ok,within_implemented_formula,"{""N_interval"": ""(127,185]"", ""Z_interval"": ""(83,115]"", ""parameter_set"": ""original1980"", ""x"": 0.2815786364945462}",1,1,HF = T_alpha_half_s / Tcalc_s,Qalpha_MeV,T_alpha_half_s
source-row-0004,4,242Es,,Es,242,99,143,Poenaru,poenaru,8.16,,0.02,False,,31.2280701754,2.80701754386,2.80701754386,,"alpha, EC",57,,,,-0.260316005668,0.549141156904,1.7548611523,56.867109272,,False,ok,within_implemented_formula,"{""N_interval"": ""(127,185]"", ""Z_interval"": ""(83,115]"", ""parameter_set"": ""original1980"", ""x"": 0.27851434400967495}",1,1,HF = T_alpha_half_s / Tcalc_s,Qalpha_MeV,T_alpha_half_s
source-row-0005,5,243Es,,Es,243,99,144,Poenaru,poenaru,8.072,,0.01,False,,36.0655737705,1.6393442623,1.6393442623,,"alpha, EC, SF",61,1,,,0.0173583596853,1.0407786139,1.53973448613,34.6524931325,,False,ok,within_implemented_formula,"{""N_interval"": ""(127,185]"", ""Z_interval"": ""(83,115]"", ""parameter_set"": ""original1980"", ""x"": 0.2758175129429678}",1,1,HF = T_alpha_half_s / Tcalc_s,Qalpha_MeV,T_alpha_half_s
source-row-0006,6,244Es,,Es,244,99,145,Poenaru,poenaru,7.94,,0.1,True,,925,100,100,,"alpha, EC",4,,,,0.447093700253,2.79958527286,2.51904803249,330.406081561,,False,ok,within_implemented_formula,"{""N_interval"": ""(127,185]"", ""Z_interval"": ""(83,115]"", ""parameter_set"": ""original1980"", ""x"": 0.2716080157231026}",1,1,HF = T_alpha_half_s / Tcalc_s,Qalpha_MeV,T_alpha_half_s
source-row-0007,7,245Es,,Es,245,99,146,Poenaru,poenaru,7.909,,0.003,False,,124.444444444,6.66666666667,6.66666666667,,"alpha, EC",54,,,,0.54616922766,3.51697456645,1.54880628557,35.3839477918,,False,ok,within_implemented_formula,"{""N_interval"": ""(127,185]"", ""Z_interval"": ""(83,115]"", ""parameter_set"": ""original1980"", ""x"": 0.2708464733855199}",1,1,HF = T_alpha_half_s / Tcalc_s,Qalpha_MeV,T_alpha_half_s
source-row-0008,8,246Es,,Es,246,99,147,Poenaru,poenaru,7.64,,0.1,True,,4545.45454545,303.03030303,303.03030303,,"alpha, EC",9.9,,,,1.47269489632,29.6957908873,2.18488242286,153.067300437,,False,ok,within_implemented_formula,"{""N_interval"": ""(127,185]"", ""Z_interval"": ""(83,115]"", ""parameter_set"": ""original1980"", ""x"": 0.2619224027400532}",1,1,HF = T_alpha_half_s / Tcalc_s,Qalpha_MeV,T_alpha_half_s
source-row-0009,9,247Es,,Es,247,99,148,Poenaru,poenaru,7.464,,0.02,False,,3900,222.857142857,222.857142857,,"alpha, EC",7,,,,2.10761081272,128.118195374,1.48345379431,30.4406410707,,False,ok,within_implemented_formula,"{""N_interval"": ""(127,185]"", ""Z_interval"": ""(83,115]"", ""parameter_set"": ""original1980"", ""x"": 0.2561691099755204}",1,1,HF = T_alpha_half_s / Tcalc_s,Qalpha_MeV,T_alpha_half_s
source-row-0010,10,248Es,,Es,248,99,149,Poenaru,poenaru,7.16,,0.05,True,,480000,40000,40000,,"alpha, EC",0.3,,,,3.26702577898,1849.37839167,2.41421545839,259.546668308,,False,ok,within_implemented_formula,"{""N_interval"": ""(127,185]"", ""Z_interval"": ""(83,115]"", ""parameter_set"": ""original1980"", ""x"": 0.24600400057498245}",1,1,HF = T_alpha_half_s / Tcalc_s,Qalpha_MeV,T_alpha_half_s
source-row-0011,11,249Es,,Es,249,99,150,Poenaru,poenaru,6.94,,0.03,True,,1075789.47368,6315.78947368,6315.78947368,,"alpha, EC",0.57,,,,4.15721409007,14361.9724754,1.87451320044,74.9054125768,,False,ok,within_implemented_formula,"{""N_interval"": ""(127,185]"", ""Z_interval"": ""(83,115]"", ""parameter_set"": ""original1980"", ""x"": 0.2387046222091936}",1,1,HF = T_alpha_half_s / Tcalc_s,Qalpha_MeV,T_alpha_half_s
source-row-0013,13,251Es,,Es,251,99,152,Poenaru,poenaru,6.5971,,0.001,False,,23760000,9531233.70818,9531233.70818,,"EC, alpha",0.5,,,,5.64153658116,438063.008205,1.73430985515,54.2387728591,,False,ok,within_implemented_formula,"{""N_interval"": ""(127,185]"", ""Z_interval"": ""(83,115]"", ""parameter_set"": ""original1980"", ""x"": 0.22740158054236426}",1,1,HF = T_alpha_half_s / Tcalc_s,Qalpha_MeV,T_alpha_half_s
source-row-0014,14,252Es,,Es,252,99,153,Poenaru,poenaru,6.7386,,0.0005,False,,46268307.6923,210461.538462,210461.538462,,"alpha, EC",78,,,,5.01481738382,103470.699199,2.65046623123,447.163381039,,False,ok,within_implemented_formula,"{""N_interval"": ""(127,185]"", ""Z_interval"": ""(83,115]"", ""parameter_set"": ""original1980"", ""x"": 0.23252891208520066}",1,1,HF = T_alpha_half_s / Tcalc_s,Qalpha_MeV,T_alpha_half_s
source-row-0015,15,253Es,,Es,253,99,154,Poenaru,poenaru,6.73924,,5e-05,False,,1768608,1728,1728,,"alpha, EC; beta^-, SF",100,,,,5.01321487754,103089.605466,1.2344167076,17.1560264685,,False,ok,within_implemented_formula,"{""N_interval"": ""(127,185]"", ""Z_interval"": ""(83,115]"", ""parameter_set"": ""original1980"", ""x"": 0.23280018586346923}",1,1,HF = T_alpha_half_s / Tcalc_s,Qalpha_MeV,T_alpha_half_s
source-row-0016,16,254Es,,Es,254,99,155,Poenaru,poenaru,6.6172,,0.0005,False,,23820480,43200,43200,,"alpha,; beta^-, SF; beta^-, SF",100,3e-06,,,5.55574891127,359541.405056,1.82120159731,66.2523972623,,False,ok,within_implemented_formula,"{""N_interval"": ""(127,185]"", ""Z_interval"": ""(83,115]"", ""parameter_set"": ""original1980"", ""x"": 0.2288284608297969}",1,1,HF = T_alpha_half_s / Tcalc_s,Qalpha_MeV,T_alpha_half_s
source-row-0017,17,255Es,,Es,255,99,156,Poenaru,poenaru,6.4363,,0.0013,False,,42984000,2509716.44613,2509716.44613,,"beta^-, alpha, SF",8,0.0041,,,6.39028001015,2456292.09267,1.24302681741,17.4995474391,,False,ok,within_implemented_formula,"{""N_interval"": ""(127,185]"", ""Z_interval"": ""(83,115]"", ""parameter_set"": ""original1980"", ""x"": 0.22280950281221926}",1,1,HF = T_alpha_half_s / Tcalc_s,Qalpha_MeV,T_alpha_half_s
source-row-0020,20,241Fm,,Fm,241,100,141,Poenaru,poenaru,8.86,,0.32,True,,0.00521428571429,0.000428571428571,0.000428571428571,>,"alpha, EC, SF",14,78,,,-2.09657120361,0.0080062435348,-0.186233971946,0.651277430123,,False,ok,within_implemented_formula,"{""N_interval"": ""(127,185]"", ""Z_interval"": ""(83,115]"", ""parameter_set"": ""original1980"", ""x"": 0.2989865252453635}",1,1,HF = T_alpha_half_s / Tcalc_s,Qalpha_MeV,T_alpha_half_s
source-row-0022,22,243Fm,,Fm,243,100,143,Poenaru,poenaru,8.69,,0.05,False,,0.253846153846,0.00989010989011,0.00989010989011,,"alpha, EC, SF",91,9,,,-1.62549840441,0.0236865383417,1.03006899198,10.7168954021,,False,ok,within_implemented_formula,"{""N_interval"": ""(127,185]"", ""Z_interval"": ""(83,115]"", ""parameter_set"": ""original1980"", ""x"": 0.29390442166549}",1,1,HF = T_alpha_half_s / Tcalc_s,Qalpha_MeV,T_alpha_half_s
source-row-0023,23,244Fm,,Fm,244,100,144,Poenaru,poenaru,8.55,,0.2,True,,0.321,0.008,0.008,>,"alpha, EC, SF",1,97,,,-1.22012944063,0.0602380021115,0.726634473036,5.32886199323,,False,ok,within_implemented_formula,"{""N_interval"": ""(127,185]"", ""Z_interval"": ""(83,115]"", ""parameter_set"": ""original1980"", ""x"": 0.28949019153852257}",1,1,HF = T_alpha_half_s / Tcalc_s,Qalpha_MeV,T_alpha_half_s
source-row-0024,24,245Fm,,Fm,245,100,145,Poenaru,poenaru,8.373,,0.025,False,,5.4,0.6,0.6,,"alpha, EC, SF",100,0.3,,,-0.689122543416,0.204586727977,1.42151630324,26.3946740504,,False,ok,within_implemented_formula,"{""N_interval"": ""(127,185]"", ""Z_interval"": ""(83,115]"", ""parameter_set"": ""original1980"", ""x"": 0.28381043502587466}",1,1,HF = T_alpha_half_s / Tcalc_s,Qalpha_MeV,T_alpha_half_s
source-row-0025,25,246Fm,,Fm,246,100,146,Poenaru,poenaru,8.379,,0.005,False,,1.6452991453,0.042735042735,0.042735042735,,"alpha, SF, EC",93.6,6.4,,,-0.712996834145,0.193643607984,0.929241706243,8.49653217284,,False,ok,within_implemented_formula,"{""N_interval"": ""(127,185]"", ""Z_interval"": ""(83,115]"", ""parameter_set"": ""original1980"", ""x"": 0.2843263674246899}",1,1,HF = T_alpha_half_s / Tcalc_s,Qalpha_MeV,T_alpha_half_s
source-row-0026,26,247Fm,,Fm,247,100,147,Poenaru,poenaru,8.258,,0.01,False,,48.4375,1.5625,1.5625,,"alpha, EC",64,,,,-0.340239115979,0.456836593034,2.02542083583,106.028065042,,False,ok,within_implemented_formula,"{""N_interval"": ""(127,185]"", ""Z_interval"": ""(83,115]"", ""parameter_set"": ""original1980"", ""x"": 0.28052764492318394}",1,1,HF = T_alpha_half_s / Tcalc_s,Qalpha_MeV,T_alpha_half_s
source-row-0027,27,248Fm,,Fm,248,100,148,Poenaru,poenaru,7.995,,0.008,False,,34.8484848485,1.21212121212,1.21212121212,approx,"alpha, EC, SF",99,0.1,,,0.508600422111,3.22552507272,1.03358347837,10.8039727061,,False,ok,within_implemented_formula,"{""N_interval"": ""(127,185]"", ""Z_interval"": ""(83,115]"", ""parameter_set"": ""original1980"", ""x"": 0.27189002466353257}",1,1,HF = T_alpha_half_s / Tcalc_s,Qalpha_MeV,T_alpha_half_s
source-row-0028,28,249Fm,,Fm,249,100,149,Poenaru,poenaru,7.709,,0.006,False,,615.384615385,38.4615384615,38.4615384615,,"alpha, EC",15.6,,,,1.48636811479,30.6455990197,1.3027785199,20.0806848314,,False,ok,within_implemented_formula,"{""N_interval"": ""(127,185]"", ""Z_interval"": ""(83,115]"", ""parameter_set"": ""original1980"", ""x"": 0.2624490846662873}",1,1,HF = T_alpha_half_s / Tcalc_s,Qalpha_MeV,T_alpha_half_s
source-row-0029,29,250Fm,,Fm,250,100,150,Poenaru,poenaru,7.557,,0.008,False,,1860,66,66,,"alpha, EC, SF",100,0.0069,,,2.02977583421,107.096637167,1.23973711001,17.3674921005,,False,ok,within_implemented_formula,"{""N_interval"": ""(127,185]"", ""Z_interval"": ""(83,115]"", ""parameter_set"": ""original1980"", ""x"": 0.25755314398654583}",1,1,HF = T_alpha_half_s / Tcalc_s,Qalpha_MeV,T_alpha_half_s
source-row-0030,30,251Fm,,Fm,251,100,151,Poenaru,poenaru,7.4245,,0.001,False,,1060000,16000,16000,,"alpha, EC",1.8,,,,2.51871749477,330.154708065,3.50658837049,3210.61603577,,False,ok,within_implemented_formula,"{""N_interval"": ""(127,185]"", ""Z_interval"": ""(83,115]"", ""parameter_set"": ""original1980"", ""x"": 0.2533105523012245}",1,1,HF = T_alpha_half_s / Tcalc_s,Qalpha_MeV,T_alpha_half_s
source-row-0031,31,252Fm,,Fm,252,100,152,Poenaru,poenaru,7.1527,,0.002,False,,91368,432,432,,"alpha, SF; beta^-, SF",100,0.0023,,,3.57026508491,3717.62076202,1.39052903362,24.5770092887,,False,ok,within_implemented_formula,"{""N_interval"": ""(127,185]"", ""Z_interval"": ""(83,115]"", ""parameter_set"": ""original1980"", ""x"": 0.24429970965138106}",1,1,HF = T_alpha_half_s / Tcalc_s,Qalpha_MeV,T_alpha_half_s
source-row-0032,32,253Fm,,Fm,253,100,153,Poenaru,poenaru,7.1979,,0.001,False,,2160000,86400,86400,,"alpha, EC",12,,,,3.39059433454,2458.07049886,2.94385941661,878.738018701,,False,ok,within_implemented_formula,"{""N_interval"": ""(127,185]"", ""Z_interval"": ""(83,115]"", ""parameter_set"": ""original1980"", ""x"": 0.246106943702467}",1,1,HF = T_alpha_half_s / Tcalc_s,Qalpha_MeV,T_alpha_half_s
source-row-0033,33,254Fm,,Fm,254,100,154,Poenaru,poenaru,7.3073,,0.001,False,,11671.0026016,7.20432259356,7.20432259356,,"alpha, SF; beta^-, SF",99.94,0.06,,,2.96326790859,918.899274407,1.10384025727,12.7010684703,,False,ok,within_implemented_formula,"{""N_interval"": ""(127,185]"", ""Z_interval"": ""(83,115]"", ""parameter_set"": ""original1980"", ""x"": 0.25011421463590366}",1,1,HF = T_alpha_half_s / Tcalc_s,Qalpha_MeV,T_alpha_half_s
source-row-0034,34,255Fm,,Fm,255,100,155,Poenaru,poenaru,7.2406,,0.0005,False,,97452,252,252,,"alpha, SF",100,2.4e-05,,,3.22326910737,1672.12641416,1.76552164917,58.2802826237,,False,ok,within_implemented_formula,"{""N_interval"": ""(127,185]"", ""Z_interval"": ""(83,115]"", ""parameter_set"": ""original1980"", ""x"": 0.24809479071990118}",1,1,HF = T_alpha_half_s / Tcalc_s,Qalpha_MeV,T_alpha_half_s
source-row-0035,35,256Fm,,Fm,256,100,156,Poenaru,poenaru,7.0253,,0.0019,False,,116370.37037,4400.72058885,4400.72058885,,"SF, alpha",8.1,91.9,,,4.08957306597,12290.5994698,0.976269350576,9.46824202156,,False,ok,within_implemented_formula,"{""N_interval"": ""(127,185]"", ""Z_interval"": ""(83,115]"", ""parameter_set"": ""original1980"", ""x"": 0.24097273329379543}",1,1,HF = T_alpha_half_s / Tcalc_s,Qalpha_MeV,T_alpha_half_s
source-row-0036,36,257Fm,,Fm,257,100,157,Poenaru,poenaru,6.8637,,0.0009,False,,8701473.0935,17316.3643652,17316.3643652,,"alpha , SF",99.79,0.21,,,4.76980293979,58857.6529385,2.16978984182,147.839281029,,False,ok,within_implemented_formula,"{""N_interval"": ""(127,185]"", ""Z_interval"": ""(83,115]"", ""parameter_set"": ""original1980"", ""x"": 0.23567828117533318}",1,1,HF = T_alpha_half_s / Tcalc_s,Qalpha_MeV,T_alpha_half_s
source-row-0039,39,244Md,,Md,244,101,143,Poenaru,poenaru,8.95,,0.08,False,,0.3,0.19,0.09,approx,"alpha, EC",100,,,,-2.13230543005,0.00737385460257,1.60942668477,40.6842847017,,False,ok,within_implemented_formula,"{""N_interval"": ""(127,185]"", ""Z_interval"": ""(83,115]"", ""parameter_set"": ""original1980"", ""x"": 0.29997264693536313}",1,1,HF = T_alpha_half_s / Tcalc_s,Qalpha_MeV,T_alpha_half_s
source-row-0041,41,247Md,,Md,247,101,146,Poenaru,poenaru,8.764,,0.01,False,,1.21040952189,0.121040952189,0.121040952189,,"alpha, SF",99.14,0.86,,,-1.62405577014,0.0237653508309,1.70698810162,50.9316917096,,False,ok,within_implemented_formula,"{""N_interval"": ""(127,185]"", ""Z_interval"": ""(83,115]"", ""parameter_set"": ""original1980"", ""x"": 0.2947094332162321}",1,1,HF = T_alpha_half_s / Tcalc_s,Qalpha_MeV,T_alpha_half_s
source-row-0042,42,248Md,,Md,248,101,147,Poenaru,poenaru,8.5,,0.03,False,,35,15,15,,"alpha, EC",20,,,,-0.848581188004,0.141715975959,2.39264923235,246.972860774,,False,ok,within_implemented_formula,"{""N_interval"": ""(127,185]"", ""Z_interval"": ""(83,115]"", ""parameter_set"": ""original1980"", ""x"": 0.28614397956389737}",1,1,HF = T_alpha_half_s / Tcalc_s,Qalpha_MeV,T_alpha_half_s
source-row-0043,43,249Md,,Md,249,101,148,Poenaru,poenaru,8.441,,0.018,True,,34.1333333333,1.2,1.2,,"alpha, EC",75,,,,-0.673167008147,0.212242812432,2.20634571007,160.822093065,,False,ok,within_implemented_formula,"{""N_interval"": ""(127,185]"", ""Z_interval"": ""(83,115]"", ""parameter_set"": ""original1980"", ""x"": 0.28446693805282935}",1,1,HF = T_alpha_half_s / Tcalc_s,Qalpha_MeV,T_alpha_half_s
source-row-0044,44,250Md,,Md,250,101,149,Poenaru,poenaru,8.155,,0.028,False,,762.857142857,64.2857142857,64.2857142857,,"alpha, EC",7,,,,0.225564085993,1.6809859595,2.65687913102,453.815297234,,False,ok,within_implemented_formula,"{""N_interval"": ""(127,185]"", ""Z_interval"": ""(83,115]"", ""parameter_set"": ""original1980"", ""x"": 0.2751264091792712}",1,1,HF = T_alpha_half_s / Tcalc_s,Qalpha_MeV,T_alpha_half_s
source-row-0045,45,251Md,,Md,251,101,150,Poenaru,poenaru,7.963,,0.004,False,,2526,138,138,>,"alpha, EC",10,,,,0.858038082748,7.21170714981,2.54439526347,350.263806825,,False,ok,within_implemented_formula,"{""N_interval"": ""(127,185]"", ""Z_interval"": ""(83,115]"", ""parameter_set"": ""original1980"", ""x"": 0.268938926529101}",1,1,HF = T_alpha_half_s / Tcalc_s,Qalpha_MeV,T_alpha_half_s
source-row-0047,47,253Md,,Md,253,101,152,Poenaru,poenaru,7.573,,0.008,False,,51428.5714286,102857.142857,25714.2857143,approx,"alpha, EC",0.7,,,,2.22560764035,168.115455004,2.4855968204,305.912216265,,False,ok,within_implemented_formula,"{""N_interval"": ""(127,185]"", ""Z_interval"": ""(83,115]"", ""parameter_set"": ""original1980"", ""x"": 0.2563166960404988}",1,1,HF = T_alpha_half_s / Tcalc_s,Qalpha_MeV,T_alpha_half_s
source-row-0049,49,255Md,,Md,255,101,154,Poenaru,poenaru,7.9056,,0.0017,False,,23142.8571429,1714.28571429,1714.28571429,,"alpha, EC",7,,,,1.04581306094,11.1125329301,3.31860391359,2082.59064683,,False,ok,within_implemented_formula,"{""N_interval"": ""(127,185]"", ""Z_interval"": ""(83,115]"", ""parameter_set"": ""original1980"", ""x"": 0.2681444466995377}",1,1,HF = T_alpha_half_s / Tcalc_s,Qalpha_MeV,T_alpha_half_s
source-row-0050,50,256Md,,Md,256,101,155,Poenaru,poenaru,7.74,,0.11,True,,50673.9130435,978.260869565,978.260869565,,"alpha, EC, SF",9.2,3,,,1.62203266364,41.8825064108,3.0827517782,1209.90641168,,False,ok,within_implemented_formula,"{""N_interval"": ""(127,185]"", ""Z_interval"": ""(83,115]"", ""parameter_set"": ""original1980"", ""x"": 0.26280575481087287}",1,1,HF = T_alpha_half_s / Tcalc_s,Qalpha_MeV,T_alpha_half_s
source-row-0051,51,257Md,,Md,257,101,156,Poenaru,poenaru,7.5571,,0.0009,False,,132480,1200,1200,,"alpha, EC, SF",15,1,,,2.28325810665,191.980936846,2.83889221279,690.068515014,,False,ok,within_implemented_formula,"{""N_interval"": ""(127,185]"", ""Z_interval"": ""(83,115]"", ""parameter_set"": ""original1980"", ""x"": 0.25686641196655696}",1,1,HF = T_alpha_half_s / Tcalc_s,Qalpha_MeV,T_alpha_half_s
source-row-0052,52,258Md,,Md,258,101,157,Poenaru,poenaru,7.2713,,0.0019,False,,4449600,25056,25056,,"alpha, EC",100,,,,3.37107412953,2350.03391286,3.27724684199,1893.41948457,,False,ok,within_implemented_formula,"{""N_interval"": ""(127,185]"", ""Z_interval"": ""(83,115]"", ""parameter_set"": ""original1980"", ""x"": 0.2474120036129748}",1,1,HF = T_alpha_half_s / Tcalc_s,Qalpha_MeV,T_alpha_half_s
source-row-0053,53,259Md,,Md,259,101,158,Poenaru,poenaru,7.05,,0.1,True,,445846.153846,16615.3846154,16615.3846154,>,"alpha, SF",1.3,100,,,4.26340806638,18340.3688796,1.38577695811,24.3095521564,,False,ok,within_implemented_formula,"{""N_interval"": ""(127,185]"", ""Z_interval"": ""(83,115]"", ""parameter_set"": ""original1980"", ""x"": 0.24013347120835038}",1,1,HF = T_alpha_half_s / Tcalc_s,Qalpha_MeV,T_alpha_half_s
source-row-0054,54,260Md,,Md,260,101,159,Poenaru,poenaru,6.94,,0.3,True,,54950400,864000,864000,>,"alpha, EC, beta^-, SF",5,100,,,4.72616564688,53231.1252598,3.01380521125,1032.29829788,,False,ok,within_implemented_formula,"{""N_interval"": ""(127,185]"", ""Z_interval"": ""(83,115]"", ""parameter_set"": ""original1980"", ""x"": 0.2366335227664809}",1,1,HF = T_alpha_half_s / Tcalc_s,Qalpha_MeV,T_alpha_half_s
source-row-0055,55,249No,,No,249,102,147,Poenaru,poenaru,9.276,,0.02,False,,0.0381,0.0025,0.0025,,alpha,100,,,,-2.82270763557,0.00150415421288,1.40363261125,25.3298496084,,False,ok,within_implemented_formula,"{""N_interval"": ""(127,185]"", ""Z_interval"": ""(83,115]"", ""parameter_set"": ""original1980"", ""x"": 0.3094808866490066}",1,1,HF = T_alpha_half_s / Tcalc_s,Qalpha_MeV,T_alpha_half_s
source-row-0056,56,250No,,No,250,102,148,Poenaru,poenaru,8.95,,0.2,True,,0.00023,1e-05,1e-05,>,"alpha, SF",2,100,,,-1.94032633712,0.0114729120114,-1.69794582687,0.0200472207729,,False,ok,within_implemented_formula,"{""N_interval"": ""(127,185]"", ""Z_interval"": ""(83,115]"", ""parameter_set"": ""original1980"", ""x"": 0.2989279642590967}",1,1,HF = T_alpha_half_s / Tcalc_s,Qalpha_MeV,T_alpha_half_s
source-row-0057,57,251No,,No,251,102,149,Poenaru,poenaru,8.752,,0.004,False,,0.888888888889,0.111111111111,0.111111111111,,"alpha, EC, SF",90,0.0014,,,-1.3791839658,0.0417653412472,1.32803144336,21.2829313097,,False,ok,within_implemented_formula,"{""N_interval"": ""(127,185]"", ""Z_interval"": ""(83,115]"", ""parameter_set"": ""original1980"", ""x"": 0.29263040941012997}",1,1,HF = T_alpha_half_s / Tcalc_s,Qalpha_MeV,T_alpha_half_s
source-row-0058,58,252No,,No,252,102,150,Poenaru,poenaru,8.549,,0.005,False,,3.64940828402,0.0236686390533,0.0236686390533,,"alpha, EC, SF",67.6,31,,,-0.780683920896,0.165697546988,1.34290637444,22.0245160557,,False,ok,within_implemented_formula,"{""N_interval"": ""(127,185]"", ""Z_interval"": ""(83,115]"", ""parameter_set"": ""original1980"", ""x"": 0.28615038425398287}",1,1,HF = T_alpha_half_s / Tcalc_s,Qalpha_MeV,T_alpha_half_s
source-row-0059,59,253No,,No,253,102,151,Poenaru,poenaru,8.415,,0.004,False,,171.272727273,2.18181818182,2.18181818182,,"alpha, EC",55,,,,-0.373150659656,0.423496026964,2.60683887295,404.42581835,,False,ok,within_implemented_formula,"{""N_interval"": ""(127,185]"", ""Z_interval"": ""(83,115]"", ""parameter_set"": ""original1980"", ""x"": 0.2819669810126752}",1,1,HF = T_alpha_half_s / Tcalc_s,Qalpha_MeV,T_alpha_half_s
source-row-0060,60,254No,,No,254,102,152,Poenaru,poenaru,8.226,,0.008,False,,56.8888888889,0.444444444444,0.444444444444,,"alpha, EC, SF",90,0.17,,,0.22235640378,1.6686160006,1.53267104776,34.0934576131,,False,ok,within_implemented_formula,"{""N_interval"": ""(127,185]"", ""Z_interval"": ""(83,115]"", ""parameter_set"": ""original1980"", ""x"": 0.2759282825397951}",1,1,HF = T_alpha_half_s / Tcalc_s,Qalpha_MeV,T_alpha_half_s
source-row-0061,61,255No,,No,255,102,153,Poenaru,poenaru,8.4282,,0.003,False,,704,36,36,,"alpha, EC",30,,,,-0.419198176391,0.380891975866,3.26677083553,1848.29307155,,False,ok,within_implemented_formula,"{""N_interval"": ""(127,185]"", ""Z_interval"": ""(83,115]"", ""parameter_set"": ""original1980"", ""x"": 0.28301144447180643}",1,1,HF = T_alpha_half_s / Tcalc_s,Qalpha_MeV,T_alpha_half_s
source-row-0062,62,256No,,No,256,102,154,Poenaru,poenaru,8.582,,0.005,False,,2.92609351433,0.0502765208648,0.0502765208648,,"alpha, SF",99.45,0.55,,,-0.89154295306,0.128368080421,1.35783115459,22.7945569079,,False,ok,within_implemented_formula,"{""N_interval"": ""(127,185]"", ""Z_interval"": ""(83,115]"", ""parameter_set"": ""original1980"", ""x"": 0.28848126587972117}",1,1,HF = T_alpha_half_s / Tcalc_s,Qalpha_MeV,T_alpha_half_s
source-row-0063,63,257No,,No,257,102,155,Poenaru,poenaru,8.477,,0.006,False,,28.8235294118,0.588235294118,0.588235294118,,"alpha, EC, SF",85,1.5,,,-0.573634268322,0.266910544761,2.03338142697,107.989474292,,False,ok,within_implemented_formula,"{""N_interval"": ""(127,185]"", ""Z_interval"": ""(83,115]"", ""parameter_set"": ""original1980"", ""x"": 0.2852525450897961}",1,1,HF = T_alpha_half_s / Tcalc_s,Qalpha_MeV,T_alpha_half_s
source-row-0065,65,259No,,No,259,102,157,Poenaru,poenaru,7.854,,0.005,False,,4640,400,400,,"alpha, EC, SF",75,10,,,1.46528039281,29.1931119565,2.20123758774,158.941602626,,False,ok,within_implemented_formula,"{""N_interval"": ""(127,185]"", ""Z_interval"": ""(83,115]"", ""parameter_set"": ""original1980"", ""x"": 0.26484371631796877}",1,1,HF = T_alpha_half_s / Tcalc_s,Qalpha_MeV,T_alpha_half_s
source-row-0068,68,251Lr,,Lr,251,103,148,Poenaru,poenaru,9.438,,0.019,False,,0.0244,0.007,0.0045,,alpha,100,,,,-3.04480342661,0.000901979305378,1.43219325295,27.0516184291,,False,ok,within_implemented_formula,"{""N_interval"": ""(127,185]"", ""Z_interval"": ""(83,115]"", ""parameter_set"": ""original1980"", ""x"": 0.31244296115771075}",1,1,HF = T_alpha_half_s / Tcalc_s,Qalpha_MeV,T_alpha_half_s
source-row-0069,69,252Lr,,Lr,252,103,149,Poenaru,poenaru,9.164,,0.017,False,,0.585714285714,0.1,0.0714285714286,approx,"alpha, EC, SF",70,10,,,-2.32427894042,0.00473937484992,2.09196475713,123.584714074,,False,ok,within_implemented_formula,"{""N_interval"": ""(127,185]"", ""Z_interval"": ""(83,115]"", ""parameter_set"": ""original1980"", ""x"": 0.30369855327917444}",1,1,HF = T_alpha_half_s / Tcalc_s,Qalpha_MeV,T_alpha_half_s
source-row-0070,70,253Lr,,Lr,253,103,150,Poenaru,poenaru,8.918,,0.02,False,,0.638383838384,0.0464646464646,0.0464646464646,,"alpha, EC, SF",99,1,,,-1.6458427025,0.0226025426549,1.45092458618,28.2438948631,,False,ok,within_implemented_formula,"{""N_interval"": ""(127,185]"", ""Z_interval"": ""(83,115]"", ""parameter_set"": ""original1980"", ""x"": 0.2958627082321217}",1,1,HF = T_alpha_half_s / Tcalc_s,Qalpha_MeV,T_alpha_half_s
source-row-0071,71,254Lr,,Lr,254,103,151,Poenaru,poenaru,8.822,,0.008,False,,16.7364016736,1.25523012552,1.25523012552,,"alpha, EC, SF",71.7,0.1,,,-1.37449561045,0.0422186546199,2.59815770083,396.4219567,,False,ok,within_implemented_formula,"{""N_interval"": ""(127,185]"", ""Z_interval"": ""(83,115]"", ""parameter_set"": ""original1980"", ""x"": 0.29299026614069273}",1,1,HF = T_alpha_half_s / Tcalc_s,Qalpha_MeV,T_alpha_half_s
source-row-0072,72,255Lr,,Lr,255,103,152,Poenaru,poenaru,8.556,,0.007,False,,31.1935807422,1.10330992979,1.10330992979,,"alpha, EC, SF",99.7,0.1,,,-0.588951211059,0.257661059896,2.08301644177,121.064396595,,False,ok,within_implemented_formula,"{""N_interval"": ""(127,185]"", ""Z_interval"": ""(83,115]"", ""parameter_set"": ""original1980"", ""x"": 0.2844582718531182}",1,1,HF = T_alpha_half_s / Tcalc_s,Qalpha_MeV,T_alpha_half_s
source-row-0073,73,256Lr,,Lr,256,103,153,Poenaru,poenaru,8.85,,0.12,False,,32.8235294118,1.17647058824,1.17647058824,,"alpha, EC, SF",85,0.03,,,-1.46133595263,0.0345671876605,2.97752123019,949.557416534,,False,ok,within_implemented_formula,"{""N_interval"": ""(127,185]"", ""Z_interval"": ""(83,115]"", ""parameter_set"": ""original1980"", ""x"": 0.2945445571130379}",1,1,HF = T_alpha_half_s / Tcalc_s,Qalpha_MeV,T_alpha_half_s
source-row-0074,74,257Lr,,Lr,257,103,154,Poenaru,poenaru,9.07,,0.03,False,,6,0.4,0.4,,"alpha, EC, SF",100,0.03,,,-2.08505286383,0.00822142569821,2.86320411421,729.800428812,,False,ok,within_implemented_formula,"{""N_interval"": ""(127,185]"", ""Z_interval"": ""(83,115]"", ""parameter_set"": ""original1980"", ""x"": 0.30218524720524503}",1,1,HF = T_alpha_half_s / Tcalc_s,Qalpha_MeV,T_alpha_half_s
source-row-0075,75,258Lr,,Lr,258,103,155,Poenaru,poenaru,8.904,,0.019,False,,3.96303901437,24.6406570842,23.613963039,,"alpha, SF",97.4,2.6,,,-1.6209021595,0.0239385499787,2.21893050729,165.550504015,,False,ok,within_implemented_formula,"{""N_interval"": ""(127,185]"", ""Z_interval"": ""(83,115]"", ""parameter_set"": ""original1980"", ""x"": 0.2969666468956725}",1,1,HF = T_alpha_half_s / Tcalc_s,Qalpha_MeV,T_alpha_half_s
source-row-0076,76,259Lr,,Lr,259,103,156,Poenaru,poenaru,8.58,,0.07,True,,7.94871794872,0.384615384615,0.384615384615,,"alpha, SF",78,22,,,-0.669075602592,0.214251759619,1.5693726894,37.0998957621,,False,ok,within_implemented_formula,"{""N_interval"": ""(127,185]"", ""Z_interval"": ""(83,115]"", ""parameter_set"": ""original1980"", ""x"": 0.2864604636104163}",1,1,HF = T_alpha_half_s / Tcalc_s,Qalpha_MeV,T_alpha_half_s
source-row-0077,77,260Lr,,Lr,260,103,157,Poenaru,poenaru,8.4,,0.14,True,,225,37.5,37.5,,"alpha, EC",80,,,,-0.114040920442,0.769057974077,2.46622343855,292.56572012,,False,ok,within_implemented_formula,"{""N_interval"": ""(127,185]"", ""Z_interval"": ""(83,115]"", ""parameter_set"": ""original1980"", ""x"": 0.2807436264624726}",1,1,HF = T_alpha_half_s / Tcalc_s,Qalpha_MeV,T_alpha_half_s
source-row-0084,84,254Rf,,Rf,254,104,150,Poenaru,poenaru,9.21,,0.2,True,,0.00152666666667,6.66666666667e-05,6.66666666667e-05,>,"alpha, SF",1.5,100,,,-2.25307973379,0.00558367672463,-0.563176042926,0.273416019938,,False,ok,within_implemented_formula,"{""N_interval"": ""(127,185]"", ""Z_interval"": ""(83,115]"", ""parameter_set"": ""original1980"", ""x"": 0.30287747150254246}",1,1,HF = T_alpha_half_s / Tcalc_s,Qalpha_MeV,T_alpha_half_s
source-row-0085,85,255Rf,,Rf,255,104,151,Poenaru,poenaru,9.055,,0.004,False,,3.40816326531,0.0408163265306,0.0408163265306,,"alpha, EC, SF",49,51,,,-1.83162368665,0.0147358880454,2.36414407777,231.283194796,,False,ok,within_implemented_formula,"{""N_interval"": ""(127,185]"", ""Z_interval"": ""(83,115]"", ""parameter_set"": ""original1980"", ""x"": 0.2980968920040386}",1,1,HF = T_alpha_half_s / Tcalc_s,Qalpha_MeV,T_alpha_half_s
source-row-0086,86,256Rf,,Rf,256,104,152,Poenaru,poenaru,8.926,,0.015,False,,2.12903225806,0.0161290322581,0.0161290322581,,"alpha, SF",0.31,99.69,,,-1.47153419578,0.0337649261532,1.79971643749,63.0545509979,,False,ok,within_implemented_formula,"{""N_interval"": ""(127,185]"", ""Z_interval"": ""(83,115]"", ""parameter_set"": ""original1980"", ""x"": 0.2941614893052937}",1,1,HF = T_alpha_half_s / Tcalc_s,Qalpha_MeV,T_alpha_half_s
source-row-0087,87,257Rf,,Rf,257,104,153,Poenaru,poenaru,9.083,,0.008,False,,5.59910414334,0.223964165733,0.223964165733,,"alpha, EC, SF",89.3,1.3,,,-1.91574550578,0.0121410009814,2.66386405123,461.173189254,,False,ok,within_implemented_formula,"{""N_interval"": ""(127,185]"", ""Z_interval"": ""(83,115]"", ""parameter_set"": ""original1980"", ""x"": 0.299651521539323}",1,1,HF = T_alpha_half_s / Tcalc_s,Qalpha_MeV,T_alpha_half_s
source-row-0088,88,258Rf,,Rf,258,104,154,Poenaru,poenaru,9.196,,0.008,False,,0.255102040816,0.0839212982756,0.0839212982756,,"SF, alpha",4.9,95.1,,,-2.22869440857,0.00590616521467,1.63540834155,43.192499963,,False,ok,within_implemented_formula,"{""N_interval"": ""(127,185]"", ""Z_interval"": ""(83,115]"", ""parameter_set"": ""original1980"", ""x"": 0.3036985291586432}",1,1,HF = T_alpha_half_s / Tcalc_s,Qalpha_MeV,T_alpha_half_s
source-row-0089,89,259Rf,,Rf,259,104,155,Poenaru,poenaru,9.13,,0.07,True,,2.94117647059,0.470588235294,0.352941176471,,"alpha, EC, SF",85,3,,,-2.05062866249,0.00889961742142,2.51914974545,330.483472639,,False,ok,within_implemented_formula,"{""N_interval"": ""(127,185]"", ""Z_interval"": ""(83,115]"", ""parameter_set"": ""original1980"", ""x"": 0.3018348499806587}",1,1,HF = T_alpha_half_s / Tcalc_s,Qalpha_MeV,T_alpha_half_s
source-row-0090,90,260Rf,,Rf,260,104,156,Poenaru,poenaru,8.9,,0.2,True,,1.085,0.04,0.04,approx,"SF, alpha (unobserved)",2,98,,,-1.40591707678,0.0392719913302,1.44134681497,27.6278325405,,False,ok,within_implemented_formula,"{""N_interval"": ""(127,185]"", ""Z_interval"": ""(83,115]"", ""parameter_set"": ""original1980"", ""x"": 0.2945383354658223}",1,1,HF = T_alpha_half_s / Tcalc_s,Qalpha_MeV,T_alpha_half_s
source-row-0091,91,261Rf^a,a,Rf,261,104,157,Poenaru,poenaru,8.40887159533,8.28,,False,,68,,,,alpha,100,,257No,257No:100% (within alpha branch),0.0704741972,1.17618110199,1.76203471551,57.8142259596,,False,ok,within_implemented_formula,"{""N_interval"": ""(127,185]"", ""Z_interval"": ""(83,115]"", ""parameter_set"": ""original1980"", ""x"": 0.2785743397187222}",1,2,HF = T_alpha_half_s / Tcalc_s,Qalpha_MeV,T_alpha_half_s
source-row-0092,92,261Rf^b,b,Rf,261,104,157,Poenaru,poenaru,8.64245136187,8.51,,False,,14.4444444444,,,,"alpha, SF",18,82,257No,257No:100% (within alpha branch),-0.64930552971,0.224230388969,1.80900637258,64.417871774,,False,ok,within_implemented_formula,"{""N_interval"": ""(127,185]"", ""Z_interval"": ""(83,115]"", ""parameter_set"": ""original1980"", ""x"": 0.28631251582202005}",2,2,HF = T_alpha_half_s / Tcalc_s,Qalpha_MeV,T_alpha_half_s
source-row-0097,97,255Db,,Db,255,105,150,Poenaru,poenaru,9.34,,0.2,True,,0.0325,0.005,0.00375,,"alpha, SF",8,92,,,-2.41181775463,0.00387420186064,0.923701115613,8.38882463254,,False,ok,within_implemented_formula,"{""N_interval"": ""(127,185]"", ""Z_interval"": ""(83,115]"", ""parameter_set"": ""original1980"", ""x"": 0.3044940542149727}",1,1,HF = T_alpha_half_s / Tcalc_s,Qalpha_MeV,T_alpha_half_s
source-row-0098,98,256Db,,Db,256,105,151,Poenaru,poenaru,9.34,,0.03,False,,2.71428571429,0.571428571429,0.428571428571,approx,"alpha, EC, SF",70,0.02,,,-2.41570549935,0.00383967530531,2.84936106029,706.905011092,,False,ok,within_implemented_formula,"{""N_interval"": ""(127,185]"", ""Z_interval"": ""(83,115]"", ""parameter_set"": ""original1980"", ""x"": 0.3048166995853362}",1,1,HF = T_alpha_half_s / Tcalc_s,Qalpha_MeV,T_alpha_half_s
source-row-0099,99,257Db,,Db,257,105,152,Poenaru,poenaru,9.206,,0.02,False,,2.44680851064,0.212765957447,0.212765957447,<=,"alpha, SF",94,6,,,-2.05889565149,0.00873181143571,2.44749563391,280.217745041,,False,ok,within_implemented_formula,"{""N_interval"": ""(127,185]"", ""Z_interval"": ""(83,115]"", ""parameter_set"": ""original1980"", ""x"": 0.3007607025860567}",1,1,HF = T_alpha_half_s / Tcalc_s,Qalpha_MeV,T_alpha_half_s
source-row-0100,100,258Db,,Db,258,105,153,Poenaru,poenaru,9.437,,0.01,False,,3.390625,0.5625,0.5625,,"alpha, SF",64,36,,,-2.67819035973,0.00209802007899,3.2084701196,1616.1070306,,False,ok,within_implemented_formula,"{""N_interval"": ""(127,185]"", ""Z_interval"": ""(83,115]"", ""parameter_set"": ""original1980"", ""x"": 0.30863176899026573}",1,1,HF = T_alpha_half_s / Tcalc_s,Qalpha_MeV,T_alpha_half_s
source-row-0101,101,259Db,,Db,259,105,154,Poenaru,poenaru,9.62,,0.05,False,,0.51,0.16,0.16,,alpha,100,,,,-3.15241247093,0.000704024104867,2.85998264702,724.407014582,,False,ok,within_implemented_formula,"{""N_interval"": ""(127,185]"", ""Z_interval"": ""(83,115]"", ""parameter_set"": ""original1980"", ""x"": 0.3149463820276922}",1,1,HF = T_alpha_half_s / Tcalc_s,Qalpha_MeV,T_alpha_half_s
source-row-0102,102,260Db,,Db,260,105,155,Poenaru,poenaru,9.5,,0.04,True,,1.68888888889,0.144444444444,0.144444444444,,"alpha, EC, SF",90,10,,,-2.84786091137,0.00141951206667,3.07546198987,1189.76719434,,False,ok,within_implemented_formula,"{""N_interval"": ""(127,185]"", ""Z_interval"": ""(83,115]"", ""parameter_set"": ""original1980"", ""x"": 0.31134247525513453}",1,1,HF = T_alpha_half_s / Tcalc_s,Qalpha_MeV,T_alpha_half_s
source-row-0103,103,261Db,,Db,261,105,156,Poenaru,poenaru,9.22,,0.1,True,,5.61643835616,1.91780821918,1.09589041096,,"alpha, SF",73,27,,,-2.10681792435,0.00781955566593,2.85627892095,718.255434978,,False,ok,within_implemented_formula,"{""N_interval"": ""(127,185]"", ""Z_interval"": ""(83,115]"", ""parameter_set"": ""original1980"", ""x"": 0.30248041286613214}",1,1,HF = T_alpha_half_s / Tcalc_s,Qalpha_MeV,T_alpha_half_s
source-row-0104,104,262Db,,Db,262,105,157,Poenaru,poenaru,9.05,,0.1,True,,70.8333333333,8.33333333333,8.33333333333,,"alpha, EC, SF",48,52,,,-1.63838865801,0.0229938313669,3.48862633768,3080.53634921,,False,ok,within_implemented_formula,"{""N_interval"": ""(127,185]"", ""Z_interval"": ""(83,115]"", ""parameter_set"": ""original1980"", ""x"": 0.2972109772665825}",1,1,HF = T_alpha_half_s / Tcalc_s,Qalpha_MeV,T_alpha_half_s
source-row-0105,105,263Db,,Db,263,105,158,Poenaru,poenaru,8.83,,0.15,True,,72.972972973,27.027027027,18.9189189189,,"alpha, EC, SF",37,56,,,-1.00876644489,0.0980016877706,2.87192848498,744.60934942,,False,ok,within_implemented_formula,"{""N_interval"": ""(127,185]"", ""Z_interval"": ""(83,115]"", ""parameter_set"": ""original1980"", ""x"": 0.2902854549310469}",1,1,HF = T_alpha_half_s / Tcalc_s,Qalpha_MeV,T_alpha_half_s
source-row-0108,108,268Db,,Db,268,105,163,Poenaru,poenaru,7.7,,,False,,112941.176471,42352.9411765,28235.2941176,,"alpha, EC, SF",51,49,,,2.69796988039,498.849889545,2.35488242693,226.403130155,,False,ok,within_implemented_formula,"{""N_interval"": ""(127,185]"", ""Z_interval"": ""(83,115]"", ""parameter_set"": ""original1980"", ""x"": 0.2544326640041482}",1,1,HF = T_alpha_half_s / Tcalc_s,Qalpha_MeV,T_alpha_half_s
source-row-0109,109,270Db,,Db,270,105,165,Poenaru,poenaru,8.019,,0.03,False,,21176.4705882,40235.2941176,8470.58823529,,"alpha, SF",17,83,,,1.57549492185,37.6265952616,2.75035865753,562.80592068,,False,ok,within_implemented_formula,"{""N_interval"": ""(127,185]"", ""Z_interval"": ""(83,115]"", ""parameter_set"": ""original1980"", ""x"": 0.2655084916591039}",1,1,HF = T_alpha_half_s / Tcalc_s,Qalpha_MeV,T_alpha_half_s
source-row-0110,110,257Sg,,Sg,257,106,151,Poenaru,poenaru,9.45,,0.07,False,,0.126,0.037,0.023,approx,"alpha, SF",10,90,,,-2.52683900186,0.00297276786794,1.62720954698,42.3847422998,,False,ok,within_implemented_formula,"{""N_interval"": ""(127,185]"", ""Z_interval"": ""(83,115]"", ""parameter_set"": ""original1980"", ""x"": 0.30576362182495764}",1,1,HF = T_alpha_half_s / Tcalc_s,Qalpha_MeV,T_alpha_half_s
source-row-0112,112,259Sg,,Sg,259,106,153,Poenaru,poenaru,9.765,,0.008,False,,0.402,0.056,0.056,,"alpha, EC, SF^r",100,,,,-3.33611854336,0.000461191672265,2.94034459644,871.654941265,,False,ok,within_implemented_formula,"{""N_interval"": ""(127,185]"", ""Z_interval"": ""(83,115]"", ""parameter_set"": ""original1980"", ""x"": 0.3166195189424504}",1,1,HF = T_alpha_half_s / Tcalc_s,Qalpha_MeV,T_alpha_half_s
source-row-0113,113,260Sg,,Sg,260,106,154,Poenaru,poenaru,9.901,,0.01,False,,0.00697183098592,0.000464788732394,0.000464788732394,,"alpha, SF",71,29,,,-3.6730898237,0.000212280536375,1.51643667391,32.8425351894,,False,ok,within_implemented_formula,"{""N_interval"": ""(127,185]"", ""Z_interval"": ""(83,115]"", ""parameter_set"": ""original1980"", ""x"": 0.3213643626443441}",1,1,HF = T_alpha_half_s / Tcalc_s,Qalpha_MeV,T_alpha_half_s
source-row-0114,114,261Sg,,Sg,261,106,155,Poenaru,poenaru,9.55645914397,9.41,0.0101556420233,False,,0.187563710499,0.00515389899459,0.00515389899459,,"alpha, EC, SF",98.1,0.6,257Rf,"g.s. (1/2+), 98.1(4)%",-2.81509047819,0.00153076851774,2.08823929382,122.529114184,,False,ok,within_implemented_formula,"{""N_interval"": ""(127,185]"", ""Z_interval"": ""(83,115]"", ""parameter_set"": ""original1980"", ""x"": 0.3105040212151895}",1,1,HF = T_alpha_half_s / Tcalc_s,Qalpha_MeV,T_alpha_half_s
source-row-0115,115,262Sg,,Sg,262,106,156,Poenaru,poenaru,9.6,,0.015,False,,0.141666666667,0.0383333333333,0.025,,"alpha, SF",6,94,,,-2.92904781169,0.00117747633744,2.08031548702,120.313811974,,False,ok,within_implemented_formula,"{""N_interval"": ""(127,185]"", ""Z_interval"": ""(83,115]"", ""parameter_set"": ""original1980"", ""x"": 0.312242046665105}",1,1,HF = T_alpha_half_s / Tcalc_s,Qalpha_MeV,T_alpha_half_s
source-row-0116,116,263Sg,,Sg,263,106,157,Poenaru,poenaru,9.4,,0.06,False,,1.08045977011,0.16091954023,0.16091954023,,"alpha, SF",87,13,,,-2.41058363089,0.00388522674012,2.44419223187,278.094392525,,False,ok,within_implemented_formula,"{""N_interval"": ""(127,185]"", ""Z_interval"": ""(83,115]"", ""parameter_set"": ""original1980"", ""x"": 0.3060527675148528}",1,1,HF = T_alpha_half_s / Tcalc_s,Qalpha_MeV,T_alpha_half_s
source-row-0118,118,265Sg^a,a,Sg,265,106,159,Poenaru,poenaru,8.9754789272,8.84,,False,,8.5,,,,alpha,100,,261Rf,261Rf^a:91%; 261Rf^b:9%,-1.24393212725,0.0570253386099,2.17335105297,149.056545866,,False,ok,within_implemented_formula,"{""N_interval"": ""(127,185]"", ""Z_interval"": ""(83,115]"", ""parameter_set"": ""original1980"", ""x"": 0.29283155447537657}",1,2,HF = T_alpha_half_s / Tcalc_s,Qalpha_MeV,T_alpha_half_s
source-row-0119,119,265Sg^b,b,Sg,265,106,159,Poenaru,poenaru,8.82318007663,8.69,,False,,14.4,,,,alpha,100,,261Rf,261Rf^a:20%; 261Rf^b:80%,-0.802325639166,0.157642880138,1.96068813126,91.3457048449,,False,ok,within_implemented_formula,"{""N_interval"": ""(127,185]"", ""Z_interval"": ""(83,115]"", ""parameter_set"": ""original1980"", ""x"": 0.28786269325690295}",2,2,HF = T_alpha_half_s / Tcalc_s,Qalpha_MeV,T_alpha_half_s
source-row-0121,121,267Sg,,Sg,267,106,161,Poenaru,poenaru,8.4,,0.02,False,,3458.82352941,3988.23529412,1588.23529412,,"alpha, SF",17,83,,,0.495922016573,3.13272315115,3.04300638812,1104.09486014,,False,ok,within_implemented_formula,"{""N_interval"": ""(127,185]"", ""Z_interval"": ""(83,115]"", ""parameter_set"": ""original1980"", ""x"": 0.2746154413862207}",1,1,HF = T_alpha_half_s / Tcalc_s,Qalpha_MeV,T_alpha_half_s
source-row-0123,123,269Sg,,Sg,269,106,163,Poenaru,poenaru,8.58,,0.07,False,,186,222,66,,alpha,100,,,,-0.0641643155529,0.862652101125,2.33367725977,215.614150545,,False,ok,within_implemented_formula,"{""N_interval"": ""(127,185]"", ""Z_interval"": ""(83,115]"", ""parameter_set"": ""original1980"", ""x"": 0.28106846131035995}",1,1,HF = T_alpha_half_s / Tcalc_s,Qalpha_MeV,T_alpha_half_s
source-row-0124,124,271Sg,,Sg,271,106,165,Poenaru,poenaru,8.629,,0.016,False,,42.4657534247,17.8082191781,9.58904109589,,"alpha, SF",73,27,,,-0.209275665194,0.617624243295,1.83731449891,68.7566168033,,False,ok,within_implemented_formula,"{""N_interval"": ""(127,185]"", ""Z_interval"": ""(83,115]"", ""parameter_set"": ""original1980"", ""x"": 0.2832424112576535}",1,1,HF = T_alpha_half_s / Tcalc_s,Qalpha_MeV,T_alpha_half_s
source-row-0125,125,260Bh,,Bh,260,107,153,Poenaru,poenaru,10.4,,0.06,False,,0.035,0.019,0.009,approx,"alpha, EC, SF",100,,,,-4.66971880866,2.13934679761e-05,3.21378685301,1636.01338685,,False,ok,within_implemented_formula,"{""N_interval"": ""(127,185]"", ""Z_interval"": ""(83,115]"", ""parameter_set"": ""original1980"", ""x"": 0.33434592430406024}",1,1,HF = T_alpha_half_s / Tcalc_s,Qalpha_MeV,T_alpha_half_s
source-row-0126,126,261Bh,,Bh,261,107,154,Poenaru,poenaru,10.16,,,False,approx,0.0118,0.0039,0.0024,approx,"alpha, SF",100,,,,-4.12474220624,7.50339472723e-05,2.19662421355,157.262151719,,False,ok,within_implemented_formula,"{""N_interval"": ""(127,185]"", ""Z_interval"": ""(83,115]"", ""parameter_set"": ""original1980"", ""x"": 0.32697004695398196}",1,1,HF = T_alpha_half_s / Tcalc_s,Qalpha_MeV,T_alpha_half_s
source-row-0127,127,262Bh,,Bh,262,107,155,Poenaru,poenaru,10.08,,,False,approx,0.096,0.018,0.013,approx,"alpha, SF",100,,,,-3.94011116203,0.000114785977766,2.92238239507,836.339088348,,False,ok,within_implemented_formula,"{""N_interval"": ""(127,185]"", ""Z_interval"": ""(83,115]"", ""parameter_set"": ""original1980"", ""x"": 0.3247317285317092}",1,2,HF = T_alpha_half_s / Tcalc_s,Qalpha_MeV,T_alpha_half_s
source-row-0128,128,262Bh,,Bh,262,107,155,Poenaru,poenaru,10.55,,,False,approx,0.021,0.008,0.005,approx,"alpha, SF",100,,,,-5.00989439177,9.77474886516e-06,3.3321136865,2148.39279143,,False,ok,within_implemented_formula,"{""N_interval"": ""(127,185]"", ""Z_interval"": ""(83,115]"", ""parameter_set"": ""original1980"", ""x"": 0.3398729896834854}",2,2,HF = T_alpha_half_s / Tcalc_s,Qalpha_MeV,T_alpha_half_s
source-row-0129,129,264Bh,,Bh,264,107,157,Poenaru,poenaru,9.86,,0.15,True,,1.1511627907,0.267441860465,0.209302325581,,"alpha, SF",86,14,,,-3.41506217264,0.000384536728672,3.476198916,2993.63547059,,False,ok,within_implemented_formula,"{""N_interval"": ""(127,185]"", ""Z_interval"": ""(83,115]"", ""parameter_set"": ""original1980"", ""x"": 0.31829960896465204}",1,1,HF = T_alpha_half_s / Tcalc_s,Qalpha_MeV,T_alpha_half_s
source-row-0130,130,265Bh,,Bh,265,107,158,Poenaru,poenaru,9.66,,0.21,True,,0.94,0.7,0.31,,alpha,100,,,,-2.91713726836,0.00121021555774,2.89026512196,776.721133675,,False,ok,within_implemented_formula,"{""N_interval"": ""(127,185]"", ""Z_interval"": ""(83,115]"", ""parameter_set"": ""original1980"", ""x"": 0.3121629871725968}",1,1,HF = T_alpha_half_s / Tcalc_s,Qalpha_MeV,T_alpha_half_s
source-row-0131,131,266Bh,,Bh,266,107,159,Poenaru,poenaru,9.43,,0.08,True,,10,2.7,1.6,,"alpha, EC, SF",100,,,,-2.32167339821,0.00476789411199,3.32167339821,2097.36201457,,False,ok,within_implemented_formula,"{""N_interval"": ""(127,185]"", ""Z_interval"": ""(83,115]"", ""parameter_set"": ""original1980"", ""x"": 0.3050418852047119}",1,1,HF = T_alpha_half_s / Tcalc_s,Qalpha_MeV,T_alpha_half_s
source-row-0132,132,267Bh,,Bh,267,107,160,Poenaru,poenaru,9.23,,0.2,True,,16,7,4,,alpha,100,,,,-1.78312460199,0.0164768959053,2.98724458465,971.056690042,,False,ok,within_implemented_formula,"{""N_interval"": ""(127,185]"", ""Z_interval"": ""(83,115]"", ""parameter_set"": ""original1980"", ""x"": 0.29887625226242737}",1,1,HF = T_alpha_half_s / Tcalc_s,Qalpha_MeV,T_alpha_half_s
source-row-0133,133,270Bh,,Bh,270,107,163,Poenaru,poenaru,9.06,,0.1,False,,144,264,54,approx,alpha,100,,,,-1.30650870383,0.0493732023119,3.46487119592,2916.56188493,,False,ok,within_implemented_formula,"{""N_interval"": ""(127,185]"", ""Z_interval"": ""(83,115]"", ""parameter_set"": ""original1980"", ""x"": 0.2942620968609583}",1,1,HF = T_alpha_half_s / Tcalc_s,Qalpha_MeV,T_alpha_half_s
source-row-0134,134,271Bh,,Bh,271,107,164,Poenaru,poenaru,9.42,,0.09,False,,2.9,2.2,0.9,,alpha,100,,,,-2.29349613358,0.00508749348894,2.75589413148,570.025299551,,False,ok,within_implemented_formula,"{""N_interval"": ""(127,185]"", ""Z_interval"": ""(83,115]"", ""parameter_set"": ""original1980"", ""x"": 0.3062617479936405}",1,1,HF = T_alpha_half_s / Tcalc_s,Qalpha_MeV,T_alpha_half_s
source-row-0135,135,272Bh,,Bh,272,107,165,Poenaru,poenaru,9.3,,0.05,False,,8.8,0.7,0.7,,alpha,100,,,,-1.96922436377,0.0107343471479,2.91370703592,819.798342529,,False,ok,within_implemented_formula,"{""N_interval"": ""(127,185]"", ""Z_interval"": ""(83,115]"", ""parameter_set"": ""original1980"", ""x"": 0.30266277348572906}",1,1,HF = T_alpha_half_s / Tcalc_s,Qalpha_MeV,T_alpha_half_s
source-row-0136,136,274Bh,,Bh,274,107,167,Poenaru,poenaru,8.94,,0.06,False,,44,34,13,,alpha,100,,,,-0.952199607672,0.111635004013,2.59565228416,394.141608081,,False,ok,within_implemented_formula,"{""N_interval"": ""(127,185]"", ""Z_interval"": ""(83,115]"", ""parameter_set"": ""original1980"", ""x"": 0.29152611526328015}",1,1,HF = T_alpha_half_s / Tcalc_s,Qalpha_MeV,T_alpha_half_s
source-row-0137,137,263Hs,,Hs,263,108,155,Poenaru,poenaru,10.73,,0.08,False,,0.00074,0.00048,0.00021,,"alpha, SF",100,,,,-5.24823942576,5.64625611918e-06,2.11747114549,131.060296306,,False,ok,within_implemented_formula,"{""N_interval"": ""(127,185]"", ""Z_interval"": ""(83,115]"", ""parameter_set"": ""original1980"", ""x"": 0.342764356006799}",1,1,HF = T_alpha_half_s / Tcalc_s,Qalpha_MeV,T_alpha_half_s
source-row-0138,138,264Hs,,Hs,264,108,156,Poenaru,poenaru,10.591,,0.02,False,,0.0009,0.000485714285714,0.000228571428571,,"alpha, SF",70,30,,,-4.95133025701,1.11858693627e-05,1.90557276645,80.4586546485,,False,ok,within_implemented_formula,"{""N_interval"": ""(127,185]"", ""Z_interval"": ""(83,115]"", ""parameter_set"": ""original1980"", ""x"": 0.3386722335787689}",1,1,HF = T_alpha_half_s / Tcalc_s,Qalpha_MeV,T_alpha_half_s
source-row-0139,139,265Hs,,Hs,265,108,157,Poenaru,poenaru,10.47,,0.015,False,,0.0019,0.0002,0.0001,,"alpha, SF",100,,,,-4.68724001617,2.05475470621e-05,1.96599361712,92.4684583642,,False,ok,within_implemented_formula,"{""N_interval"": ""(127,185]"", ""Z_interval"": ""(83,115]"", ""parameter_set"": ""original1980"", ""x"": 0.3351462751945332}",1,1,HF = T_alpha_half_s / Tcalc_s,Qalpha_MeV,T_alpha_half_s
source-row-0140,140,266Hs,,Hs,266,108,158,Poenaru,poenaru,10.346,,0.016,False,,0.000973684210526,0.000631578947368,0.000276315789474,,"alpha, SF",76,24,,,-4.4104654123,3.88628447527e-05,1.39888353975,25.0543730579,,False,ok,within_implemented_formula,"{""N_interval"": ""(127,185]"", ""Z_interval"": ""(83,115]"", ""parameter_set"": ""original1980"", ""x"": 0.331515387617234}",1,1,HF = T_alpha_half_s / Tcalc_s,Qalpha_MeV,T_alpha_half_s
source-row-0141,141,267Hs,,Hs,267,108,159,Poenaru,poenaru,10.038,,0.013,False,,0.06625,0.015,0.01,<,"alpha, SF",80,,,,-3.6935600861,0.000202506941229,2.51474596871,327.149279911,,False,ok,within_implemented_formula,"{""N_interval"": ""(127,185]"", ""Z_interval"": ""(83,115]"", ""parameter_set"": ""original1980"", ""x"": 0.3219736514667878}",1,1,HF = T_alpha_half_s / Tcalc_s,Qalpha_MeV,T_alpha_half_s
source-row-0142,142,268Hs,,Hs,268,108,160,Poenaru,poenaru,9.623,,0.016,False,,0.4,1.8,0.2,approx,alpha,100,,,,-2.66555860078,0.00215993856753,2.2676185921,185.190452179,,False,ok,within_implemented_formula,"{""N_interval"": ""(127,185]"", ""Z_interval"": ""(83,115]"", ""parameter_set"": ""original1980"", ""x"": 0.30897545840275364}",1,1,HF = T_alpha_half_s / Tcalc_s,Qalpha_MeV,T_alpha_half_s
source-row-0143,143,269Hs,,Hs,269,108,161,Poenaru,poenaru,9.34,,0.04,False,,13,10,4,,alpha,100,,,,-1.92040462807,0.0120114481783,3.03434798038,1082.30080229,,False,ok,within_implemented_formula,"{""N_interval"": ""(127,185]"", ""Z_interval"": ""(83,115]"", ""parameter_set"": ""original1980"", ""x"": 0.3001920444412535}",1,1,HF = T_alpha_half_s / Tcalc_s,Qalpha_MeV,T_alpha_half_s
source-row-0144,144,270Hs,,Hs,270,108,162,Poenaru,poenaru,9.07,,0.04,False,,7.6,4.9,2.2,,"alpha, SF",100,,,,-1.17272522356,0.0671853797777,2.05353881584,113.11984877,,False,ok,within_implemented_formula,"{""N_interval"": ""(127,185]"", ""Z_interval"": ""(83,115]"", ""parameter_set"": ""original1980"", ""x"": 0.29180776786364865}",1,1,HF = T_alpha_half_s / Tcalc_s,Qalpha_MeV,T_alpha_half_s
source-row-0146,146,272Hs,,Hs,272,108,164,Poenaru,poenaru,9.772,,0.021,False,,0.16,0.19,0.06,,alpha,100,,,,-3.04287714024,0.000905988864421,2.24699712289,176.602612111,,False,ok,within_implemented_formula,"{""N_interval"": ""(127,185]"", ""Z_interval"": ""(83,115]"", ""parameter_set"": ""original1980"", ""x"": 0.3150234990492668}",1,1,HF = T_alpha_half_s / Tcalc_s,Qalpha_MeV,T_alpha_half_s
source-row-0147,147,273Hs,,Hs,273,108,165,Poenaru,poenaru,9.65,,0.06,False,,0.51,0.3,0.13,,"alpha, SF",100,,,,-2.73209033393,0.00185314612602,2.43966051003,275.207655154,,False,ok,within_implemented_formula,"{""N_interval"": ""(127,185]"", ""Z_interval"": ""(83,115]"", ""parameter_set"": ""original1980"", ""x"": 0.31140063941264884}",1,1,HF = T_alpha_half_s / Tcalc_s,Qalpha_MeV,T_alpha_half_s
source-row-0148,148,275Hs,,Hs,275,108,167,Poenaru,poenaru,9.45,,0.05,False,,0.168539325843,0.303370786517,0.0674157303371,<,"alpha, SF",89,11,,,-2.2056813473,0.00622757049969,1.43238259971,27.0634151554,,False,ok,within_implemented_formula,"{""N_interval"": ""(127,185]"", ""Z_interval"": ""(83,115]"", ""parameter_set"": ""original1980"", ""x"": 0.30555183296237737}",1,1,HF = T_alpha_half_s / Tcalc_s,Qalpha_MeV,T_alpha_half_s
source-row-0150,150,266Mt,,Mt,266,109,157,Poenaru,poenaru,10.996,,0.025,False,,0.0017,0.0006,0.0004,approx,"alpha, SF",100,,,,-5.67169389893,2.12963953769e-06,2.90214282031,798.25715569,,False,ok,within_implemented_formula,"{""N_interval"": ""(127,185]"", ""Z_interval"": ""(83,115]"", ""parameter_set"": ""original1980"", ""x"": 0.3490503164682772}",1,1,HF = T_alpha_half_s / Tcalc_s,Qalpha_MeV,T_alpha_half_s
source-row-0151,151,268Mt,,Mt,268,109,159,Poenaru,poenaru,10.77,,0.15,False,,0.021,0.008,0.005,,alpha,100,,,,-5.20350694161,6.25882859949e-06,3.52572623634,3355.2604399,,False,ok,within_implemented_formula,"{""N_interval"": ""(127,185]"", ""Z_interval"": ""(83,115]"", ""parameter_set"": ""original1980"", ""x"": 0.3425715481325909}",1,1,HF = T_alpha_half_s / Tcalc_s,Qalpha_MeV,T_alpha_half_s
source-row-0152,152,270Mt,,Mt,270,109,161,Poenaru,poenaru,10.181,,0.05,False,,0.48,0.66,0.18,approx,alpha,100,,,,-3.88846163835,0.000129282089188,3.56970287572,3712.81128743,,False,ok,within_implemented_formula,"{""N_interval"": ""(127,185]"", ""Z_interval"": ""(83,115]"", ""parameter_set"": ""original1980"", ""x"": 0.3244905746269405}",1,1,HF = T_alpha_half_s / Tcalc_s,Qalpha_MeV,T_alpha_half_s
source-row-0153,153,274Mt,,Mt,274,109,165,Poenaru,poenaru,10.6,,0.23,True,,0.64,0.76,0.23,approx,"alpha, SF",100,,,,-4.84229223848,1.43783073066e-05,4.64847221246,44511.4982141,,False,ok,within_implemented_formula,"{""N_interval"": ""(127,185]"", ""Z_interval"": ""(83,115]"", ""parameter_set"": ""original1980"", ""x"": 0.3391964773338674}",1,1,HF = T_alpha_half_s / Tcalc_s,Qalpha_MeV,T_alpha_half_s
source-row-0154,154,275Mt,,Mt,275,109,166,Poenaru,poenaru,10.48,,0.05,False,,0.02,0.013,0.006,,alpha,100,,,,-4.57542089555,2.65814767303e-05,2.87645089122,752.4036457,,False,ok,within_implemented_formula,"{""N_interval"": ""(127,185]"", ""Z_interval"": ""(83,115]"", ""parameter_set"": ""original1980"", ""x"": 0.3356884934987349}",1,1,HF = T_alpha_half_s / Tcalc_s,Qalpha_MeV,T_alpha_half_s
source-row-0155,155,276Mt,,Mt,276,109,167,Poenaru,poenaru,10.1,,0.01,False,,0.62,0.06,0.04,,alpha,100,,,,-3.69439456412,0.000202118206508,3.48678625362,3067.51188185,,False,ok,within_implemented_formula,"{""N_interval"": ""(127,185]"", ""Z_interval"": ""(83,115]"", ""parameter_set"": ""original1980"", ""x"": 0.3238357353596536}",1,1,HF = T_alpha_half_s / Tcalc_s,Qalpha_MeV,T_alpha_half_s
source-row-0157,157,278Mt,,Mt,278,109,169,Poenaru,poenaru,9.58,,0.03,False,,4.5,3.5,1.3,,"alpha, SF",100,,,,-2.39084177343,0.00406591435698,3.04405428721,1106.76212161,,False,ok,within_implemented_formula,"{""N_interval"": ""(127,185]"", ""Z_interval"": ""(83,115]"", ""parameter_set"": ""original1980"", ""x"": 0.30776622827838424}",1,1,HF = T_alpha_half_s / Tcalc_s,Qalpha_MeV,T_alpha_half_s
source-row-0158,158,267Ds,,Ds,267,110,157,Poenaru,poenaru,11.78,,0.05,False,,2.8e-06,1.33e-05,1e-07,uncertain,alpha ?,100,,,,-7.0651874413,8.60622227856e-08,1.51234547264,32.5346000762,,False,ok,within_implemented_formula,"{""N_interval"": ""(127,185]"", ""Z_interval"": ""(83,115]"", ""parameter_set"": ""original1980"", ""x"": 0.37085192851751175}",1,1,HF = T_alpha_half_s / Tcalc_s,Qalpha_MeV,T_alpha_half_s
source-row-0159,159,269Ds,,Ds,269,110,159,Poenaru,poenaru,11.51,,0.03,False,,0.00017,0.00016,6e-05,,alpha,100,,,,-6.56637914129,2.71406883843e-07,2.79682806266,626.365837125,,False,ok,within_implemented_formula,"{""N_interval"": ""(127,185]"", ""Z_interval"": ""(83,115]"", ""parameter_set"": ""original1980"", ""x"": 0.36308619412819787}",1,1,HF = T_alpha_half_s / Tcalc_s,Qalpha_MeV,T_alpha_half_s
source-row-0160,160,270Ds,,Ds,270,110,160,Poenaru,poenaru,11.117,,0.028,False,,0.0002,7e-05,4e-05,,"alpha, SF",100,,,,-5.79514999668,1.60269175722e-06,2.09617999234,124.79005966,,False,ok,within_implemented_formula,"{""N_interval"": ""(127,185]"", ""Z_interval"": ""(83,115]"", ""parameter_set"": ""original1980"", ""x"": 0.35104215899593627}",1,1,HF = T_alpha_half_s / Tcalc_s,Qalpha_MeV,T_alpha_half_s
source-row-0161,161,271Ds,,Ds,271,110,161,Poenaru,poenaru,10.87,,0.018,False,,0.00163,0.00044,2e-05,,alpha,100,,,,-5.2862735211,5.17280942904e-06,2.4984611255,315.10923075,,False,ok,within_implemented_formula,"{""N_interval"": ""(127,185]"", ""Z_interval"": ""(83,115]"", ""parameter_set"": ""original1980"", ""x"": 0.34358717275354006}",1,1,HF = T_alpha_half_s / Tcalc_s,Qalpha_MeV,T_alpha_half_s
source-row-0162,162,273Ds^a,a,Ds,273,110,163,Poenaru,poenaru,11.0519330855,10.89,0.0202973977695,False,,0.01734,0.03155,0.00683,,alpha,100,,269Hs,269Hs:100% (within alpha branch),-5.66742339288,2.15068401455e-06,3.90647248602,8062.55120823,,False,ok,within_implemented_formula,"{""N_interval"": ""(127,185]"", ""Z_interval"": ""(83,115]"", ""parameter_set"": ""original1980"", ""x"": 0.35003586368694617}",1,2,HF = T_alpha_half_s / Tcalc_s,Qalpha_MeV,T_alpha_half_s
source-row-0163,163,273Ds^m,,Ds,273,110,163,Poenaru,poenaru,11.33,,0.02,False,,0.00016,8e-05,5e-05,,alpha,100,,,,-6.22645459983,5.93670405914e-07,2.43057458249,269.509812863,,False,ok,within_implemented_formula,"{""N_interval"": ""(127,185]"", ""Z_interval"": ""(83,115]"", ""parameter_set"": ""original1980"", ""x"": 0.35884277482422083}",2,2,HF = T_alpha_half_s / Tcalc_s,Qalpha_MeV,T_alpha_half_s
source-row-0164,164,275Ds,,Ds,275,110,165,Poenaru,poenaru,11.37,,0.02,False,,0.00043,0.00029,0.00012,,alpha,100,,,,-6.30778606356,4.92281977436e-07,2.94125451914,873.483124935,,False,ok,within_implemented_formula,"{""N_interval"": ""(127,185]"", ""Z_interval"": ""(83,115]"", ""parameter_set"": ""original1980"", ""x"": 0.36082420157056283}",1,1,HF = T_alpha_half_s / Tcalc_s,Qalpha_MeV,T_alpha_half_s
source-row-0165,165,276Ds,,Ds,276,110,166,Poenaru,poenaru,10.904,,0.028,False,,0.000348837209302,0.000232558139535,9.3023255814e-05,,"alpha, SF",43,57,,,-5.36183046176,4.34679879744e-06,1.90445326524,80.2515196948,,False,ok,within_implemented_formula,"{""N_interval"": ""(127,185]"", ""Z_interval"": ""(83,115]"", ""parameter_set"": ""original1980"", ""x"": 0.34637717257489725}",1,1,HF = T_alpha_half_s / Tcalc_s,Qalpha_MeV,T_alpha_half_s
source-row-0166,166,277Ds,,Ds,277,110,167,Poenaru,poenaru,10.71,,0.04,False,,0.0035,0.0021,0.0009,,"alpha, SF",100,,,,-4.94686584368,1.13014496972e-05,2.49093388803,309.694781978,,False,ok,within_implemented_formula,"{""N_interval"": ""(127,185]"", ""Z_interval"": ""(83,115]"", ""parameter_set"": ""original1980"", ""x"": 0.34054903002908016}",1,1,HF = T_alpha_half_s / Tcalc_s,Qalpha_MeV,T_alpha_half_s
source-row-0167,167,279Ds,,Ds,279,110,169,Poenaru,poenaru,9.827,,0.015,True,,1.43076923077,0.161538461538,0.130769230769,,"alpha, SF",13,87,,,-2.88265043795,0.00131023610297,3.03822002986,1091.99344112,,False,ok,within_implemented_formula,"{""N_interval"": ""(127,185]"", ""Z_interval"": ""(83,115]"", ""parameter_set"": ""original1980"", ""x"": 0.3130835732602365}",1,1,HF = T_alpha_half_s / Tcalc_s,Qalpha_MeV,T_alpha_half_s
source-row-0169,169,281Ds,,Ds,281,110,171,Poenaru,poenaru,9.47,,0.21,True,,130,45,27,,"alpha, SF",10,90,,,-1.95107238868,0.011192513099,4.06501574098,11614.9071125,,False,ok,within_implemented_formula,"{""N_interval"": ""(127,185]"", ""Z_interval"": ""(83,115]"", ""parameter_set"": ""original1980"", ""x"": 0.3022962094629503}",1,1,HF = T_alpha_half_s / Tcalc_s,Qalpha_MeV,T_alpha_half_s
source-row-0170,170,272Rg,,Rg,272,111,161,Poenaru,poenaru,11.197,,0.013,False,,0.0038,0.0014,0.0008,,alpha,100,,,,-5.83590453876,1.45913495401e-06,3.41568813538,2604.28275642,,False,ok,within_implemented_formula,"{""N_interval"": ""(127,185]"", ""Z_interval"": ""(83,115]"", ""parameter_set"": ""original1980"", ""x"": 0.351027012770612}",1,1,HF = T_alpha_half_s / Tcalc_s,Qalpha_MeV,T_alpha_half_s
source-row-0171,171,274Rg,,Rg,274,111,163,Poenaru,poenaru,11.48,,0.09,False,,0.012,0.017,0.005,,alpha,100,,,,-6.39603239363,4.0176084276e-07,4.47521363967,29868.5156014,,False,ok,within_implemented_formula,"{""N_interval"": ""(127,185]"", ""Z_interval"": ""(83,115]"", ""parameter_set"": ""original1980"", ""x"": 0.36061570442948704}",1,1,HF = T_alpha_half_s / Tcalc_s,Qalpha_MeV,T_alpha_half_s
source-row-0172,172,278Rg,,Rg,278,111,167,Poenaru,poenaru,10.85,,0.1,False,,0.0046,0.0055,0.0016,approx,"alpha, SF",100,,,,-5.1220632155,7.54982325135e-06,2.78482104719,609.285786813,,False,ok,within_implemented_formula,"{""N_interval"": ""(127,185]"", ""Z_interval"": ""(83,115]"", ""parameter_set"": ""original1980"", ""x"": 0.3421704264616558}",1,1,HF = T_alpha_half_s / Tcalc_s,Qalpha_MeV,T_alpha_half_s
source-row-0173,173,279Rg,,Rg,279,111,168,Poenaru,poenaru,10.53,,0.17,False,,0.103448275862,0.0689655172414,0.0287356321839,,"alpha, SF",87,13,,,-4.42275723659,3.77783306513e-05,3.43748049341,2738.29663933,,False,ok,within_implemented_formula,"{""N_interval"": ""(127,185]"", ""Z_interval"": ""(83,115]"", ""parameter_set"": ""original1980"", ""x"": 0.33240301514781073}",1,1,HF = T_alpha_half_s / Tcalc_s,Qalpha_MeV,T_alpha_half_s
source-row-0174,174,280Rg,,Rg,280,111,169,Poenaru,poenaru,10.149,,0.01,False,,3.9,0.3,0.3,,alpha,100,,,,-3.54108613821,0.000287682776652,4.13215074524,13556.5988531,,False,ok,within_implemented_formula,"{""N_interval"": ""(127,185]"", ""Z_interval"": ""(83,115]"", ""parameter_set"": ""original1980"", ""x"": 0.32068765967307816}",1,1,HF = T_alpha_half_s / Tcalc_s,Qalpha_MeV,T_alpha_half_s
source-row-0175,175,281Rg,,Rg,281,111,170,Poenaru,poenaru,9.9,,0.4,True,,78.5714285714,21.4285714286,7.14285714286,,"alpha, SF",14,88,,,-2.93249267432,0.00116817343444,4.8277573238,67260.0713686,,False,ok,within_implemented_formula,"{""N_interval"": ""(127,185]"", ""Z_interval"": ""(83,115]"", ""parameter_set"": ""original1980"", ""x"": 0.31312314809469455}",1,1,HF = T_alpha_half_s / Tcalc_s,Qalpha_MeV,T_alpha_half_s
source-row-0176,176,282Rg,,Rg,282,111,171,Poenaru,poenaru,9.55,,0.1,True,,100,70,30,approx,"alpha, SF",100,,,,-2.03273996825,0.00927384924473,4.03273996825,10783.009014,,False,ok,within_implemented_formula,"{""N_interval"": ""(127,185]"", ""Z_interval"": ""(83,115]"", ""parameter_set"": ""original1980"", ""x"": 0.30234508834060336}",1,1,HF = T_alpha_half_s / Tcalc_s,Qalpha_MeV,T_alpha_half_s
source-row-0177,177,277Cn,,Cn,277,112,165,Poenaru,poenaru,11.62,,0.06,False,,0.00061,0.00046,0.00018,,alpha,100,,,,-6.55254045603,2.80194459871e-07,3.33787029104,2177.05946178,,False,ok,within_implemented_formula,"{""N_interval"": ""(127,185]"", ""Z_interval"": ""(83,115]"", ""parameter_set"": ""original1980"", ""x"": 0.3627666672823142}",1,1,HF = T_alpha_half_s / Tcalc_s,Qalpha_MeV,T_alpha_half_s
source-row-0179,179,281Cn,,Cn,281,112,169,Poenaru,poenaru,10.43,,0.06,False,,0.18,0.1,0.05,,"alpha, SF",100,,,,-4.07834319799,8.34942949991e-05,3.33361570309,2155.83591672,,False,ok,within_implemented_formula,"{""N_interval"": ""(127,185]"", ""Z_interval"": ""(83,115]"", ""parameter_set"": ""original1980"", ""x"": 0.3268873401050646}",1,1,HF = T_alpha_half_s / Tcalc_s,Qalpha_MeV,T_alpha_half_s
source-row-0181,181,283Cn,,Cn,283,112,171,Poenaru,poenaru,9.667,,0.015,False,,4.23333333333,0.5,0.4,<,"alpha, SF",90,10,,,-2.21944242615,0.00603333685774,2.84612489239,701.657048686,,False,ok,within_implemented_formula,"{""N_interval"": ""(127,185]"", ""Z_interval"": ""(83,115]"", ""parameter_set"": ""original1980"", ""x"": 0.30355908513394936}",1,1,HF = T_alpha_half_s / Tcalc_s,Qalpha_MeV,T_alpha_half_s
source-row-0182,182,284Cn,,Cn,284,112,172,Poenaru,poenaru,9.46,,0.01,False,,4.9,1,0.7,,"alpha, SF",2,98,,,-1.66902250518,0.0214277955922,2.35921858521,228.674946003,,False,ok,within_implemented_formula,"{""N_interval"": ""(127,185]"", ""Z_interval"": ""(83,115]"", ""parameter_set"": ""original1980"", ""x"": 0.2973441592163917}",1,1,HF = T_alpha_half_s / Tcalc_s,Qalpha_MeV,T_alpha_half_s
source-row-0183,183,285Cn,,Cn,285,112,173,Poenaru,poenaru,9.32,,0.02,False,,33,10,6,,alpha,100,,,,-1.28268837426,0.052156882586,2.80120231414,632.70652623,,False,ok,within_implemented_formula,"{""N_interval"": ""(127,185]"", ""Z_interval"": ""(83,115]"", ""parameter_set"": ""original1980"", ""x"": 0.29322402955075183}",1,1,HF = T_alpha_half_s / Tcalc_s,Qalpha_MeV,T_alpha_half_s
source-row-0184,184,286Cn,,Cn,286,112,174,Poenaru,poenaru,9.24,,0.76,True,,8.4,40.5,3.9,,"(alpha, SF)",100,,,,-1.05422701527,0.0882618415771,1.97850630133,95.1713656763,,False,ok,within_implemented_formula,"{""N_interval"": ""(127,185]"", ""Z_interval"": ""(83,115]"", ""parameter_set"": ""original1980"", ""x"": 0.2909843328653502}",1,1,HF = T_alpha_half_s / Tcalc_s,Qalpha_MeV,T_alpha_half_s
source-row-0185,185,278Nh,,Nh,278,113,165,Poenaru,poenaru,11.99,,0.08,False,,0.002,0.0027,0.0007,,alpha,100,,,,-7.13070226248,7.4011249712e-08,4.43173225814,27022.9189182,,False,ok,within_implemented_formula,"{""N_interval"": ""(127,185]"", ""Z_interval"": ""(83,115]"", ""parameter_set"": ""original1980"", ""x"": 0.37130896504089556}",1,1,HF = T_alpha_half_s / Tcalc_s,Qalpha_MeV,T_alpha_half_s
source-row-0186,186,282Nh,,Nh,282,113,169,Poenaru,poenaru,10.78,,0.08,False,,0.061,0.073,0.022,,alpha,100,,,,-4.74778151621,1.78738654268e-05,3.53311135122,3412.80403223,,False,ok,within_implemented_formula,"{""N_interval"": ""(127,185]"", ""Z_interval"": ""(83,115]"", ""parameter_set"": ""original1980"", ""x"": 0.3351365744087314}",1,1,HF = T_alpha_half_s / Tcalc_s,Qalpha_MeV,T_alpha_half_s
source-row-0187,187,283Nh,,Nh,283,113,170,Poenaru,poenaru,10.35,,0.04,False,,0.123,0.08,0.035,,alpha,100,,,,-3.78568452093,0.000163800596541,2.87558963237,750.913016178,,False,ok,within_implemented_formula,"{""N_interval"": ""(127,185]"", ""Z_interval"": ""(83,115]"", ""parameter_set"": ""original1980"", ""x"": 0.3220783797995795}",1,1,HF = T_alpha_half_s / Tcalc_s,Qalpha_MeV,T_alpha_half_s
source-row-0188,188,284Nh,,Nh,284,113,171,Poenaru,poenaru,10.28,,0.04,False,,0.9,0.07,0.06,,alpha,100,,,,-3.61957457342,0.000240118392124,3.57381708286,3748.15103516,,False,ok,within_implemented_formula,"{""N_interval"": ""(127,185]"", ""Z_interval"": ""(83,115]"", ""parameter_set"": ""original1980"", ""x"": 0.32020720267593816}",1,1,HF = T_alpha_half_s / Tcalc_s,Qalpha_MeV,T_alpha_half_s
source-row-0189,189,285Nh,,Nh,285,113,172,Poenaru,poenaru,10.01,,0.04,False,,2.56097560976,0.731707317073,0.365853658537,,"alpha, SF",82,18,,,-2.96995997716,0.00107161805671,3.37836541951,2389.82125555,,False,ok,within_implemented_formula,"{""N_interval"": ""(127,185]"", ""Z_interval"": ""(83,115]"", ""parameter_set"": ""original1980"", ""x"": 0.31209544420439705}",1,1,HF = T_alpha_half_s / Tcalc_s,Qalpha_MeV,T_alpha_half_s
source-row-0190,190,286Nh,,Nh,286,113,173,Poenaru,poenaru,9.79,,0.05,False,,9.5,6.3,2.7,,alpha,100,,,,-2.41682356617,0.00382980298961,3.39454717146,2480.5453507,,False,ok,within_implemented_formula,"{""N_interval"": ""(127,185]"", ""Z_interval"": ""(83,115]"", ""parameter_set"": ""original1980"", ""x"": 0.3055273078884361}",1,1,HF = T_alpha_half_s / Tcalc_s,Qalpha_MeV,T_alpha_half_s
source-row-0191,191,284Fl,,Fl,284,114,170,Poenaru,poenaru,10.721,,0.017,False,,0.0104166666667,0.005,0.0025,,"alpha, SF",24,76,,,-4.52189653066,3.00679257652e-05,2.53962529762,346.437820421,,False,ok,within_implemented_formula,"{""N_interval"": ""(127,185]"", ""Z_interval"": ""(83,115]"", ""parameter_set"": ""original1980"", ""x"": 0.33096207754972323}",1,1,HF = T_alpha_half_s / Tcalc_s,Qalpha_MeV,T_alpha_half_s
source-row-0192,192,285Fl,,Fl,285,114,171,Poenaru,poenaru,10.56,,0.07,False,,0.1,0.06,0.03,,alpha,100,,,,-4.16364020565,6.86056359355e-05,3.16364020565,1457.60619571,,False,ok,within_implemented_formula,"{""N_interval"": ""(127,185]"", ""Z_interval"": ""(83,115]"", ""parameter_set"": ""original1980"", ""x"": 0.32630387102060976}",1,1,HF = T_alpha_half_s / Tcalc_s,Qalpha_MeV,T_alpha_half_s
source-row-0193,193,286Fl,,Fl,286,114,172,Poenaru,poenaru,10.335,,0.01,False,,0.2625,0.0425,0.0325,,"alpha, SF",40,60,,,-3.64767523923,0.000225073705378,3.06680454698,1166.28461579,,False,ok,within_implemented_formula,"{""N_interval"": ""(127,185]"", ""Z_interval"": ""(83,115]"", ""parameter_set"": ""original1980"", ""x"": 0.319655939643218}",1,1,HF = T_alpha_half_s / Tcalc_s,Qalpha_MeV,T_alpha_half_s
source-row-0194,194,287Fl,,Fl,287,114,173,Poenaru,poenaru,10.157,,0.015,False,,0.514285714286,0.0642857142857,0.0514285714286,<,alpha,70,,,,-3.2242317318,0.000596716804166,2.93543619255,861.858943297,,False,ok,within_implemented_formula,"{""N_interval"": ""(127,185]"", ""Z_interval"": ""(83,115]"", ""parameter_set"": ""original1980"", ""x"": 0.314449109818994}",1,1,HF = T_alpha_half_s / Tcalc_s,Qalpha_MeV,T_alpha_half_s
source-row-0195,195,288Fl,,Fl,288,114,174,Poenaru,poenaru,10.076,,0.012,False,,0.64,0.14,0.1,,"alpha, SF",100,,,,-3.02411847264,0.000945979069387,2.83029844662,676.547738435,,False,ok,within_implemented_formula,"{""N_interval"": ""(127,185]"", ""Z_interval"": ""(83,115]"", ""parameter_set"": ""original1980"", ""x"": 0.3122369775557405}",1,1,HF = T_alpha_half_s / Tcalc_s,Qalpha_MeV,T_alpha_half_s
source-row-0196,196,289Fl,,Fl,289,114,175,Poenaru,poenaru,9.95,,0.07,False,,2.4,0.8,0.5,,alpha,100,,,,-2.70969653355,0.00195120754406,3.08990777527,1230.00754446,,False,ok,within_implemented_formula,"{""N_interval"": ""(127,185]"", ""Z_interval"": ""(83,115]"", ""parameter_set"": ""original1980"", ""x"": 0.30862362115129277}",1,1,HF = T_alpha_half_s / Tcalc_s,Qalpha_MeV,T_alpha_half_s
source-row-0197,197,290Fl,,Fl,290,114,176,Poenaru,poenaru,9.86,,0.03,False,,0.46,,,<,(alpha),100,,,,-2.47859938731,0.00332200753118,2.14135721899,138.470486801,,False,ok,within_implemented_formula,"{""N_interval"": ""(127,185]"", ""Z_interval"": ""(83,115]"", ""parameter_set"": ""original1980"", ""x"": 0.30611989825068814}",1,1,HF = T_alpha_half_s / Tcalc_s,Qalpha_MeV,T_alpha_half_s
source-row-0198,198,286Mc,,Mc,286,115,171,Poenaru,poenaru,10.86,,0.02,False,,0.02,0.098,0.009,,alpha,100,,,,-4.73314872508,1.84863544136e-05,3.03417872075,1081.87907429,,False,ok,within_implemented_formula,"{""N_interval"": ""(127,185]"", ""Z_interval"": ""(83,115]"", ""parameter_set"": ""original1980"", ""x"": 0.3329213922163614}",1,1,HF = T_alpha_half_s / Tcalc_s,Qalpha_MeV,T_alpha_half_s
source-row-0199,199,287Mc,,Mc,287,115,172,Poenaru,poenaru,10.76,,0.07,False,,0.038,0.022,0.01,,alpha,100,,,,-4.51484144353,3.05603663727e-05,3.09462504015,1243.44059022,,False,ok,within_implemented_formula,"{""N_interval"": ""(127,185]"", ""Z_interval"": ""(83,115]"", ""parameter_set"": ""original1980"", ""x"": 0.33016935983385276}",1,1,HF = T_alpha_half_s / Tcalc_s,Qalpha_MeV,T_alpha_half_s
source-row-0200,200,288Mc,,Mc,288,115,173,Poenaru,poenaru,10.65,,0.05,False,,0.193,0.015,0.013,,alpha,100,,,,-4.27040639488,5.36529499197e-05,3.55596370389,3597.19270401,,False,ok,within_implemented_formula,"{""N_interval"": ""(127,185]"", ""Z_interval"": ""(83,115]"", ""parameter_set"": ""original1980"", ""x"": 0.32710362908135976}",1,1,HF = T_alpha_half_s / Tcalc_s,Qalpha_MeV,T_alpha_half_s
source-row-0201,201,289Mc,,Mc,289,115,174,Poenaru,poenaru,10.49,,0.05,False,,0.25,0.051,0.035,,"alpha, SF",100,,,,-3.90825928297,0.000123520976696,3.30619929164,2023.94772683,,False,ok,within_implemented_formula,"{""N_interval"": ""(127,185]"", ""Z_interval"": ""(83,115]"", ""parameter_set"": ""original1980"", ""x"": 0.3224936363394235}",1,1,HF = T_alpha_half_s / Tcalc_s,Qalpha_MeV,T_alpha_half_s
source-row-0202,202,290Mc,,Mc,290,115,175,Poenaru,poenaru,10.41,,0.04,False,,0.65,0.49,0.2,,alpha,100,,,,-3.7206676307,0.000190253374835,3.53358098734,3416.49655658,,False,ok,within_implemented_formula,"{""N_interval"": ""(127,185]"", ""Z_interval"": ""(83,115]"", ""parameter_set"": ""original1980"", ""x"": 0.3203354141776395}",1,1,HF = T_alpha_half_s / Tcalc_s,Qalpha_MeV,T_alpha_half_s
source-row-0203,203,288Lv,,Lv,288,116,172,Poenaru,poenaru,11.24,,0.015,False,,0.002,0.0023,0.0007,,alpha,100,,,,-2.66795708653,0.00214804271588,-0.0310129178091,0.931080180677,,False,ok,within_implemented_formula,"{""N_interval"": ""(127,185]"", ""Z_interval"": ""(115,121]"", ""parameter_set"": ""original1980"", ""x"": 0.34219657472104165}",1,1,HF = T_alpha_half_s / Tcalc_s,Qalpha_MeV,T_alpha_half_s
source-row-0204,204,289Lv,,Lv,289,116,173,Poenaru,poenaru,11.057,,0.015,False,,0.0024,0.0044,0.0009,,alpha,100,,,,-2.22407712286,0.00596929273312,-0.395711635431,0.402057682091,,False,ok,within_implemented_formula,"{""N_interval"": ""(127,185]"", ""Z_interval"": ""(115,121]"", ""parameter_set"": ""original1980"", ""x"": 0.3369430965845214}",1,1,HF = T_alpha_half_s / Tcalc_s,Qalpha_MeV,T_alpha_half_s
source-row-0205,205,290Lv,,Lv,290,116,174,Poenaru,poenaru,11,,0.06,False,,0.0083,0.0035,0.0019,,"alpha, SF",100,,,,-2.08146104407,0.00828970271028,0.000539136445708,1.00124217841,,False,ok,within_implemented_formula,"{""N_interval"": ""(127,185]"", ""Z_interval"": ""(115,121]"", ""parameter_set"": ""original1980"", ""x"": 0.33552161368354133}",1,1,HF = T_alpha_half_s / Tcalc_s,Qalpha_MeV,T_alpha_half_s
source-row-0206,206,291Lv,,Lv,291,116,175,Poenaru,poenaru,10.89,,0.09,False,,0.019,0.017,0.006,approx,"alpha, SF",100,,,,-1.80413005495,0.0156989260982,0.0828836559044,1.21027386721,,False,ok,within_implemented_formula,"{""N_interval"": ""(127,185]"", ""Z_interval"": ""(115,121]"", ""parameter_set"": ""original1980"", ""x"": 0.3324780096496038}",1,1,HF = T_alpha_half_s / Tcalc_s,Qalpha_MeV,T_alpha_half_s
source-row-0207,207,292Lv,,Lv,292,116,176,Poenaru,poenaru,10.791,,0.012,False,,0.013,0.007,0.004,approx,"alpha, SF",100,,,,-1.54949174218,0.0282168323503,-0.336564905516,0.460717909035,,False,ok,within_implemented_formula,"{""N_interval"": ""(127,185]"", ""Z_interval"": ""(115,121]"", ""parameter_set"": ""original1980"", ""x"": 0.3297635451279326}",1,1,HF = T_alpha_half_s / Tcalc_s,Qalpha_MeV,T_alpha_half_s
source-row-0208,208,293Lv,,Lv,293,116,177,Poenaru,poenaru,10.68,,0.06,False,,0.057,0.043,0.017,,alpha,100,,,,-1.25895452066,0.0550865380032,0.0148293763347,1.03473556455,,False,ok,within_implemented_formula,"{""N_interval"": ""(127,185]"", ""Z_interval"": ""(115,121]"", ""parameter_set"": ""original1980"", ""x"": 0.326675671010489}",1,1,HF = T_alpha_half_s / Tcalc_s,Qalpha_MeV,T_alpha_half_s
source-row-0209,209,293Ts,,Ts,293,117,176,Poenaru,poenaru,11.32,,0.05,False,,0.022,0.008,0.004,,alpha,100,,,,-2.74789022797,0.00178693918353,1.09031290879,12.3115549778,,False,ok,within_implemented_formula,"{""N_interval"": ""(127,185]"", ""Z_interval"": ""(115,121]"", ""parameter_set"": ""original1980"", ""x"": 0.3432408564774596}",1,1,HF = T_alpha_half_s / Tcalc_s,Qalpha_MeV,T_alpha_half_s
source-row-0210,210,294Ts,,Ts,294,117,177,Poenaru,poenaru,11.18,,0.04,False,,0.051,0.038,0.016,,alpha,100,,,,-2.41077851496,0.00388348368561,1.11834869106,13.1325387535,,False,ok,within_implemented_formula,"{""N_interval"": ""(127,185]"", ""Z_interval"": ""(115,121]"", ""parameter_set"": ""original1980"", ""x"": 0.3393107620260548}",1,1,HF = T_alpha_half_s / Tcalc_s,Qalpha_MeV,T_alpha_half_s
source-row-0211,211,294Og,,Og,294,118,176,Poenaru,poenaru,11.87,,0.03,False,,0.00058,0.00044,0.00018,,"alpha, SF",100,,,,-4.05244712483,8.86243116814e-05,0.815875118394,6.54447960154,,False,ok,within_implemented_formula,"{""N_interval"": ""(127,185]"", ""Z_interval"": ""(115,121]"", ""parameter_set"": ""original1980"", ""x"": 0.35714650214643306}",1,1,HF = T_alpha_half_s / Tcalc_s,Qalpha_MeV,T_alpha_half_s
source-row-0002,2,240Es,,Es,240,99,141,DZR,dzr,8.26,,0.06,False,,8.57142857143,2.42857142857,2.42857142857,,"alpha, EC, SF",70,,,,1.3300966771,21.3843806835,-0.397043466734,0.400826598548,0,True,ok,within_implemented_formula,"{""l_used"": 0.0, ""parity_case"": ""odd-odd""}",1,1,HF = T_alpha_half_s / Tcalc_s,Qalpha_MeV,T_alpha_half_s
source-row-0003,3,241Es,,Es,241,99,142,DZR,dzr,8.259,,0.017,False,,4.3,2.4,1.2,,"alpha, EC",100,,,,0.846692024654,7.02573920311,-0.213223569074,0.612035242939,0,True,ok,within_implemented_formula,"{""l_used"": 0.0, ""parity_case"": ""oddZ-evenN""}",1,1,HF = T_alpha_half_s / Tcalc_s,Qalpha_MeV,T_alpha_half_s
source-row-0004,4,242Es,,Es,242,99,143,DZR,dzr,8.16,,0.02,False,,31.2280701754,2.80701754386,2.80701754386,,"alpha, EC",57,,,,1.62933925918,42.5931009066,-0.13479411254,0.733172028116,0,True,ok,within_implemented_formula,"{""l_used"": 0.0, ""parity_case"": ""odd-odd""}",1,1,HF = T_alpha_half_s / Tcalc_s,Qalpha_MeV,T_alpha_half_s
source-row-0005,5,243Es,,Es,243,99,144,DZR,dzr,8.072,,0.01,False,,36.0655737705,1.6393442623,1.6393442623,,"alpha, EC, SF",61,1,,,1.44523449554,27.8762592965,0.111858350269,1.29377379464,0,True,ok,within_implemented_formula,"{""l_used"": 0.0, ""parity_case"": ""oddZ-evenN""}",1,1,HF = T_alpha_half_s / Tcalc_s,Qalpha_MeV,T_alpha_half_s
source-row-0006,6,244Es,,Es,244,99,145,DZR,dzr,7.94,,0.1,True,,925,100,100,,"alpha, EC",4,,,,2.35664839634,227.325626334,0.609493336397,4.06905290405,0,True,ok,within_implemented_formula,"{""l_used"": 0.0, ""parity_case"": ""odd-odd""}",1,1,HF = T_alpha_half_s / Tcalc_s,Qalpha_MeV,T_alpha_half_s
source-row-0007,7,245Es,,Es,245,99,146,DZR,dzr,7.909,,0.003,False,,124.444444444,6.66666666667,6.66666666667,,"alpha, EC",54,,,,1.98061178098,95.633881081,0.114363732255,1.30125895799,0,True,ok,within_implemented_formula,"{""l_used"": 0.0, ""parity_case"": ""oddZ-evenN""}",1,1,HF = T_alpha_half_s / Tcalc_s,Qalpha_MeV,T_alpha_half_s
source-row-0008,8,246Es,,Es,246,99,147,DZR,dzr,7.64,,0.1,True,,4545.45454545,303.03030303,303.03030303,,"alpha, EC",9.9,,,,3.41548171201,2603.04521573,0.242095607169,1.74620652688,0,True,ok,within_implemented_formula,"{""l_used"": 0.0, ""parity_case"": ""odd-odd""}",1,1,HF = T_alpha_half_s / Tcalc_s,Qalpha_MeV,T_alpha_half_s
source-row-0009,9,247Es,,Es,247,99,148,DZR,dzr,7.464,,0.02,False,,3900,222.857142857,222.857142857,,"alpha, EC",7,,,,3.6032248544,4010.74318664,-0.0121602473774,0.972388362583,0,True,ok,within_implemented_formula,"{""l_used"": 0.0, ""parity_case"": ""oddZ-evenN""}",1,1,HF = T_alpha_half_s / Tcalc_s,Qalpha_MeV,T_alpha_half_s
source-row-0010,10,248Es,,Es,248,99,149,DZR,dzr,7.16,,0.05,True,,480000,40000,40000,,"alpha, EC",0.3,,,,5.27410900827,187978.858605,0.407132229109,2.55347863883,0,True,ok,within_implemented_formula,"{""l_used"": 0.0, ""parity_case"": ""odd-odd""}",1,1,HF = T_alpha_half_s / Tcalc_s,Qalpha_MeV,T_alpha_half_s
source-row-0011,11,249Es,,Es,249,99,150,DZR,dzr,6.94,,0.03,True,,1075789.47368,6315.78947368,6315.78947368,,"alpha, EC",0.57,,,,5.72215149109,527413.802412,0.309575799423,2.0397446346,0,True,ok,within_implemented_formula,"{""l_used"": 0.0, ""parity_case"": ""oddZ-evenN""}",1,1,HF = T_alpha_half_s / Tcalc_s,Qalpha_MeV,T_alpha_half_s
source-row-0013,13,251Es,,Es,251,99,152,DZR,dzr,6.5971,,0.001,False,,23760000,9531233.70818,9531233.70818,,"EC, alpha",0.5,,,,7.23302026219,17100950.9843,0.14282617412,1.38939641555,0,True,ok,within_implemented_formula,"{""l_used"": 0.0, ""parity_case"": ""oddZ-evenN""}",1,1,HF = T_alpha_half_s / Tcalc_s,Qalpha_MeV,T_alpha_half_s
source-row-0014,14,252Es,,Es,252,99,153,DZR,dzr,6.7386,,0.0005,False,,46268307.6923,210461.538462,210461.538462,,"alpha, EC",78,,,,7.02852751597,10678924.4978,0.636756099083,4.33267485895,0,True,ok,within_implemented_formula,"{""l_used"": 0.0, ""parity_case"": ""odd-odd""}",1,1,HF = T_alpha_half_s / Tcalc_s,Qalpha_MeV,T_alpha_half_s
source-row-0015,15,253Es,,Es,253,99,154,DZR,dzr,6.73924,,5e-05,False,,1768608,1728,1728,,"alpha, EC; beta^-, SF",100,,,,6.53963620658,3464465.22636,-0.292004621436,0.510499567593,0,True,ok,within_implemented_formula,"{""l_used"": 0.0, ""parity_case"": ""oddZ-evenN""}",1,1,HF = T_alpha_half_s / Tcalc_s,Qalpha_MeV,T_alpha_half_s
source-row-0016,16,254Es,,Es,254,99,155,DZR,dzr,6.6172,,0.0005,False,,23820480,43200,43200,,"alpha,; beta^-, SF; beta^-, SF",100,3e-06,,,7.55060060234,35530441.3603,-0.173650093759,0.670424545489,0,True,ok,within_implemented_formula,"{""l_used"": 0.0, ""parity_case"": ""odd-odd""}",1,1,HF = T_alpha_half_s / Tcalc_s,Qalpha_MeV,T_alpha_half_s
source-row-0017,17,255Es,,Es,255,99,156,DZR,dzr,6.4363,,0.0013,False,,42984000,2509716.44613,2509716.44613,,"beta^-, alpha, SF",8,0.0041,,,7.92715096981,84557273.2781,-0.293844142252,0.508341841377,0,True,ok,within_implemented_formula,"{""l_used"": 0.0, ""parity_case"": ""oddZ-evenN""}",1,1,HF = T_alpha_half_s / Tcalc_s,Qalpha_MeV,T_alpha_half_s
source-row-0020,20,241Fm,,Fm,241,100,141,DZR,dzr,8.86,,0.32,True,,0.00521428571429,0.000428571428571,0.000428571428571,>,"alpha, EC, SF",14,78,,,-0.582300783217,0.261637033756,-1.70050439234,0.0199294634993,0,True,ok,within_implemented_formula,"{""l_used"": 0.0, ""parity_case"": ""evenZ-oddN""}",1,1,HF = T_alpha_half_s / Tcalc_s,Qalpha_MeV,T_alpha_half_s
source-row-0022,22,243Fm,,Fm,243,100,143,DZR,dzr,8.69,,0.05,False,,0.253846153846,0.00989010989011,0.00989010989011,,"alpha, EC, SF",91,9,,,-0.0959057128283,0.801852129986,-0.499523699601,0.316574770277,0,True,ok,within_implemented_formula,"{""l_used"": 0.0, ""parity_case"": ""evenZ-oddN""}",1,1,HF = T_alpha_half_s / Tcalc_s,Qalpha_MeV,T_alpha_half_s
source-row-0023,23,244Fm,,Fm,244,100,144,DZR,dzr,8.55,,0.2,True,,0.321,0.008,0.008,>,"alpha, EC, SF",1,97,,,-0.033516820046,0.925727531381,-0.459978147549,0.346754297694,0,True,ok,within_implemented_formula,"{""l_used"": 0.0, ""parity_case"": ""even-even""}",1,1,HF = T_alpha_half_s / Tcalc_s,Qalpha_MeV,T_alpha_half_s
source-row-0024,24,245Fm,,Fm,245,100,145,DZR,dzr,8.373,,0.025,False,,5.4,0.6,0.6,,"alpha, EC, SF",100,0.3,,,0.887184270368,7.71230631422,-0.154790510545,0.700179658326,0,True,ok,within_implemented_formula,"{""l_used"": 0.0, ""parity_case"": ""evenZ-oddN""}",1,1,HF = T_alpha_half_s / Tcalc_s,Qalpha_MeV,T_alpha_half_s
source-row-0025,25,246Fm,,Fm,246,100,146,DZR,dzr,8.379,,0.005,False,,1.6452991453,0.042735042735,0.042735042735,,"alpha, SF, EC",93.6,6.4,,,0.485692889946,3.05979894074,-0.269448017848,0.537714790144,0,True,ok,within_implemented_formula,"{""l_used"": 0.0, ""parity_case"": ""even-even""}",1,1,HF = T_alpha_half_s / Tcalc_s,Qalpha_MeV,T_alpha_half_s
source-row-0026,26,247Fm,,Fm,247,100,147,DZR,dzr,8.258,,0.01,False,,48.4375,1.5625,1.5625,,"alpha, EC",64,,,,1.23405522907,17.1417528469,0.451126490781,2.82570285739,0,True,ok,within_implemented_formula,"{""l_used"": 0.0, ""parity_case"": ""evenZ-oddN""}",1,1,HF = T_alpha_half_s / Tcalc_s,Qalpha_MeV,T_alpha_half_s
source-row-0027,27,248Fm,,Fm,248,100,148,DZR,dzr,7.995,,0.008,False,,34.8484848485,1.21212121212,1.21212121212,approx,"alpha, EC, SF",99,0.1,,,1.76416758474,58.0988565045,-0.221983684261,0.599813609856,0,True,ok,within_implemented_formula,"{""l_used"": 0.0, ""parity_case"": ""even-even""}",1,1,HF = T_alpha_half_s / Tcalc_s,Qalpha_MeV,T_alpha_half_s
source-row-0028,28,249Fm,,Fm,249,100,149,DZR,dzr,7.709,,0.006,False,,615.384615385,38.4615384615,38.4615384615,,"alpha, EC",15.6,,,,3.15154688217,1417.57773097,-0.362400247487,0.434109962325,0,True,ok,within_implemented_formula,"{""l_used"": 0.0, ""parity_case"": ""evenZ-oddN""}",1,1,HF = T_alpha_half_s / Tcalc_s,Qalpha_MeV,T_alpha_half_s
source-row-0029,29,250Fm,,Fm,250,100,150,DZR,dzr,7.557,,0.008,False,,1860,66,66,,"alpha, EC, SF",100,0.0069,,,3.34889416234,2233.02796712,-0.0793812181236,0.832949711059,0,True,ok,within_implemented_formula,"{""l_used"": 0.0, ""parity_case"": ""even-even""}",1,1,HF = T_alpha_half_s / Tcalc_s,Qalpha_MeV,T_alpha_half_s
source-row-0030,30,251Fm,,Fm,251,100,151,DZR,dzr,7.4245,,0.001,False,,1060000,16000,16000,,"alpha, EC",1.8,,,,4.21149272378,16273.9404986,1.81381314149,65.1348086282,0,True,ok,within_implemented_formula,"{""l_used"": 0.0, ""parity_case"": ""evenZ-oddN""}",1,1,HF = T_alpha_half_s / Tcalc_s,Qalpha_MeV,T_alpha_half_s
source-row-0031,31,252Fm,,Fm,252,100,152,DZR,dzr,7.1527,,0.002,False,,91368,432,432,,"alpha, SF; beta^-, SF",100,0.0023,,,4.93945936934,86988.0047159,0.0213347491815,1.05035171572,0,True,ok,within_implemented_formula,"{""l_used"": 0.0, ""parity_case"": ""even-even""}",1,1,HF = T_alpha_half_s / Tcalc_s,Qalpha_MeV,T_alpha_half_s
source-row-0032,32,253Fm,,Fm,253,100,153,DZR,dzr,7.1979,,0.001,False,,2160000,86400,86400,,"alpha, EC",12,,,,5.09447638811,124301.505328,1.23997736304,17.3771025082,0,True,ok,within_implemented_formula,"{""l_used"": 0.0, ""parity_case"": ""evenZ-oddN""}",1,1,HF = T_alpha_half_s / Tcalc_s,Qalpha_MeV,T_alpha_half_s
source-row-0033,33,254Fm,,Fm,254,100,154,DZR,dzr,7.3073,,0.001,False,,11671.0026016,7.20432259356,7.20432259356,,"alpha, SF; beta^-, SF",99.94,0.06,,,4.26365684417,18350.87784,-0.196548678303,0.635991515138,0,True,ok,within_implemented_formula,"{""l_used"": 0.0, ""parity_case"": ""even-even""}",1,1,HF = T_alpha_half_s / Tcalc_s,Qalpha_MeV,T_alpha_half_s
source-row-0034,34,255Fm,,Fm,255,100,155,DZR,dzr,7.2406,,0.0005,False,,97452,252,252,,"alpha, SF",100,2.4e-05,,,4.88056931717,75957.2647377,0.108221439371,1.28298458793,0,True,ok,within_implemented_formula,"{""l_used"": 0.0, ""parity_case"": ""evenZ-oddN""}",1,1,HF = T_alpha_half_s / Tcalc_s,Qalpha_MeV,T_alpha_half_s
source-row-0035,35,256Fm,,Fm,256,100,156,DZR,dzr,7.0253,,0.0019,False,,116370.37037,4400.72058885,4400.72058885,,"SF, alpha",8.1,91.9,,,5.40705394507,255301.840131,-0.341211528521,0.455814851592,0,True,ok,within_implemented_formula,"{""l_used"": 0.0, ""parity_case"": ""even-even""}",1,1,HF = T_alpha_half_s / Tcalc_s,Qalpha_MeV,T_alpha_half_s
source-row-0036,36,257Fm,,Fm,257,100,157,DZR,dzr,6.8637,,0.0009,False,,8701473.0935,17316.3643652,17316.3643652,,"alpha , SF",99.79,0.21,,,6.46012769687,2884879.62798,0.47946508474,3.01623437217,0,True,ok,within_implemented_formula,"{""l_used"": 0.0, ""parity_case"": ""evenZ-oddN""}",1,1,HF = T_alpha_half_s / Tcalc_s,Qalpha_MeV,T_alpha_half_s
source-row-0039,39,244Md,,Md,244,101,143,DZR,dzr,8.95,,0.08,False,,0.3,0.19,0.09,approx,"alpha, EC",100,,,,-0.12966426426,0.741883540246,-0.39321448102,0.404376136854,0,True,ok,within_implemented_formula,"{""l_used"": 0.0, ""parity_case"": ""odd-odd""}",1,1,HF = T_alpha_half_s / Tcalc_s,Qalpha_MeV,T_alpha_half_s
source-row-0041,41,247Md,,Md,247,101,146,DZR,dzr,8.764,,0.01,False,,1.21040952189,0.121040952189,0.121040952189,,"alpha, SF",99.14,0.86,,,-0.0824830167842,0.827021848873,0.165415348263,1.46357623265,0,True,ok,within_implemented_formula,"{""l_used"": 0.0, ""parity_case"": ""oddZ-evenN""}",1,1,HF = T_alpha_half_s / Tcalc_s,Qalpha_MeV,T_alpha_half_s
source-row-0042,42,248Md,,Md,248,101,147,DZR,dzr,8.5,,0.03,False,,35,15,15,,"alpha, EC",20,,,,1.21005202024,16.2200437109,0.334016024106,2.15782402463,0,True,ok,within_implemented_formula,"{""l_used"": 0.0, ""parity_case"": ""odd-odd""}",1,1,HF = T_alpha_half_s / Tcalc_s,Qalpha_MeV,T_alpha_half_s
source-row-0043,43,249Md,,Md,249,101,148,DZR,dzr,8.441,,0.018,True,,34.1333333333,1.2,1.2,,"alpha, EC",75,,,,0.917695423573,8.27361720553,0.615483278348,4.12556352142,0,True,ok,within_implemented_formula,"{""l_used"": 0.0, ""parity_case"": ""oddZ-evenN""}",1,1,HF = T_alpha_half_s / Tcalc_s,Qalpha_MeV,T_alpha_half_s
source-row-0044,44,250Md,,Md,250,101,149,DZR,dzr,8.155,,0.028,False,,762.857142857,64.2857142857,64.2857142857,,"alpha, EC",7,,,,2.33651826802,217.029249213,0.545924948992,3.51499692149,0,True,ok,within_implemented_formula,"{""l_used"": 0.0, ""parity_case"": ""odd-odd""}",1,1,HF = T_alpha_half_s / Tcalc_s,Qalpha_MeV,T_alpha_half_s
source-row-0045,45,251Md,,Md,251,101,150,DZR,dzr,7.963,,0.004,False,,2526,138,138,>,"alpha, EC",10,,,,2.53079474366,339.464796759,0.871638602555,7.44112504189,0,True,ok,within_implemented_formula,"{""l_used"": 0.0, ""parity_case"": ""oddZ-evenN""}",1,1,HF = T_alpha_half_s / Tcalc_s,Qalpha_MeV,T_alpha_half_s
source-row-0047,47,253Md,,Md,253,101,152,DZR,dzr,7.573,,0.008,False,,51428.5714286,102857.142857,25714.2857143,approx,"alpha, EC",0.7,,,,3.95445256683,9004.35412807,0.756751893922,5.71152252534,0,True,ok,within_implemented_formula,"{""l_used"": 0.0, ""parity_case"": ""oddZ-evenN""}",1,1,HF = T_alpha_half_s / Tcalc_s,Qalpha_MeV,T_alpha_half_s
source-row-0049,49,255Md,,Md,255,101,154,DZR,dzr,7.9056,,0.0017,False,,23142.8571429,1714.28571429,1714.28571429,,"alpha, EC",7,,,,2.6640973243,461.42096625,1.70031965023,50.1556254172,0,True,ok,within_implemented_formula,"{""l_used"": 0.0, ""parity_case"": ""oddZ-evenN""}",1,1,HF = T_alpha_half_s / Tcalc_s,Qalpha_MeV,T_alpha_half_s
source-row-0050,50,256Md,,Md,256,101,155,DZR,dzr,7.74,,0.11,True,,50673.9130435,978.260869565,978.260869565,,"alpha, EC, SF",9.2,3,,,3.72667739213,5329.38864335,0.978107049707,9.50839138119,0,True,ok,within_implemented_formula,"{""l_used"": 0.0, ""parity_case"": ""odd-odd""}",1,1,HF = T_alpha_half_s / Tcalc_s,Qalpha_MeV,T_alpha_half_s
source-row-0051,51,257Md,,Md,257,101,156,DZR,dzr,7.5571,,0.0009,False,,132480,1200,1200,,"alpha, EC, SF",15,1,,,3.94194768072,8748.78372633,1.18020263872,15.1426763015,0,True,ok,within_implemented_formula,"{""l_used"": 0.0, ""parity_case"": ""oddZ-evenN""}",1,1,HF = T_alpha_half_s / Tcalc_s,Qalpha_MeV,T_alpha_half_s
source-row-0052,52,258Md,,Md,258,101,157,DZR,dzr,7.2713,,0.0019,False,,4449600,25056,25056,,"alpha, EC",100,,,,5.53909449812,346014.658949,1.1092264734,12.8595707867,0,True,ok,within_implemented_formula,"{""l_used"": 0.0, ""parity_case"": ""odd-odd""}",1,1,HF = T_alpha_half_s / Tcalc_s,Qalpha_MeV,T_alpha_half_s
source-row-0053,53,259Md,,Md,259,101,158,DZR,dzr,7.05,,0.1,True,,445846.153846,16615.3846154,16615.3846154,>,"alpha, SF",1.3,100,,,5.98992938319,977078.333916,-0.340744358698,0.456305434651,0,True,ok,within_implemented_formula,"{""l_used"": 0.0, ""parity_case"": ""oddZ-evenN""}",1,1,HF = T_alpha_half_s / Tcalc_s,Qalpha_MeV,T_alpha_half_s
source-row-0054,54,260Md,,Md,260,101,159,DZR,dzr,6.94,,0.3,True,,54950400,864000,864000,>,"alpha, EC, beta^-, SF",5,100,,,6.92113366488,8339378.10128,0.818837193251,6.58926832824,0,True,ok,within_implemented_formula,"{""l_used"": 0.0, ""parity_case"": ""odd-odd""}",1,1,HF = T_alpha_half_s / Tcalc_s,Qalpha_MeV,T_alpha_half_s
source-row-0055,55,249No,,No,249,102,147,DZR,dzr,9.276,,0.02,False,,0.0381,0.0025,0.0025,,alpha,100,,,,-1.1855105467,0.065236319838,-0.233564477626,0.58403049244,0,True,ok,within_implemented_formula,"{""l_used"": 0.0, ""parity_case"": ""evenZ-oddN""}",1,1,HF = T_alpha_half_s / Tcalc_s,Qalpha_MeV,T_alpha_half_s
source-row-0056,56,250No,,No,250,102,148,DZR,dzr,8.95,,0.2,True,,0.00023,1e-05,1e-05,>,"alpha, SF",2,100,,,-0.596447385647,0.253251842883,-3.04182477834,0.000908186875883,0,True,ok,within_implemented_formula,"{""l_used"": 0.0, ""parity_case"": ""even-even""}",1,1,HF = T_alpha_half_s / Tcalc_s,Qalpha_MeV,T_alpha_half_s
source-row-0057,57,251No,,No,251,102,149,DZR,dzr,8.752,,0.004,False,,0.888888888889,0.111111111111,0.111111111111,,"alpha, EC, SF",90,0.0014,,,0.362872069544,2.30606778852,-0.414024591991,0.385456530513,0,True,ok,within_implemented_formula,"{""l_used"": 0.0, ""parity_case"": ""evenZ-oddN""}",1,1,HF = T_alpha_half_s / Tcalc_s,Qalpha_MeV,T_alpha_half_s
source-row-0058,58,252No,,No,252,102,150,DZR,dzr,8.549,,0.005,False,,3.64940828402,0.0236686390533,0.0236686390533,,"alpha, EC, SF",67.6,31,,,0.634887303436,4.3140711499,-0.0726648498877,0.845931408458,0,True,ok,within_implemented_formula,"{""l_used"": 0.0, ""parity_case"": ""even-even""}",1,1,HF = T_alpha_half_s / Tcalc_s,Qalpha_MeV,T_alpha_half_s
source-row-0059,59,253No,,No,253,102,151,DZR,dzr,8.415,,0.004,False,,171.272727273,2.18181818182,2.18181818182,,"alpha, EC",55,,,,1.42275538015,26.4700876969,0.810932833153,6.47042538105,0,True,ok,within_implemented_formula,"{""l_used"": 0.0, ""parity_case"": ""evenZ-oddN""}",1,1,HF = T_alpha_half_s / Tcalc_s,Qalpha_MeV,T_alpha_half_s
source-row-0060,60,254No,,No,254,102,152,DZR,dzr,8.226,,0.008,False,,56.8888888889,0.444444444444,0.444444444444,,"alpha, EC, SF",90,0.17,,,1.68637653887,48.570943395,0.0686509126658,1.17125352963,0,True,ok,within_implemented_formula,"{""l_used"": 0.0, ""parity_case"": ""even-even""}",1,1,HF = T_alpha_half_s / Tcalc_s,Qalpha_MeV,T_alpha_half_s
source-row-0061,61,255No,,No,255,102,153,DZR,dzr,8.4282,,0.003,False,,704,36,36,,"alpha, EC",30,,,,1.34098507973,21.9272960243,1.50658757941,32.1061018751,0,True,ok,within_implemented_formula,"{""l_used"": 0.0, ""parity_case"": ""evenZ-oddN""}",1,1,HF = T_alpha_half_s / Tcalc_s,Qalpha_MeV,T_alpha_half_s
source-row-0062,62,256No,,No,256,102,154,DZR,dzr,8.582,,0.005,False,,2.92609351433,0.0502765208648,0.0502765208648,,"alpha, SF",99.45,0.55,,,0.452005358749,2.83142693249,0.0142828427768,1.0334342309,0,True,ok,within_implemented_formula,"{""l_used"": 0.0, ""parity_case"": ""even-even""}",1,1,HF = T_alpha_half_s / Tcalc_s,Qalpha_MeV,T_alpha_half_s
source-row-0063,63,257No,,No,257,102,155,DZR,dzr,8.477,,0.006,False,,28.8235294118,0.588235294118,0.588235294118,,"alpha, EC, SF",85,1.5,,,1.14107036228,13.8379055584,0.318676796366,2.08294017401,0,True,ok,within_implemented_formula,"{""l_used"": 0.0, ""parity_case"": ""evenZ-oddN""}",1,1,HF = T_alpha_half_s / Tcalc_s,Qalpha_MeV,T_alpha_half_s
source-row-0065,65,259No,,No,259,102,157,DZR,dzr,7.854,,0.005,False,,4640,400,400,,"alpha, EC, SF",75,10,,,3.29250155599,1961.10820171,0.374016424568,2.36600917581,0,True,ok,within_implemented_formula,"{""l_used"": 0.0, ""parity_case"": ""evenZ-oddN""}",1,1,HF = T_alpha_half_s / Tcalc_s,Qalpha_MeV,T_alpha_half_s
source-row-0068,68,251Lr,,Lr,251,103,148,DZR,dzr,9.438,,0.019,False,,0.0244,0.007,0.0045,,alpha,100,,,,-1.38530566312,0.041180758058,-0.227304510537,0.592509733931,0,True,ok,within_implemented_formula,"{""l_used"": 0.0, ""parity_case"": ""oddZ-evenN""}",1,1,HF = T_alpha_half_s / Tcalc_s,Qalpha_MeV,T_alpha_half_s
source-row-0069,69,252Lr,,Lr,252,103,149,DZR,dzr,9.164,,0.017,False,,0.585714285714,0.1,0.0714285714286,approx,"alpha, EC, SF",70,10,,,-0.138034322986,0.72772228921,-0.0942798603083,0.804859620763,0,True,ok,within_implemented_formula,"{""l_used"": 0.0, ""parity_case"": ""odd-odd""}",1,1,HF = T_alpha_half_s / Tcalc_s,Qalpha_MeV,T_alpha_half_s
source-row-0070,70,253Lr,,Lr,253,103,150,DZR,dzr,8.918,,0.02,False,,0.638383838384,0.0464646464646,0.0464646464646,,"alpha, EC, SF",99,1,,,0.124007880433,1.33047855978,-0.318925996748,0.479815201599,0,True,ok,within_implemented_formula,"{""l_used"": 0.0, ""parity_case"": ""oddZ-evenN""}",1,1,HF = T_alpha_half_s / Tcalc_s,Qalpha_MeV,T_alpha_half_s
source-row-0071,71,254Lr,,Lr,254,103,151,DZR,dzr,8.822,,0.008,False,,16.7364016736,1.25523012552,1.25523012552,,"alpha, EC, SF",71.7,0.1,,,0.873029463749,7.46499401293,0.350632626631,2.24198460771,0,True,ok,within_implemented_formula,"{""l_used"": 0.0, ""parity_case"": ""odd-odd""}",1,1,HF = T_alpha_half_s / Tcalc_s,Qalpha_MeV,T_alpha_half_s
source-row-0072,72,255Lr,,Lr,255,103,152,DZR,dzr,8.556,,0.007,False,,31.1935807422,1.10330992979,1.10330992979,,"alpha, EC, SF",99.7,0.1,,,1.24573717885,17.6091007736,0.248328051864,1.77144654592,0,True,ok,within_implemented_formula,"{""l_used"": 0.0, ""parity_case"": ""oddZ-evenN""}",1,1,HF = T_alpha_half_s / Tcalc_s,Qalpha_MeV,T_alpha_half_s
source-row-0073,73,256Lr,,Lr,256,103,153,DZR,dzr,8.85,,0.12,False,,32.8235294118,1.17647058824,1.17647058824,,"alpha, EC, SF",85,0.03,,,0.747273928358,5.58822557214,0.768911349201,5.87369442912,0,True,ok,within_implemented_formula,"{""l_used"": 0.0, ""parity_case"": ""odd-odd""}",1,1,HF = T_alpha_half_s / Tcalc_s,Qalpha_MeV,T_alpha_half_s
source-row-0074,74,257Lr,,Lr,257,103,154,DZR,dzr,9.07,,0.03,False,,6,0.4,0.4,,"alpha, EC, SF",100,0.03,,,-0.417214918436,0.382635342475,1.19536616882,15.680726096,0,True,ok,within_implemented_formula,"{""l_used"": 0.0, ""parity_case"": ""oddZ-evenN""}",1,1,HF = T_alpha_half_s / Tcalc_s,Qalpha_MeV,T_alpha_half_s
source-row-0075,75,258Lr,,Lr,258,103,155,DZR,dzr,8.904,,0.019,False,,3.96303901437,24.6406570842,23.613963039,,"alpha, SF",97.4,2.6,,,0.541079994323,3.47600181323,0.0569483534704,1.14011419652,0,True,ok,within_implemented_formula,"{""l_used"": 0.0, ""parity_case"": ""odd-odd""}",1,1,HF = T_alpha_half_s / Tcalc_s,Qalpha_MeV,T_alpha_half_s
source-row-0076,76,259Lr,,Lr,259,103,156,DZR,dzr,8.58,,0.07,True,,7.94871794872,0.384615384615,0.384615384615,,"alpha, SF",78,22,,,1.09188898451,12.3563153772,-0.191591897707,0.643291928544,0,True,ok,within_implemented_formula,"{""l_used"": 0.0, ""parity_case"": ""oddZ-evenN""}",1,1,HF = T_alpha_half_s / Tcalc_s,Qalpha_MeV,T_alpha_half_s
source-row-0077,77,260Lr,,Lr,260,103,157,DZR,dzr,8.4,,0.14,True,,225,37.5,37.5,,"alpha, EC",80,,,,2.14250668999,138.837469666,0.209675828123,1.62059997594,0,True,ok,within_implemented_formula,"{""l_used"": 0.0, ""parity_case"": ""odd-odd""}",1,1,HF = T_alpha_half_s / Tcalc_s,Qalpha_MeV,T_alpha_half_s
source-row-0084,84,254Rf,,Rf,254,104,150,DZR,dzr,9.21,,0.2,True,,0.00152666666667,6.66666666667e-05,6.66666666667e-05,>,"alpha, SF",1.5,100,,,-0.671196708277,0.213207899578,-2.14505906844,0.00716046014095,0,True,ok,within_implemented_formula,"{""l_used"": 0.0, ""parity_case"": ""even-even""}",1,1,HF = T_alpha_half_s / Tcalc_s,Qalpha_MeV,T_alpha_half_s
source-row-0085,85,255Rf,,Rf,255,104,151,DZR,dzr,9.055,,0.004,False,,3.40816326531,0.0408163265306,0.0408163265306,,"alpha, EC, SF",49,51,,,0.141339665331,1.38464890103,0.391180725788,2.46139166599,0,True,ok,within_implemented_formula,"{""l_used"": 0.0, ""parity_case"": ""evenZ-oddN""}",1,1,HF = T_alpha_half_s / Tcalc_s,Qalpha_MeV,T_alpha_half_s
source-row-0086,86,256Rf,,Rf,256,104,152,DZR,dzr,8.926,,0.015,False,,2.12903225806,0.0161290322581,0.0161290322581,,"alpha, SF",0.31,99.69,,,0.159551773919,1.44394873272,0.168630467789,1.4744514191,0,True,ok,within_implemented_formula,"{""l_used"": 0.0, ""parity_case"": ""even-even""}",1,1,HF = T_alpha_half_s / Tcalc_s,Qalpha_MeV,T_alpha_half_s
source-row-0087,87,257Rf,,Rf,257,104,153,DZR,dzr,9.083,,0.008,False,,5.59910414334,0.223964165733,0.223964165733,,"alpha, EC, SF",89.3,1.3,,,0.0180773696303,1.04250313495,0.730041175817,5.37082715211,0,True,ok,within_implemented_formula,"{""l_used"": 0.0, ""parity_case"": ""evenZ-oddN""}",1,1,HF = T_alpha_half_s / Tcalc_s,Qalpha_MeV,T_alpha_half_s
source-row-0088,88,258Rf,,Rf,258,104,154,DZR,dzr,9.196,,0.008,False,,0.255102040816,0.0839212982756,0.0839212982756,,"SF, alpha",4.9,95.1,,,-0.704646942395,0.197402685961,0.111360875374,1.29229265333,0,True,ok,within_implemented_formula,"{""l_used"": 0.0, ""parity_case"": ""even-even""}",1,1,HF = T_alpha_half_s / Tcalc_s,Qalpha_MeV,T_alpha_half_s
source-row-0089,89,259Rf,,Rf,259,104,155,DZR,dzr,9.13,,0.07,True,,2.94117647059,0.470588235294,0.352941176471,,"alpha, EC, SF",85,3,,,-0.162142750203,0.688425977326,0.630663833161,4.27232057979,0,True,ok,within_implemented_formula,"{""l_used"": 0.0, ""parity_case"": ""evenZ-oddN""}",1,1,HF = T_alpha_half_s / Tcalc_s,Qalpha_MeV,T_alpha_half_s
source-row-0090,90,260Rf,,Rf,260,104,156,DZR,dzr,8.9,,0.2,True,,1.085,0.04,0.04,approx,"SF, alpha (unobserved)",2,98,,,0.166302702444,1.46656968114,-0.13087296426,0.739821649087,0,True,ok,within_implemented_formula,"{""l_used"": 0.0, ""parity_case"": ""even-even""}",1,1,HF = T_alpha_half_s / Tcalc_s,Qalpha_MeV,T_alpha_half_s
source-row-0091,91,261Rf^a,a,Rf,261,104,157,DZR,dzr,8.40887159533,8.28,,False,,68,,,,alpha,100,,257No,257No:100% (within alpha branch),2.12171831392,132.348283761,-0.289209401211,0.513795857927,0,True,ok,within_implemented_formula,"{""l_used"": 0.0, ""parity_case"": ""evenZ-oddN""}",1,2,HF = T_alpha_half_s / Tcalc_s,Qalpha_MeV,T_alpha_half_s
source-row-0092,92,261Rf^b,b,Rf,261,104,157,DZR,dzr,8.64245136187,8.51,,False,,14.4444444444,,,,"alpha, SF",18,82,257No,257No:100% (within alpha branch),1.33817721002,21.7859854887,-0.178476367153,0.663015425761,0,True,ok,within_implemented_formula,"{""l_used"": 0.0, ""parity_case"": ""evenZ-oddN""}",2,2,HF = T_alpha_half_s / Tcalc_s,Qalpha_MeV,T_alpha_half_s
source-row-0097,97,255Db,,Db,255,105,150,DZR,dzr,9.34,,0.2,True,,0.0325,0.005,0.00375,,"alpha, SF",8,92,,,-0.406430181469,0.392256201591,-1.08168645755,0.0828540119142,0,True,ok,within_implemented_formula,"{""l_used"": 0.0, ""parity_case"": ""oddZ-evenN""}",1,1,HF = T_alpha_half_s / Tcalc_s,Qalpha_MeV,T_alpha_half_s
source-row-0098,98,256Db,,Db,256,105,151,DZR,dzr,9.34,,0.03,False,,2.71428571429,0.571428571429,0.428571428571,approx,"alpha, EC, SF",70,0.02,,,0.0420189012954,1.1015872516,0.391636659643,2.46397705705,0,True,ok,within_implemented_formula,"{""l_used"": 0.0, ""parity_case"": ""odd-odd""}",1,1,HF = T_alpha_half_s / Tcalc_s,Qalpha_MeV,T_alpha_half_s
source-row-0099,99,257Db,,Db,257,105,152,DZR,dzr,9.206,,0.02,False,,2.44680851064,0.212765957447,0.212765957447,<=,"alpha, SF",94,6,,,-0.0442222551337,0.903187139153,0.432822237552,2.70908254178,0,True,ok,within_implemented_formula,"{""l_used"": 0.0, ""parity_case"": ""oddZ-evenN""}",1,1,HF = T_alpha_half_s / Tcalc_s,Qalpha_MeV,T_alpha_half_s
source-row-0100,100,258Db,,Db,258,105,153,DZR,dzr,9.437,,0.01,False,,3.390625,0.5625,0.5625,,"alpha, SF",64,36,,,-0.279953774826,0.524863322363,0.81023353469,6.46001512306,0,True,ok,within_implemented_formula,"{""l_used"": 0.0, ""parity_case"": ""odd-odd""}",1,1,HF = T_alpha_half_s / Tcalc_s,Qalpha_MeV,T_alpha_half_s
source-row-0101,101,259Db,,Db,259,105,154,DZR,dzr,9.62,,0.05,False,,0.51,0.16,0.16,,alpha,100,,,,-1.29064240907,0.0512103319438,0.998212585171,9.95892783042,0,True,ok,within_implemented_formula,"{""l_used"": 0.0, ""parity_case"": ""oddZ-evenN""}",1,1,HF = T_alpha_half_s / Tcalc_s,Qalpha_MeV,T_alpha_half_s
source-row-0102,102,260Db,,Db,260,105,155,DZR,dzr,9.5,,0.04,True,,1.68888888889,0.144444444444,0.144444444444,,"alpha, EC, SF",90,10,,,-0.499711124598,0.316438178111,0.727312203103,5.33718434031,0,True,ok,within_implemented_formula,"{""l_used"": 0.0, ""parity_case"": ""odd-odd""}",1,1,HF = T_alpha_half_s / Tcalc_s,Qalpha_MeV,T_alpha_half_s
source-row-0103,103,261Db,,Db,261,105,156,DZR,dzr,9.22,,0.1,True,,5.61643835616,1.91780821918,1.09589041096,,"alpha, SF",73,27,,,-0.161376055255,0.689642384419,0.910837051855,8.14398662707,0,True,ok,within_implemented_formula,"{""l_used"": 0.0, ""parity_case"": ""oddZ-evenN""}",1,1,HF = T_alpha_half_s / Tcalc_s,Qalpha_MeV,T_alpha_half_s
source-row-0104,104,262Db,,Db,262,105,157,DZR,dzr,9.05,,0.1,True,,70.8333333333,8.33333333333,8.33333333333,,"alpha, EC, SF",48,52,,,0.806514895051,6.40493748285,1.04372278462,11.0591763812,0,True,ok,within_implemented_formula,"{""l_used"": 0.0, ""parity_case"": ""odd-odd""}",1,1,HF = T_alpha_half_s / Tcalc_s,Qalpha_MeV,T_alpha_half_s
source-row-0105,105,263Db,,Db,263,105,158,DZR,dzr,8.83,,0.15,True,,72.972972973,27.027027027,18.9189189189,,"alpha, EC, SF",37,56,,,1.01446100749,10.3385827333,0.848701032601,7.0583149408,0,True,ok,within_implemented_formula,"{""l_used"": 0.0, ""parity_case"": ""oddZ-evenN""}",1,1,HF = T_alpha_half_s / Tcalc_s,Qalpha_MeV,T_alpha_half_s
source-row-0108,108,268Db,,Db,268,105,163,DZR,dzr,7.7,,,False,,112941.176471,42352.9411765,28235.2941176,,"alpha, EC, SF",51,49,,,5.41085723779,257547.44024,-0.358004930467,0.438525719243,0,True,ok,within_implemented_formula,"{""l_used"": 0.0, ""parity_case"": ""odd-odd""}",1,1,HF = T_alpha_half_s / Tcalc_s,Qalpha_MeV,T_alpha_half_s
source-row-0109,109,270Db,,Db,270,105,165,DZR,dzr,8.019,,0.03,False,,21176.4705882,40235.2941176,8470.58823529,,"alpha, SF",17,83,,,4.15377724791,14248.7657892,0.172076331476,1.48619683287,0,True,ok,within_implemented_formula,"{""l_used"": 0.0, ""parity_case"": ""odd-odd""}",1,1,HF = T_alpha_half_s / Tcalc_s,Qalpha_MeV,T_alpha_half_s
source-row-0110,110,257Sg,,Sg,257,106,151,DZR,dzr,9.45,,0.07,False,,0.126,0.037,0.023,approx,"alpha, SF",10,90,,,-0.300802903843,0.500261517489,-0.59882655104,0.251868264088,0,True,ok,within_implemented_formula,"{""l_used"": 0.0, ""parity_case"": ""evenZ-oddN""}",1,1,HF = T_alpha_half_s / Tcalc_s,Qalpha_MeV,T_alpha_half_s
source-row-0112,112,259Sg,,Sg,259,106,153,DZR,dzr,9.765,,0.008,False,,0.402,0.056,0.056,,"alpha, EC, SF^r",100,,,,-1.23892056919,0.0576871961433,0.843146622275,6.96861742077,0,True,ok,within_implemented_formula,"{""l_used"": 0.0, ""parity_case"": ""evenZ-oddN""}",1,1,HF = T_alpha_half_s / Tcalc_s,Qalpha_MeV,T_alpha_half_s
source-row-0113,113,260Sg,,Sg,260,106,154,DZR,dzr,9.901,,0.01,False,,0.00697183098592,0.000464788732394,0.000464788732394,,"alpha, SF",71,29,,,-1.99558967963,0.0101020687633,-0.161063470152,0.690138935822,0,True,ok,within_implemented_formula,"{""l_used"": 0.0, ""parity_case"": ""even-even""}",1,1,HF = T_alpha_half_s / Tcalc_s,Qalpha_MeV,T_alpha_half_s
source-row-0114,114,261Sg,,Sg,261,106,155,DZR,dzr,9.55645914397,9.41,0.0101556420233,False,,0.187563710499,0.00515389899459,0.00515389899459,,"alpha, EC, SF",98.1,0.6,257Rf,"g.s. (1/2+), 98.1(4)%",-0.685369926251,0.206362164157,-0.041481258119,0.908905521833,0,True,ok,within_implemented_formula,"{""l_used"": 0.0, ""parity_case"": ""evenZ-oddN""}",1,1,HF = T_alpha_half_s / Tcalc_s,Qalpha_MeV,T_alpha_half_s
source-row-0115,115,262Sg,,Sg,262,106,156,DZR,dzr,9.6,,0.015,False,,0.141666666667,0.0383333333333,0.025,,"alpha, SF",6,94,,,-1.19154631782,0.0643359446585,0.34281399315,2.20198315916,0,True,ok,within_implemented_formula,"{""l_used"": 0.0, ""parity_case"": ""even-even""}",1,1,HF = T_alpha_half_s / Tcalc_s,Qalpha_MeV,T_alpha_half_s
source-row-0116,116,263Sg,,Sg,263,106,157,DZR,dzr,9.4,,0.06,False,,1.08045977011,0.16091954023,0.16091954023,,"alpha, SF",87,13,,,-0.266343612477,0.541572230541,0.299952213458,1.99504278319,0,True,ok,within_implemented_formula,"{""l_used"": 0.0, ""parity_case"": ""evenZ-oddN""}",1,1,HF = T_alpha_half_s / Tcalc_s,Qalpha_MeV,T_alpha_half_s
source-row-0118,118,265Sg^a,a,Sg,265,106,159,DZR,dzr,8.9754789272,8.84,,False,,8.5,,,,alpha,100,,261Rf,261Rf^a:91%; 261Rf^b:9%,0.994290357266,9.86939105265,-0.0648714315521,0.861248678328,0,True,ok,within_implemented_formula,"{""l_used"": 0.0, ""parity_case"": ""evenZ-oddN""}",1,2,HF = T_alpha_half_s / Tcalc_s,Qalpha_MeV,T_alpha_half_s
source-row-0119,119,265Sg^b,b,Sg,265,106,159,DZR,dzr,8.82318007663,8.69,,False,,14.4,,,,alpha,100,,261Rf,261Rf^a:20%; 261Rf^b:80%,1.48251629324,30.3750004639,-0.324153801143,0.474074066834,0,True,ok,within_implemented_formula,"{""l_used"": 0.0, ""parity_case"": ""evenZ-oddN""}",2,2,HF = T_alpha_half_s / Tcalc_s,Qalpha_MeV,T_alpha_half_s
source-row-0121,121,267Sg,,Sg,267,106,161,DZR,dzr,8.4,,0.02,False,,3458.82352941,3988.23529412,1588.23529412,,"alpha, SF",17,83,,,2.87131316366,743.555111792,0.667615241039,4.65173794727,0,True,ok,within_implemented_formula,"{""l_used"": 0.0, ""parity_case"": ""evenZ-oddN""}",1,1,HF = T_alpha_half_s / Tcalc_s,Qalpha_MeV,T_alpha_half_s
source-row-0123,123,269Sg,,Sg,269,106,163,DZR,dzr,8.58,,0.07,False,,186,222,66,,alpha,100,,,,2.21544477392,164.227081071,0.0540681703019,1.13257812772,0,True,ok,within_implemented_formula,"{""l_used"": 0.0, ""parity_case"": ""evenZ-oddN""}",1,1,HF = T_alpha_half_s / Tcalc_s,Qalpha_MeV,T_alpha_half_s
source-row-0124,124,271Sg,,Sg,271,106,165,DZR,dzr,8.629,,0.016,False,,42.4657534247,17.8082191781,9.58904109589,,"alpha, SF",73,27,,,2.01385962652,103.242764862,-0.385820792809,0.411319412854,0,True,ok,within_implemented_formula,"{""l_used"": 0.0, ""parity_case"": ""evenZ-oddN""}",1,1,HF = T_alpha_half_s / Tcalc_s,Qalpha_MeV,T_alpha_half_s
source-row-0125,125,260Bh,,Bh,260,107,153,DZR,dzr,10.4,,0.06,False,,0.035,0.019,0.009,approx,"alpha, EC, SF",100,,,,-2.2004797648,0.00630260711211,0.744547809152,5.5532574659,0,True,ok,within_implemented_formula,"{""l_used"": 0.0, ""parity_case"": ""odd-odd""}",1,1,HF = T_alpha_half_s / Tcalc_s,Qalpha_MeV,T_alpha_half_s
source-row-0126,126,261Bh,,Bh,261,107,154,DZR,dzr,10.16,,,False,approx,0.0118,0.0039,0.0024,approx,"alpha, SF",100,,,,-2.06113262903,0.00868695098302,0.133014636336,1.35835922444,0,True,ok,within_implemented_formula,"{""l_used"": 0.0, ""parity_case"": ""oddZ-evenN""}",1,1,HF = T_alpha_half_s / Tcalc_s,Qalpha_MeV,T_alpha_half_s
source-row-0127,127,262Bh,,Bh,262,107,155,DZR,dzr,10.08,,,False,approx,0.096,0.018,0.013,approx,"alpha, SF",100,,,,-1.39902432992,0.0399002548932,0.381295562958,2.40599966734,0,True,ok,within_implemented_formula,"{""l_used"": 0.0, ""parity_case"": ""odd-odd""}",1,2,HF = T_alpha_half_s / Tcalc_s,Qalpha_MeV,T_alpha_half_s
source-row-0128,128,262Bh,,Bh,262,107,155,DZR,dzr,10.55,,,False,approx,0.021,0.008,0.005,approx,"alpha, SF",100,,,,-2.61816302984,0.00240900094387,0.940382324575,8.71730667166,0,True,ok,within_implemented_formula,"{""l_used"": 0.0, ""parity_case"": ""odd-odd""}",2,2,HF = T_alpha_half_s / Tcalc_s,Qalpha_MeV,T_alpha_half_s
source-row-0129,129,264Bh,,Bh,264,107,157,DZR,dzr,9.86,,0.15,True,,1.1511627907,0.267441860465,0.209302325581,,"alpha, SF",86,14,,,-0.83598724441,0.145885710749,0.897123987764,7.89085363321,0,True,ok,within_implemented_formula,"{""l_used"": 0.0, ""parity_case"": ""odd-odd""}",1,1,HF = T_alpha_half_s / Tcalc_s,Qalpha_MeV,T_alpha_half_s
source-row-0130,130,265Bh,,Bh,265,107,158,DZR,dzr,9.66,,0.21,True,,0.94,0.7,0.31,,alpha,100,,,,-0.758463356228,0.174396049863,0.731591209828,5.39003034036,0,True,ok,within_implemented_formula,"{""l_used"": 0.0, ""parity_case"": ""oddZ-evenN""}",1,1,HF = T_alpha_half_s / Tcalc_s,Qalpha_MeV,T_alpha_half_s
source-row-0131,131,266Bh,,Bh,266,107,159,DZR,dzr,9.43,,0.08,True,,10,2.7,1.6,,"alpha, EC, SF",100,,,,0.36048055563,2.29340394714,0.63951944437,4.36033085775,0,True,ok,within_implemented_formula,"{""l_used"": 0.0, ""parity_case"": ""odd-odd""}",1,1,HF = T_alpha_half_s / Tcalc_s,Qalpha_MeV,T_alpha_half_s
source-row-0132,132,267Bh,,Bh,267,107,160,DZR,dzr,9.23,,0.2,True,,16,7,4,,alpha,100,,,,0.477526460904,3.00280037136,0.726593521752,5.32835953819,0,True,ok,within_implemented_formula,"{""l_used"": 0.0, ""parity_case"": ""oddZ-evenN""}",1,1,HF = T_alpha_half_s / Tcalc_s,Qalpha_MeV,T_alpha_half_s
source-row-0133,133,270Bh,,Bh,270,107,163,DZR,dzr,9.06,,0.1,False,,144,264,54,approx,alpha,100,,,,1.41795814042,26.1793066616,0.740404351677,5.50052764427,0,True,ok,within_implemented_formula,"{""l_used"": 0.0, ""parity_case"": ""odd-odd""}",1,1,HF = T_alpha_half_s / Tcalc_s,Qalpha_MeV,T_alpha_half_s
source-row-0134,134,271Bh,,Bh,271,107,164,DZR,dzr,9.42,,0.09,False,,2.9,2.2,0.9,,alpha,100,,,,-0.169009857229,0.677626127282,0.631407855128,4.27964608099,0,True,ok,within_implemented_formula,"{""l_used"": 0.0, ""parity_case"": ""oddZ-evenN""}",1,1,HF = T_alpha_half_s / Tcalc_s,Qalpha_MeV,T_alpha_half_s
source-row-0135,135,272Bh,,Bh,272,107,165,DZR,dzr,9.3,,0.05,False,,8.8,0.7,0.7,,alpha,100,,,,0.640199104115,4.36716000623,0.304283568035,2.01503951938,0,True,ok,within_implemented_formula,"{""l_used"": 0.0, ""parity_case"": ""odd-odd""}",1,1,HF = T_alpha_half_s / Tcalc_s,Qalpha_MeV,T_alpha_half_s
source-row-0136,136,274Bh,,Bh,274,107,167,DZR,dzr,8.94,,0.06,False,,44,34,13,,alpha,100,,,,1.72713373365,53.3499152246,-0.0836810571616,0.824743578593,0,True,ok,within_implemented_formula,"{""l_used"": 0.0, ""parity_case"": ""odd-odd""}",1,1,HF = T_alpha_half_s / Tcalc_s,Qalpha_MeV,T_alpha_half_s
source-row-0137,137,263Hs,,Hs,263,108,155,DZR,dzr,10.73,,0.08,False,,0.00074,0.00048,0.00021,,"alpha, SF",100,,,,-3.11571335841,0.000766102080207,-0.0150549218557,0.96592871775,0,True,ok,within_implemented_formula,"{""l_used"": 0.0, ""parity_case"": ""evenZ-oddN""}",1,1,HF = T_alpha_half_s / Tcalc_s,Qalpha_MeV,T_alpha_half_s
source-row-0138,138,264Hs,,Hs,264,108,156,DZR,dzr,10.591,,0.02,False,,0.0009,0.000485714285714,0.000228571428571,,"alpha, SF",70,30,,,-3.15067297068,0.000706849620743,0.104915480124,1.27325526334,0,True,ok,within_implemented_formula,"{""l_used"": 0.0, ""parity_case"": ""even-even""}",1,1,HF = T_alpha_half_s / Tcalc_s,Qalpha_MeV,T_alpha_half_s
source-row-0139,139,265Hs,,Hs,265,108,157,DZR,dzr,10.47,,0.015,False,,0.0019,0.0002,0.0001,,"alpha, SF",100,,,,-2.49981743375,0.00316360727992,-0.221428965292,0.600580233855,0,True,ok,within_implemented_formula,"{""l_used"": 0.0, ""parity_case"": ""evenZ-oddN""}",1,1,HF = T_alpha_half_s / Tcalc_s,Qalpha_MeV,T_alpha_half_s
source-row-0140,140,266Hs,,Hs,266,108,158,DZR,dzr,10.346,,0.016,False,,0.000973684210526,0.000631578947368,0.000276315789474,,"alpha, SF",76,24,,,-2.56071928773,0.00274967086678,-0.450862584817,0.354109367158,0,True,ok,within_implemented_formula,"{""l_used"": 0.0, ""parity_case"": ""even-even""}",1,1,HF = T_alpha_half_s / Tcalc_s,Qalpha_MeV,T_alpha_half_s
source-row-0141,141,267Hs,,Hs,267,108,159,DZR,dzr,10.038,,0.013,False,,0.06625,0.015,0.01,<,"alpha, SF",80,,,,-1.39589171986,0.0401890999523,0.217077602471,1.64845692187,0,True,ok,within_implemented_formula,"{""l_used"": 0.0, ""parity_case"": ""evenZ-oddN""}",1,1,HF = T_alpha_half_s / Tcalc_s,Qalpha_MeV,T_alpha_half_s
source-row-0142,142,268Hs,,Hs,268,108,160,DZR,dzr,9.623,,0.016,False,,0.4,1.8,0.2,approx,alpha,100,,,,-0.609102753725,0.245978555201,0.211162745053,1.62615801883,0,True,ok,within_implemented_formula,"{""l_used"": 0.0, ""parity_case"": ""even-even""}",1,1,HF = T_alpha_half_s / Tcalc_s,Qalpha_MeV,T_alpha_half_s
source-row-0143,143,269Hs,,Hs,269,108,161,DZR,dzr,9.34,,0.04,False,,13,10,4,,alpha,100,,,,0.575556369375,3.76319193554,0.538386982932,3.45451420567,0,True,ok,within_implemented_formula,"{""l_used"": 0.0, ""parity_case"": ""evenZ-oddN""}",1,1,HF = T_alpha_half_s / Tcalc_s,Qalpha_MeV,T_alpha_half_s
source-row-0144,144,270Hs,,Hs,270,108,162,DZR,dzr,9.07,,0.04,False,,7.6,4.9,2.2,,"alpha, SF",100,,,,1.03305951704,10.7909459452,-0.152245924764,0.704294140531,0,True,ok,within_implemented_formula,"{""l_used"": 0.0, ""parity_case"": ""even-even""}",1,1,HF = T_alpha_half_s / Tcalc_s,Qalpha_MeV,T_alpha_half_s
source-row-0146,146,272Hs,,Hs,272,108,164,DZR,dzr,9.772,,0.021,False,,0.16,0.19,0.06,,alpha,100,,,,-1.11035590644,0.0775611238936,0.314475889093,2.06288913786,0,True,ok,within_implemented_formula,"{""l_used"": 0.0, ""parity_case"": ""even-even""}",1,1,HF = T_alpha_half_s / Tcalc_s,Qalpha_MeV,T_alpha_half_s
source-row-0147,147,273Hs,,Hs,273,108,165,DZR,dzr,9.65,,0.06,False,,0.51,0.3,0.13,,"alpha, SF",100,,,,-0.416502234737,0.383263768246,0.124072410835,1.33067626594,0,True,ok,within_implemented_formula,"{""l_used"": 0.0, ""parity_case"": ""evenZ-oddN""}",1,1,HF = T_alpha_half_s / Tcalc_s,Qalpha_MeV,T_alpha_half_s
source-row-0148,148,275Hs,,Hs,275,108,167,DZR,dzr,9.45,,0.05,False,,0.168539325843,0.303370786517,0.0674157303371,<,"alpha, SF",89,11,,,0.134875562386,1.36419220105,-0.908174309975,0.123545146873,0,True,ok,within_implemented_formula,"{""l_used"": 0.0, ""parity_case"": ""evenZ-oddN""}",1,1,HF = T_alpha_half_s / Tcalc_s,Qalpha_MeV,T_alpha_half_s
source-row-0150,150,266Mt,,Mt,266,109,157,DZR,dzr,10.996,,0.025,False,,0.0017,0.0006,0.0004,approx,"alpha, SF",100,,,,-3.08266947163,0.000826666861327,0.313118393006,2.05645112866,0,True,ok,within_implemented_formula,"{""l_used"": 0.0, ""parity_case"": ""odd-odd""}",1,1,HF = T_alpha_half_s / Tcalc_s,Qalpha_MeV,T_alpha_half_s
source-row-0151,151,268Mt,,Mt,268,109,159,DZR,dzr,10.77,,0.15,False,,0.021,0.008,0.005,,alpha,100,,,,-2.5689917922,0.00269779041792,0.891211086935,7.78414804222,0,True,ok,within_implemented_formula,"{""l_used"": 0.0, ""parity_case"": ""odd-odd""}",1,1,HF = T_alpha_half_s / Tcalc_s,Qalpha_MeV,T_alpha_half_s
source-row-0152,152,270Mt,,Mt,270,109,161,DZR,dzr,10.181,,0.05,False,,0.48,0.66,0.18,approx,alpha,100,,,,-1.08498889728,0.082226367081,0.766230134658,5.83754356467,0,True,ok,within_implemented_formula,"{""l_used"": 0.0, ""parity_case"": ""odd-odd""}",1,1,HF = T_alpha_half_s / Tcalc_s,Qalpha_MeV,T_alpha_half_s
source-row-0153,153,274Mt,,Mt,274,109,165,DZR,dzr,10.6,,0.23,True,,0.64,0.76,0.23,approx,"alpha, SF",100,,,,-2.25334100639,0.00558031858164,2.05952098037,114.688792519,0,True,ok,within_implemented_formula,"{""l_used"": 0.0, ""parity_case"": ""odd-odd""}",1,1,HF = T_alpha_half_s / Tcalc_s,Qalpha_MeV,T_alpha_half_s
source-row-0154,154,275Mt,,Mt,275,109,166,DZR,dzr,10.48,,0.05,False,,0.02,0.013,0.006,,alpha,100,,,,-2.43203402893,0.0036979920321,0.733064024595,5.40834047949,0,True,ok,within_implemented_formula,"{""l_used"": 0.0, ""parity_case"": ""oddZ-evenN""}",1,1,HF = T_alpha_half_s / Tcalc_s,Qalpha_MeV,T_alpha_half_s
source-row-0155,155,276Mt,,Mt,276,109,167,DZR,dzr,10.1,,0.01,False,,0.62,0.06,0.04,,alpha,100,,,,-0.975107217358,0.105899225198,0.767498906856,5.85462262677,0,True,ok,within_implemented_formula,"{""l_used"": 0.0, ""parity_case"": ""odd-odd""}",1,1,HF = T_alpha_half_s / Tcalc_s,Qalpha_MeV,T_alpha_half_s
source-row-0157,157,278Mt,,Mt,278,109,169,DZR,dzr,9.58,,0.03,False,,4.5,3.5,1.3,,"alpha, SF",100,,,,0.463685367348,2.908609159,0.189527146427,1.54713120739,0,True,ok,within_implemented_formula,"{""l_used"": 0.0, ""parity_case"": ""odd-odd""}",1,1,HF = T_alpha_half_s / Tcalc_s,Qalpha_MeV,T_alpha_half_s
source-row-0158,158,267Ds,,Ds,267,110,157,DZR,dzr,11.78,,0.05,False,,2.8e-06,1.33e-05,1e-07,uncertain,alpha ?,100,,,,-4.94264573503,1.14118029756e-05,-0.610196233629,0.245360001919,0,True,ok,within_implemented_formula,"{""l_used"": 0.0, ""parity_case"": ""evenZ-oddN""}",1,1,HF = T_alpha_half_s / Tcalc_s,Qalpha_MeV,T_alpha_half_s
source-row-0159,159,269Ds,,Ds,269,110,159,DZR,dzr,11.51,,0.03,False,,0.00017,0.00016,6e-05,,alpha,100,,,,-4.37983341459,4.17029315679e-05,0.610282335972,4.07645202887,0,True,ok,within_implemented_formula,"{""l_used"": 0.0, ""parity_case"": ""evenZ-oddN""}",1,1,HF = T_alpha_half_s / Tcalc_s,Qalpha_MeV,T_alpha_half_s
source-row-0160,160,270Ds,,Ds,270,110,160,DZR,dzr,11.117,,0.028,False,,0.0002,7e-05,4e-05,,"alpha, SF",100,,,,-3.84865327968,0.000141692453455,0.149683275341,1.41150777705,0,True,ok,within_implemented_formula,"{""l_used"": 0.0, ""parity_case"": ""even-even""}",1,1,HF = T_alpha_half_s / Tcalc_s,Qalpha_MeV,T_alpha_half_s
source-row-0161,161,271Ds,,Ds,271,110,161,DZR,dzr,10.87,,0.018,False,,0.00163,0.00044,2e-05,,alpha,100,,,,-2.90616311254,0.00124118605477,0.118350716939,1.31326000138,0,True,ok,within_implemented_formula,"{""l_used"": 0.0, ""parity_case"": ""evenZ-oddN""}",1,1,HF = T_alpha_half_s / Tcalc_s,Qalpha_MeV,T_alpha_half_s
source-row-0162,162,273Ds^a,a,Ds,273,110,163,DZR,dzr,11.0519330855,10.89,0.0202973977695,False,,0.01734,0.03155,0.00683,,alpha,100,,269Hs,269Hs:100% (within alpha branch),-3.3857618599,0.000411375231876,1.62481095304,42.1512980277,0,True,ok,within_implemented_formula,"{""l_used"": 0.0, ""parity_case"": ""evenZ-oddN""}",1,2,HF = T_alpha_half_s / Tcalc_s,Qalpha_MeV,T_alpha_half_s
source-row-0163,163,273Ds^m,,Ds,273,110,163,DZR,dzr,11.33,,0.02,False,,0.00016,8e-05,5e-05,,alpha,100,,,,-4.04178161438,9.08277143866e-05,0.245901597035,1.76157686099,0,True,ok,within_implemented_formula,"{""l_used"": 0.0, ""parity_case"": ""evenZ-oddN""}",2,2,HF = T_alpha_half_s / Tcalc_s,Qalpha_MeV,T_alpha_half_s
source-row-0164,164,275Ds,,Ds,275,110,165,DZR,dzr,11.37,,0.02,False,,0.00043,0.00029,0.00012,,alpha,100,,,,-4.17076355393,6.74895365838e-05,0.804232009506,6.37135801734,0,True,ok,within_implemented_formula,"{""l_used"": 0.0, ""parity_case"": ""evenZ-oddN""}",1,1,HF = T_alpha_half_s / Tcalc_s,Qalpha_MeV,T_alpha_half_s
source-row-0165,165,276Ds,,Ds,276,110,166,DZR,dzr,10.904,,0.028,False,,0.000348837209302,0.000232558139535,9.3023255814e-05,,"alpha, SF",43,57,,,-3.4438884436,0.000359841755155,-0.0134887529241,0.969418374341,0,True,ok,within_implemented_formula,"{""l_used"": 0.0, ""parity_case"": ""even-even""}",1,1,HF = T_alpha_half_s / Tcalc_s,Qalpha_MeV,T_alpha_half_s
source-row-0166,166,277Ds,,Ds,277,110,167,DZR,dzr,10.71,,0.04,False,,0.0035,0.0021,0.0009,,"alpha, SF",100,,,,-2.61727664178,0.002413922697,0.161344686131,1.44992215548,0,True,ok,within_implemented_formula,"{""l_used"": 0.0, ""parity_case"": ""evenZ-oddN""}",1,1,HF = T_alpha_half_s / Tcalc_s,Qalpha_MeV,T_alpha_half_s
source-row-0167,167,279Ds,,Ds,279,110,169,DZR,dzr,9.827,,0.015,True,,1.43076923077,0.161538461538,0.130769230769,,"alpha, SF",13,87,,,-0.280808555827,0.523831299177,0.436378147738,2.73135498588,0,True,ok,within_implemented_formula,"{""l_used"": 0.0, ""parity_case"": ""evenZ-oddN""}",1,1,HF = T_alpha_half_s / Tcalc_s,Qalpha_MeV,T_alpha_half_s
source-row-0169,169,281Ds,,Ds,281,110,171,DZR,dzr,9.47,,0.21,True,,130,45,27,,"alpha, SF",10,90,,,0.735448230487,5.43811303532,1.37849512182,23.9053508369,0,True,ok,within_implemented_formula,"{""l_used"": 0.0, ""parity_case"": ""evenZ-oddN""}",1,1,HF = T_alpha_half_s / Tcalc_s,Qalpha_MeV,T_alpha_half_s
source-row-0170,170,272Rg,,Rg,272,111,161,DZR,dzr,11.197,,0.013,False,,0.0038,0.0014,0.0008,,alpha,100,,,,-2.98298215863,0.00103996288796,0.562765755242,3.65397654473,0,True,ok,within_implemented_formula,"{""l_used"": 0.0, ""parity_case"": ""odd-odd""}",1,1,HF = T_alpha_half_s / Tcalc_s,Qalpha_MeV,T_alpha_half_s
source-row-0171,171,274Rg,,Rg,274,111,163,DZR,dzr,11.48,,0.09,False,,0.012,0.017,0.005,,alpha,100,,,,-3.68048031503,0.000208698671718,1.75966156108,57.4991680648,0,True,ok,within_implemented_formula,"{""l_used"": 0.0, ""parity_case"": ""odd-odd""}",1,1,HF = T_alpha_half_s / Tcalc_s,Qalpha_MeV,T_alpha_half_s
source-row-0172,172,278Rg,,Rg,278,111,167,DZR,dzr,10.85,,0.1,False,,0.0046,0.0055,0.0016,approx,"alpha, SF",100,,,,-2.24790892482,0.00565055459232,-0.089333243494,0.814079383687,0,True,ok,within_implemented_formula,"{""l_used"": 0.0, ""parity_case"": ""odd-odd""}",1,1,HF = T_alpha_half_s / Tcalc_s,Qalpha_MeV,T_alpha_half_s
source-row-0173,173,279Rg,,Rg,279,111,168,DZR,dzr,10.53,,0.17,False,,0.103448275862,0.0689655172414,0.0287356321839,,"alpha, SF",87,13,,,-1.91742172305,0.0120942314891,0.932144979875,8.55352206173,0,True,ok,within_implemented_formula,"{""l_used"": 0.0, ""parity_case"": ""oddZ-evenN""}",1,1,HF = T_alpha_half_s / Tcalc_s,Qalpha_MeV,T_alpha_half_s
source-row-0174,174,280Rg,,Rg,280,111,169,DZR,dzr,10.149,,0.01,False,,3.9,0.3,0.3,,alpha,100,,,,-0.44663292009,0.357574944505,1.03769752712,10.9068044614,0,True,ok,within_implemented_formula,"{""l_used"": 0.0, ""parity_case"": ""odd-odd""}",1,1,HF = T_alpha_half_s / Tcalc_s,Qalpha_MeV,T_alpha_half_s
source-row-0175,175,281Rg,,Rg,281,111,170,DZR,dzr,9.9,,0.4,True,,78.5714285714,21.4285714286,7.14285714286,,"alpha, SF",14,88,,,-0.232854441608,0.58498611558,2.12811909109,134.313322109,0,True,ok,within_implemented_formula,"{""l_used"": 0.0, ""parity_case"": ""oddZ-evenN""}",1,1,HF = T_alpha_half_s / Tcalc_s,Qalpha_MeV,T_alpha_half_s
source-row-0176,176,282Rg,,Rg,282,111,171,DZR,dzr,9.55,,0.1,True,,100,70,30,approx,"alpha, SF",100,,,,1.24524917171,17.589324928,0.754750828289,5.68526651303,0,True,ok,within_implemented_formula,"{""l_used"": 0.0, ""parity_case"": ""odd-odd""}",1,1,HF = T_alpha_half_s / Tcalc_s,Qalpha_MeV,T_alpha_half_s
source-row-0177,177,277Cn,,Cn,277,112,165,DZR,dzr,11.62,,0.06,False,,0.00061,0.00046,0.00018,,alpha,100,,,,-4.10435220633,7.86407766078e-05,0.889682041341,7.75679013246,0,True,ok,within_implemented_formula,"{""l_used"": 0.0, ""parity_case"": ""evenZ-oddN""}",1,1,HF = T_alpha_half_s / Tcalc_s,Qalpha_MeV,T_alpha_half_s
source-row-0179,179,281Cn,,Cn,281,112,169,DZR,dzr,10.43,,0.06,False,,0.18,0.1,0.05,,"alpha, SF",100,,,,-1.24875640705,0.0563953885201,0.504028912151,3.19175033143,0,True,ok,within_implemented_formula,"{""l_used"": 0.0, ""parity_case"": ""evenZ-oddN""}",1,1,HF = T_alpha_half_s / Tcalc_s,Qalpha_MeV,T_alpha_half_s
source-row-0181,181,283Cn,,Cn,283,112,171,DZR,dzr,9.667,,0.015,False,,4.23333333333,0.5,0.4,<,"alpha, SF",90,10,,,0.871029545585,7.43069688118,-0.244347079349,0.569708790579,0,True,ok,within_implemented_formula,"{""l_used"": 0.0, ""parity_case"": ""evenZ-oddN""}",1,1,HF = T_alpha_half_s / Tcalc_s,Qalpha_MeV,T_alpha_half_s
source-row-0182,182,284Cn,,Cn,284,112,172,DZR,dzr,9.46,,0.01,False,,4.9,1,0.7,,"alpha, SF",2,98,,,1.11998550438,13.182127393,-0.429789424349,0.371715418453,0,True,ok,within_implemented_formula,"{""l_used"": 0.0, ""parity_case"": ""even-even""}",1,1,HF = T_alpha_half_s / Tcalc_s,Qalpha_MeV,T_alpha_half_s
source-row-0183,183,285Cn,,Cn,285,112,173,DZR,dzr,9.32,,0.02,False,,33,10,6,,alpha,100,,,,1.90210961735,79.8196129164,-0.383595677473,0.413432222912,0,True,ok,within_implemented_formula,"{""l_used"": 0.0, ""parity_case"": ""evenZ-oddN""}",1,1,HF = T_alpha_half_s / Tcalc_s,Qalpha_MeV,T_alpha_half_s
source-row-0184,184,286Cn,,Cn,286,112,174,DZR,dzr,9.24,,0.76,True,,8.4,40.5,3.9,,"(alpha, SF)",100,,,,1.77623023059,59.7351874138,-0.851950944529,0.140620635235,0,True,ok,within_implemented_formula,"{""l_used"": 0.0, ""parity_case"": ""even-even""}",1,1,HF = T_alpha_half_s / Tcalc_s,Qalpha_MeV,T_alpha_half_s
source-row-0185,185,278Nh,,Nh,278,113,165,DZR,dzr,11.99,,0.08,False,,0.002,0.0027,0.0007,,alpha,100,,,,-4.22874087124,5.90553338184e-05,1.5297708669,33.8665429637,0,True,ok,within_implemented_formula,"{""l_used"": 0.0, ""parity_case"": ""odd-odd""}",1,1,HF = T_alpha_half_s / Tcalc_s,Qalpha_MeV,T_alpha_half_s
source-row-0186,186,282Nh,,Nh,282,113,169,DZR,dzr,10.78,,0.08,False,,0.061,0.073,0.022,,alpha,100,,,,-1.43896635916,0.0363943226405,0.22429619417,1.67608559727,0,True,ok,within_implemented_formula,"{""l_used"": 0.0, ""parity_case"": ""odd-odd""}",1,1,HF = T_alpha_half_s / Tcalc_s,Qalpha_MeV,T_alpha_half_s
source-row-0187,187,283Nh,,Nh,283,113,170,DZR,dzr,10.35,,0.04,False,,0.123,0.08,0.035,,alpha,100,,,,-0.788156393198,0.162870941468,-0.121938495362,0.755199171144,0,True,ok,within_implemented_formula,"{""l_used"": 0.0, ""parity_case"": ""oddZ-evenN""}",1,1,HF = T_alpha_half_s / Tcalc_s,Qalpha_MeV,T_alpha_half_s
source-row-0188,188,284Nh,,Nh,284,113,171,DZR,dzr,10.28,,0.04,False,,0.9,0.07,0.06,,alpha,100,,,,-0.147089333785,0.712706412306,0.101331843224,1.262792062,0,True,ok,within_implemented_formula,"{""l_used"": 0.0, ""parity_case"": ""odd-odd""}",1,1,HF = T_alpha_half_s / Tcalc_s,Qalpha_MeV,T_alpha_half_s
source-row-0189,189,285Nh,,Nh,285,113,172,DZR,dzr,10.01,,0.04,False,,2.56097560976,0.731707317073,0.365853658537,,"alpha, SF",82,18,,,0.125670929706,1.3355831452,0.282734512644,1.91749620303,0,True,ok,within_implemented_formula,"{""l_used"": 0.0, ""parity_case"": ""oddZ-evenN""}",1,1,HF = T_alpha_half_s / Tcalc_s,Qalpha_MeV,T_alpha_half_s
source-row-0190,190,286Nh,,Nh,286,113,173,DZR,dzr,9.79,,0.05,False,,9.5,6.3,2.7,,alpha,100,,,,1.21593934523,16.4414208174,-0.238215739941,0.577808943978,0,True,ok,within_implemented_formula,"{""l_used"": 0.0, ""parity_case"": ""odd-odd""}",1,1,HF = T_alpha_half_s / Tcalc_s,Qalpha_MeV,T_alpha_half_s
source-row-0191,191,284Fl,,Fl,284,114,170,DZR,dzr,10.721,,0.017,False,,0.0104166666667,0.005,0.0025,,"alpha, SF",24,76,,,-1.71685277875,0.019193192594,-0.265418454291,0.542727147432,0,True,ok,within_implemented_formula,"{""l_used"": 0.0, ""parity_case"": ""even-even""}",1,1,HF = T_alpha_half_s / Tcalc_s,Qalpha_MeV,T_alpha_half_s
source-row-0192,192,285Fl,,Fl,285,114,171,DZR,dzr,10.56,,0.07,False,,0.1,0.06,0.03,,alpha,100,,,,-0.947848408281,0.112759097632,-0.0521515917194,0.886846401757,0,True,ok,within_implemented_formula,"{""l_used"": 0.0, ""parity_case"": ""evenZ-oddN""}",1,1,HF = T_alpha_half_s / Tcalc_s,Qalpha_MeV,T_alpha_half_s
source-row-0193,193,286Fl,,Fl,286,114,172,DZR,dzr,10.335,,0.01,False,,0.2625,0.0425,0.0325,,"alpha, SF",40,60,,,-0.71848353237,0.191212582744,0.137612840112,1.37281760558,0,True,ok,within_implemented_formula,"{""l_used"": 0.0, ""parity_case"": ""even-even""}",1,1,HF = T_alpha_half_s / Tcalc_s,Qalpha_MeV,T_alpha_half_s
source-row-0194,194,287Fl,,Fl,287,114,173,DZR,dzr,10.157,,0.015,False,,0.514285714286,0.0642857142857,0.0514285714286,<,alpha,70,,,,0.122829178692,1.32687245554,-0.411624717939,0.387592426189,0,True,ok,within_implemented_formula,"{""l_used"": 0.0, ""parity_case"": ""evenZ-oddN""}",1,1,HF = T_alpha_half_s / Tcalc_s,Qalpha_MeV,T_alpha_half_s
source-row-0195,195,288Fl,,Fl,288,114,174,DZR,dzr,10.076,,0.012,False,,0.64,0.14,0.1,,"alpha, SF",100,,,,-0.0271675129116,0.939360917212,-0.166652513105,0.681314272579,0,True,ok,within_implemented_formula,"{""l_used"": 0.0, ""parity_case"": ""even-even""}",1,1,HF = T_alpha_half_s / Tcalc_s,Qalpha_MeV,T_alpha_half_s
source-row-0196,196,289Fl,,Fl,289,114,175,DZR,dzr,9.95,,0.07,False,,2.4,0.8,0.5,,alpha,100,,,,0.681464361351,4.8024666909,-0.301253119639,0.499743185007,0,True,ok,within_implemented_formula,"{""l_used"": 0.0, ""parity_case"": ""evenZ-oddN""}",1,1,HF = T_alpha_half_s / Tcalc_s,Qalpha_MeV,T_alpha_half_s
source-row-0197,197,290Fl,,Fl,290,114,176,DZR,dzr,9.86,,0.03,False,,0.46,,,<,(alpha),100,,,,0.56541469386,3.67633174069,-0.902656862178,0.125124725527,0,True,ok,within_implemented_formula,"{""l_used"": 0.0, ""parity_case"": ""even-even""}",1,1,HF = T_alpha_half_s / Tcalc_s,Qalpha_MeV,T_alpha_half_s
source-row-0198,198,286Mc,,Mc,286,115,171,DZR,dzr,10.86,,0.02,False,,0.02,0.098,0.009,,alpha,100,,,,-1.01097754416,0.0975040052297,-0.687992460172,0.205119778956,0,True,ok,within_implemented_formula,"{""l_used"": 0.0, ""parity_case"": ""odd-odd""}",1,1,HF = T_alpha_half_s / Tcalc_s,Qalpha_MeV,T_alpha_half_s
source-row-0199,199,287Mc,,Mc,287,115,172,DZR,dzr,10.76,,0.07,False,,0.038,0.022,0.01,,alpha,100,,,,-1.23662892145,0.0579923995018,-0.183587481934,0.655258280851,0,True,ok,within_implemented_formula,"{""l_used"": 0.0, ""parity_case"": ""oddZ-evenN""}",1,1,HF = T_alpha_half_s / Tcalc_s,Qalpha_MeV,T_alpha_half_s
source-row-0200,200,288Mc,,Mc,288,115,173,DZR,dzr,10.65,,0.05,False,,0.193,0.015,0.013,,alpha,100,,,,-0.497234974299,0.318247518299,-0.217207716694,0.60644620587,0,True,ok,within_implemented_formula,"{""l_used"": 0.0, ""parity_case"": ""odd-odd""}",1,1,HF = T_alpha_half_s / Tcalc_s,Qalpha_MeV,T_alpha_half_s
source-row-0201,201,289Mc,,Mc,289,115,174,DZR,dzr,10.49,,0.05,False,,0.25,0.051,0.035,,"alpha, SF",100,,,,-0.552670459099,0.280110598136,-0.0493895322293,0.892504609477,0,True,ok,within_implemented_formula,"{""l_used"": 0.0, ""parity_case"": ""oddZ-evenN""}",1,1,HF = T_alpha_half_s / Tcalc_s,Qalpha_MeV,T_alpha_half_s
source-row-0202,202,290Mc,,Mc,290,115,175,DZR,dzr,10.41,,0.04,False,,0.65,0.49,0.2,,alpha,100,,,,0.115508840734,1.30469452744,-0.302595484091,0.498200909355,0,True,ok,within_implemented_formula,"{""l_used"": 0.0, ""parity_case"": ""odd-odd""}",1,1,HF = T_alpha_half_s / Tcalc_s,Qalpha_MeV,T_alpha_half_s
source-row-0203,203,288Lv,,Lv,288,116,172,DZR,dzr,11.24,,0.015,False,,0.002,0.0023,0.0007,,alpha,100,,,,-2.4065314439,0.00392164751689,-0.292438560433,0.509989740635,0,True,ok,within_implemented_formula,"{""l_used"": 0.0, ""parity_case"": ""even-even""}",1,1,HF = T_alpha_half_s / Tcalc_s,Qalpha_MeV,T_alpha_half_s
source-row-0204,204,289Lv,,Lv,289,116,173,DZR,dzr,11.057,,0.015,False,,0.0024,0.0044,0.0009,,alpha,100,,,,-1.60416801527,0.0248789464166,-1.01562074302,0.0964671075621,0,True,ok,within_implemented_formula,"{""l_used"": 0.0, ""parity_case"": ""evenZ-oddN""}",1,1,HF = T_alpha_half_s / Tcalc_s,Qalpha_MeV,T_alpha_half_s
source-row-0205,205,290Lv,,Lv,290,116,174,DZR,dzr,11,,0.06,False,,0.0083,0.0035,0.0019,,"alpha, SF",100,,,,-1.83967535877,0.0144652066122,-0.241246548849,0.573790628958,0,True,ok,within_implemented_formula,"{""l_used"": 0.0, ""parity_case"": ""even-even""}",1,1,HF = T_alpha_half_s / Tcalc_s,Qalpha_MeV,T_alpha_half_s
source-row-0206,206,291Lv,,Lv,291,116,175,DZR,dzr,10.89,,0.09,False,,0.019,0.017,0.006,approx,"alpha, SF",100,,,,-1.21215022284,0.0613549741065,-0.509096176207,0.309673343958,0,True,ok,within_implemented_formula,"{""l_used"": 0.0, ""parity_case"": ""evenZ-oddN""}",1,1,HF = T_alpha_half_s / Tcalc_s,Qalpha_MeV,T_alpha_half_s
source-row-0207,207,292Lv,,Lv,292,116,176,DZR,dzr,10.791,,0.012,False,,0.013,0.007,0.004,approx,"alpha, SF",100,,,,-1.3341761853,0.0463258945963,-0.551880462397,0.280620592722,0,True,ok,within_implemented_formula,"{""l_used"": 0.0, ""parity_case"": ""even-even""}",1,1,HF = T_alpha_half_s / Tcalc_s,Qalpha_MeV,T_alpha_half_s
source-row-0208,208,293Lv,,Lv,293,116,177,DZR,dzr,10.68,,0.06,False,,0.057,0.043,0.017,,alpha,100,,,,-0.695579047793,0.201567705529,-0.548546096535,0.282783394545,0,True,ok,within_implemented_formula,"{""l_used"": 0.0, ""parity_case"": ""evenZ-oddN""}",1,1,HF = T_alpha_half_s / Tcalc_s,Qalpha_MeV,T_alpha_half_s
source-row-0209,209,293Ts,,Ts,293,117,176,DZR,dzr,11.32,,0.05,False,,0.022,0.008,0.004,,alpha,100,,,,-2.06860919607,0.00853868129598,0.41103187689,2.57651026398,0,True,ok,within_implemented_formula,"{""l_used"": 0.0, ""parity_case"": ""oddZ-evenN""}",1,1,HF = T_alpha_half_s / Tcalc_s,Qalpha_MeV,T_alpha_half_s
source-row-0210,210,294Ts,,Ts,294,117,177,DZR,dzr,11.18,,0.04,False,,0.051,0.038,0.016,,alpha,100,,,,-1.27050895651,0.0536402809019,-0.0219208673886,0.950778018729,0,True,ok,within_implemented_formula,"{""l_used"": 0.0, ""parity_case"": ""odd-odd""}",1,1,HF = T_alpha_half_s / Tcalc_s,Qalpha_MeV,T_alpha_half_s
source-row-0211,211,294Og,,Og,294,118,176,DZR,dzr,11.87,,0.03,False,,0.00058,0.00044,0.00018,,"alpha, SF",100,,,,-3.34441509899,0.000452464906861,0.107843092558,1.28186736961,0,True,ok,within_implemented_formula,"{""l_used"": 0.0, ""parity_case"": ""even-even""}",1,1,HF = T_alpha_half_s / Tcalc_s,Qalpha_MeV,T_alpha_half_s
source-row-0002,2,240Es,,Es,240,99,141,Ismail2022_FormulaE,ismail2022_formula_e,8.26,,0.06,False,,8.57142857143,2.42857142857,2.42857142857,,"alpha, EC, SF",70,,,,1.29828983748,19.8742083077,-0.365236627113,0.431284025945,0,True,ok,within_implemented_formula,"{""Ac_used"": 4, ""Zc_used"": 2, ""l_used"": 0.0, ""parameter_set"": ""odd-odd"", ""parity_case"": ""odd-odd""}",1,1,HF = T_alpha_half_s / Tcalc_s,Qalpha_MeV,T_alpha_half_s
source-row-0003,3,241Es,,Es,241,99,142,Ismail2022_FormulaE,ismail2022_formula_e,8.259,,0.017,False,,4.3,2.4,1.2,,"alpha, EC",100,,,,1.10004289841,12.5904977112,-0.466574442834,0.341527404128,0,True,ok,within_implemented_formula,"{""Ac_used"": 4, ""Zc_used"": 2, ""l_used"": 0.0, ""parameter_set"": ""odd-even"", ""parity_case"": ""odd-even""}",1,1,HF = T_alpha_half_s / Tcalc_s,Qalpha_MeV,T_alpha_half_s
source-row-0004,4,242Es,,Es,242,99,143,Ismail2022_FormulaE,ismail2022_formula_e,8.16,,0.02,False,,31.2280701754,2.80701754386,2.80701754386,,"alpha, EC",57,,,,1.62138709954,41.820295726,-0.126841952905,0.746720453151,0,True,ok,within_implemented_formula,"{""Ac_used"": 4, ""Zc_used"": 2, ""l_used"": 0.0, ""parameter_set"": ""odd-odd"", ""parity_case"": ""odd-odd""}",1,1,HF = T_alpha_half_s / Tcalc_s,Qalpha_MeV,T_alpha_half_s
source-row-0005,5,243Es,,Es,243,99,144,Ismail2022_FormulaE,ismail2022_formula_e,8.072,,0.01,False,,36.0655737705,1.6393442623,1.6393442623,,"alpha, EC, SF",61,1,,,1.69948376643,50.0591840474,-0.142390920623,0.720458682194,0,True,ok,within_implemented_formula,"{""Ac_used"": 4, ""Zc_used"": 2, ""l_used"": 0.0, ""parameter_set"": ""odd-even"", ""parity_case"": ""odd-even""}",1,1,HF = T_alpha_half_s / Tcalc_s,Qalpha_MeV,T_alpha_half_s
source-row-0006,6,244Es,,Es,244,99,145,Ismail2022_FormulaE,ismail2022_formula_e,7.94,,0.1,True,,925,100,100,,"alpha, EC",4,,,,2.38074694041,240.296220695,0.585394792331,3.84941551442,0,True,ok,within_implemented_formula,"{""Ac_used"": 4, ""Zc_used"": 2, ""l_used"": 0.0, ""parameter_set"": ""odd-odd"", ""parity_case"": ""odd-odd""}",1,1,HF = T_alpha_half_s / Tcalc_s,Qalpha_MeV,T_alpha_half_s
source-row-0007,7,245Es,,Es,245,99,146,Ismail2022_FormulaE,ismail2022_formula_e,7.909,,0.003,False,,124.444444444,6.66666666667,6.66666666667,,"alpha, EC",54,,,,2.23560082065,172.028665619,-0.140625307414,0.723393650684,0,True,ok,within_implemented_formula,"{""Ac_used"": 4, ""Zc_used"": 2, ""l_used"": 0.0, ""parameter_set"": ""odd-even"", ""parity_case"": ""odd-even""}",1,1,HF = T_alpha_half_s / Tcalc_s,Qalpha_MeV,T_alpha_half_s
source-row-0008,8,246Es,,Es,246,99,147,Ismail2022_FormulaE,ismail2022_formula_e,7.64,,0.1,True,,4545.45454545,303.03030303,303.03030303,,"alpha, EC",9.9,,,,3.47788913325,3005.30900902,0.17968818593,1.51247493413,0,True,ok,within_implemented_formula,"{""Ac_used"": 4, ""Zc_used"": 2, ""l_used"": 0.0, ""parameter_set"": ""odd-odd"", ""parity_case"": ""odd-odd""}",1,1,HF = T_alpha_half_s / Tcalc_s,Qalpha_MeV,T_alpha_half_s
source-row-0009,9,247Es,,Es,247,99,148,Ismail2022_FormulaE,ismail2022_formula_e,7.464,,0.02,False,,3900,222.857142857,222.857142857,,"alpha, EC",7,,,,3.89129492747,7785.65091671,-0.300230320439,0.500921508262,0,True,ok,within_implemented_formula,"{""Ac_used"": 4, ""Zc_used"": 2, ""l_used"": 0.0, ""parameter_set"": ""odd-even"", ""parity_case"": ""odd-even""}",1,1,HF = T_alpha_half_s / Tcalc_s,Qalpha_MeV,T_alpha_half_s
source-row-0010,10,248Es,,Es,248,99,149,Ismail2022_FormulaE,ismail2022_formula_e,7.16,,0.05,True,,480000,40000,40000,,"alpha, EC",0.3,,,,5.39129056193,246201.424803,0.289950675449,1.94962316073,0,True,ok,within_implemented_formula,"{""Ac_used"": 4, ""Zc_used"": 2, ""l_used"": 0.0, ""parameter_set"": ""odd-odd"", ""parity_case"": ""odd-odd""}",1,1,HF = T_alpha_half_s / Tcalc_s,Qalpha_MeV,T_alpha_half_s
source-row-0011,11,249Es,,Es,249,99,150,Ismail2022_FormulaE,ismail2022_formula_e,6.94,,0.03,True,,1075789.47368,6315.78947368,6315.78947368,,"alpha, EC",0.57,,,,6.0590310522,1145594.84892,-0.0273037616858,0.939066262998,0,True,ok,within_implemented_formula,"{""Ac_used"": 4, ""Zc_used"": 2, ""l_used"": 0.0, ""parameter_set"": ""odd-even"", ""parity_case"": ""odd-even""}",1,1,HF = T_alpha_half_s / Tcalc_s,Qalpha_MeV,T_alpha_half_s
source-row-0013,13,251Es,,Es,251,99,152,Ismail2022_FormulaE,ismail2022_formula_e,6.5971,,0.001,False,,23760000,9531233.70818,9531233.70818,,"EC, alpha",0.5,,,,7.60305341647,40091602.565,-0.227206980161,0.592642809963,0,True,ok,within_implemented_formula,"{""Ac_used"": 4, ""Zc_used"": 2, ""l_used"": 0.0, ""parameter_set"": ""odd-even"", ""parity_case"": ""odd-even""}",1,1,HF = T_alpha_half_s / Tcalc_s,Qalpha_MeV,T_alpha_half_s
source-row-0014,14,252Es,,Es,252,99,153,Ismail2022_FormulaE,ismail2022_formula_e,6.7386,,0.0005,False,,46268307.6923,210461.538462,210461.538462,,"alpha, EC",78,,,,7.21083014161,16249131.0616,0.454453473445,2.84743273451,0,True,ok,within_implemented_formula,"{""Ac_used"": 4, ""Zc_used"": 2, ""l_used"": 0.0, ""parameter_set"": ""odd-odd"", ""parity_case"": ""odd-odd""}",1,1,HF = T_alpha_half_s / Tcalc_s,Qalpha_MeV,T_alpha_half_s
source-row-0015,15,253Es,,Es,253,99,154,Ismail2022_FormulaE,ismail2022_formula_e,6.73924,,5e-05,False,,1768608,1728,1728,,"alpha, EC; beta^-, SF",100,,,,6.88146532814,7611413.70931,-0.633833743,0.232362615875,0,True,ok,within_implemented_formula,"{""Ac_used"": 4, ""Zc_used"": 2, ""l_used"": 0.0, ""parameter_set"": ""odd-even"", ""parity_case"": ""odd-even""}",1,1,HF = T_alpha_half_s / Tcalc_s,Qalpha_MeV,T_alpha_half_s
source-row-0016,16,254Es,,Es,254,99,155,Ismail2022_FormulaE,ismail2022_formula_e,6.6172,,0.0005,False,,23820480,43200,43200,,"alpha,; beta^-, SF; beta^-, SF",100,3e-06,,,7.75669179853,57107322.4954,-0.379741289949,0.417117787337,0,True,ok,within_implemented_formula,"{""Ac_used"": 4, ""Zc_used"": 2, ""l_used"": 0.0, ""parameter_set"": ""odd-odd"", ""parity_case"": ""odd-odd""}",1,1,HF = T_alpha_half_s / Tcalc_s,Qalpha_MeV,T_alpha_half_s
source-row-0017,17,255Es,,Es,255,99,156,Ismail2022_FormulaE,ismail2022_formula_e,6.4363,,0.0013,False,,42984000,2509716.44613,2509716.44613,,"beta^-, alpha, SF",8,0.0041,,,8.30141721801,200178402.003,-0.668110390452,0.214728460064,0,True,ok,within_implemented_formula,"{""Ac_used"": 4, ""Zc_used"": 2, ""l_used"": 0.0, ""parameter_set"": ""odd-even"", ""parity_case"": ""odd-even""}",1,1,HF = T_alpha_half_s / Tcalc_s,Qalpha_MeV,T_alpha_half_s
source-row-0020,20,241Fm,,Fm,241,100,141,Ismail2022_FormulaE,ismail2022_formula_e,8.86,,0.32,True,,0.00521428571429,0.000428571428571,0.000428571428571,>,"alpha, EC, SF",14,78,,,-0.663139433431,0.217200372917,-1.61966574213,0.0240067990872,0,True,ok,within_implemented_formula,"{""Ac_used"": 4, ""Zc_used"": 2, ""l_used"": 0.0, ""parameter_set"": ""even-odd"", ""parity_case"": ""even-odd""}",1,1,HF = T_alpha_half_s / Tcalc_s,Qalpha_MeV,T_alpha_half_s
source-row-0022,22,243Fm,,Fm,243,100,143,Ismail2022_FormulaE,ismail2022_formula_e,8.69,,0.05,False,,0.253846153846,0.00989010989011,0.00989010989011,,"alpha, EC, SF",91,9,,,-0.156609109824,0.697253800558,-0.438820302605,0.364065643877,0,True,ok,within_implemented_formula,"{""Ac_used"": 4, ""Zc_used"": 2, ""l_used"": 0.0, ""parameter_set"": ""even-odd"", ""parity_case"": ""even-odd""}",1,1,HF = T_alpha_half_s / Tcalc_s,Qalpha_MeV,T_alpha_half_s
source-row-0023,23,244Fm,,Fm,244,100,144,Ismail2022_FormulaE,ismail2022_formula_e,8.55,,0.2,True,,0.321,0.008,0.008,>,"alpha, EC, SF",1,97,,,-0.0389928474698,0.914128296408,-0.454502120125,0.351154210258,0,True,ok,within_implemented_formula,"{""Ac_used"": 4, ""Zc_used"": 2, ""l_used"": 0.0, ""parameter_set"": ""even-even"", ""parity_case"": ""even-even""}",1,1,HF = T_alpha_half_s / Tcalc_s,Qalpha_MeV,T_alpha_half_s
source-row-0024,24,245Fm,,Fm,245,100,145,Ismail2022_FormulaE,ismail2022_formula_e,8.373,,0.025,False,,5.4,0.6,0.6,,"alpha, EC, SF",100,0.3,,,0.843978717951,6.98198188924,-0.111584958128,0.773419365112,0,True,ok,within_implemented_formula,"{""Ac_used"": 4, ""Zc_used"": 2, ""l_used"": 0.0, ""parameter_set"": ""even-odd"", ""parity_case"": ""even-odd""}",1,1,HF = T_alpha_half_s / Tcalc_s,Qalpha_MeV,T_alpha_half_s
source-row-0025,25,246Fm,,Fm,246,100,146,Ismail2022_FormulaE,ismail2022_formula_e,8.379,,0.005,False,,1.6452991453,0.042735042735,0.042735042735,,"alpha, SF, EC",93.6,6.4,,,0.448812933682,2.81068990397,-0.232568061584,0.585371991045,0,True,ok,within_implemented_formula,"{""Ac_used"": 4, ""Zc_used"": 2, ""l_used"": 0.0, ""parameter_set"": ""even-even"", ""parity_case"": ""even-even""}",1,1,HF = T_alpha_half_s / Tcalc_s,Qalpha_MeV,T_alpha_half_s
source-row-0026,26,247Fm,,Fm,247,100,147,Ismail2022_FormulaE,ismail2022_formula_e,8.258,,0.01,False,,48.4375,1.5625,1.5625,,"alpha, EC",64,,,,1.21178538238,16.2849107363,0.473396337474,2.97437921426,0,True,ok,within_implemented_formula,"{""Ac_used"": 4, ""Zc_used"": 2, ""l_used"": 0.0, ""parameter_set"": ""even-odd"", ""parity_case"": ""even-odd""}",1,1,HF = T_alpha_half_s / Tcalc_s,Qalpha_MeV,T_alpha_half_s
source-row-0027,27,248Fm,,Fm,248,100,148,Ismail2022_FormulaE,ismail2022_formula_e,7.995,,0.008,False,,34.8484848485,1.21212121212,1.21212121212,approx,"alpha, EC, SF",99,0.1,,,1.68808281157,48.7621461235,-0.145898911095,0.714662655745,0,True,ok,within_implemented_formula,"{""Ac_used"": 4, ""Zc_used"": 2, ""l_used"": 0.0, ""parameter_set"": ""even-even"", ""parity_case"": ""even-even""}",1,1,HF = T_alpha_half_s / Tcalc_s,Qalpha_MeV,T_alpha_half_s
source-row-0028,28,249Fm,,Fm,249,100,149,Ismail2022_FormulaE,ismail2022_formula_e,7.709,,0.006,False,,615.384615385,38.4615384615,38.4615384615,,"alpha, EC",15.6,,,,3.14202326089,1386.83010576,-0.352876626209,0.443734681578,0,True,ok,within_implemented_formula,"{""Ac_used"": 4, ""Zc_used"": 2, ""l_used"": 0.0, ""parameter_set"": ""even-odd"", ""parity_case"": ""even-odd""}",1,1,HF = T_alpha_half_s / Tcalc_s,Qalpha_MeV,T_alpha_half_s
source-row-0029,29,250Fm,,Fm,250,100,150,Ismail2022_FormulaE,ismail2022_formula_e,7.557,,0.008,False,,1860,66,66,,"alpha, EC, SF",100,0.0069,,,3.22837636286,1691.90651542,0.0411365813547,1.09935152034,0,True,ok,within_implemented_formula,"{""Ac_used"": 4, ""Zc_used"": 2, ""l_used"": 0.0, ""parameter_set"": ""even-even"", ""parity_case"": ""even-even""}",1,1,HF = T_alpha_half_s / Tcalc_s,Qalpha_MeV,T_alpha_half_s
source-row-0030,30,251Fm,,Fm,251,100,151,Ismail2022_FormulaE,ismail2022_formula_e,7.4245,,0.001,False,,1060000,16000,16000,,"alpha, EC",1.8,,,,4.21932415142,16570.062687,1.80598171384,63.9707899736,0,True,ok,within_implemented_formula,"{""Ac_used"": 4, ""Zc_used"": 2, ""l_used"": 0.0, ""parameter_set"": ""even-odd"", ""parity_case"": ""even-odd""}",1,1,HF = T_alpha_half_s / Tcalc_s,Qalpha_MeV,T_alpha_half_s
source-row-0031,31,252Fm,,Fm,252,100,152,Ismail2022_FormulaE,ismail2022_formula_e,7.1527,,0.002,False,,91368,432,432,,"alpha, SF; beta^-, SF",100,0.0023,,,4.77098625587,59018.2402363,0.189807862651,1.54813155448,0,True,ok,within_implemented_formula,"{""Ac_used"": 4, ""Zc_used"": 2, ""l_used"": 0.0, ""parameter_set"": ""even-even"", ""parity_case"": ""even-even""}",1,1,HF = T_alpha_half_s / Tcalc_s,Qalpha_MeV,T_alpha_half_s
source-row-0032,32,253Fm,,Fm,253,100,153,Ismail2022_FormulaE,ismail2022_formula_e,7.1979,,0.001,False,,2160000,86400,86400,,"alpha, EC",12,,,,5.12064313536,132021.03567,1.2138106158,16.3610290514,0,True,ok,within_implemented_formula,"{""Ac_used"": 4, ""Zc_used"": 2, ""l_used"": 0.0, ""parameter_set"": ""even-odd"", ""parity_case"": ""even-odd""}",1,1,HF = T_alpha_half_s / Tcalc_s,Qalpha_MeV,T_alpha_half_s
source-row-0033,33,254Fm,,Fm,254,100,154,Ismail2022_FormulaE,ismail2022_formula_e,7.3073,,0.001,False,,11671.0026016,7.20432259356,7.20432259356,,"alpha, SF; beta^-, SF",99.94,0.06,,,4.05470049863,11342.2835096,0.0124076672381,1.02898173826,0,True,ok,within_implemented_formula,"{""Ac_used"": 4, ""Zc_used"": 2, ""l_used"": 0.0, ""parameter_set"": ""even-even"", ""parity_case"": ""even-even""}",1,1,HF = T_alpha_half_s / Tcalc_s,Qalpha_MeV,T_alpha_half_s
source-row-0034,34,255Fm,,Fm,255,100,155,Ismail2022_FormulaE,ismail2022_formula_e,7.2406,,0.0005,False,,97452,252,252,,"alpha, SF",100,2.4e-05,,,4.93063260005,85237.8722403,0.058158156484,1.14329461117,0,True,ok,within_implemented_formula,"{""Ac_used"": 4, ""Zc_used"": 2, ""l_used"": 0.0, ""parameter_set"": ""even-odd"", ""parity_case"": ""even-odd""}",1,1,HF = T_alpha_half_s / Tcalc_s,Qalpha_MeV,T_alpha_half_s
source-row-0035,35,256Fm,,Fm,256,100,156,Ismail2022_FormulaE,ismail2022_formula_e,7.0253,,0.0019,False,,116370.37037,4400.72058885,4400.72058885,,"SF, alpha",8.1,91.9,,,5.14566998451,139852.419591,-0.0798275679696,0.832094079679,0,True,ok,within_implemented_formula,"{""Ac_used"": 4, ""Zc_used"": 2, ""l_used"": 0.0, ""parameter_set"": ""even-even"", ""parity_case"": ""even-even""}",1,1,HF = T_alpha_half_s / Tcalc_s,Qalpha_MeV,T_alpha_half_s
source-row-0036,36,257Fm,,Fm,257,100,157,Ismail2022_FormulaE,ismail2022_formula_e,6.8637,,0.0009,False,,8701473.0935,17316.3643652,17316.3643652,,"alpha , SF",99.79,0.21,,,6.52511373539,3350531.73205,0.414479046224,2.59704243666,0,True,ok,within_implemented_formula,"{""Ac_used"": 4, ""Zc_used"": 2, ""l_used"": 0.0, ""parameter_set"": ""even-odd"", ""parity_case"": ""even-odd""}",1,1,HF = T_alpha_half_s / Tcalc_s,Qalpha_MeV,T_alpha_half_s
source-row-0039,39,244Md,,Md,244,101,143,Ismail2022_FormulaE,ismail2022_formula_e,8.95,,0.08,False,,0.3,0.19,0.09,approx,"alpha, EC",100,,,,-0.188883692113,0.64731594945,-0.333995053168,0.46345219866,0,True,ok,within_implemented_formula,"{""Ac_used"": 4, ""Zc_used"": 2, ""l_used"": 0.0, ""parameter_set"": ""odd-odd"", ""parity_case"": ""odd-odd""}",1,1,HF = T_alpha_half_s / Tcalc_s,Qalpha_MeV,T_alpha_half_s
source-row-0041,41,247Md,,Md,247,101,146,Ismail2022_FormulaE,ismail2022_formula_e,8.764,,0.01,False,,1.21040952189,0.121040952189,0.121040952189,,"alpha, SF",99.14,0.86,,,0.175117384551,1.49664012517,-0.092185053073,0.808751216494,0,True,ok,within_implemented_formula,"{""Ac_used"": 4, ""Zc_used"": 2, ""l_used"": 0.0, ""parameter_set"": ""odd-even"", ""parity_case"": ""odd-even""}",1,1,HF = T_alpha_half_s / Tcalc_s,Qalpha_MeV,T_alpha_half_s
source-row-0042,42,248Md,,Md,248,101,147,Ismail2022_FormulaE,ismail2022_formula_e,8.5,,0.03,False,,35,15,15,,"alpha, EC",20,,,,1.21522893284,16.4145481732,0.328839111508,2.13225485287,0,True,ok,within_implemented_formula,"{""Ac_used"": 4, ""Zc_used"": 2, ""l_used"": 0.0, ""parameter_set"": ""odd-odd"", ""parity_case"": ""odd-odd""}",1,1,HF = T_alpha_half_s / Tcalc_s,Qalpha_MeV,T_alpha_half_s
source-row-0043,43,249Md,,Md,249,101,148,Ismail2022_FormulaE,ismail2022_formula_e,8.441,,0.018,True,,34.1333333333,1.2,1.2,,"alpha, EC",75,,,,1.18973880153,15.4788539157,0.343439900387,2.20515895552,0,True,ok,within_implemented_formula,"{""Ac_used"": 4, ""Zc_used"": 2, ""l_used"": 0.0, ""parameter_set"": ""odd-even"", ""parity_case"": ""odd-even""}",1,1,HF = T_alpha_half_s / Tcalc_s,Qalpha_MeV,T_alpha_half_s
source-row-0044,44,250Md,,Md,250,101,149,Ismail2022_FormulaE,ismail2022_formula_e,8.155,,0.028,False,,762.857142857,64.2857142857,64.2857142857,,"alpha, EC",7,,,,2.38264174011,241.346908472,0.499801476909,3.16083246181,0,True,ok,within_implemented_formula,"{""Ac_used"": 4, ""Zc_used"": 2, ""l_used"": 0.0, ""parameter_set"": ""odd-odd"", ""parity_case"": ""odd-odd""}",1,1,HF = T_alpha_half_s / Tcalc_s,Qalpha_MeV,T_alpha_half_s
source-row-0045,45,251Md,,Md,251,101,150,Ismail2022_FormulaE,ismail2022_formula_e,7.963,,0.004,False,,2526,138,138,>,"alpha, EC",10,,,,2.83655842627,686.370210578,0.565874919954,3.68022965022,0,True,ok,within_implemented_formula,"{""Ac_used"": 4, ""Zc_used"": 2, ""l_used"": 0.0, ""parameter_set"": ""odd-even"", ""parity_case"": ""odd-even""}",1,1,HF = T_alpha_half_s / Tcalc_s,Qalpha_MeV,T_alpha_half_s
source-row-0047,47,253Md,,Md,253,101,152,Ismail2022_FormulaE,ismail2022_formula_e,7.573,,0.008,False,,51428.5714286,102857.142857,25714.2857143,approx,"alpha, EC",0.7,,,,4.2900559794,19500.959457,0.421148481358,2.63723287779,0,True,ok,within_implemented_formula,"{""Ac_used"": 4, ""Zc_used"": 2, ""l_used"": 0.0, ""parameter_set"": ""odd-even"", ""parity_case"": ""odd-even""}",1,1,HF = T_alpha_half_s / Tcalc_s,Qalpha_MeV,T_alpha_half_s
source-row-0049,49,255Md,,Md,255,101,154,Ismail2022_FormulaE,ismail2022_formula_e,7.9056,,0.0017,False,,23142.8571429,1714.28571429,1714.28571429,,"alpha, EC",7,,,,2.95234312723,896.072454554,1.4120738473,25.8269931468,0,True,ok,within_implemented_formula,"{""Ac_used"": 4, ""Zc_used"": 2, ""l_used"": 0.0, ""parameter_set"": ""odd-even"", ""parity_case"": ""odd-even""}",1,1,HF = T_alpha_half_s / Tcalc_s,Qalpha_MeV,T_alpha_half_s
source-row-0050,50,256Md,,Md,256,101,155,Ismail2022_FormulaE,ismail2022_formula_e,7.74,,0.11,True,,50673.9130435,978.260869565,978.260869565,,"alpha, EC, SF",9.2,3,,,3.84700345,7030.77905062,0.857780991835,7.20743927218,0,True,ok,within_implemented_formula,"{""Ac_used"": 4, ""Zc_used"": 2, ""l_used"": 0.0, ""parameter_set"": ""odd-odd"", ""parity_case"": ""odd-odd""}",1,1,HF = T_alpha_half_s / Tcalc_s,Qalpha_MeV,T_alpha_half_s
source-row-0051,51,257Md,,Md,257,101,156,Ismail2022_FormulaE,ismail2022_formula_e,7.5571,,0.0009,False,,132480,1200,1200,,"alpha, EC, SF",15,1,,,4.25860098679,18138.4840221,0.863549332656,7.3038077404,0,True,ok,within_implemented_formula,"{""Ac_used"": 4, ""Zc_used"": 2, ""l_used"": 0.0, ""parameter_set"": ""odd-even"", ""parity_case"": ""odd-even""}",1,1,HF = T_alpha_half_s / Tcalc_s,Qalpha_MeV,T_alpha_half_s
source-row-0052,52,258Md,,Md,258,101,157,Ismail2022_FormulaE,ismail2022_formula_e,7.2713,,0.0019,False,,4449600,25056,25056,,"alpha, EC",100,,,,5.71272902793,516094.258882,0.935591943587,8.6216808721,0,True,ok,within_implemented_formula,"{""Ac_used"": 4, ""Zc_used"": 2, ""l_used"": 0.0, ""parameter_set"": ""odd-odd"", ""parity_case"": ""odd-odd""}",1,1,HF = T_alpha_half_s / Tcalc_s,Qalpha_MeV,T_alpha_half_s
source-row-0053,53,259Md,,Md,259,101,158,Ismail2022_FormulaE,ismail2022_formula_e,7.05,,0.1,True,,445846.153846,16615.3846154,16615.3846154,>,"alpha, SF",1.3,100,,,6.35881585668,2284629.90196,-0.709630832187,0.19515027509,0,True,ok,within_implemented_formula,"{""Ac_used"": 4, ""Zc_used"": 2, ""l_used"": 0.0, ""parameter_set"": ""odd-even"", ""parity_case"": ""odd-even""}",1,1,HF = T_alpha_half_s / Tcalc_s,Qalpha_MeV,T_alpha_half_s
source-row-0054,54,260Md,,Md,260,101,159,Ismail2022_FormulaE,ismail2022_formula_e,6.94,,0.3,True,,54950400,864000,864000,>,"alpha, EC, beta^-, SF",5,100,,,7.13792597985,13738078.0644,0.602044878273,3.99986080605,0,True,ok,within_implemented_formula,"{""Ac_used"": 4, ""Zc_used"": 2, ""l_used"": 0.0, ""parameter_set"": ""odd-odd"", ""parity_case"": ""odd-odd""}",1,1,HF = T_alpha_half_s / Tcalc_s,Qalpha_MeV,T_alpha_half_s
source-row-0055,55,249No,,No,249,102,147,Ismail2022_FormulaE,ismail2022_formula_e,9.276,,0.02,False,,0.0381,0.0025,0.0025,,alpha,100,,,,-1.23521211938,0.0581818974634,-0.183862904942,0.654842857677,0,True,ok,within_implemented_formula,"{""Ac_used"": 4, ""Zc_used"": 2, ""l_used"": 0.0, ""parameter_set"": ""even-odd"", ""parity_case"": ""even-odd""}",1,1,HF = T_alpha_half_s / Tcalc_s,Qalpha_MeV,T_alpha_half_s
source-row-0056,56,250No,,No,250,102,148,Ismail2022_FormulaE,ismail2022_formula_e,8.95,,0.2,True,,0.00023,1e-05,1e-05,>,"alpha, SF",2,100,,,-0.618610815921,0.240651838604,-3.01966134806,0.00095573755569,0,True,ok,within_implemented_formula,"{""Ac_used"": 4, ""Zc_used"": 2, ""l_used"": 0.0, ""parameter_set"": ""even-even"", ""parity_case"": ""even-even""}",1,1,HF = T_alpha_half_s / Tcalc_s,Qalpha_MeV,T_alpha_half_s
source-row-0057,57,251No,,No,251,102,149,Ismail2022_FormulaE,ismail2022_formula_e,8.752,,0.004,False,,0.888888888889,0.111111111111,0.111111111111,,"alpha, EC, SF",90,0.0014,,,0.328524086364,2.1307087353,-0.379676608811,0.41717991491,0,True,ok,within_implemented_formula,"{""Ac_used"": 4, ""Zc_used"": 2, ""l_used"": 0.0, ""parameter_set"": ""even-odd"", ""parity_case"": ""even-odd""}",1,1,HF = T_alpha_half_s / Tcalc_s,Qalpha_MeV,T_alpha_half_s
source-row-0058,58,252No,,No,252,102,150,Ismail2022_FormulaE,ismail2022_formula_e,8.549,,0.005,False,,3.64940828402,0.0236686390533,0.0236686390533,,"alpha, EC, SF",67.6,31,,,0.57730365544,3.77836278879,-0.0150812018917,0.965870269222,0,True,ok,within_implemented_formula,"{""Ac_used"": 4, ""Zc_used"": 2, ""l_used"": 0.0, ""parameter_set"": ""even-even"", ""parity_case"": ""even-even""}",1,1,HF = T_alpha_half_s / Tcalc_s,Qalpha_MeV,T_alpha_half_s
source-row-0059,59,253No,,No,253,102,151,Ismail2022_FormulaE,ismail2022_formula_e,8.415,,0.004,False,,171.272727273,2.18181818182,2.18181818182,,"alpha, EC",55,,,,1.40619586201,25.4797910394,0.827492351284,6.72190470511,0,True,ok,within_implemented_formula,"{""Ac_used"": 4, ""Zc_used"": 2, ""l_used"": 0.0, ""parameter_set"": ""even-odd"", ""parity_case"": ""even-odd""}",1,1,HF = T_alpha_half_s / Tcalc_s,Qalpha_MeV,T_alpha_half_s
source-row-0060,60,254No,,No,254,102,152,Ismail2022_FormulaE,ismail2022_formula_e,8.226,,0.008,False,,56.8888888889,0.444444444444,0.444444444444,,"alpha, EC, SF",90,0.17,,,1.59046613249,38.9462935096,0.164561319051,1.46070097466,0,True,ok,within_implemented_formula,"{""Ac_used"": 4, ""Zc_used"": 2, ""l_used"": 0.0, ""parameter_set"": ""even-even"", ""parity_case"": ""even-even""}",1,1,HF = T_alpha_half_s / Tcalc_s,Qalpha_MeV,T_alpha_half_s
source-row-0061,61,255No,,No,255,102,153,Ismail2022_FormulaE,ismail2022_formula_e,8.4282,,0.003,False,,704,36,36,,"alpha, EC",30,,,,1.34757060788,22.2623295776,1.50000205127,31.6229259632,0,True,ok,within_implemented_formula,"{""Ac_used"": 4, ""Zc_used"": 2, ""l_used"": 0.0, ""parameter_set"": ""even-odd"", ""parity_case"": ""even-odd""}",1,1,HF = T_alpha_half_s / Tcalc_s,Qalpha_MeV,T_alpha_half_s
source-row-0062,62,256No,,No,256,102,154,Ismail2022_FormulaE,ismail2022_formula_e,8.582,,0.005,False,,2.92609351433,0.0502765208648,0.0502765208648,,"alpha, SF",99.45,0.55,,,0.324065287735,2.10894516502,0.142222913791,1.38746780279,0,True,ok,within_implemented_formula,"{""Ac_used"": 4, ""Zc_used"": 2, ""l_used"": 0.0, ""parameter_set"": ""even-even"", ""parity_case"": ""even-even""}",1,1,HF = T_alpha_half_s / Tcalc_s,Qalpha_MeV,T_alpha_half_s
source-row-0063,63,257No,,No,257,102,155,Ismail2022_FormulaE,ismail2022_formula_e,8.477,,0.006,False,,28.8235294118,0.588235294118,0.588235294118,,"alpha, EC, SF",85,1.5,,,1.17127628892,14.834615317,0.288470869734,1.94299136147,0,True,ok,within_implemented_formula,"{""Ac_used"": 4, ""Zc_used"": 2, ""l_used"": 0.0, ""parameter_set"": ""even-odd"", ""parity_case"": ""even-odd""}",1,1,HF = T_alpha_half_s / Tcalc_s,Qalpha_MeV,T_alpha_half_s
source-row-0065,65,259No,,No,259,102,157,Ismail2022_FormulaE,ismail2022_formula_e,7.854,,0.005,False,,4640,400,400,,"alpha, EC, SF",75,10,,,3.33567237524,2166.06944041,0.330845605319,2.14212892414,0,True,ok,within_implemented_formula,"{""Ac_used"": 4, ""Zc_used"": 2, ""l_used"": 0.0, ""parameter_set"": ""even-odd"", ""parity_case"": ""even-odd""}",1,1,HF = T_alpha_half_s / Tcalc_s,Qalpha_MeV,T_alpha_half_s
source-row-0068,68,251Lr,,Lr,251,103,148,Ismail2022_FormulaE,ismail2022_formula_e,9.438,,0.019,False,,0.0244,0.007,0.0045,,alpha,100,,,,-1.11937068144,0.0759677595897,-0.493239492218,0.321188885019,0,True,ok,within_implemented_formula,"{""Ac_used"": 4, ""Zc_used"": 2, ""l_used"": 0.0, ""parameter_set"": ""odd-even"", ""parity_case"": ""odd-even""}",1,1,HF = T_alpha_half_s / Tcalc_s,Qalpha_MeV,T_alpha_half_s
source-row-0069,69,252Lr,,Lr,252,103,149,Ismail2022_FormulaE,ismail2022_formula_e,9.164,,0.017,False,,0.585714285714,0.1,0.0714285714286,approx,"alpha, EC, SF",70,10,,,-0.157171895908,0.696350840445,-0.0751422873868,0.841119521504,0,True,ok,within_implemented_formula,"{""Ac_used"": 4, ""Zc_used"": 2, ""l_used"": 0.0, ""parameter_set"": ""odd-odd"", ""parity_case"": ""odd-odd""}",1,1,HF = T_alpha_half_s / Tcalc_s,Qalpha_MeV,T_alpha_half_s
source-row-0070,70,253Lr,,Lr,253,103,150,Ismail2022_FormulaE,ismail2022_formula_e,8.918,,0.02,False,,0.638383838384,0.0464646464646,0.0464646464646,,"alpha, EC, SF",99,1,,,0.419908500524,2.62971389139,-0.614826616839,0.242757906278,0,True,ok,within_implemented_formula,"{""Ac_used"": 4, ""Zc_used"": 2, ""l_used"": 0.0, ""parameter_set"": ""odd-even"", ""parity_case"": ""odd-even""}",1,1,HF = T_alpha_half_s / Tcalc_s,Qalpha_MeV,T_alpha_half_s
source-row-0071,71,254Lr,,Lr,254,103,151,Ismail2022_FormulaE,ismail2022_formula_e,8.822,,0.008,False,,16.7364016736,1.25523012552,1.25523012552,,"alpha, EC, SF",71.7,0.1,,,0.893354550277,7.82266172143,0.330307540102,2.13947659628,0,True,ok,within_implemented_formula,"{""Ac_used"": 4, ""Zc_used"": 2, ""l_used"": 0.0, ""parameter_set"": ""odd-odd"", ""parity_case"": ""odd-odd""}",1,1,HF = T_alpha_half_s / Tcalc_s,Qalpha_MeV,T_alpha_half_s
source-row-0072,72,255Lr,,Lr,255,103,152,Ismail2022_FormulaE,ismail2022_formula_e,8.556,,0.007,False,,31.1935807422,1.10330992979,1.10330992979,,"alpha, EC, SF",99.7,0.1,,,1.56181671716,36.4600044363,-0.067751486447,0.855556142258,0,True,ok,within_implemented_formula,"{""Ac_used"": 4, ""Zc_used"": 2, ""l_used"": 0.0, ""parameter_set"": ""odd-even"", ""parity_case"": ""odd-even""}",1,1,HF = T_alpha_half_s / Tcalc_s,Qalpha_MeV,T_alpha_half_s
source-row-0073,73,256Lr,,Lr,256,103,153,Ismail2022_FormulaE,ismail2022_formula_e,8.85,,0.12,False,,32.8235294118,1.17647058824,1.17647058824,,"alpha, EC, SF",85,0.03,,,0.780560472658,6.03337712897,0.735624804902,5.44032449989,0,True,ok,within_implemented_formula,"{""Ac_used"": 4, ""Zc_used"": 2, ""l_used"": 0.0, ""parameter_set"": ""odd-odd"", ""parity_case"": ""odd-odd""}",1,1,HF = T_alpha_half_s / Tcalc_s,Qalpha_MeV,T_alpha_half_s
source-row-0074,74,257Lr,,Lr,257,103,154,Ismail2022_FormulaE,ismail2022_formula_e,9.07,,0.03,False,,6,0.4,0.4,,"alpha, EC, SF",100,0.03,,,-0.161520648181,0.689412814816,0.939671898564,8.70305841589,0,True,ok,within_implemented_formula,"{""Ac_used"": 4, ""Zc_used"": 2, ""l_used"": 0.0, ""parameter_set"": ""odd-even"", ""parity_case"": ""odd-even""}",1,1,HF = T_alpha_half_s / Tcalc_s,Qalpha_MeV,T_alpha_half_s
source-row-0075,75,258Lr,,Lr,258,103,155,Ismail2022_FormulaE,ismail2022_formula_e,8.904,,0.019,False,,3.96303901437,24.6406570842,23.613963039,,"alpha, SF",97.4,2.6,,,0.58463167274,3.84265746163,0.0133966750527,1.03132768246,0,True,ok,within_implemented_formula,"{""Ac_used"": 4, ""Zc_used"": 2, ""l_used"": 0.0, ""parameter_set"": ""odd-odd"", ""parity_case"": ""odd-odd""}",1,1,HF = T_alpha_half_s / Tcalc_s,Qalpha_MeV,T_alpha_half_s
source-row-0076,76,259Lr,,Lr,259,103,156,Ismail2022_FormulaE,ismail2022_formula_e,8.58,,0.07,True,,7.94871794872,0.384615384615,0.384615384615,,"alpha, SF",78,22,,,1.38197658468,24.0977550031,-0.481679497875,0.329853048456,0,True,ok,within_implemented_formula,"{""Ac_used"": 4, ""Zc_used"": 2, ""l_used"": 0.0, ""parameter_set"": ""odd-even"", ""parity_case"": ""odd-even""}",1,1,HF = T_alpha_half_s / Tcalc_s,Qalpha_MeV,T_alpha_half_s
source-row-0077,77,260Lr,,Lr,260,103,157,Ismail2022_FormulaE,ismail2022_formula_e,8.4,,0.14,True,,225,37.5,37.5,,"alpha, EC",80,,,,2.23663017324,172.436886721,0.115552344871,1.30482522781,0,True,ok,within_implemented_formula,"{""Ac_used"": 4, ""Zc_used"": 2, ""l_used"": 0.0, ""parameter_set"": ""odd-odd"", ""parity_case"": ""odd-odd""}",1,1,HF = T_alpha_half_s / Tcalc_s,Qalpha_MeV,T_alpha_half_s
source-row-0084,84,254Rf,,Rf,254,104,150,Ismail2022_FormulaE,ismail2022_formula_e,9.21,,0.2,True,,0.00152666666667,6.66666666667e-05,6.66666666667e-05,>,"alpha, SF",1.5,100,,,-0.684620157583,0.206718736774,-2.13163561913,0.00738523604822,0,True,ok,within_implemented_formula,"{""Ac_used"": 4, ""Zc_used"": 2, ""l_used"": 0.0, ""parameter_set"": ""even-even"", ""parity_case"": ""even-even""}",1,1,HF = T_alpha_half_s / Tcalc_s,Qalpha_MeV,T_alpha_half_s
source-row-0085,85,255Rf,,Rf,255,104,151,Ismail2022_FormulaE,ismail2022_formula_e,9.055,,0.004,False,,3.40816326531,0.0408163265306,0.0408163265306,,"alpha, EC, SF",49,51,,,0.0921324595256,1.23632445408,0.440387931593,2.75669000485,0,True,ok,within_implemented_formula,"{""Ac_used"": 4, ""Zc_used"": 2, ""l_used"": 0.0, ""parameter_set"": ""even-odd"", ""parity_case"": ""even-odd""}",1,1,HF = T_alpha_half_s / Tcalc_s,Qalpha_MeV,T_alpha_half_s
source-row-0086,86,256Rf,,Rf,256,104,152,Ismail2022_FormulaE,ismail2022_formula_e,8.926,,0.015,False,,2.12903225806,0.0161290322581,0.0161290322581,,"alpha, SF",0.31,99.69,,,0.115728643636,1.30535501989,0.212453598071,1.63099863686,0,True,ok,within_implemented_formula,"{""Ac_used"": 4, ""Zc_used"": 2, ""l_used"": 0.0, ""parameter_set"": ""even-even"", ""parity_case"": ""even-even""}",1,1,HF = T_alpha_half_s / Tcalc_s,Qalpha_MeV,T_alpha_half_s
source-row-0087,87,257Rf,,Rf,257,104,153,Ismail2022_FormulaE,ismail2022_formula_e,9.083,,0.008,False,,5.59910414334,0.223964165733,0.223964165733,,"alpha, EC, SF",89.3,1.3,,,-0.00780633605354,0.982185829264,0.755924881501,5.70065661356,0,True,ok,within_implemented_formula,"{""Ac_used"": 4, ""Zc_used"": 2, ""l_used"": 0.0, ""parameter_set"": ""even-odd"", ""parity_case"": ""even-odd""}",1,1,HF = T_alpha_half_s / Tcalc_s,Qalpha_MeV,T_alpha_half_s
source-row-0088,88,258Rf,,Rf,258,104,154,Ismail2022_FormulaE,ismail2022_formula_e,9.196,,0.008,False,,0.255102040816,0.0839212982756,0.0839212982756,,"SF, alpha",4.9,95.1,,,-0.776034369986,0.16748103266,0.182748302966,1.52316973907,0,True,ok,within_implemented_formula,"{""Ac_used"": 4, ""Zc_used"": 2, ""l_used"": 0.0, ""parameter_set"": ""even-even"", ""parity_case"": ""even-even""}",1,1,HF = T_alpha_half_s / Tcalc_s,Qalpha_MeV,T_alpha_half_s
source-row-0089,89,259Rf,,Rf,259,104,155,Ismail2022_FormulaE,ismail2022_formula_e,9.13,,0.07,True,,2.94117647059,0.470588235294,0.352941176471,,"alpha, EC, SF",85,3,,,-0.164536401388,0.684642095839,0.633057484345,4.29593285085,0,True,ok,within_implemented_formula,"{""Ac_used"": 4, ""Zc_used"": 2, ""l_used"": 0.0, ""parameter_set"": ""even-odd"", ""parity_case"": ""even-odd""}",1,1,HF = T_alpha_half_s / Tcalc_s,Qalpha_MeV,T_alpha_half_s
source-row-0090,90,260Rf,,Rf,260,104,156,Ismail2022_FormulaE,ismail2022_formula_e,8.9,,0.2,True,,1.085,0.04,0.04,approx,"SF, alpha (unobserved)",2,98,,,0.0570667628575,1.1404250884,-0.0216370246729,0.951399623736,0,True,ok,within_implemented_formula,"{""Ac_used"": 4, ""Zc_used"": 2, ""l_used"": 0.0, ""parameter_set"": ""even-even"", ""parity_case"": ""even-even""}",1,1,HF = T_alpha_half_s / Tcalc_s,Qalpha_MeV,T_alpha_half_s
source-row-0091,91,261Rf^a,a,Rf,261,104,157,Ismail2022_FormulaE,ismail2022_formula_e,8.40887159533,8.28,,False,,68,,,,alpha,100,,257No,257No:100% (within alpha branch),2.13274609674,135.751956265,-0.300237184037,0.500913591752,0,True,ok,within_implemented_formula,"{""Ac_used"": 4, ""Zc_used"": 2, ""l_used"": 0.0, ""parameter_set"": ""even-odd"", ""parity_case"": ""even-odd""}",1,2,HF = T_alpha_half_s / Tcalc_s,Qalpha_MeV,T_alpha_half_s
source-row-0092,92,261Rf^b,b,Rf,261,104,157,Ismail2022_FormulaE,ismail2022_formula_e,8.64245136187,8.51,,False,,14.4444444444,,,,"alpha, SF",18,82,257No,257No:100% (within alpha branch),1.35238301584,22.5103898172,-0.192682172969,0.641679000751,0,True,ok,within_implemented_formula,"{""Ac_used"": 4, ""Zc_used"": 2, ""l_used"": 0.0, ""parameter_set"": ""even-odd"", ""parity_case"": ""even-odd""}",2,2,HF = T_alpha_half_s / Tcalc_s,Qalpha_MeV,T_alpha_half_s
source-row-0097,97,255Db,,Db,255,105,150,Ismail2022_FormulaE,ismail2022_formula_e,9.34,,0.2,True,,0.0325,0.005,0.00375,,"alpha, SF",8,92,,,-0.0654462784398,0.860109454527,-1.42267036058,0.0377858885621,0,True,ok,within_implemented_formula,"{""Ac_used"": 4, ""Zc_used"": 2, ""l_used"": 0.0, ""parameter_set"": ""odd-even"", ""parity_case"": ""odd-even""}",1,1,HF = T_alpha_half_s / Tcalc_s,Qalpha_MeV,T_alpha_half_s
source-row-0098,98,256Db,,Db,256,105,151,Ismail2022_FormulaE,ismail2022_formula_e,9.34,,0.03,False,,2.71428571429,0.571428571429,0.428571428571,approx,"alpha, EC, SF",70,0.02,,,0.0327684819776,1.07837169986,0.400887078961,2.51702239092,0,True,ok,within_implemented_formula,"{""Ac_used"": 4, ""Zc_used"": 2, ""l_used"": 0.0, ""parameter_set"": ""odd-odd"", ""parity_case"": ""odd-odd""}",1,1,HF = T_alpha_half_s / Tcalc_s,Qalpha_MeV,T_alpha_half_s
source-row-0099,99,257Db,,Db,257,105,152,Ismail2022_FormulaE,ismail2022_formula_e,9.206,,0.02,False,,2.44680851064,0.212765957447,0.212765957447,<=,"alpha, SF",94,6,,,0.29346278055,1.96545353213,0.0951372018678,1.24490783966,0,True,ok,within_implemented_formula,"{""Ac_used"": 4, ""Zc_used"": 2, ""l_used"": 0.0, ""parameter_set"": ""odd-even"", ""parity_case"": ""odd-even""}",1,1,HF = T_alpha_half_s / Tcalc_s,Qalpha_MeV,T_alpha_half_s
source-row-0100,100,258Db,,Db,258,105,153,Ismail2022_FormulaE,ismail2022_formula_e,9.437,,0.01,False,,3.390625,0.5625,0.5625,,"alpha, SF",64,36,,,-0.279405380429,0.525526498893,0.809685140294,6.45186304999,0,True,ok,within_implemented_formula,"{""Ac_used"": 4, ""Zc_used"": 2, ""l_used"": 0.0, ""parameter_set"": ""odd-odd"", ""parity_case"": ""odd-odd""}",1,1,HF = T_alpha_half_s / Tcalc_s,Qalpha_MeV,T_alpha_half_s
source-row-0101,101,259Db,,Db,259,105,154,Ismail2022_FormulaE,ismail2022_formula_e,9.62,,0.05,False,,0.51,0.16,0.16,,alpha,100,,,,-1.00296178851,0.0993203431788,0.710531964607,5.13489969605,0,True,ok,within_implemented_formula,"{""Ac_used"": 4, ""Zc_used"": 2, ""l_used"": 0.0, ""parameter_set"": ""odd-even"", ""parity_case"": ""odd-even""}",1,1,HF = T_alpha_half_s / Tcalc_s,Qalpha_MeV,T_alpha_half_s
source-row-0102,102,260Db,,Db,260,105,155,Ismail2022_FormulaE,ismail2022_formula_e,9.5,,0.04,True,,1.68888888889,0.144444444444,0.144444444444,,"alpha, EC, SF",90,10,,,-0.487920736608,0.325146634712,0.715521815113,5.19423764107,0,True,ok,within_implemented_formula,"{""Ac_used"": 4, ""Zc_used"": 2, ""l_used"": 0.0, ""parameter_set"": ""odd-odd"", ""parity_case"": ""odd-odd""}",1,1,HF = T_alpha_half_s / Tcalc_s,Qalpha_MeV,T_alpha_half_s
source-row-0103,103,261Db,,Db,261,105,156,Ismail2022_FormulaE,ismail2022_formula_e,9.22,,0.1,True,,5.61643835616,1.91780821918,1.09589041096,,"alpha, SF",73,27,,,0.148706920811,1.40833807512,0.600754075789,3.98799013915,0,True,ok,within_implemented_formula,"{""Ac_used"": 4, ""Zc_used"": 2, ""l_used"": 0.0, ""parameter_set"": ""odd-even"", ""parity_case"": ""odd-even""}",1,1,HF = T_alpha_half_s / Tcalc_s,Qalpha_MeV,T_alpha_half_s
source-row-0104,104,262Db,,Db,262,105,157,Ismail2022_FormulaE,ismail2022_formula_e,9.05,,0.1,True,,70.8333333333,8.33333333333,8.33333333333,,"alpha, EC, SF",48,52,,,0.86409558731,7.31300023382,0.986142092356,9.68594708991,0,True,ok,within_implemented_formula,"{""Ac_used"": 4, ""Zc_used"": 2, ""l_used"": 0.0, ""parameter_set"": ""odd-odd"", ""parity_case"": ""odd-odd""}",1,1,HF = T_alpha_half_s / Tcalc_s,Qalpha_MeV,T_alpha_half_s
source-row-0105,105,263Db,,Db,263,105,158,Ismail2022_FormulaE,ismail2022_formula_e,8.83,,0.15,True,,72.972972973,27.027027027,18.9189189189,,"alpha, EC, SF",37,56,,,1.34976320036,22.3750080561,0.513398839736,3.26136074633,0,True,ok,within_implemented_formula,"{""Ac_used"": 4, ""Zc_used"": 2, ""l_used"": 0.0, ""parameter_set"": ""odd-even"", ""parity_case"": ""odd-even""}",1,1,HF = T_alpha_half_s / Tcalc_s,Qalpha_MeV,T_alpha_half_s
source-row-0108,108,268Db,,Db,268,105,163,Ismail2022_FormulaE,ismail2022_formula_e,7.7,,,False,,112941.176471,42352.9411765,28235.2941176,,"alpha, EC, SF",51,49,,,5.6180895357,415039.599863,-0.565237228379,0.272121446984,0,True,ok,within_implemented_formula,"{""Ac_used"": 4, ""Zc_used"": 2, ""l_used"": 0.0, ""parameter_set"": ""odd-odd"", ""parity_case"": ""odd-odd""}",1,1,HF = T_alpha_half_s / Tcalc_s,Qalpha_MeV,T_alpha_half_s
source-row-0109,109,270Db,,Db,270,105,165,Ismail2022_FormulaE,ismail2022_formula_e,8.019,,0.03,False,,21176.4705882,40235.2941176,8470.58823529,,"alpha, SF",17,83,,,4.34434356745,22097.5216183,-0.0184899880577,0.95831880851,0,True,ok,within_implemented_formula,"{""Ac_used"": 4, ""Zc_used"": 2, ""l_used"": 0.0, ""parameter_set"": ""odd-odd"", ""parity_case"": ""odd-odd""}",1,1,HF = T_alpha_half_s / Tcalc_s,Qalpha_MeV,T_alpha_half_s
source-row-0110,110,257Sg,,Sg,257,106,151,Ismail2022_FormulaE,ismail2022_formula_e,9.45,,0.07,False,,0.126,0.037,0.023,approx,"alpha, SF",10,90,,,-0.386301134079,0.410864734113,-0.513328320803,0.306670272571,0,True,ok,within_implemented_formula,"{""Ac_used"": 4, ""Zc_used"": 2, ""l_used"": 0.0, ""parameter_set"": ""even-odd"", ""parity_case"": ""even-odd""}",1,1,HF = T_alpha_half_s / Tcalc_s,Qalpha_MeV,T_alpha_half_s
source-row-0112,112,259Sg,,Sg,259,106,153,Ismail2022_FormulaE,ismail2022_formula_e,9.765,,0.008,False,,0.402,0.056,0.056,,"alpha, EC, SF^r",100,,,,-1.29800113182,0.0503499296607,0.902227184908,7.98412237532,0,True,ok,within_implemented_formula,"{""Ac_used"": 4, ""Zc_used"": 2, ""l_used"": 0.0, ""parameter_set"": ""even-odd"", ""parity_case"": ""even-odd""}",1,1,HF = T_alpha_half_s / Tcalc_s,Qalpha_MeV,T_alpha_half_s
source-row-0113,113,260Sg,,Sg,260,106,154,Ismail2022_FormulaE,ismail2022_formula_e,9.901,,0.01,False,,0.00697183098592,0.000464788732394,0.000464788732394,,"alpha, SF",71,29,,,-2.02126573184,0.00952213354781,-0.135387417942,0.732171099146,0,True,ok,within_implemented_formula,"{""Ac_used"": 4, ""Zc_used"": 2, ""l_used"": 0.0, ""parameter_set"": ""even-even"", ""parity_case"": ""even-even""}",1,1,HF = T_alpha_half_s / Tcalc_s,Qalpha_MeV,T_alpha_half_s
source-row-0114,114,261Sg,,Sg,261,106,155,Ismail2022_FormulaE,ismail2022_formula_e,9.55645914397,9.41,0.0101556420233,False,,0.187563710499,0.00515389899459,0.00515389899459,,"alpha, EC, SF",98.1,0.6,257Rf,"g.s. (1/2+), 98.1(4)%",-0.723699093836,0.188929991993,-0.0031520905349,0.992768318683,0,True,ok,within_implemented_formula,"{""Ac_used"": 4, ""Zc_used"": 2, ""l_used"": 0.0, ""parameter_set"": ""even-odd"", ""parity_case"": ""even-odd""}",1,1,HF = T_alpha_half_s / Tcalc_s,Qalpha_MeV,T_alpha_half_s
source-row-0115,115,262Sg,,Sg,262,106,156,Ismail2022_FormulaE,ismail2022_formula_e,9.6,,0.015,False,,0.141666666667,0.0383333333333,0.025,,"alpha, SF",6,94,,,-1.24819452231,0.0564683993838,0.399462197646,2.50877779807,0,True,ok,within_implemented_formula,"{""Ac_used"": 4, ""Zc_used"": 2, ""l_used"": 0.0, ""parameter_set"": ""even-even"", ""parity_case"": ""even-even""}",1,1,HF = T_alpha_half_s / Tcalc_s,Qalpha_MeV,T_alpha_half_s
source-row-0116,116,263Sg,,Sg,263,106,157,Ismail2022_FormulaE,ismail2022_formula_e,9.4,,0.06,False,,1.08045977011,0.16091954023,0.16091954023,,"alpha, SF",87,13,,,-0.283420503978,0.520690310542,0.317029104959,2.07505257586,0,True,ok,within_implemented_formula,"{""Ac_used"": 4, ""Zc_used"": 2, ""l_used"": 0.0, ""parameter_set"": ""even-odd"", ""parity_case"": ""even-odd""}",1,1,HF = T_alpha_half_s / Tcalc_s,Qalpha_MeV,T_alpha_half_s
source-row-0118,118,265Sg^a,a,Sg,265,106,159,Ismail2022_FormulaE,ismail2022_formula_e,8.9754789272,8.84,,False,,8.5,,,,alpha,100,,261Rf,261Rf^a:91%; 261Rf^b:9%,0.995456422266,9.89592561744,-0.0660374965519,0.858939358337,0,True,ok,within_implemented_formula,"{""Ac_used"": 4, ""Zc_used"": 2, ""l_used"": 0.0, ""parameter_set"": ""even-odd"", ""parity_case"": ""even-odd""}",1,2,HF = T_alpha_half_s / Tcalc_s,Qalpha_MeV,T_alpha_half_s
source-row-0119,119,265Sg^b,b,Sg,265,106,159,Ismail2022_FormulaE,ismail2022_formula_e,8.82318007663,8.69,,False,,14.4,,,,alpha,100,,261Rf,261Rf^a:20%; 261Rf^b:80%,1.48193915221,30.3346614395,-0.323576660118,0.474704490396,0,True,ok,within_implemented_formula,"{""Ac_used"": 4, ""Zc_used"": 2, ""l_used"": 0.0, ""parameter_set"": ""even-odd"", ""parity_case"": ""even-odd""}",2,2,HF = T_alpha_half_s / Tcalc_s,Qalpha_MeV,T_alpha_half_s
source-row-0121,121,267Sg,,Sg,267,106,161,Ismail2022_FormulaE,ismail2022_formula_e,8.4,,0.02,False,,3458.82352941,3988.23529412,1588.23529412,,"alpha, SF",17,83,,,2.88864743094,773.833329152,0.650280973762,4.46972674749,0,True,ok,within_implemented_formula,"{""Ac_used"": 4, ""Zc_used"": 2, ""l_used"": 0.0, ""parameter_set"": ""even-odd"", ""parity_case"": ""even-odd""}",1,1,HF = T_alpha_half_s / Tcalc_s,Qalpha_MeV,T_alpha_half_s
source-row-0123,123,269Sg,,Sg,269,106,163,Ismail2022_FormulaE,ismail2022_formula_e,8.58,,0.07,False,,186,222,66,,alpha,100,,,,2.25786038183,181.075787167,0.0116525623892,1.02719420918,0,True,ok,within_implemented_formula,"{""Ac_used"": 4, ""Zc_used"": 2, ""l_used"": 0.0, ""parameter_set"": ""even-odd"", ""parity_case"": ""even-odd""}",1,1,HF = T_alpha_half_s / Tcalc_s,Qalpha_MeV,T_alpha_half_s
source-row-0124,124,271Sg,,Sg,271,106,165,Ismail2022_FormulaE,ismail2022_formula_e,8.629,,0.016,False,,42.4657534247,17.8082191781,9.58904109589,,"alpha, SF",73,27,,,2.07968255386,120.138596444,-0.451643720148,0.353473027667,0,True,ok,within_implemented_formula,"{""Ac_used"": 4, ""Zc_used"": 2, ""l_used"": 0.0, ""parameter_set"": ""even-odd"", ""parity_case"": ""even-odd""}",1,1,HF = T_alpha_half_s / Tcalc_s,Qalpha_MeV,T_alpha_half_s
source-row-0125,125,260Bh,,Bh,260,107,153,Ismail2022_FormulaE,ismail2022_formula_e,10.4,,0.06,False,,0.035,0.019,0.009,approx,"alpha, EC, SF",100,,,,-2.25620121688,0.00554368803854,0.80026926123,6.31348657368,0,True,ok,within_implemented_formula,"{""Ac_used"": 4, ""Zc_used"": 2, ""l_used"": 0.0, ""parameter_set"": ""odd-odd"", ""parity_case"": ""odd-odd""}",1,1,HF = T_alpha_half_s / Tcalc_s,Qalpha_MeV,T_alpha_half_s
source-row-0126,126,261Bh,,Bh,261,107,154,Ismail2022_FormulaE,ismail2022_formula_e,10.16,,,False,approx,0.0118,0.0039,0.0024,approx,"alpha, SF",100,,,,-1.73785919716,0.0182869300156,-0.190258795535,0.645269599104,0,True,ok,within_implemented_formula,"{""Ac_used"": 4, ""Zc_used"": 2, ""l_used"": 0.0, ""parameter_set"": ""odd-even"", ""parity_case"": ""odd-even""}",1,1,HF = T_alpha_half_s / Tcalc_s,Qalpha_MeV,T_alpha_half_s
source-row-0127,127,262Bh,,Bh,262,107,155,Ismail2022_FormulaE,ismail2022_formula_e,10.08,,,False,approx,0.096,0.018,0.013,approx,"alpha, SF",100,,,,-1.41819770328,0.0381770438443,0.400468936321,2.51460014535,0,True,ok,within_implemented_formula,"{""Ac_used"": 4, ""Zc_used"": 2, ""l_used"": 0.0, ""parameter_set"": ""odd-odd"", ""parity_case"": ""odd-odd""}",1,2,HF = T_alpha_half_s / Tcalc_s,Qalpha_MeV,T_alpha_half_s
source-row-0128,128,262Bh,,Bh,262,107,155,Ismail2022_FormulaE,ismail2022_formula_e,10.55,,,False,approx,0.021,0.008,0.005,approx,"alpha, SF",100,,,,-2.66608525006,0.00215732089515,0.988304544797,9.73429592566,0,True,ok,within_implemented_formula,"{""Ac_used"": 4, ""Zc_used"": 2, ""l_used"": 0.0, ""parameter_set"": ""odd-odd"", ""parity_case"": ""odd-odd""}",2,2,HF = T_alpha_half_s / Tcalc_s,Qalpha_MeV,T_alpha_half_s
source-row-0129,129,264Bh,,Bh,264,107,157,Ismail2022_FormulaE,ismail2022_formula_e,9.86,,0.15,True,,1.1511627907,0.267441860465,0.209302325581,,"alpha, SF",86,14,,,-0.825021817334,0.149616049269,0.886158560688,7.69411300676,0,True,ok,within_implemented_formula,"{""Ac_used"": 4, ""Zc_used"": 2, ""l_used"": 0.0, ""parameter_set"": ""odd-odd"", ""parity_case"": ""odd-odd""}",1,1,HF = T_alpha_half_s / Tcalc_s,Qalpha_MeV,T_alpha_half_s
source-row-0130,130,265Bh,,Bh,265,107,158,Ismail2022_FormulaE,ismail2022_formula_e,9.66,,0.21,True,,0.94,0.7,0.31,,alpha,100,,,,-0.419613560313,0.380527843301,0.392741413913,2.47025287781,0,True,ok,within_implemented_formula,"{""Ac_used"": 4, ""Zc_used"": 2, ""l_used"": 0.0, ""parameter_set"": ""odd-even"", ""parity_case"": ""odd-even""}",1,1,HF = T_alpha_half_s / Tcalc_s,Qalpha_MeV,T_alpha_half_s
source-row-0131,131,266Bh,,Bh,266,107,159,Ismail2022_FormulaE,ismail2022_formula_e,9.43,,0.08,True,,10,2.7,1.6,,"alpha, EC, SF",100,,,,0.41583290936,2.60515105026,0.58416709064,3.83854901581,0,True,ok,within_implemented_formula,"{""Ac_used"": 4, ""Zc_used"": 2, ""l_used"": 0.0, ""parameter_set"": ""odd-odd"", ""parity_case"": ""odd-odd""}",1,1,HF = T_alpha_half_s / Tcalc_s,Qalpha_MeV,T_alpha_half_s
source-row-0132,132,267Bh,,Bh,267,107,160,Ismail2022_FormulaE,ismail2022_formula_e,9.23,,0.2,True,,16,7,4,,alpha,100,,,,0.844038195908,6.98293815848,0.360081786748,2.29129911176,0,True,ok,within_implemented_formula,"{""Ac_used"": 4, ""Zc_used"": 2, ""l_used"": 0.0, ""parameter_set"": ""odd-even"", ""parity_case"": ""odd-even""}",1,1,HF = T_alpha_half_s / Tcalc_s,Qalpha_MeV,T_alpha_half_s
source-row-0133,133,270Bh,,Bh,270,107,163,Ismail2022_FormulaE,ismail2022_formula_e,9.06,,0.1,False,,144,264,54,approx,alpha,100,,,,1.52834476611,33.755517161,0.630017725988,4.26596930254,0,True,ok,within_implemented_formula,"{""Ac_used"": 4, ""Zc_used"": 2, ""l_used"": 0.0, ""parameter_set"": ""odd-odd"", ""parity_case"": ""odd-odd""}",1,1,HF = T_alpha_half_s / Tcalc_s,Qalpha_MeV,T_alpha_half_s
source-row-0134,134,271Bh,,Bh,271,107,164,Ismail2022_FormulaE,ismail2022_formula_e,9.42,,0.09,False,,2.9,2.2,0.9,,alpha,100,,,,0.161233679674,1.44955160011,0.301164318225,2.00061867393,0,True,ok,within_implemented_formula,"{""Ac_used"": 4, ""Zc_used"": 2, ""l_used"": 0.0, ""parameter_set"": ""odd-even"", ""parity_case"": ""odd-even""}",1,1,HF = T_alpha_half_s / Tcalc_s,Qalpha_MeV,T_alpha_half_s
source-row-0135,135,272Bh,,Bh,272,107,165,Ismail2022_FormulaE,ismail2022_formula_e,9.3,,0.05,False,,8.8,0.7,0.7,,alpha,100,,,,0.745895309517,5.57051450621,0.198587362634,1.57974635739,0,True,ok,within_implemented_formula,"{""Ac_used"": 4, ""Zc_used"": 2, ""l_used"": 0.0, ""parameter_set"": ""odd-odd"", ""parity_case"": ""odd-odd""}",1,1,HF = T_alpha_half_s / Tcalc_s,Qalpha_MeV,T_alpha_half_s
source-row-0136,136,274Bh,,Bh,274,107,167,Ismail2022_FormulaE,ismail2022_formula_e,8.94,,0.06,False,,44,34,13,,alpha,100,,,,1.87197674757,74.4692101499,-0.228524071081,0.590848216484,0,True,ok,within_implemented_formula,"{""Ac_used"": 4, ""Zc_used"": 2, ""l_used"": 0.0, ""parameter_set"": ""odd-odd"", ""parity_case"": ""odd-odd""}",1,1,HF = T_alpha_half_s / Tcalc_s,Qalpha_MeV,T_alpha_half_s
source-row-0137,137,263Hs,,Hs,263,108,155,Ismail2022_FormulaE,ismail2022_formula_e,10.73,,0.08,False,,0.00074,0.00048,0.00021,,"alpha, SF",100,,,,-3.18349958853,0.000655390906781,0.0527313082603,1.1290971424,0,True,ok,within_implemented_formula,"{""Ac_used"": 4, ""Zc_used"": 2, ""l_used"": 0.0, ""parameter_set"": ""even-odd"", ""parity_case"": ""even-odd""}",1,1,HF = T_alpha_half_s / Tcalc_s,Qalpha_MeV,T_alpha_half_s
source-row-0138,138,264Hs,,Hs,264,108,156,Ismail2022_FormulaE,ismail2022_formula_e,10.591,,0.02,False,,0.0009,0.000485714285714,0.000228571428571,,"alpha, SF",70,30,,,-3.1639687134,0.000685537610836,0.118211222844,1.31283825391,0,True,ok,within_implemented_formula,"{""Ac_used"": 4, ""Zc_used"": 2, ""l_used"": 0.0, ""parameter_set"": ""even-even"", ""parity_case"": ""even-even""}",1,1,HF = T_alpha_half_s / Tcalc_s,Qalpha_MeV,T_alpha_half_s
source-row-0139,139,265Hs,,Hs,265,108,157,Ismail2022_FormulaE,ismail2022_formula_e,10.47,,0.015,False,,0.0019,0.0002,0.0001,,"alpha, SF",100,,,,-2.54683473247,0.00283899918291,-0.174411666578,0.66924992844,0,True,ok,within_implemented_formula,"{""Ac_used"": 4, ""Zc_used"": 2, ""l_used"": 0.0, ""parameter_set"": ""even-odd"", ""parity_case"": ""even-odd""}",1,1,HF = T_alpha_half_s / Tcalc_s,Qalpha_MeV,T_alpha_half_s
source-row-0140,140,266Hs,,Hs,266,108,158,Ismail2022_FormulaE,ismail2022_formula_e,10.346,,0.016,False,,0.000973684210526,0.000631578947368,0.000276315789474,,"alpha, SF",76,24,,,-2.60142704997,0.00250364615968,-0.410154822584,0.388906478163,0,True,ok,within_implemented_formula,"{""Ac_used"": 4, ""Zc_used"": 2, ""l_used"": 0.0, ""parameter_set"": ""even-even"", ""parity_case"": ""even-even""}",1,1,HF = T_alpha_half_s / Tcalc_s,Qalpha_MeV,T_alpha_half_s
source-row-0141,141,267Hs,,Hs,267,108,159,Ismail2022_FormulaE,ismail2022_formula_e,10.038,,0.013,False,,0.06625,0.015,0.01,<,"alpha, SF",80,,,,-1.42366277336,0.0376996420456,0.244848655967,1.75731111505,0,True,ok,within_implemented_formula,"{""Ac_used"": 4, ""Zc_used"": 2, ""l_used"": 0.0, ""parameter_set"": ""even-odd"", ""parity_case"": ""even-odd""}",1,1,HF = T_alpha_half_s / Tcalc_s,Qalpha_MeV,T_alpha_half_s
source-row-0142,142,268Hs,,Hs,268,108,160,Ismail2022_FormulaE,ismail2022_formula_e,9.623,,0.016,False,,0.4,1.8,0.2,approx,alpha,100,,,,-0.684521463255,0.206765719377,0.286581454583,1.93455666251,0,True,ok,within_implemented_formula,"{""Ac_used"": 4, ""Zc_used"": 2, ""l_used"": 0.0, ""parameter_set"": ""even-even"", ""parity_case"": ""even-even""}",1,1,HF = T_alpha_half_s / Tcalc_s,Qalpha_MeV,T_alpha_half_s
source-row-0143,143,269Hs,,Hs,269,108,161,Ismail2022_FormulaE,ismail2022_formula_e,9.34,,0.04,False,,13,10,4,,alpha,100,,,,0.56441258861,3.66785863227,0.549530763697,3.54430235823,0,True,ok,within_implemented_formula,"{""Ac_used"": 4, ""Zc_used"": 2, ""l_used"": 0.0, ""parameter_set"": ""even-odd"", ""parity_case"": ""even-odd""}",1,1,HF = T_alpha_half_s / Tcalc_s,Qalpha_MeV,T_alpha_half_s
source-row-0144,144,270Hs,,Hs,270,108,162,Ismail2022_FormulaE,ismail2022_formula_e,9.07,,0.04,False,,7.6,4.9,2.2,,"alpha, SF",100,,,,0.920669519061,8.33047027497,-0.0398559267799,0.912313440796,0,True,ok,within_implemented_formula,"{""Ac_used"": 4, ""Zc_used"": 2, ""l_used"": 0.0, ""parameter_set"": ""even-even"", ""parity_case"": ""even-even""}",1,1,HF = T_alpha_half_s / Tcalc_s,Qalpha_MeV,T_alpha_half_s
source-row-0146,146,272Hs,,Hs,272,108,164,Ismail2022_FormulaE,ismail2022_formula_e,9.772,,0.021,False,,0.16,0.19,0.06,,alpha,100,,,,-1.25240679705,0.0559233530533,0.456526779702,2.86105877535,0,True,ok,within_implemented_formula,"{""Ac_used"": 4, ""Zc_used"": 2, ""l_used"": 0.0, ""parameter_set"": ""even-even"", ""parity_case"": ""even-even""}",1,1,HF = T_alpha_half_s / Tcalc_s,Qalpha_MeV,T_alpha_half_s
source-row-0147,147,273Hs,,Hs,273,108,165,Ismail2022_FormulaE,ismail2022_formula_e,9.65,,0.06,False,,0.51,0.3,0.13,,"alpha, SF",100,,,,-0.379134590465,0.417700898573,0.0867047665626,1.22096936287,0,True,ok,within_implemented_formula,"{""Ac_used"": 4, ""Zc_used"": 2, ""l_used"": 0.0, ""parameter_set"": ""even-odd"", ""parity_case"": ""even-odd""}",1,1,HF = T_alpha_half_s / Tcalc_s,Qalpha_MeV,T_alpha_half_s
source-row-0148,148,275Hs,,Hs,275,108,167,Ismail2022_FormulaE,ismail2022_formula_e,9.45,,0.05,False,,0.168539325843,0.303370786517,0.0674157303371,<,"alpha, SF",89,11,,,0.193259353111,1.5604841186,-0.9665581007,0.108004512083,0,True,ok,within_implemented_formula,"{""Ac_used"": 4, ""Zc_used"": 2, ""l_used"": 0.0, ""parameter_set"": ""even-odd"", ""parity_case"": ""even-odd""}",1,1,HF = T_alpha_half_s / Tcalc_s,Qalpha_MeV,T_alpha_half_s
source-row-0150,150,266Mt,,Mt,266,109,157,Ismail2022_FormulaE,ismail2022_formula_e,10.996,,0.025,False,,0.0017,0.0006,0.0004,approx,"alpha, SF",100,,,,-3.13578863316,0.000731495008261,0.366237554543,2.32400765665,0,True,ok,within_implemented_formula,"{""Ac_used"": 4, ""Zc_used"": 2, ""l_used"": 0.0, ""parameter_set"": ""odd-odd"", ""parity_case"": ""odd-odd""}",1,1,HF = T_alpha_half_s / Tcalc_s,Qalpha_MeV,T_alpha_half_s
source-row-0151,151,268Mt,,Mt,268,109,159,Ismail2022_FormulaE,ismail2022_formula_e,10.77,,0.15,False,,0.021,0.008,0.005,,alpha,100,,,,-2.59245216096,0.00255592342935,0.914671455697,8.21620857608,0,True,ok,within_implemented_formula,"{""Ac_used"": 4, ""Zc_used"": 2, ""l_used"": 0.0, ""parameter_set"": ""odd-odd"", ""parity_case"": ""odd-odd""}",1,1,HF = T_alpha_half_s / Tcalc_s,Qalpha_MeV,T_alpha_half_s
source-row-0152,152,270Mt,,Mt,270,109,161,Ismail2022_FormulaE,ismail2022_formula_e,10.181,,0.05,False,,0.48,0.66,0.18,approx,alpha,100,,,,-1.05609381523,0.0878832653058,0.737335052601,5.46179068711,0,True,ok,within_implemented_formula,"{""Ac_used"": 4, ""Zc_used"": 2, ""l_used"": 0.0, ""parameter_set"": ""odd-odd"", ""parity_case"": ""odd-odd""}",1,1,HF = T_alpha_half_s / Tcalc_s,Qalpha_MeV,T_alpha_half_s
source-row-0153,153,274Mt,,Mt,274,109,165,Ismail2022_FormulaE,ismail2022_formula_e,10.6,,0.23,True,,0.64,0.76,0.23,approx,"alpha, SF",100,,,,-2.22201048656,0.00599776593751,2.02819046055,106.706398127,0,True,ok,within_implemented_formula,"{""Ac_used"": 4, ""Zc_used"": 2, ""l_used"": 0.0, ""parameter_set"": ""odd-odd"", ""parity_case"": ""odd-odd""}",1,1,HF = T_alpha_half_s / Tcalc_s,Qalpha_MeV,T_alpha_half_s
source-row-0154,154,275Mt,,Mt,275,109,166,Ismail2022_FormulaE,ismail2022_formula_e,10.48,,0.05,False,,0.02,0.013,0.006,,alpha,100,,,,-2.12501034587,0.00749876345387,0.42604034153,2.66710640001,0,True,ok,within_implemented_formula,"{""Ac_used"": 4, ""Zc_used"": 2, ""l_used"": 0.0, ""parameter_set"": ""odd-even"", ""parity_case"": ""odd-even""}",1,1,HF = T_alpha_half_s / Tcalc_s,Qalpha_MeV,T_alpha_half_s
source-row-0155,155,276Mt,,Mt,276,109,167,Ismail2022_FormulaE,ismail2022_formula_e,10.1,,0.01,False,,0.62,0.06,0.04,,alpha,100,,,,-0.898415510789,0.126352689097,0.690807200287,4.90689991984,0,True,ok,within_implemented_formula,"{""Ac_used"": 4, ""Zc_used"": 2, ""l_used"": 0.0, ""parameter_set"": ""odd-odd"", ""parity_case"": ""odd-odd""}",1,1,HF = T_alpha_half_s / Tcalc_s,Qalpha_MeV,T_alpha_half_s
source-row-0157,157,278Mt,,Mt,278,109,169,Ismail2022_FormulaE,ismail2022_formula_e,9.58,,0.03,False,,4.5,3.5,1.3,,"alpha, SF",100,,,,0.589107248468,3.88246231065,0.0641052653072,1.15905825735,0,True,ok,within_implemented_formula,"{""Ac_used"": 4, ""Zc_used"": 2, ""l_used"": 0.0, ""parameter_set"": ""odd-odd"", ""parity_case"": ""odd-odd""}",1,1,HF = T_alpha_half_s / Tcalc_s,Qalpha_MeV,T_alpha_half_s
source-row-0158,158,267Ds,,Ds,267,110,157,Ismail2022_FormulaE,ismail2022_formula_e,11.78,,0.05,False,,2.8e-06,1.33e-05,1e-07,uncertain,alpha ?,100,,,,-5.02013750409,9.54690269026e-06,-0.532704464565,0.293288838364,0,True,ok,within_implemented_formula,"{""Ac_used"": 4, ""Zc_used"": 2, ""l_used"": 0.0, ""parameter_set"": ""even-odd"", ""parity_case"": ""even-odd""}",1,1,HF = T_alpha_half_s / Tcalc_s,Qalpha_MeV,T_alpha_half_s
source-row-0159,159,269Ds,,Ds,269,110,159,Ismail2022_FormulaE,ismail2022_formula_e,11.51,,0.03,False,,0.00017,0.00016,6e-05,,alpha,100,,,,-4.43616632833,3.66297261372e-05,0.666615249711,4.64103933955,0,True,ok,within_implemented_formula,"{""Ac_used"": 4, ""Zc_used"": 2, ""l_used"": 0.0, ""parameter_set"": ""even-odd"", ""parity_case"": ""even-odd""}",1,1,HF = T_alpha_half_s / Tcalc_s,Qalpha_MeV,T_alpha_half_s
source-row-0160,160,270Ds,,Ds,270,110,160,Ismail2022_FormulaE,ismail2022_formula_e,11.117,,0.028,False,,0.0002,7e-05,4e-05,,"alpha, SF",100,,,,-3.87564384795,0.000133154593175,0.176673843617,1.50201352601,0,True,ok,within_implemented_formula,"{""Ac_used"": 4, ""Zc_used"": 2, ""l_used"": 0.0, ""parameter_set"": ""even-even"", ""parity_case"": ""even-even""}",1,1,HF = T_alpha_half_s / Tcalc_s,Qalpha_MeV,T_alpha_half_s
source-row-0161,161,271Ds,,Ds,271,110,161,Ismail2022_FormulaE,ismail2022_formula_e,10.87,,0.018,False,,0.00163,0.00044,2e-05,,alpha,100,,,,-2.94378919403,0.00113817962266,0.155976798429,1.4321113887,0,True,ok,within_implemented_formula,"{""Ac_used"": 4, ""Zc_used"": 2, ""l_used"": 0.0, ""parameter_set"": ""even-odd"", ""parity_case"": ""even-odd""}",1,1,HF = T_alpha_half_s / Tcalc_s,Qalpha_MeV,T_alpha_half_s
source-row-0162,162,273Ds^a,a,Ds,273,110,163,Ismail2022_FormulaE,ismail2022_formula_e,11.0519330855,10.89,0.0202973977695,False,,0.01734,0.03155,0.00683,,alpha,100,,269Hs,269Hs:100% (within alpha branch),-3.3993956002,0.000398661594825,1.63844469334,43.4955366282,0,True,ok,within_implemented_formula,"{""Ac_used"": 4, ""Zc_used"": 2, ""l_used"": 0.0, ""parameter_set"": ""even-odd"", ""parity_case"": ""even-odd""}",1,2,HF = T_alpha_half_s / Tcalc_s,Qalpha_MeV,T_alpha_half_s
source-row-0163,163,273Ds^m,,Ds,273,110,163,Ismail2022_FormulaE,ismail2022_formula_e,11.33,,0.02,False,,0.00016,8e-05,5e-05,,alpha,100,,,,-4.05367703023,8.83736860624e-05,0.257797012881,1.81049367893,0,True,ok,within_implemented_formula,"{""Ac_used"": 4, ""Zc_used"": 2, ""l_used"": 0.0, ""parameter_set"": ""even-odd"", ""parity_case"": ""even-odd""}",2,2,HF = T_alpha_half_s / Tcalc_s,Qalpha_MeV,T_alpha_half_s
source-row-0164,164,275Ds,,Ds,275,110,165,Ismail2022_FormulaE,ismail2022_formula_e,11.37,,0.02,False,,0.00043,0.00029,0.00012,,alpha,100,,,,-4.1597166389,6.92282512354e-05,0.793185094478,6.21133702393,0,True,ok,within_implemented_formula,"{""Ac_used"": 4, ""Zc_used"": 2, ""l_used"": 0.0, ""parameter_set"": ""even-odd"", ""parity_case"": ""even-odd""}",1,1,HF = T_alpha_half_s / Tcalc_s,Qalpha_MeV,T_alpha_half_s
source-row-0165,165,276Ds,,Ds,276,110,166,Ismail2022_FormulaE,ismail2022_formula_e,10.904,,0.028,False,,0.000348837209302,0.000232558139535,9.3023255814e-05,,"alpha, SF",43,57,,,-3.56160901641,0.000274404344845,0.104231819885,1.27125249966,0,True,ok,within_implemented_formula,"{""Ac_used"": 4, ""Zc_used"": 2, ""l_used"": 0.0, ""parameter_set"": ""even-even"", ""parity_case"": ""even-even""}",1,1,HF = T_alpha_half_s / Tcalc_s,Qalpha_MeV,T_alpha_half_s
source-row-0166,166,277Ds,,Ds,277,110,167,Ismail2022_FormulaE,ismail2022_formula_e,10.71,,0.04,False,,0.0035,0.0021,0.0009,,"alpha, SF",100,,,,-2.58763100277,0.00258445513394,0.13169904712,1.35425063258,0,True,ok,within_implemented_formula,"{""Ac_used"": 4, ""Zc_used"": 2, ""l_used"": 0.0, ""parameter_set"": ""even-odd"", ""parity_case"": ""even-odd""}",1,1,HF = T_alpha_half_s / Tcalc_s,Qalpha_MeV,T_alpha_half_s
source-row-0167,167,279Ds,,Ds,279,110,169,Ismail2022_FormulaE,ismail2022_formula_e,9.827,,0.015,True,,1.43076923077,0.161538461538,0.130769230769,,"alpha, SF",13,87,,,-0.23440306322,0.582903867443,0.389972655131,2.45455436253,0,True,ok,within_implemented_formula,"{""Ac_used"": 4, ""Zc_used"": 2, ""l_used"": 0.0, ""parameter_set"": ""even-odd"", ""parity_case"": ""even-odd""}",1,1,HF = T_alpha_half_s / Tcalc_s,Qalpha_MeV,T_alpha_half_s
source-row-0169,169,281Ds,,Ds,281,110,171,Ismail2022_FormulaE,ismail2022_formula_e,9.47,,0.21,True,,130,45,27,,"alpha, SF",10,90,,,0.802021605554,6.33901246189,1.31192174675,20.5079262395,0,True,ok,within_implemented_formula,"{""Ac_used"": 4, ""Zc_used"": 2, ""l_used"": 0.0, ""parameter_set"": ""even-odd"", ""parity_case"": ""even-odd""}",1,1,HF = T_alpha_half_s / Tcalc_s,Qalpha_MeV,T_alpha_half_s
source-row-0170,170,272Rg,,Rg,272,111,161,Ismail2022_FormulaE,ismail2022_formula_e,11.197,,0.013,False,,0.0038,0.0014,0.0008,,alpha,100,,,,-3.00962505241,0.000978081281769,0.589408649031,3.88515767639,0,True,ok,within_implemented_formula,"{""Ac_used"": 4, ""Zc_used"": 2, ""l_used"": 0.0, ""parameter_set"": ""odd-odd"", ""parity_case"": ""odd-odd""}",1,1,HF = T_alpha_half_s / Tcalc_s,Qalpha_MeV,T_alpha_half_s
source-row-0171,171,274Rg,,Rg,274,111,163,Ismail2022_FormulaE,ismail2022_formula_e,11.48,,0.09,False,,0.012,0.017,0.005,,alpha,100,,,,-3.70731797562,0.000196192329748,1.78649922166,61.1644706773,0,True,ok,within_implemented_formula,"{""Ac_used"": 4, ""Zc_used"": 2, ""l_used"": 0.0, ""parameter_set"": ""odd-odd"", ""parity_case"": ""odd-odd""}",1,1,HF = T_alpha_half_s / Tcalc_s,Qalpha_MeV,T_alpha_half_s
source-row-0172,172,278Rg,,Rg,278,111,167,Ismail2022_FormulaE,ismail2022_formula_e,10.85,,0.1,False,,0.0046,0.0055,0.0016,approx,"alpha, SF",100,,,,-2.20769826022,0.00619871600828,-0.129543908096,0.742089167152,0,True,ok,within_implemented_formula,"{""Ac_used"": 4, ""Zc_used"": 2, ""l_used"": 0.0, ""parameter_set"": ""odd-odd"", ""parity_case"": ""odd-odd""}",1,1,HF = T_alpha_half_s / Tcalc_s,Qalpha_MeV,T_alpha_half_s
source-row-0173,173,279Rg,,Rg,279,111,168,Ismail2022_FormulaE,ismail2022_formula_e,10.53,,0.17,False,,0.103448275862,0.0689655172414,0.0287356321839,,"alpha, SF",87,13,,,-1.54781081659,0.0283262564969,0.562534073411,3.65202778819,0,True,ok,within_implemented_formula,"{""Ac_used"": 4, ""Zc_used"": 2, ""l_used"": 0.0, ""parameter_set"": ""odd-even"", ""parity_case"": ""odd-even""}",1,1,HF = T_alpha_half_s / Tcalc_s,Qalpha_MeV,T_alpha_half_s
source-row-0174,174,280Rg,,Rg,280,111,169,Ismail2022_FormulaE,ismail2022_formula_e,10.149,,0.01,False,,3.9,0.3,0.3,,alpha,100,,,,-0.346961374728,0.449819859182,0.938025981754,8.67013743477,0,True,ok,within_implemented_formula,"{""Ac_used"": 4, ""Zc_used"": 2, ""l_used"": 0.0, ""parameter_set"": ""odd-odd"", ""parity_case"": ""odd-odd""}",1,1,HF = T_alpha_half_s / Tcalc_s,Qalpha_MeV,T_alpha_half_s
source-row-0175,175,281Rg,,Rg,281,111,170,Ismail2022_FormulaE,ismail2022_formula_e,9.9,,0.4,True,,78.5714285714,21.4285714286,7.14285714286,,"alpha, SF",14,88,,,0.183401701762,1.52546308233,1.71186294772,51.506607719,0,True,ok,within_implemented_formula,"{""Ac_used"": 4, ""Zc_used"": 2, ""l_used"": 0.0, ""parameter_set"": ""odd-even"", ""parity_case"": ""odd-even""}",1,1,HF = T_alpha_half_s / Tcalc_s,Qalpha_MeV,T_alpha_half_s
source-row-0176,176,282Rg,,Rg,282,111,171,Ismail2022_FormulaE,ismail2022_formula_e,9.55,,0.1,True,,100,70,30,approx,"alpha, SF",100,,,,1.40117315344,25.18680927,0.598826846563,3.97033220556,0,True,ok,within_implemented_formula,"{""Ac_used"": 4, ""Zc_used"": 2, ""l_used"": 0.0, ""parameter_set"": ""odd-odd"", ""parity_case"": ""odd-odd""}",1,1,HF = T_alpha_half_s / Tcalc_s,Qalpha_MeV,T_alpha_half_s
source-row-0177,177,277Cn,,Cn,277,112,165,Ismail2022_FormulaE,ismail2022_formula_e,11.62,,0.06,False,,0.00061,0.00046,0.00018,,alpha,100,,,,-4.13030956741,7.40782019705e-05,0.915639402424,8.234541117,0,True,ok,within_implemented_formula,"{""Ac_used"": 4, ""Zc_used"": 2, ""l_used"": 0.0, ""parameter_set"": ""even-odd"", ""parity_case"": ""even-odd""}",1,1,HF = T_alpha_half_s / Tcalc_s,Qalpha_MeV,T_alpha_half_s
source-row-0179,179,281Cn,,Cn,281,112,169,Ismail2022_FormulaE,ismail2022_formula_e,10.43,,0.06,False,,0.18,0.1,0.05,,"alpha, SF",100,,,,-1.23545629234,0.0581491951066,0.490728797444,3.095485667,0,True,ok,within_implemented_formula,"{""Ac_used"": 4, ""Zc_used"": 2, ""l_used"": 0.0, ""parameter_set"": ""even-odd"", ""parity_case"": ""even-odd""}",1,1,HF = T_alpha_half_s / Tcalc_s,Qalpha_MeV,T_alpha_half_s
source-row-0181,181,283Cn,,Cn,283,112,171,Ismail2022_FormulaE,ismail2022_formula_e,9.667,,0.015,False,,4.23333333333,0.5,0.4,<,"alpha, SF",90,10,,,0.902673712243,7.99233560952,-0.275991246006,0.529674120328,0,True,ok,within_implemented_formula,"{""Ac_used"": 4, ""Zc_used"": 2, ""l_used"": 0.0, ""parameter_set"": ""even-odd"", ""parity_case"": ""even-odd""}",1,1,HF = T_alpha_half_s / Tcalc_s,Qalpha_MeV,T_alpha_half_s
source-row-0182,182,284Cn,,Cn,284,112,172,Ismail2022_FormulaE,ismail2022_formula_e,9.46,,0.01,False,,4.9,1,0.7,,"alpha, SF",2,98,,,0.94142725147,8.73830605244,-0.251231171441,0.560749414199,0,True,ok,within_implemented_formula,"{""Ac_used"": 4, ""Zc_used"": 2, ""l_used"": 0.0, ""parameter_set"": ""even-even"", ""parity_case"": ""even-even""}",1,1,HF = T_alpha_half_s / Tcalc_s,Qalpha_MeV,T_alpha_half_s
source-row-0183,183,285Cn,,Cn,285,112,173,Ismail2022_FormulaE,ismail2022_formula_e,9.32,,0.02,False,,33,10,6,,alpha,100,,,,1.95444200027,90.0413505121,-0.435928060395,0.366498278983,0,True,ok,within_implemented_formula,"{""Ac_used"": 4, ""Zc_used"": 2, ""l_used"": 0.0, ""parameter_set"": ""even-odd"", ""parity_case"": ""even-odd""}",1,1,HF = T_alpha_half_s / Tcalc_s,Qalpha_MeV,T_alpha_half_s
source-row-0184,184,286Cn,,Cn,286,112,174,Ismail2022_FormulaE,ismail2022_formula_e,9.24,,0.76,True,,8.4,40.5,3.9,,"(alpha, SF)",100,,,,1.5577443098,36.1197145772,-0.633465023741,0.23255997724,0,True,ok,within_implemented_formula,"{""Ac_used"": 4, ""Zc_used"": 2, ""l_used"": 0.0, ""parameter_set"": ""even-even"", ""parity_case"": ""even-even""}",1,1,HF = T_alpha_half_s / Tcalc_s,Qalpha_MeV,T_alpha_half_s
source-row-0185,185,278Nh,,Nh,278,113,165,Ismail2022_FormulaE,ismail2022_formula_e,11.99,,0.08,False,,0.002,0.0027,0.0007,,alpha,100,,,,-4.26186843302,5.47181703299e-05,1.56289842868,36.5509297541,0,True,ok,within_implemented_formula,"{""Ac_used"": 4, ""Zc_used"": 2, ""l_used"": 0.0, ""parameter_set"": ""odd-odd"", ""parity_case"": ""odd-odd""}",1,1,HF = T_alpha_half_s / Tcalc_s,Qalpha_MeV,T_alpha_half_s
source-row-0186,186,282Nh,,Nh,282,113,169,Ismail2022_FormulaE,ismail2022_formula_e,10.78,,0.08,False,,0.061,0.073,0.022,,alpha,100,,,,-1.36926325869,0.0427303786524,0.154593093705,1.42755580278,0,True,ok,within_implemented_formula,"{""Ac_used"": 4, ""Zc_used"": 2, ""l_used"": 0.0, ""parameter_set"": ""odd-odd"", ""parity_case"": ""odd-odd""}",1,1,HF = T_alpha_half_s / Tcalc_s,Qalpha_MeV,T_alpha_half_s
source-row-0187,187,283Nh,,Nh,283,113,170,Ismail2022_FormulaE,ismail2022_formula_e,10.35,,0.04,False,,0.123,0.08,0.035,,alpha,100,,,,-0.335637960621,0.461702301442,-0.57445692794,0.26640542968,0,True,ok,within_implemented_formula,"{""Ac_used"": 4, ""Zc_used"": 2, ""l_used"": 0.0, ""parameter_set"": ""odd-even"", ""parity_case"": ""odd-even""}",1,1,HF = T_alpha_half_s / Tcalc_s,Qalpha_MeV,T_alpha_half_s
source-row-0188,188,284Nh,,Nh,284,113,171,Ismail2022_FormulaE,ismail2022_formula_e,10.28,,0.04,False,,0.9,0.07,0.06,,alpha,100,,,,-0.0294199841716,0.934501527999,-0.016337506389,0.963080287227,0,True,ok,within_implemented_formula,"{""Ac_used"": 4, ""Zc_used"": 2, ""l_used"": 0.0, ""parameter_set"": ""odd-odd"", ""parity_case"": ""odd-odd""}",1,1,HF = T_alpha_half_s / Tcalc_s,Qalpha_MeV,T_alpha_half_s
source-row-0189,189,285Nh,,Nh,285,113,172,Ismail2022_FormulaE,ismail2022_formula_e,10.01,,0.04,False,,2.56097560976,0.731707317073,0.365853658537,,"alpha, SF",82,18,,,0.600934121936,3.98964378925,-0.192528679585,0.641905830454,0,True,ok,within_implemented_formula,"{""Ac_used"": 4, ""Zc_used"": 2, ""l_used"": 0.0, ""parameter_set"": ""odd-even"", ""parity_case"": ""odd-even""}",1,1,HF = T_alpha_half_s / Tcalc_s,Qalpha_MeV,T_alpha_half_s
source-row-0190,190,286Nh,,Nh,286,113,173,Ismail2022_FormulaE,ismail2022_formula_e,9.79,,0.05,False,,9.5,6.3,2.7,,alpha,100,,,,1.38283205884,24.1452695917,-0.405108453549,0.393451809014,0,True,ok,within_implemented_formula,"{""Ac_used"": 4, ""Zc_used"": 2, ""l_used"": 0.0, ""parameter_set"": ""odd-odd"", ""parity_case"": ""odd-odd""}",1,1,HF = T_alpha_half_s / Tcalc_s,Qalpha_MeV,T_alpha_half_s
source-row-0191,191,284Fl,,Fl,284,114,170,Ismail2022_FormulaE,ismail2022_formula_e,10.721,,0.017,False,,0.0104166666667,0.005,0.0025,,"alpha, SF",24,76,,,-1.80393647479,0.0157059252156,-0.17833475825,0.663231648162,0,True,ok,within_implemented_formula,"{""Ac_used"": 4, ""Zc_used"": 2, ""l_used"": 0.0, ""parameter_set"": ""even-even"", ""parity_case"": ""even-even""}",1,1,HF = T_alpha_half_s / Tcalc_s,Qalpha_MeV,T_alpha_half_s
source-row-0192,192,285Fl,,Fl,285,114,171,Ismail2022_FormulaE,ismail2022_formula_e,10.56,,0.07,False,,0.1,0.06,0.03,,alpha,100,,,,-0.947112020268,0.112950453699,-0.0528879797325,0.885343942632,0,True,ok,within_implemented_formula,"{""Ac_used"": 4, ""Zc_used"": 2, ""l_used"": 0.0, ""parameter_set"": ""even-odd"", ""parity_case"": ""even-odd""}",1,1,HF = T_alpha_half_s / Tcalc_s,Qalpha_MeV,T_alpha_half_s
source-row-0193,193,286Fl,,Fl,286,114,172,Ismail2022_FormulaE,ismail2022_formula_e,10.335,,0.01,False,,0.2625,0.0425,0.0325,,"alpha, SF",40,60,,,-0.83793508653,0.145232867917,0.257064394272,1.80744210153,0,True,ok,within_implemented_formula,"{""Ac_used"": 4, ""Zc_used"": 2, ""l_used"": 0.0, ""parameter_set"": ""even-even"", ""parity_case"": ""even-even""}",1,1,HF = T_alpha_half_s / Tcalc_s,Qalpha_MeV,T_alpha_half_s
source-row-0194,194,287Fl,,Fl,287,114,173,Ismail2022_FormulaE,ismail2022_formula_e,10.157,,0.015,False,,0.514285714286,0.0642857142857,0.0514285714286,<,alpha,70,,,,0.144584700959,1.39503370616,-0.433380240206,0.368654686991,0,True,ok,within_implemented_formula,"{""Ac_used"": 4, ""Zc_used"": 2, ""l_used"": 0.0, ""parameter_set"": ""even-odd"", ""parity_case"": ""even-odd""}",1,1,HF = T_alpha_half_s / Tcalc_s,Qalpha_MeV,T_alpha_half_s
source-row-0195,195,288Fl,,Fl,288,114,174,Ismail2022_FormulaE,ismail2022_formula_e,10.076,,0.012,False,,0.64,0.14,0.1,,"alpha, SF",100,,,,-0.181276809118,0.658753887128,-0.0125432168985,0.971531269121,0,True,ok,within_implemented_formula,"{""Ac_used"": 4, ""Zc_used"": 2, ""l_used"": 0.0, ""parameter_set"": ""even-even"", ""parity_case"": ""even-even""}",1,1,HF = T_alpha_half_s / Tcalc_s,Qalpha_MeV,T_alpha_half_s
source-row-0196,196,289Fl,,Fl,289,114,175,Ismail2022_FormulaE,ismail2022_formula_e,9.95,,0.07,False,,2.4,0.8,0.5,,alpha,100,,,,0.725103037478,5.31010412867,-0.344891795766,0.451968538063,0,True,ok,within_implemented_formula,"{""Ac_used"": 4, ""Zc_used"": 2, ""l_used"": 0.0, ""parameter_set"": ""even-odd"", ""parity_case"": ""even-odd""}",1,1,HF = T_alpha_half_s / Tcalc_s,Qalpha_MeV,T_alpha_half_s
source-row-0197,197,290Fl,,Fl,290,114,176,Ismail2022_FormulaE,ismail2022_formula_e,9.86,,0.03,False,,0.46,,,<,(alpha),100,,,,0.374174782748,2.36687205858,-0.711416951066,0.194349330515,0,True,ok,within_implemented_formula,"{""Ac_used"": 4, ""Zc_used"": 2, ""l_used"": 0.0, ""parameter_set"": ""even-even"", ""parity_case"": ""even-even""}",1,1,HF = T_alpha_half_s / Tcalc_s,Qalpha_MeV,T_alpha_half_s
source-row-0198,198,286Mc,,Mc,286,115,171,Ismail2022_FormulaE,ismail2022_formula_e,10.86,,0.02,False,,0.02,0.098,0.009,,alpha,100,,,,-0.920465172126,0.120097738051,-0.77850483221,0.166531029848,0,True,ok,within_implemented_formula,"{""Ac_used"": 4, ""Zc_used"": 2, ""l_used"": 0.0, ""parameter_set"": ""odd-odd"", ""parity_case"": ""odd-odd""}",1,1,HF = T_alpha_half_s / Tcalc_s,Qalpha_MeV,T_alpha_half_s
source-row-0199,199,287Mc,,Mc,287,115,172,Ismail2022_FormulaE,ismail2022_formula_e,10.76,,0.07,False,,0.038,0.022,0.01,,alpha,100,,,,-0.751263584275,0.177311300725,-0.668952819108,0.214312341315,0,True,ok,within_implemented_formula,"{""Ac_used"": 4, ""Zc_used"": 2, ""l_used"": 0.0, ""parameter_set"": ""odd-even"", ""parity_case"": ""odd-even""}",1,1,HF = T_alpha_half_s / Tcalc_s,Qalpha_MeV,T_alpha_half_s
source-row-0200,200,288Mc,,Mc,288,115,173,Ismail2022_FormulaE,ismail2022_formula_e,10.65,,0.05,False,,0.193,0.015,0.013,,alpha,100,,,,-0.377646657927,0.419134434289,-0.336796033066,0.460472784412,0,True,ok,within_implemented_formula,"{""Ac_used"": 4, ""Zc_used"": 2, ""l_used"": 0.0, ""parameter_set"": ""odd-odd"", ""parity_case"": ""odd-odd""}",1,1,HF = T_alpha_half_s / Tcalc_s,Qalpha_MeV,T_alpha_half_s
source-row-0201,201,289Mc,,Mc,289,115,174,Ismail2022_FormulaE,ismail2022_formula_e,10.49,,0.05,False,,0.25,0.051,0.035,,"alpha, SF",100,,,,-0.0516364530306,0.887898959329,-0.550423538297,0.281563569113,0,True,ok,within_implemented_formula,"{""Ac_used"": 4, ""Zc_used"": 2, ""l_used"": 0.0, ""parameter_set"": ""odd-even"", ""parity_case"": ""odd-even""}",1,1,HF = T_alpha_half_s / Tcalc_s,Qalpha_MeV,T_alpha_half_s
source-row-0202,202,290Mc,,Mc,290,115,175,Ismail2022_FormulaE,ismail2022_formula_e,10.41,,0.04,False,,0.65,0.49,0.2,,alpha,100,,,,0.266101351121,1.8454460399,-0.453187994478,0.352218372115,0,True,ok,within_implemented_formula,"{""Ac_used"": 4, ""Zc_used"": 2, ""l_used"": 0.0, ""parameter_set"": ""odd-odd"", ""parity_case"": ""odd-odd""}",1,1,HF = T_alpha_half_s / Tcalc_s,Qalpha_MeV,T_alpha_half_s
source-row-0203,203,288Lv,,Lv,288,116,172,Ismail2022_FormulaE,ismail2022_formula_e,11.24,,0.015,False,,0.002,0.0023,0.0007,,alpha,100,,,,-2.47691315373,0.00333493095022,-0.22205685061,0.599712566723,0,True,ok,within_implemented_formula,"{""Ac_used"": 4, ""Zc_used"": 2, ""l_used"": 0.0, ""parameter_set"": ""even-even"", ""parity_case"": ""even-even""}",1,1,HF = T_alpha_half_s / Tcalc_s,Qalpha_MeV,T_alpha_half_s
source-row-0204,204,289Lv,,Lv,289,116,173,Ismail2022_FormulaE,ismail2022_formula_e,11.057,,0.015,False,,0.0024,0.0044,0.0009,,alpha,100,,,,-1.6137274798,0.0243373069836,-1.00606127849,0.0986140332461,0,True,ok,within_implemented_formula,"{""Ac_used"": 4, ""Zc_used"": 2, ""l_used"": 0.0, ""parameter_set"": ""even-odd"", ""parity_case"": ""even-odd""}",1,1,HF = T_alpha_half_s / Tcalc_s,Qalpha_MeV,T_alpha_half_s
source-row-0205,205,290Lv,,Lv,290,116,174,Ismail2022_FormulaE,ismail2022_formula_e,11,,0.06,False,,0.0083,0.0035,0.0019,,"alpha, SF",100,,,,-1.93928966362,0.011500330896,-0.141632243999,0.721718364023,0,True,ok,within_implemented_formula,"{""Ac_used"": 4, ""Zc_used"": 2, ""l_used"": 0.0, ""parameter_set"": ""even-even"", ""parity_case"": ""even-even""}",1,1,HF = T_alpha_half_s / Tcalc_s,Qalpha_MeV,T_alpha_half_s
source-row-0206,206,291Lv,,Lv,291,116,175,Ismail2022_FormulaE,ismail2022_formula_e,10.89,,0.09,False,,0.019,0.017,0.006,approx,"alpha, SF",100,,,,-1.19940006047,0.0631829558724,-0.521846338581,0.30071400962,0,True,ok,within_implemented_formula,"{""Ac_used"": 4, ""Zc_used"": 2, ""l_used"": 0.0, ""parameter_set"": ""even-odd"", ""parity_case"": ""even-odd""}",1,1,HF = T_alpha_half_s / Tcalc_s,Qalpha_MeV,T_alpha_half_s
source-row-0207,207,292Lv,,Lv,292,116,176,Ismail2022_FormulaE,ismail2022_formula_e,10.791,,0.012,False,,0.013,0.007,0.004,approx,"alpha, SF",100,,,,-1.46567615385,0.0342234545978,-0.42038049384,0.379856450869,0,True,ok,within_implemented_formula,"{""Ac_used"": 4, ""Zc_used"": 2, ""l_used"": 0.0, ""parameter_set"": ""even-even"", ""parity_case"": ""even-even""}",1,1,HF = T_alpha_half_s / Tcalc_s,Qalpha_MeV,T_alpha_half_s
source-row-0208,208,293Lv,,Lv,293,116,177,Ismail2022_FormulaE,ismail2022_formula_e,10.68,,0.06,False,,0.057,0.043,0.017,,alpha,100,,,,-0.660685228911,0.218431250003,-0.583439915417,0.260951672433,0,True,ok,within_implemented_formula,"{""Ac_used"": 4, ""Zc_used"": 2, ""l_used"": 0.0, ""parameter_set"": ""even-odd"", ""parity_case"": ""even-odd""}",1,1,HF = T_alpha_half_s / Tcalc_s,Qalpha_MeV,T_alpha_half_s
source-row-0209,209,293Ts,,Ts,293,117,176,Ismail2022_FormulaE,ismail2022_formula_e,11.32,,0.05,False,,0.022,0.008,0.004,,alpha,100,,,,-1.56977769735,0.0269291287456,-0.0877996218244,0.816959219432,0,True,ok,within_implemented_formula,"{""Ac_used"": 4, ""Zc_used"": 2, ""l_used"": 0.0, ""parameter_set"": ""odd-even"", ""parity_case"": ""odd-even""}",1,1,HF = T_alpha_half_s / Tcalc_s,Qalpha_MeV,T_alpha_half_s
source-row-0210,210,294Ts,,Ts,294,117,177,Ismail2022_FormulaE,ismail2022_formula_e,11.18,,0.04,False,,0.051,0.038,0.016,,alpha,100,,,,-1.1442711069,0.0717346350376,-0.148158717002,0.710953641477,0,True,ok,within_implemented_formula,"{""Ac_used"": 4, ""Zc_used"": 2, ""l_used"": 0.0, ""parameter_set"": ""odd-odd"", ""parity_case"": ""odd-odd""}",1,1,HF = T_alpha_half_s / Tcalc_s,Qalpha_MeV,T_alpha_half_s
source-row-0211,211,294Og,,Og,294,118,176,Ismail2022_FormulaE,ismail2022_formula_e,11.87,,0.03,False,,0.00058,0.00044,0.00018,,"alpha, SF",100,,,,-3.42569559487,0.000375235919971,0.189123588433,1.54569423962,0,True,ok,within_implemented_formula,"{""Ac_used"": 4, ""Zc_used"": 2, ""l_used"": 0.0, ""parameter_set"": ""even-even"", ""parity_case"": ""even-even""}",1,1,HF = T_alpha_half_s / Tcalc_s,Qalpha_MeV,T_alpha_half_s
source-row-0002,2,240Es,,Es,240,99,141,Qi2009_UDL,qi2009_udl,8.26,,0.06,False,,8.57142857143,2.42857142857,2.42857142857,,"alpha, EC, SF",70,,,,0.441675101365,2.76487245177,0.491378109004,3.10011717392,,False,ok,within_implemented_formula,"{""Ac_used"": 4, ""Zc_used"": 2, ""chi_prime"": 133.87271851241672, ""coefficient_set"": ""alpha"", ""rho_prime"": 76.98604726033852}",1,1,HF = T_alpha_half_s / Tcalc_s,Qalpha_MeV,T_alpha_half_s
source-row-0003,3,241Es,,Es,241,99,142,Qi2009_UDL,qi2009_udl,8.259,,0.017,False,,4.3,2.4,1.2,,"alpha, EC",100,,,,0.427098891765,2.67361513945,0.206369563814,1.60830926507,,False,ok,within_implemented_formula,"{""Ac_used"": 4, ""Zc_used"": 2, ""chi_prime"": 133.88553065527628, ""coefficient_set"": ""alpha"", ""rho_prime"": 77.03193996660708}",1,1,HF = T_alpha_half_s / Tcalc_s,Qalpha_MeV,T_alpha_half_s
source-row-0004,4,242Es,,Es,242,99,143,Qi2009_UDL,qi2009_udl,8.16,,0.02,False,,31.2280701754,2.80701754386,2.80701754386,,"alpha, EC",57,,,,0.738447995293,5.47580526862,0.756097151343,5.70291831859,,False,ok,within_implemented_formula,"{""Ac_used"": 4, ""Zc_used"": 2, ""chi_prime"": 134.69995224567168, ""coefficient_set"": ""alpha"", ""rho_prime"": 77.07766780926082}",1,1,HF = T_alpha_half_s / Tcalc_s,Qalpha_MeV,T_alpha_half_s
source-row-0005,5,243Es,,Es,243,99,144,Qi2009_UDL,qi2009_udl,8.072,,0.01,False,,36.0655737705,1.6393442623,1.6393442623,,"alpha, EC, SF",61,1,,,1.01836915984,10.4320379875,0.53872368597,3.45719348547,,False,ok,within_implemented_formula,"{""Ac_used"": 4, ""Zc_used"": 2, ""chi_prime"": 135.43688688889804, ""coefficient_set"": ""alpha"", ""rho_prime"": 77.12323210506942}",1,1,HF = T_alpha_half_s / Tcalc_s,Qalpha_MeV,T_alpha_half_s
source-row-0006,6,244Es,,Es,244,99,145,Qi2009_UDL,qi2009_udl,7.94,,0.1,True,,925,100,100,,"alpha, EC",4,,,,1.45645053505,28.6055653251,1.50969119769,32.3363649516,,False,ok,within_implemented_formula,"{""Ac_used"": 4, ""Zc_used"": 2, ""chi_prime"": 136.5627274762018, ""coefficient_set"": ""alpha"", ""rho_prime"": 77.16863415455606}",1,1,HF = T_alpha_half_s / Tcalc_s,Qalpha_MeV,T_alpha_half_s
source-row-0007,7,245Es,,Es,245,99,146,Qi2009_UDL,qi2009_udl,7.909,,0.003,False,,124.444444444,6.66666666667,6.66666666667,,"alpha, EC",54,,,,1.54752603406,35.2797934681,0.547449479173,3.5273575101,,False,ok,within_implemented_formula,"{""Ac_used"": 4, ""Zc_used"": 2, ""chi_prime"": 136.8347543690033, ""coefficient_set"": ""alpha"", ""rho_prime"": 77.21387524226746}",1,1,HF = T_alpha_half_s / Tcalc_s,Qalpha_MeV,T_alpha_half_s
source-row-0008,8,246Es,,Es,246,99,147,Qi2009_UDL,qi2009_udl,7.64,,0.1,True,,4545.45454545,303.03030303,303.03030303,,"alpha, EC",9.9,,,,2.5007621988,316.783241766,1.15681512038,14.3487847404,,False,ok,within_implemented_formula,"{""Ac_used"": 4, ""Zc_used"": 2, ""chi_prime"": 139.22754835184577, ""coefficient_set"": ""alpha"", ""rho_prime"": 77.25895663703858}",1,1,HF = T_alpha_half_s / Tcalc_s,Qalpha_MeV,T_alpha_half_s
source-row-0009,9,247Es,,Es,247,99,148,Qi2009_UDL,qi2009_udl,7.464,,0.02,False,,3900,222.857142857,222.857142857,,"alpha, EC",7,,,,3.14668653323,1401.80154152,0.444378073797,2.78213419266,,False,ok,within_implemented_formula,"{""Ac_used"": 4, ""Zc_used"": 2, ""chi_prime"": 140.86417964440216, ""coefficient_set"": ""alpha"", ""rho_prime"": 77.3038795922516}",1,1,HF = T_alpha_half_s / Tcalc_s,Qalpha_MeV,T_alpha_half_s
source-row-0010,10,248Es,,Es,248,99,149,Qi2009_UDL,qi2009_udl,7.16,,0.05,True,,480000,40000,40000,,"alpha, EC",0.3,,,,4.33229485334,21492.8918484,1.34894638404,22.3329649349,,False,ok,within_implemented_formula,"{""Ac_used"": 4, ""Zc_used"": 2, ""chi_prime"": 143.82828010341308, ""coefficient_set"": ""alpha"", ""rho_prime"": 77.34864534608978}",1,1,HF = T_alpha_half_s / Tcalc_s,Qalpha_MeV,T_alpha_half_s
source-row-0011,11,249Es,,Es,249,99,150,Qi2009_UDL,qi2009_udl,6.94,,0.03,True,,1075789.47368,6315.78947368,6315.78947368,,"alpha, EC",0.57,,,,5.23448607026,171587.667352,0.797241220246,6.26962001575,,False,ok,within_implemented_formula,"{""Ac_used"": 4, ""Zc_used"": 2, ""chi_prime"": 146.0950020990545, ""coefficient_set"": ""alpha"", ""rho_prime"": 77.3932551217858}",1,1,HF = T_alpha_half_s / Tcalc_s,Qalpha_MeV,T_alpha_half_s
source-row-0013,13,251Es,,Es,251,99,152,Qi2009_UDL,qi2009_udl,6.5971,,0.001,False,,23760000,9531233.70818,9531233.70818,,"EC, alpha",0.5,,,,6.72404092781,5297133.61607,0.651805508495,4.48544471824,,False,ok,within_implemented_formula,"{""Ac_used"": 4, ""Zc_used"": 2, ""chi_prime"": 149.85347136687213, ""coefficient_set"": ""alpha"", ""rho_prime"": 77.48201155838505}",1,1,HF = T_alpha_half_s / Tcalc_s,Qalpha_MeV,T_alpha_half_s
source-row-0014,14,252Es,,Es,252,99,153,Qi2009_UDL,qi2009_udl,6.7386,,0.0005,False,,46268307.6923,210461.538462,210461.538462,,"alpha, EC",78,,,,6.0639875507,1158744.13962,1.60129606435,39.9297015712,,False,ok,within_implemented_formula,"{""Ac_used"": 4, ""Zc_used"": 2, ""chi_prime"": 148.2765446061882, ""coefficient_set"": ""alpha"", ""rho_prime"": 77.52616059316696}",1,1,HF = T_alpha_half_s / Tcalc_s,Qalpha_MeV,T_alpha_half_s
source-row-0015,15,253Es,,Es,253,99,154,Qi2009_UDL,qi2009_udl,6.73924,,5e-05,False,,1768608,1728,1728,,"alpha, EC; beta^-, SF",100,,,,6.04407917181,1106825.53968,0.203552413335,1.59791036309,,False,ok,within_implemented_formula,"{""Ac_used"": 4, ""Zc_used"": 2, ""chi_prime"": 148.27422990699984, ""coefficient_set"": ""alpha"", ""rho_prime"": 77.5701583980265}",1,1,HF = T_alpha_half_s / Tcalc_s,Qalpha_MeV,T_alpha_half_s
source-row-0016,16,254Es,,Es,254,99,155,Qi2009_UDL,qi2009_udl,6.6172,,0.0005,False,,23820480,43200,43200,,"alpha,; beta^-, SF; beta^-, SF",100,3e-06,,,6.5803677802,3805114.9425,0.796582728387,6.26012101078,,False,ok,within_implemented_formula,"{""Ac_used"": 4, ""Zc_used"": 2, ""chi_prime"": 149.64001431902548, ""coefficient_set"": ""alpha"", ""rho_prime"": 77.61400612499713}",1,1,HF = T_alpha_half_s / Tcalc_s,Qalpha_MeV,T_alpha_half_s
source-row-0017,17,255Es,,Es,255,99,156,Qi2009_UDL,qi2009_udl,6.4363,,0.0013,False,,42984000,2509716.44613,2509716.44613,,"beta^-, alpha, SF",8,0.0041,,,7.41237225244,25844745.0555,0.220934575118,1.66316208219,,False,ok,within_implemented_formula,"{""Ac_used"": 4, ""Zc_used"": 2, ""chi_prime"": 151.733109078089, ""coefficient_set"": ""alpha"", ""rho_prime"": 77.65770491254995}",1,1,HF = T_alpha_half_s / Tcalc_s,Qalpha_MeV,T_alpha_half_s
source-row-0020,20,241Fm,,Fm,241,100,141,Qi2009_UDL,qi2009_udl,8.86,,0.32,True,,0.00521428571429,0.000428571428571,0.000428571428571,>,"alpha, EC, SF",14,78,,,-1.08022501321,0.0831332935877,-1.20258016235,0.0627219912656,,False,ok,within_implemented_formula,"{""Ac_used"": 4, ""Zc_used"": 2, ""chi_prime"": 130.59749831068157, ""coefficient_set"": ""alpha"", ""rho_prime"": 77.42799368244832}",1,1,HF = T_alpha_half_s / Tcalc_s,Qalpha_MeV,T_alpha_half_s
source-row-0022,22,243Fm,,Fm,243,100,143,Qi2009_UDL,qi2009_udl,8.69,,0.05,False,,0.253846153846,0.00989010989011,0.00989010989011,,"alpha, EC, SF",91,9,,,-0.599303869352,0.251591596301,0.0038744569228,1.00896117986,,False,ok,within_implemented_formula,"{""Ac_used"": 4, ""Zc_used"": 2, ""chi_prime"": 131.87789076029483, ""coefficient_set"": ""alpha"", ""rho_prime"": 77.51975519232569}",1,1,HF = T_alpha_half_s / Tcalc_s,Qalpha_MeV,T_alpha_half_s
source-row-0023,23,244Fm,,Fm,244,100,144,Qi2009_UDL,qi2009_udl,8.55,,0.2,True,,0.321,0.008,0.008,>,"alpha, EC, SF",1,97,,,-0.180007044526,0.660682731237,-0.313487923069,0.485861041651,,False,ok,within_implemented_formula,"{""Ac_used"": 4, ""Zc_used"": 2, ""chi_prime"": 132.9577684491178, ""coefficient_set"": ""alpha"", ""rho_prime"": 77.56539067291135}",1,1,HF = T_alpha_half_s / Tcalc_s,Qalpha_MeV,T_alpha_half_s
source-row-0024,24,245Fm,,Fm,245,100,145,Qi2009_UDL,qi2009_udl,8.373,,0.025,False,,5.4,0.6,0.6,,"alpha, EC, SF",100,0.3,,,0.370522806889,2.34705251445,0.361870952934,2.30075806432,,False,ok,within_implemented_formula,"{""Ac_used"": 4, ""Zc_used"": 2, ""chi_prime"": 134.36031103142403, ""coefficient_set"": ""alpha"", ""rho_prime"": 77.61086436414935}",1,1,HF = T_alpha_half_s / Tcalc_s,Qalpha_MeV,T_alpha_half_s
source-row-0025,25,246Fm,,Fm,246,100,146,Qi2009_UDL,qi2009_udl,8.379,,0.005,False,,1.6452991453,0.042735042735,0.042735042735,,"alpha, SF, EC",93.6,6.4,,,0.333271485546,2.15412789928,-0.117026613448,0.763788977363,,False,ok,within_implemented_formula,"{""Ac_used"": 4, ""Zc_used"": 2, ""chi_prime"": 134.31672724143377, ""coefficient_set"": ""alpha"", ""rho_prime"": 77.65617754139825}",1,1,HF = T_alpha_half_s / Tcalc_s,Qalpha_MeV,T_alpha_half_s
source-row-0026,26,247Fm,,Fm,247,100,147,Qi2009_UDL,qi2009_udl,8.258,,0.01,False,,48.4375,1.5625,1.5625,,"alpha, EC",64,,,,0.714201436196,5.17846966098,0.970980283654,9.35363209037,,False,ok,within_implemented_formula,"{""Ac_used"": 4, ""Zc_used"": 2, ""chi_prime"": 135.30171077622475, ""coefficient_set"": ""alpha"", ""rho_prime"": 77.70133146448443}",1,1,HF = T_alpha_half_s / Tcalc_s,Qalpha_MeV,T_alpha_half_s
source-row-0027,27,248Fm,,Fm,248,100,148,Qi2009_UDL,qi2009_udl,7.995,,0.008,False,,34.8484848485,1.21212121212,1.21212121212,approx,"alpha, EC, SF",99,0.1,,,1.59396936315,39.2617237654,-0.0517854626785,0.887594366888,,False,ok,within_implemented_formula,"{""Ac_used"": 4, ""Zc_used"": 2, ""chi_prime"": 137.5136804324515, ""coefficient_set"": ""alpha"", ""rho_prime"": 77.74632737795713}",1,1,HF = T_alpha_half_s / Tcalc_s,Qalpha_MeV,T_alpha_half_s
source-row-0028,28,249Fm,,Fm,249,100,149,Qi2009_UDL,qi2009_udl,7.709,,0.006,False,,615.384615385,38.4615384615,38.4615384615,,"alpha, EC",15.6,,,,2.60398829284,401.779980031,0.185158341841,1.53164579115,,False,ok,within_implemented_formula,"{""Ac_used"": 4, ""Zc_used"": 2, ""chi_prime"": 140.04590449171423, ""coefficient_set"": ""alpha"", ""rho_prime"": 77.79116651133822}",1,1,HF = T_alpha_half_s / Tcalc_s,Qalpha_MeV,T_alpha_half_s
source-row-0029,29,250Fm,,Fm,250,100,150,Qi2009_UDL,qi2009_udl,7.557,,0.008,False,,1860,66,66,,"alpha, EC, SF",100,0.0069,,,3.15627824168,1433.10576045,0.11323470254,1.2978804854,,False,ok,within_implemented_formula,"{""Ac_used"": 4, ""Zc_used"": 2, ""chi_prime"": 141.45193901818652, ""coefficient_set"": ""alpha"", ""rho_prime"": 77.83585007936684}",1,1,HF = T_alpha_half_s / Tcalc_s,Qalpha_MeV,T_alpha_half_s
source-row-0030,30,251Fm,,Fm,251,100,151,Qi2009_UDL,qi2009_udl,7.4245,,0.001,False,,1060000,16000,16000,,"alpha, EC",1.8,,,,3.64977532291,4464.5256547,2.37553054235,237.427239081,,False,ok,within_implemented_formula,"{""Ac_used"": 4, ""Zc_used"": 2, ""chi_prime"": 142.7131779372367, ""coefficient_set"": ""alpha"", ""rho_prime"": 77.880379282239}",1,1,HF = T_alpha_half_s / Tcalc_s,Qalpha_MeV,T_alpha_half_s
source-row-0031,31,252Fm,,Fm,252,100,152,Qi2009_UDL,qi2009_udl,7.1527,,0.002,False,,91368,432,432,,"alpha, SF; beta^-, SF",100,0.0023,,,4.72450182654,53027.5822833,0.236292291991,1.7230278294,,False,ok,within_implemented_formula,"{""Ac_used"": 4, ""Zc_used"": 2, ""chi_prime"": 145.40409308458507, ""coefficient_set"": ""alpha"", ""rho_prime"": 77.92475530584248}",1,1,HF = T_alpha_half_s / Tcalc_s,Qalpha_MeV,T_alpha_half_s
source-row-0032,32,253Fm,,Fm,253,100,153,Qi2009_UDL,qi2009_udl,7.1979,,0.001,False,,2160000,86400,86400,,"alpha, EC",12,,,,4.52143899991,33223.0117588,1.81301475124,65.0151773019,,False,ok,within_implemented_formula,"{""Ac_used"": 4, ""Zc_used"": 2, ""chi_prime"": 144.9514538391532, ""coefficient_set"": ""alpha"", ""rho_prime"": 77.96897932198674}",1,1,HF = T_alpha_half_s / Tcalc_s,Qalpha_MeV,T_alpha_half_s
source-row-0033,33,254Fm,,Fm,254,100,154,Qi2009_UDL,qi2009_udl,7.3073,,0.001,False,,11671.0026016,7.20432259356,7.20432259356,,"alpha, SF; beta^-, SF",99.94,0.06,,,4.06154887939,11522.5573772,0.00555928647279,1.01288301021,,False,ok,within_implemented_formula,"{""Ac_used"": 4, ""Zc_used"": 2, ""chi_prime"": 143.86685315434738, ""coefficient_set"": ""alpha"", ""rho_prime"": 78.0130524886283}",1,1,HF = T_alpha_half_s / Tcalc_s,Qalpha_MeV,T_alpha_half_s
source-row-0034,34,255Fm,,Fm,255,100,155,Qi2009_UDL,qi2009_udl,7.2406,,0.0005,False,,97452,252,252,,"alpha, SF",100,2.4e-05,,,4.31320497371,20568.6114248,0.675585782825,4.73789882978,,False,ok,within_implemented_formula,"{""Ac_used"": 4, ""Zc_used"": 2, ""chi_prime"": 144.53251489741038, ""coefficient_set"": ""alpha"", ""rho_prime"": 78.05697595009164}",1,1,HF = T_alpha_half_s / Tcalc_s,Qalpha_MeV,T_alpha_half_s
source-row-0035,35,256Fm,,Fm,256,100,156,Qi2009_UDL,qi2009_udl,7.0253,,0.0019,False,,116370.37037,4400.72058885,4400.72058885,,"SF, alpha",8.1,91.9,,,5.18967143134,154764.529352,-0.12382901479,0.751918872222,,False,ok,within_implemented_formula,"{""Ac_used"": 4, ""Zc_used"": 2, ""chi_prime"": 146.73506793921044, ""coefficient_set"": ""alpha"", ""rho_prime"": 78.1007508372856}",1,1,HF = T_alpha_half_s / Tcalc_s,Qalpha_MeV,T_alpha_half_s
source-row-0036,36,257Fm,,Fm,257,100,157,Qi2009_UDL,qi2009_udl,6.8637,,0.0009,False,,8701473.0935,17316.3643652,17316.3643652,,"alpha , SF",99.79,0.21,,,5.87082059307,742712.26028,1.06877218854,11.7158064554,,False,ok,within_implemented_formula,"{""Ac_used"": 4, ""Zc_used"": 2, ""chi_prime"": 148.4569792481285, ""coefficient_set"": ""alpha"", ""rho_prime"": 78.14437826791547}",1,1,HF = T_alpha_half_s / Tcalc_s,Qalpha_MeV,T_alpha_half_s
source-row-0039,39,244Md,,Md,244,101,143,Qi2009_UDL,qi2009_udl,8.95,,0.08,False,,0.3,0.19,0.09,approx,"alpha, EC",100,,,,-1.03270630988,0.0927456800771,0.509827564598,3.23465200482,,False,ok,within_implemented_formula,"{""Ac_used"": 4, ""Zc_used"": 2, ""chi_prime"": 131.2787328067041, ""coefficient_set"": ""alpha"", ""rho_prime"": 77.96012803480386}",1,1,HF = T_alpha_half_s / Tcalc_s,Qalpha_MeV,T_alpha_half_s
source-row-0041,41,247Md,,Md,247,101,146,Qi2009_UDL,qi2009_udl,8.764,,0.01,False,,1.21040952189,0.121040952189,0.121040952189,,"alpha, SF",99.14,0.86,,,-0.522838137001,0.300028052517,0.60577046848,4.03432116342,,False,ok,within_implemented_formula,"{""Ac_used"": 4, ""Zc_used"": 2, ""chi_prime"": 132.67792220306214, ""coefficient_set"": ""alpha"", ""rho_prime"": 78.09676064148897}",1,1,HF = T_alpha_half_s / Tcalc_s,Qalpha_MeV,T_alpha_half_s
source-row-0042,42,248Md,,Md,248,101,147,Qi2009_UDL,qi2009_udl,8.5,,0.03,False,,35,15,15,,"alpha, EC",20,,,,0.290635265023,1.9526988254,1.25343277933,17.9239110224,,False,ok,within_implemented_formula,"{""Ac_used"": 4, ""Zc_used"": 2, ""chi_prime"": 134.72704854300105, ""coefficient_set"": ""alpha"", ""rho_prime"": 78.14198554327756}",1,1,HF = T_alpha_half_s / Tcalc_s,Qalpha_MeV,T_alpha_half_s
source-row-0043,43,249Md,,Md,249,101,148,Qi2009_UDL,qi2009_udl,8.441,,0.018,True,,34.1333333333,1.2,1.2,,"alpha, EC",75,,,,0.464083216611,2.9112749037,1.06909548531,11.7245311633,,False,ok,within_implemented_formula,"{""Ac_used"": 4, ""Zc_used"": 2, ""chi_prime"": 135.20152941604022, ""coefficient_set"": ""alpha"", ""rho_prime"": 78.1870528671063}",1,1,HF = T_alpha_half_s / Tcalc_s,Qalpha_MeV,T_alpha_half_s
source-row-0044,44,250Md,,Md,250,101,149,Qi2009_UDL,qi2009_udl,8.155,,0.028,False,,762.857142857,64.2857142857,64.2857142857,,"alpha, EC",7,,,,1.40197069666,25.2331051029,1.48047252036,30.2323927137,,False,ok,within_implemented_formula,"{""Ac_used"": 4, ""Zc_used"": 2, ""chi_prime"": 137.55638451525041, ""coefficient_set"": ""alpha"", ""rho_prime"": 78.23196383389626}",1,1,HF = T_alpha_half_s / Tcalc_s,Qalpha_MeV,T_alpha_half_s
source-row-0045,45,251Md,,Md,251,101,150,Qi2009_UDL,qi2009_udl,7.963,,0.004,False,,2526,138,138,>,"alpha, EC",10,,,,2.0546119239,113.39970477,1.34782142232,22.2751902672,,False,ok,within_implemented_formula,"{""Ac_used"": 4, ""Zc_used"": 2, ""chi_prime"": 139.20936227550146, ""coefficient_set"": ""alpha"", ""rho_prime"": 78.2767196499514}",1,1,HF = T_alpha_half_s / Tcalc_s,Qalpha_MeV,T_alpha_half_s
source-row-0047,47,253Md,,Md,253,101,152,Qi2009_UDL,qi2009_udl,7.573,,0.008,False,,51428.5714286,102857.142857,25714.2857143,approx,"alpha, EC",0.7,,,,3.45876541484,2875.84460104,1.25243904592,17.8829452085,,False,ok,within_implemented_formula,"{""Ac_used"": 4, ""Zc_used"": 2, ""chi_prime"": 142.7580543993573, ""coefficient_set"": ""alpha"", ""rho_prime"": 78.36577058339866}",1,1,HF = T_alpha_half_s / Tcalc_s,Qalpha_MeV,T_alpha_half_s
source-row-0049,49,255Md,,Md,255,101,154,Qi2009_UDL,qi2009_udl,7.9056,,0.0017,False,,23142.8571429,1714.28571429,1714.28571429,,"alpha, EC",7,,,,2.19037102996,155.014038178,2.17404594457,149.295234256,,False,ok,within_implemented_formula,"{""Ac_used"": 4, ""Zc_used"": 2, ""chi_prime"": 139.73156981865571, ""coefficient_set"": ""alpha"", ""rho_prime"": 78.45421503438605}",1,1,HF = T_alpha_half_s / Tcalc_s,Qalpha_MeV,T_alpha_half_s
source-row-0050,50,256Md,,Md,256,101,155,Qi2009_UDL,qi2009_udl,7.74,,0.11,True,,50673.9130435,978.260869565,978.260869565,,"alpha, EC, SF",9.2,3,,,2.77761189107,599.255310091,1.92717255077,84.5614752012,,False,ok,within_implemented_formula,"{""Ac_used"": 4, ""Zc_used"": 2, ""chi_prime"": 141.22285703397029, ""coefficient_set"": ""alpha"", ""rho_prime"": 78.49821269598156}",1,1,HF = T_alpha_half_s / Tcalc_s,Qalpha_MeV,T_alpha_half_s
source-row-0051,51,257Md,,Md,257,101,156,Qi2009_UDL,qi2009_udl,7.5571,,0.0009,False,,132480,1200,1200,,"alpha, EC, SF",15,1,,,3.45104414143,2825.16710859,1.67110617801,46.8928013487,,False,ok,within_implemented_formula,"{""Ac_used"": 4, ""Zc_used"": 2, ""chi_prime"": 142.92602001118732, ""coefficient_set"": ""alpha"", ""rho_prime"": 78.54206215059305}",1,1,HF = T_alpha_half_s / Tcalc_s,Qalpha_MeV,T_alpha_half_s
source-row-0052,52,258Md,,Md,258,101,157,Qi2009_UDL,qi2009_udl,7.2713,,0.0019,False,,4449600,25056,25056,,"alpha, EC",100,,,,4.56481954429,36712.9721035,2.08350142723,121.199667176,,False,ok,within_implemented_formula,"{""Ac_used"": 4, ""Zc_used"": 2, ""chi_prime"": 145.71228197769062, ""coefficient_set"": ""alpha"", ""rho_prime"": 78.58576450855217}",1,1,HF = T_alpha_half_s / Tcalc_s,Qalpha_MeV,T_alpha_half_s
source-row-0053,53,259Md,,Md,259,101,158,Qi2009_UDL,qi2009_udl,7.05,,0.1,True,,445846.153846,16615.3846154,16615.3846154,>,"alpha, SF",1.3,100,,,5.47033704015,295350.044171,0.178847984347,1.50955167485,,False,ok,within_implemented_formula,"{""Ac_used"": 4, ""Zc_used"": 2, ""chi_prime"": 147.9860695351847, ""coefficient_set"": ""alpha"", ""rho_prime"": 78.62932086733367}",1,1,HF = T_alpha_half_s / Tcalc_s,Qalpha_MeV,T_alpha_half_s
source-row-0054,54,260Md,,Md,260,101,159,Qi2009_UDL,qi2009_udl,6.94,,0.3,True,,54950400,864000,864000,>,"alpha, EC, beta^-, SF",5,100,,,5.92832035354,847852.594606,1.81165050459,64.8112659554,,False,ok,within_implemented_formula,"{""Ac_used"": 4, ""Zc_used"": 2, ""chi_prime"": 149.15875831029658, ""coefficient_set"": ""alpha"", ""rho_prime"": 78.67273231175614}",1,1,HF = T_alpha_half_s / Tcalc_s,Qalpha_MeV,T_alpha_half_s
source-row-0055,55,249No,,No,249,102,147,Qi2009_UDL,qi2009_udl,9.276,,0.02,False,,0.0381,0.0025,0.0025,,alpha,100,,,,-1.70812512675,0.0195828038228,0.289050102427,1.94558452123,,False,ok,within_implemented_formula,"{""Ac_used"": 4, ""Zc_used"": 2, ""chi_prime"": 130.27557238480205, ""coefficient_set"": ""alpha"", ""rho_prime"": 78.58094479511303}",1,1,HF = T_alpha_half_s / Tcalc_s,Qalpha_MeV,T_alpha_half_s
source-row-0056,56,250No,,No,250,102,148,Qi2009_UDL,qi2009_udl,8.95,,0.2,True,,0.00023,1e-05,1e-05,>,"alpha, SF",2,100,,,-0.769980946772,0.16983181589,-2.86829121721,0.00135428099143,,False,ok,within_implemented_formula,"{""Ac_used"": 4, ""Zc_used"": 2, ""chi_prime"": 132.63129891738964, ""coefficient_set"": ""alpha"", ""rho_prime"": 78.6260820150568}",1,1,HF = T_alpha_half_s / Tcalc_s,Qalpha_MeV,T_alpha_half_s
source-row-0057,57,251No,,No,251,102,149,Qi2009_UDL,qi2009_udl,8.752,,0.004,False,,0.888888888889,0.111111111111,0.111111111111,,"alpha, EC, SF",90,0.0014,,,-0.181151214708,0.658944420911,0.12999869226,1.34895882062,,False,ok,within_implemented_formula,"{""Ac_used"": 4, ""Zc_used"": 2, ""chi_prime"": 134.12753794603373, ""coefficient_set"": ""alpha"", ""rho_prime"": 78.671063302645}",1,1,HF = T_alpha_half_s / Tcalc_s,Qalpha_MeV,T_alpha_half_s
source-row-0058,58,252No,,No,252,102,150,Qi2009_UDL,qi2009_udl,8.549,,0.005,False,,3.64940828402,0.0236686390533,0.0236686390533,,"alpha, EC, SF",67.6,31,,,0.444833960828,2.78505618427,0.11738849272,1.31035355934,,False,ok,within_implemented_formula,"{""Ac_used"": 4, ""Zc_used"": 2, ""chi_prime"": 135.71501618121837, ""coefficient_set"": ""alpha"", ""rho_prime"": 78.71588985580517}",1,1,HF = T_alpha_half_s / Tcalc_s,Qalpha_MeV,T_alpha_half_s
source-row-0059,59,253No,,No,253,102,151,Qi2009_UDL,qi2009_udl,8.415,,0.004,False,,171.272727273,2.18181818182,2.18181818182,,"alpha, EC",55,,,,0.8648603457,7.32588919636,1.3688278676,23.3791042537,,False,ok,within_implemented_formula,"{""Ac_used"": 4, ""Zc_used"": 2, ""chi_prime"": 136.79566788164536, ""coefficient_set"": ""alpha"", ""rho_prime"": 78.7605628582436}",1,1,HF = T_alpha_half_s / Tcalc_s,Qalpha_MeV,T_alpha_half_s
source-row-0060,60,254No,,No,254,102,152,Qi2009_UDL,qi2009_udl,8.226,,0.008,False,,56.8888888889,0.444444444444,0.444444444444,,"alpha, EC, SF",90,0.17,,,1.48263453335,30.3832714243,0.272392918184,1.87237536388,,False,ok,within_implemented_formula,"{""Ac_used"": 4, ""Zc_used"": 2, ""chi_prime"": 138.3626224389645, ""coefficient_set"": ""alpha"", ""rho_prime"": 78.80508347967306}",1,1,HF = T_alpha_half_s / Tcalc_s,Qalpha_MeV,T_alpha_half_s
source-row-0061,61,255No,,No,255,102,153,Qi2009_UDL,qi2009_udl,8.4282,,0.003,False,,704,36,36,,"alpha, EC",30,,,,0.786477676698,6.11614364372,2.06109498244,115.105210245,,False,ok,within_implemented_formula,"{""Ac_used"": 4, ""Zc_used"": 2, ""chi_prime"": 136.69711392757057, ""coefficient_set"": ""alpha"", ""rho_prime"": 78.8494528760358}",1,1,HF = T_alpha_half_s / Tcalc_s,Qalpha_MeV,T_alpha_half_s
source-row-0062,62,256No,,No,256,102,154,Qi2009_UDL,qi2009_udl,8.582,,0.005,False,,2.92609351433,0.0502765208648,0.0502765208648,,"alpha, SF",99.45,0.55,,,0.268959772992,1.85763238186,0.197328428534,1.57517361503,,False,ok,within_implemented_formula,"{""Ac_used"": 4, ""Zc_used"": 2, ""chi_prime"": 135.47090246981804, ""coefficient_set"": ""alpha"", ""rho_prime"": 78.89367218972225}",1,1,HF = T_alpha_half_s / Tcalc_s,Qalpha_MeV,T_alpha_half_s
source-row-0063,63,257No,,No,257,102,155,Qi2009_UDL,qi2009_udl,8.477,,0.006,False,,28.8235294118,0.588235294118,0.588235294118,,"alpha, EC, SF",85,1.5,,,0.591676922847,3.90550252431,0.868070235804,7.3802357654,,False,ok,within_implemented_formula,"{""Ac_used"": 4, ""Zc_used"": 2, ""chi_prime"": 136.31153194602473, ""coefficient_set"": ""alpha"", ""rho_prime"": 78.9377425497853}",1,1,HF = T_alpha_half_s / Tcalc_s,Qalpha_MeV,T_alpha_half_s
source-row-0065,65,259No,,No,259,102,157,Qi2009_UDL,qi2009_udl,7.854,,0.005,False,,4640,400,400,,"alpha, EC, SF",75,10,,,2.71310936527,516.54643108,0.953408615289,8.98273556996,,False,ok,within_implemented_formula,"{""Ac_used"": 4, ""Zc_used"": 2, ""chi_prime"": 141.6233134561742, ""coefficient_set"": ""alpha"", ""rho_prime"": 79.0254408598206}",1,1,HF = T_alpha_half_s / Tcalc_s,Qalpha_MeV,T_alpha_half_s
source-row-0068,68,251Lr,,Lr,251,103,148,Qi2009_UDL,qi2009_udl,9.438,,0.019,False,,0.0244,0.007,0.0045,,alpha,100,,,,-1.84413597128,0.0143173957228,0.231525797618,1.70422054907,,False,ok,within_implemented_formula,"{""Ac_used"": 4, ""Zc_used"": 2, ""chi_prime"": 130.4526766624474, ""coefficient_set"": ""alpha"", ""rho_prime"": 79.06344011729104}",1,1,HF = T_alpha_half_s / Tcalc_s,Qalpha_MeV,T_alpha_half_s
source-row-0069,69,252Lr,,Lr,252,103,149,Qi2009_UDL,qi2009_udl,9.164,,0.017,False,,0.585714285714,0.1,0.0714285714286,approx,"alpha, EC, SF",70,10,,,-1.07489352034,0.0841601458912,0.842579337048,6.95952079826,,False,ok,within_implemented_formula,"{""Ac_used"": 4, ""Zc_used"": 2, ""chi_prime"": 132.39280842451578, ""coefficient_set"": ""alpha"", ""rho_prime"": 79.10849024566936}",1,1,HF = T_alpha_half_s / Tcalc_s,Qalpha_MeV,T_alpha_half_s
source-row-0070,70,253Lr,,Lr,253,103,150,Qi2009_UDL,qi2009_udl,8.918,,0.02,False,,0.638383838384,0.0464646464646,0.0464646464646,,"alpha, EC, SF",99,1,,,-0.355287420568,0.441278308158,0.160369304253,1.44666942966,,False,ok,within_implemented_formula,"{""Ac_used"": 4, ""Zc_used"": 2, ""chi_prime"": 134.21066988637827, ""coefficient_set"": ""alpha"", ""rho_prime"": 79.1533860574822}",1,1,HF = T_alpha_half_s / Tcalc_s,Qalpha_MeV,T_alpha_half_s
source-row-0071,71,254Lr,,Lr,254,103,151,Qi2009_UDL,qi2009_udl,8.822,,0.008,False,,16.7364016736,1.25523012552,1.25523012552,,"alpha, EC, SF",71.7,0.1,,,-0.0768050520636,0.837905320191,1.30046714244,19.9740964407,,False,ok,within_implemented_formula,"{""Ac_used"": 4, ""Zc_used"": 2, ""chi_prime"": 134.94319370897009, ""coefficient_set"": ""alpha"", ""rho_prime"": 79.19812872827629}",1,1,HF = T_alpha_half_s / Tcalc_s,Qalpha_MeV,T_alpha_half_s
source-row-0072,72,255Lr,,Lr,255,103,152,Qi2009_UDL,qi2009_udl,8.556,,0.007,False,,31.1935807422,1.10330992979,1.10330992979,,"alpha, EC, SF",99.7,0.1,,,0.75188541678,5.6478794285,0.742179813935,5.52306067032,,False,ok,within_implemented_formula,"{""Ac_used"": 4, ""Zc_used"": 2, ""chi_prime"": 137.02908181706826, ""coefficient_set"": ""alpha"", ""rho_prime"": 79.24271941975925}",1,1,HF = T_alpha_half_s / Tcalc_s,Qalpha_MeV,T_alpha_half_s
source-row-0073,73,256Lr,,Lr,256,103,153,Qi2009_UDL,qi2009_udl,8.85,,0.12,False,,32.8235294118,1.17647058824,1.17647058824,,"alpha, EC, SF",85,0.03,,,-0.198607336844,0.632983899002,1.7147926144,51.8552359128,,False,ok,within_implemented_formula,"{""Ac_used"": 4, ""Zc_used"": 2, ""chi_prime"": 134.73797547053434, ""coefficient_set"": ""alpha"", ""rho_prime"": 79.28715928001928}",1,1,HF = T_alpha_half_s / Tcalc_s,Qalpha_MeV,T_alpha_half_s
source-row-0074,74,257Lr,,Lr,257,103,154,Qi2009_UDL,qi2009_udl,9.07,,0.03,False,,6,0.4,0.4,,"alpha, EC, SF",100,0.03,,,-0.884364445034,0.130507525409,1.66251569542,45.9743603381,,False,ok,within_implemented_formula,"{""Ac_used"": 4, ""Zc_used"": 2, ""chi_prime"": 133.09796656866493, ""coefficient_set"": ""alpha"", ""rho_prime"": 79.33144944374044}",1,1,HF = T_alpha_half_s / Tcalc_s,Qalpha_MeV,T_alpha_half_s
source-row-0075,75,258Lr,,Lr,258,103,155,Qi2009_UDL,qi2009_udl,8.904,,0.019,False,,3.96303901437,24.6406570842,23.613963039,,"alpha, SF",97.4,2.6,,,-0.39970801812,0.398374913223,0.997736365913,9.94801349892,,False,ok,within_implemented_formula,"{""Ac_used"": 4, ""Zc_used"": 2, ""chi_prime"": 134.33704618930878, ""coefficient_set"": ""alpha"", ""rho_prime"": 79.37559103241377}",1,1,HF = T_alpha_half_s / Tcalc_s,Qalpha_MeV,T_alpha_half_s
source-row-0076,76,259Lr,,Lr,259,103,156,Qi2009_UDL,qi2009_udl,8.58,,0.07,True,,7.94871794872,0.384615384615,0.384615384615,,"alpha, SF",78,22,,,0.604523404197,4.02275334095,0.295773682611,1.97593967987,,False,ok,within_implemented_formula,"{""Ac_used"": 4, ""Zc_used"": 2, ""chi_prime"": 136.85413668959637, ""coefficient_set"": ""alpha"", ""rho_prime"": 79.41958515454418}",1,1,HF = T_alpha_half_s / Tcalc_s,Qalpha_MeV,T_alpha_half_s
source-row-0077,77,260Lr,,Lr,260,103,157,Qi2009_UDL,qi2009_udl,8.4,,0.14,True,,225,37.5,37.5,,"alpha, EC",80,,,,1.18020594876,15.1427917142,1.17197656935,14.8585547663,,False,ok,within_implemented_formula,"{""Ac_used"": 4, ""Zc_used"": 2, ""chi_prime"": 138.31683117952704, ""coefficient_set"": ""alpha"", ""rho_prime"": 79.46343290585324}",1,1,HF = T_alpha_half_s / Tcalc_s,Qalpha_MeV,T_alpha_half_s
source-row-0084,84,254Rf,,Rf,254,104,150,Qi2009_UDL,qi2009_udl,9.21,,0.2,True,,0.00152666666667,6.66666666667e-05,6.66666666667e-05,>,"alpha, SF",1.5,100,,,-0.881749584403,0.131295673588,-1.93450619231,0.0116276997173,,False,ok,within_implemented_formula,"{""Ac_used"": 4, ""Zc_used"": 2, ""chi_prime"": 133.3777829078095, ""coefficient_set"": ""alpha"", ""rho_prime"": 79.58923297709939}",1,1,HF = T_alpha_half_s / Tcalc_s,Qalpha_MeV,T_alpha_half_s
source-row-0085,85,255Rf,,Rf,255,104,151,Qi2009_UDL,qi2009_udl,9.055,,0.004,False,,3.40816326531,0.0408163265306,0.0408163265306,,"alpha, EC, SF",49,51,,,-0.43727913661,0.365359886253,0.969799527729,9.32823605859,,False,ok,within_implemented_formula,"{""Ac_used"": 4, ""Zc_used"": 2, ""chi_prime"": 134.51871384039632, ""coefficient_set"": ""alpha"", ""rho_prime"": 79.63404387086715}",1,1,HF = T_alpha_half_s / Tcalc_s,Qalpha_MeV,T_alpha_half_s
source-row-0086,86,256Rf,,Rf,256,104,152,Qi2009_UDL,qi2009_udl,8.926,,0.015,False,,2.12903225806,0.0161290322581,0.0161290322581,,"alpha, SF",0.31,99.69,,,-0.0610994218783,0.868761523259,0.389281663586,2.4506521077,,False,ok,within_implemented_formula,"{""Ac_used"": 4, ""Zc_used"": 2, ""chi_prime"": 135.4914871407397, ""coefficient_set"": ""alpha"", ""rho_prime"": 79.67870318856188}",1,1,HF = T_alpha_half_s / Tcalc_s,Qalpha_MeV,T_alpha_half_s
source-row-0087,87,257Rf,,Rf,257,104,153,Qi2009_UDL,qi2009_udl,9.083,,0.008,False,,5.59910414334,0.223964165733,0.223964165733,,"alpha, EC, SF",89.3,1.3,,,-0.556682569452,0.277534789538,1.3048011149,20.1744226468,,False,ok,within_implemented_formula,"{""Ac_used"": 4, ""Zc_used"": 2, ""chi_prime"": 134.31954281458363, ""coefficient_set"": ""alpha"", ""rho_prime"": 79.72321207047109}",1,1,HF = T_alpha_half_s / Tcalc_s,Qalpha_MeV,T_alpha_half_s
source-row-0088,88,258Rf,,Rf,258,104,154,Qi2009_UDL,qi2009_udl,9.196,,0.008,False,,0.255102040816,0.0839212982756,0.0839212982756,,"SF, alpha",4.9,95.1,,,-0.91064683573,0.122843777938,0.31736076871,2.07663786558,,False,ok,within_implemented_formula,"{""Ac_used"": 4, ""Zc_used"": 2, ""chi_prime"": 133.49582607585788, ""coefficient_set"": ""alpha"", ""rho_prime"": 79.76757164362407}",1,1,HF = T_alpha_half_s / Tcalc_s,Qalpha_MeV,T_alpha_half_s
source-row-0089,89,259Rf,,Rf,259,104,155,Qi2009_UDL,qi2009_udl,9.13,,0.07,True,,2.94117647059,0.470588235294,0.352941176471,,"alpha, EC, SF",85,3,,,-0.732261496032,0.185241591669,1.20078257899,15.8775167288,,False,ok,within_implemented_formula,"{""Ac_used"": 4, ""Zc_used"": 2, ""chi_prime"": 133.98154530074268, ""coefficient_set"": ""alpha"", ""rho_prime"": 79.81178302199986}",1,1,HF = T_alpha_half_s / Tcalc_s,Qalpha_MeV,T_alpha_half_s
source-row-0090,90,260Rf,,Rf,260,104,156,Qi2009_UDL,qi2009_udl,8.9,,0.2,True,,1.085,0.04,0.04,approx,"SF, alpha (unobserved)",2,98,,,-0.0503405992368,0.890552240825,0.0857703374213,1.21834514615,,False,ok,within_implemented_formula,"{""Ac_used"": 4, ""Zc_used"": 2, ""chi_prime"": 135.70581838793356, ""coefficient_set"": ""alpha"", ""rho_prime"": 79.85584730673104}",1,1,HF = T_alpha_half_s / Tcalc_s,Qalpha_MeV,T_alpha_half_s
source-row-0091,91,261Rf^a,a,Rf,261,104,157,Qi2009_UDL,qi2009_udl,8.40887159533,8.28,,False,,68,,,,alpha,100,,257No,257No:100% (within alpha branch),1.52053122337,33.1536404586,0.311977689338,2.05105680882,,False,ok,within_implemented_formula,"{""Ac_used"": 4, ""Zc_used"": 2, ""chi_prime"": 139.61677778013174, ""coefficient_set"": ""alpha"", ""rho_prime"": 79.89976558630356}",1,2,HF = T_alpha_half_s / Tcalc_s,Qalpha_MeV,T_alpha_half_s
source-row-0092,92,261Rf^b,b,Rf,261,104,157,Qi2009_UDL,qi2009_udl,8.64245136187,8.51,,False,,14.4444444444,,,,"alpha, SF",18,82,257No,257No:100% (within alpha branch),0.74832898092,5.60181782191,0.411371861947,2.57852806065,,False,ok,within_implemented_formula,"{""Ac_used"": 4, ""Zc_used"": 2, ""chi_prime"": 137.7171412673446, ""coefficient_set"": ""alpha"", ""rho_prime"": 79.89976558630356}",2,2,HF = T_alpha_half_s / Tcalc_s,Qalpha_MeV,T_alpha_half_s
source-row-0097,97,255Db,,Db,255,105,150,Qi2009_UDL,qi2009_udl,9.34,,0.2,True,,0.0325,0.005,0.00375,,"alpha, SF",8,92,,,-0.918042226371,0.12076964053,-0.57007441265,0.269107367193,,False,ok,within_implemented_formula,"{""Ac_used"": 4, ""Zc_used"": 2, ""chi_prime"": 133.74900148503895, ""coefficient_set"": ""alpha"", ""rho_prime"": 80.02345472057361}",1,1,HF = T_alpha_half_s / Tcalc_s,Qalpha_MeV,T_alpha_half_s
source-row-0098,98,256Db,,Db,256,105,151,Qi2009_UDL,qi2009_udl,9.34,,0.03,False,,2.71428571429,0.571428571429,0.428571428571,approx,"alpha, EC, SF",70,0.02,,,-0.935696768786,0.115958671519,1.36935232972,23.4073543508,,False,ok,within_implemented_formula,"{""Ac_used"": 4, ""Zc_used"": 2, ""chi_prime"": 133.75316442453249, ""coefficient_set"": ""alpha"", ""rho_prime"": 80.06833242254228}",1,1,HF = T_alpha_half_s / Tcalc_s,Qalpha_MeV,T_alpha_half_s
source-row-0099,99,257Db,,Db,257,105,152,Qi2009_UDL,qi2009_udl,9.206,,0.02,False,,2.44680851064,0.212765957447,0.212765957447,<=,"alpha, SF",94,6,,,-0.559014550244,0.276048536965,0.947614532662,8.86368947121,,False,ok,within_implemented_formula,"{""Ac_used"": 4, ""Zc_used"": 2, ""chi_prime"": 134.7272451769616, ""coefficient_set"": ""alpha"", ""rho_prime"": 80.11305895309373}",1,1,HF = T_alpha_half_s / Tcalc_s,Qalpha_MeV,T_alpha_half_s
source-row-0100,100,258Db,,Db,258,105,153,Qi2009_UDL,qi2009_udl,9.437,,0.01,False,,3.390625,0.5625,0.5625,,"alpha, SF",64,36,,,-1.25101892674,0.0561023525854,1.7812986866,60.4364138713,,False,ok,within_implemented_formula,"{""Ac_used"": 4, ""Zc_used"": 2, ""chi_prime"": 133.07217149692414, ""coefficient_set"": ""alpha"", ""rho_prime"": 80.1576354447684}",1,1,HF = T_alpha_half_s / Tcalc_s,Qalpha_MeV,T_alpha_half_s
source-row-0101,101,259Db,,Db,259,105,154,Qi2009_UDL,qi2009_udl,9.62,,0.05,False,,0.51,0.16,0.16,,alpha,100,,,,-1.78552326799,0.0163861426766,1.49309344409,31.1238593527,,False,ok,within_implemented_formula,"{""Ac_used"": 4, ""Zc_used"": 2, ""chi_prime"": 131.80439384657518, ""coefficient_set"": ""alpha"", ""rho_prime"": 80.20206301699274}",1,1,HF = T_alpha_half_s / Tcalc_s,Qalpha_MeV,T_alpha_half_s
source-row-0102,102,260Db,,Db,260,105,155,Qi2009_UDL,qi2009_udl,9.5,,0.04,True,,1.68888888889,0.144444444444,0.144444444444,,"alpha, EC, SF",90,10,,,-1.46565734363,0.0342249369211,1.69325842213,49.3467348904,,False,ok,within_implemented_formula,"{""Ac_used"": 4, ""Zc_used"": 2, ""chi_prime"": 132.63823130929597, ""coefficient_set"": ""alpha"", ""rho_prime"": 80.24634277628385}",1,1,HF = T_alpha_half_s / Tcalc_s,Qalpha_MeV,T_alpha_half_s
source-row-0103,103,261Db,,Db,261,105,156,Qi2009_UDL,qi2009_udl,9.22,,0.1,True,,5.61643835616,1.91780821918,1.09589041096,,"alpha, SF",73,27,,,-0.67046500308,0.213567417897,1.41992599968,26.2981985336,,False,ok,within_implemented_formula,"{""Ac_used"": 4, ""Zc_used"": 2, ""chi_prime"": 134.64122785090316, ""coefficient_set"": ""alpha"", ""rho_prime"": 80.2904758164504}",1,1,HF = T_alpha_half_s / Tcalc_s,Qalpha_MeV,T_alpha_half_s
source-row-0104,104,262Db,,Db,262,105,157,Qi2009_UDL,qi2009_udl,9.05,,0.1,True,,70.8333333333,8.33333333333,8.33333333333,,"alpha, EC, SF",48,52,,,-0.176124521296,0.666615609196,2.02636220096,106.258137908,,False,ok,within_implemented_formula,"{""Ac_used"": 4, ""Zc_used"": 2, ""chi_prime"": 135.90396696758665, ""coefficient_set"": ""alpha"", ""rho_prime"": 80.33446321878945}",1,1,HF = T_alpha_half_s / Tcalc_s,Qalpha_MeV,T_alpha_half_s
source-row-0105,105,263Db,,Db,263,105,158,Qi2009_UDL,qi2009_udl,8.83,,0.15,True,,72.972972973,27.027027027,18.9189189189,,"alpha, EC, SF",37,56,,,0.490605008729,3.09460347392,1.37255703136,23.580718366,,False,ok,within_implemented_formula,"{""Ac_used"": 4, ""Zc_used"": 2, ""chi_prime"": 137.59063406609226, ""coefficient_set"": ""alpha"", ""rho_prime"": 80.37830605227954}",1,1,HF = T_alpha_half_s / Tcalc_s,Qalpha_MeV,T_alpha_half_s
source-row-0108,108,268Db,,Db,268,105,163,Qi2009_UDL,qi2009_udl,7.7,,,False,,112941.176471,42352.9411765,28235.2941176,,"alpha, EC, SF",51,49,,,4.36920701269,23399.5234469,0.683645294636,4.82664430012,,False,ok,within_implemented_formula,"{""Ac_used"": 4, ""Zc_used"": 2, ""chi_prime"": 147.36230969901845, ""coefficient_set"": ""alpha"", ""rho_prime"": 80.59538826249586}",1,1,HF = T_alpha_half_s / Tcalc_s,Qalpha_MeV,T_alpha_half_s
source-row-0109,109,270Db,,Db,270,105,165,Qi2009_UDL,qi2009_udl,8.019,,0.03,False,,21176.4705882,40235.2941176,8470.58823529,,"alpha, SF",17,83,,,3.13191493524,1354.92399897,1.19393864415,15.6292682131,,False,ok,within_implemented_formula,"{""Ac_used"": 4, ""Zc_used"": 2, ""chi_prime"": 144.40959351389884, ""coefficient_set"": ""alpha"", ""rho_prime"": 80.6812452520445}",1,1,HF = T_alpha_half_s / Tcalc_s,Qalpha_MeV,T_alpha_half_s
source-row-0110,110,257Sg,,Sg,257,106,151,Qi2009_UDL,qi2009_udl,9.45,,0.07,False,,0.126,0.037,0.023,approx,"alpha, SF",10,90,,,-0.913122093292,0.122145622367,0.0134926384092,1.03155559371,,False,ok,within_implemented_formula,"{""Ac_used"": 4, ""Zc_used"": 2, ""chi_prime"": 134.2675688407681, ""coefficient_set"": ""alpha"", ""rho_prime"": 80.50101792406375}",1,1,HF = T_alpha_half_s / Tcalc_s,Qalpha_MeV,T_alpha_half_s
source-row-0112,112,259Sg,,Sg,259,106,153,Qi2009_UDL,qi2009_udl,9.765,,0.008,False,,0.402,0.056,0.056,,"alpha, EC, SF^r",100,,,,-1.83593512312,0.0145903220084,1.44016117621,27.552510477,,False,ok,within_implemented_formula,"{""Ac_used"": 4, ""Zc_used"": 2, ""chi_prime"": 132.092273472151, ""coefficient_set"": ""alpha"", ""rho_prime"": 80.59045300289958}",1,1,HF = T_alpha_half_s / Tcalc_s,Qalpha_MeV,T_alpha_half_s
source-row-0113,113,260Sg,,Sg,260,106,154,Qi2009_UDL,qi2009_udl,9.901,,0.01,False,,0.00697183098592,0.000464788732394,0.000464788732394,,"alpha, SF",71,29,,,-2.2235635336,0.00597635609271,0.0669103838148,1.16656887203,,False,ok,within_implemented_formula,"{""Ac_used"": 4, ""Zc_used"": 2, ""chi_prime"": 131.18588487434008, ""coefficient_set"": ""alpha"", ""rho_prime"": 80.63494719327188}",1,1,HF = T_alpha_half_s / Tcalc_s,Qalpha_MeV,T_alpha_half_s
source-row-0114,114,261Sg,,Sg,261,106,155,Qi2009_UDL,qi2009_udl,9.55645914397,9.41,0.0101556420233,False,,0.187563710499,0.00515389899459,0.00515389899459,,"alpha, EC, SF",98.1,0.6,257Rf,"g.s. (1/2+), 98.1(4)%",-1.28826305807,0.0514916658081,0.561411873704,3.64260327484,,False,ok,within_implemented_formula,"{""Ac_used"": 4, ""Zc_used"": 2, ""chi_prime"": 133.53377752890475, ""coefficient_set"": ""alpha"", ""rho_prime"": 80.67929395401123}",1,1,HF = T_alpha_half_s / Tcalc_s,Qalpha_MeV,T_alpha_half_s
source-row-0115,115,262Sg,,Sg,262,106,156,Qi2009_UDL,qi2009_udl,9.6,,0.015,False,,0.141666666667,0.0383333333333,0.025,,"alpha, SF",6,94,,,-1.42894611739,0.0372437911494,0.580213792725,3.80376600488,,False,ok,within_implemented_formula,"{""Ac_used"": 4, ""Zc_used"": 2, ""chi_prime"": 133.2345690190027, ""coefficient_set"": ""alpha"", ""rho_prime"": 80.72349437165104}",1,1,HF = T_alpha_half_s / Tcalc_s,Qalpha_MeV,T_alpha_half_s
source-row-0116,116,263Sg,,Sg,263,106,157,Qi2009_UDL,qi2009_udl,9.4,,0.06,False,,1.08045977011,0.16091954023,0.16091954023,,"alpha, SF",87,13,,,-0.873188967222,0.133909390334,0.906797568203,8.0685885241,,False,ok,within_implemented_formula,"{""Ac_used"": 4, ""Zc_used"": 2, ""chi_prime"": 134.64846649692413, ""coefficient_set"": ""alpha"", ""rho_prime"": 80.76754952034652}",1,1,HF = T_alpha_half_s / Tcalc_s,Qalpha_MeV,T_alpha_half_s
source-row-0118,118,265Sg^a,a,Sg,265,106,159,Qi2009_UDL,qi2009_udl,8.9754789272,8.84,,False,,8.5,,,,alpha,100,,261Rf,261Rf^a:91%; 261Rf^b:9%,0.371738085276,2.35362942675,0.557680840438,3.61144362974,,False,ok,within_implemented_formula,"{""Ac_used"": 4, ""Zc_used"": 2, ""chi_prime"": 137.80400241687477, ""coefficient_set"": ""alpha"", ""rho_prime"": 80.85522824677203}",1,2,HF = T_alpha_half_s / Tcalc_s,Qalpha_MeV,T_alpha_half_s
source-row-0119,119,265Sg^b,b,Sg,265,106,159,Qi2009_UDL,qi2009_udl,8.82318007663,8.69,,False,,14.4,,,,alpha,100,,261Rf,261Rf^a:20%; 261Rf^b:80%,0.853133302668,7.13071867343,0.305229189428,2.01943179355,,False,ok,within_implemented_formula,"{""Ac_used"": 4, ""Zc_used"": 2, ""chi_prime"": 138.98824649409866, ""coefficient_set"": ""alpha"", ""rho_prime"": 80.85522824677203}",2,2,HF = T_alpha_half_s / Tcalc_s,Qalpha_MeV,T_alpha_half_s
source-row-0121,121,267Sg,,Sg,267,106,161,Qi2009_UDL,qi2009_udl,8.4,,0.02,False,,3458.82352941,3988.23529412,1588.23529412,,"alpha, SF",17,83,,,2.22457991739,167.718093649,1.3143484873,20.6228407095,,False,ok,within_implemented_formula,"{""Ac_used"": 4, ""Zc_used"": 2, ""chi_prime"": 142.4544207595403, ""coefficient_set"": ""alpha"", ""rho_prime"": 80.94233848610322}",1,1,HF = T_alpha_half_s / Tcalc_s,Qalpha_MeV,T_alpha_half_s
source-row-0123,123,269Sg,,Sg,269,106,163,Qi2009_UDL,qi2009_udl,8.58,,0.07,False,,186,222,66,,alpha,100,,,,1.57986439577,38.0070704411,0.689648548445,4.89382627603,,False,ok,within_implemented_formula,"{""Ac_used"": 4, ""Zc_used"": 2, ""chi_prime"": 140.96019234225724, ""coefficient_set"": ""alpha"", ""rho_prime"": 81.02888840490468}",1,1,HF = T_alpha_half_s / Tcalc_s,Qalpha_MeV,T_alpha_half_s
source-row-0124,124,271Sg,,Sg,271,106,165,Qi2009_UDL,qi2009_udl,8.629,,0.016,False,,42.4657534247,17.8082191781,9.58904109589,,"alpha, SF",73,27,,,1.38305093621,24.1574414829,0.244987897503,1.75787462653,,False,ok,within_implemented_formula,"{""Ac_used"": 4, ""Zc_used"": 2, ""chi_prime"": 140.56722825608716, ""coefficient_set"": ""alpha"", ""rho_prime"": 81.11488598907138}",1,1,HF = T_alpha_half_s / Tcalc_s,Qalpha_MeV,T_alpha_half_s
source-row-0125,125,260Bh,,Bh,260,107,153,Qi2009_UDL,qi2009_udl,10.4,,0.06,False,,0.035,0.019,0.009,approx,"alpha, EC, SF",100,,,,-3.18504190442,0.000653067536102,1.72910994877,53.5932320399,,False,ok,within_implemented_formula,"{""Ac_used"": 4, ""Zc_used"": 2, ""chi_prime"": 129.23076923076923, ""coefficient_set"": ""alpha"", ""rho_prime"": 81.02168776787266}",1,1,HF = T_alpha_half_s / Tcalc_s,Qalpha_MeV,T_alpha_half_s
source-row-0126,126,261Bh,,Bh,261,107,154,Qi2009_UDL,qi2009_udl,10.16,,,False,approx,0.0118,0.0039,0.0024,approx,"alpha, SF",100,,,,-2.58582175914,0.00259524427008,0.657703766449,4.54677817268,,False,ok,within_implemented_formula,"{""Ac_used"": 4, ""Zc_used"": 2, ""chi_prime"": 130.75212157239693, ""coefficient_set"": ""alpha"", ""rho_prime"": 81.06624722412838}",1,1,HF = T_alpha_half_s / Tcalc_s,Qalpha_MeV,T_alpha_half_s
source-row-0127,127,262Bh,,Bh,262,107,155,Qi2009_UDL,qi2009_udl,10.08,,,False,approx,0.096,0.018,0.013,approx,"alpha, SF",100,,,,-2.3928842079,0.00404683774571,1.37515544094,23.7222261015,,False,ok,within_implemented_formula,"{""Ac_used"": 4, ""Zc_used"": 2, ""chi_prime"": 131.27385279438138, ""coefficient_set"": ""alpha"", ""rho_prime"": 81.11065963539515}",1,2,HF = T_alpha_half_s / Tcalc_s,Qalpha_MeV,T_alpha_half_s
source-row-0128,128,262Bh,,Bh,262,107,155,Qi2009_UDL,qi2009_udl,10.55,,,False,approx,0.021,0.008,0.005,approx,"alpha, SF",100,,,,-3.59507661358,0.000254052449392,1.91729590831,82.6600965678,,False,ok,within_implemented_formula,"{""Ac_used"": 4, ""Zc_used"": 2, ""chi_prime"": 128.31642990219265, ""coefficient_set"": ""alpha"", ""rho_prime"": 81.11065963539515}",2,2,HF = T_alpha_half_s / Tcalc_s,Qalpha_MeV,T_alpha_half_s
source-row-0129,129,264Bh,,Bh,264,107,157,Qi2009_UDL,qi2009_udl,9.86,,0.15,True,,1.1511627907,0.267441860465,0.209302325581,,"alpha, SF",86,14,,,-1.83577842003,0.0145955874703,1.89691516339,78.8706033959,,False,ok,within_implemented_formula,"{""Ac_used"": 4, ""Zc_used"": 2, ""chi_prime"": 132.7380836712711, ""coefficient_set"": ""alpha"", ""rho_prime"": 81.1990476279437}",1,1,HF = T_alpha_half_s / Tcalc_s,Qalpha_MeV,T_alpha_half_s
source-row-0130,130,265Bh,,Bh,265,107,158,Qi2009_UDL,qi2009_udl,9.66,,0.21,True,,0.94,0.7,0.31,,alpha,100,,,,-1.29744469023,0.0504144820602,1.27057254383,18.6454360253,,False,ok,within_implemented_formula,"{""Ac_used"": 4, ""Zc_used"": 2, ""chi_prime"": 134.1090369743786, ""coefficient_set"": ""alpha"", ""rho_prime"": 81.24302533128781}",1,1,HF = T_alpha_half_s / Tcalc_s,Qalpha_MeV,T_alpha_half_s
source-row-0131,131,266Bh,,Bh,266,107,159,Qi2009_UDL,qi2009_udl,9.43,,0.08,True,,10,2.7,1.6,,"alpha, EC, SF",100,,,,-0.653936517345,0.221852068662,1.65393651735,45.075081158,,False,ok,within_implemented_formula,"{""Ac_used"": 4, ""Zc_used"": 2, ""chi_prime"": 135.73857055250193, ""coefficient_set"": ""alpha"", ""rho_prime"": 81.28686023413891}",1,1,HF = T_alpha_half_s / Tcalc_s,Qalpha_MeV,T_alpha_half_s
source-row-0132,132,267Bh,,Bh,267,107,160,Qi2009_UDL,qi2009_udl,9.23,,0.2,True,,16,7,4,,alpha,100,,,,-0.0765733415535,0.838352489749,1.28069332421,19.0850509728,,False,ok,within_implemented_formula,"{""Ac_used"": 4, ""Zc_used"": 2, ""chi_prime"": 137.20523546214162, ""coefficient_set"": ""alpha"", ""rho_prime"": 81.33055336792879}",1,1,HF = T_alpha_half_s / Tcalc_s,Qalpha_MeV,T_alpha_half_s
source-row-0133,133,270Bh,,Bh,270,107,163,Qi2009_UDL,qi2009_udl,9.06,,0.1,False,,144,264,54,approx,alpha,100,,,,0.392870570999,2.47098762835,1.7654919211,58.2762933928,,False,ok,within_implemented_formula,"{""Ac_used"": 4, ""Zc_used"": 2, ""chi_prime"": 138.49819958292437, ""coefficient_set"": ""alpha"", ""rho_prime"": 81.4607922975182}",1,1,HF = T_alpha_half_s / Tcalc_s,Qalpha_MeV,T_alpha_half_s
source-row-0134,134,271Bh,,Bh,271,107,164,Qi2009_UDL,qi2009_udl,9.42,,0.09,False,,2.9,2.2,0.9,,alpha,100,,,,-0.710459979738,0.194778052976,1.17285797764,14.888741086,,False,ok,within_implemented_formula,"{""Ac_used"": 4, ""Zc_used"": 2, ""chi_prime"": 135.82972588299685, ""coefficient_set"": ""alpha"", ""rho_prime"": 81.50392844160625}",1,1,HF = T_alpha_half_s / Tcalc_s,Qalpha_MeV,T_alpha_half_s
source-row-0135,135,272Bh,,Bh,272,107,165,Qi2009_UDL,qi2009_udl,9.3,,0.05,False,,8.8,0.7,0.7,,alpha,100,,,,-0.372384028215,0.42424425681,1.31686670036,20.7427675419,,False,ok,within_implemented_formula,"{""Ac_used"": 4, ""Zc_used"": 2, ""chi_prime"": 136.70700257879878, ""coefficient_set"": ""alpha"", ""rho_prime"": 81.5469278044453}",1,1,HF = T_alpha_half_s / Tcalc_s,Qalpha_MeV,T_alpha_half_s
source-row-0136,136,274Bh,,Bh,274,107,167,Qi2009_UDL,qi2009_udl,8.94,,0.06,False,,44,34,13,,alpha,100,,,,0.701648971454,5.03093807217,0.941803705032,8.74588384289,,False,ok,within_implemented_formula,"{""Ac_used"": 4, ""Zc_used"": 2, ""chi_prime"": 139.4399221615585, ""coefficient_set"": ""alpha"", ""rho_prime"": 81.63252003530312}",1,1,HF = T_alpha_half_s / Tcalc_s,Qalpha_MeV,T_alpha_half_s
source-row-0137,137,263Hs,,Hs,263,108,155,Qi2009_UDL,qi2009_udl,10.73,,0.08,False,,0.00074,0.00048,0.00021,,"alpha, SF",100,,,,-3.72560004392,0.00018810483387,0.594831763649,3.93397652137,,False,ok,within_implemented_formula,"{""Ac_used"": 4, ""Zc_used"": 2, ""chi_prime"": 128.45115195962046, ""coefficient_set"": ""alpha"", ""rho_prime"": 81.54046234169293}",1,1,HF = T_alpha_half_s / Tcalc_s,Qalpha_MeV,T_alpha_half_s
source-row-0138,138,264Hs,,Hs,264,108,156,Qi2009_UDL,qi2009_udl,10.591,,0.02,False,,0.0009,0.000485714285714,0.000228571428571,,"alpha, SF",70,30,,,-3.40164429934,0.000396602731218,0.355886808776,2.26927332859,,False,ok,within_implemented_formula,"{""Ac_used"": 4, ""Zc_used"": 2, ""chi_prime"": 129.29510498317723, ""coefficient_set"": ""alpha"", ""rho_prime"": 81.58479349338491}",1,1,HF = T_alpha_half_s / Tcalc_s,Qalpha_MeV,T_alpha_half_s
source-row-0139,139,265Hs,,Hs,265,108,157,Qi2009_UDL,qi2009_udl,10.47,,0.015,False,,0.0019,0.0002,0.0001,,"alpha, SF",100,,,,-3.11632660245,0.000765021071789,0.395080203399,2.48359172063,,False,ok,within_implemented_formula,"{""Ac_used"": 4, ""Zc_used"": 2, ""chi_prime"": 130.04385418566045, ""coefficient_set"": ""alpha"", ""rho_prime"": 81.62898011811089}",1,1,HF = T_alpha_half_s / Tcalc_s,Qalpha_MeV,T_alpha_half_s
source-row-0140,140,266Hs,,Hs,266,108,158,Qi2009_UDL,qi2009_udl,10.346,,0.016,False,,0.000973684210526,0.000631578947368,0.000276315789474,,"alpha, SF",76,24,,,-2.81793658964,0.00152076955766,-0.19364528291,0.640257562771,,False,ok,within_implemented_formula,"{""Ac_used"": 4, ""Zc_used"": 2, ""chi_prime"": 130.82460944514202, ""coefficient_set"": ""alpha"", ""rho_prime"": 81.6730232639529}",1,1,HF = T_alpha_half_s / Tcalc_s,Qalpha_MeV,T_alpha_half_s
source-row-0141,141,267Hs,,Hs,267,108,159,Qi2009_UDL,qi2009_udl,10.038,,0.013,False,,0.06625,0.015,0.01,<,"alpha, SF",80,,,,-2.0256080495,0.0094274003499,0.846793932114,7.02738799044,,False,ok,within_implemented_formula,"{""Ac_used"": 4, ""Zc_used"": 2, ""chi_prime"": 132.82031457016828, ""coefficient_set"": ""alpha"", ""rho_prime"": 81.71692396724266}",1,1,HF = T_alpha_half_s / Tcalc_s,Qalpha_MeV,T_alpha_half_s
source-row-0142,142,268Hs,,Hs,268,108,160,Qi2009_UDL,qi2009_udl,9.623,,0.016,False,,0.4,1.8,0.2,approx,alpha,100,,,,-0.890982738898,0.128533774488,0.493042730226,3.11202251388,,False,ok,within_implemented_formula,"{""Ac_used"": 4, ""Zc_used"": 2, ""chi_prime"": 135.65792819522196, ""coefficient_set"": ""alpha"", ""rho_prime"": 81.76068325273927}",1,1,HF = T_alpha_half_s / Tcalc_s,Qalpha_MeV,T_alpha_half_s
source-row-0143,143,269Hs,,Hs,269,108,161,Qi2009_UDL,qi2009_udl,9.34,,0.04,False,,13,10,4,,alpha,100,,,,-0.0790047409371,0.833672083863,1.19294809324,15.5936611668,,False,ok,within_implemented_formula,"{""Ac_used"": 4, ""Zc_used"": 2, ""chi_prime"": 137.70167259273205, ""coefficient_set"": ""alpha"", ""rho_prime"": 81.80430213380357}",1,1,HF = T_alpha_half_s / Tcalc_s,Qalpha_MeV,T_alpha_half_s
source-row-0144,144,270Hs,,Hs,270,108,162,Qi2009_UDL,qi2009_udl,9.07,,0.04,False,,7.6,4.9,2.2,,"alpha, SF",100,,,,0.730885023272,5.38127297845,0.149928569008,1.41230523529,,False,ok,within_implemented_formula,"{""Ac_used"": 4, ""Zc_used"": 2, ""chi_prime"": 139.74013204539006, ""coefficient_set"": ""alpha"", ""rho_prime"": 81.84778161256921}",1,1,HF = T_alpha_half_s / Tcalc_s,Qalpha_MeV,T_alpha_half_s
source-row-0146,146,272Hs,,Hs,272,108,164,Qi2009_UDL,qi2009_udl,9.772,,0.021,False,,0.16,0.19,0.06,,alpha,100,,,,-1.3817742739,0.0415169772529,0.585894256558,3.85384511559,,False,ok,within_implemented_formula,"{""Ac_used"": 4, ""Zc_used"": 2, ""chi_prime"": 134.63472029812428, ""coefficient_set"": ""alpha"", ""rho_prime"": 81.93432631660681}",1,1,HF = T_alpha_half_s / Tcalc_s,Qalpha_MeV,T_alpha_half_s
source-row-0147,147,273Hs,,Hs,273,108,165,Qi2009_UDL,qi2009_udl,9.65,,0.06,False,,0.51,0.3,0.13,,"alpha, SF",100,,,,-1.05396621476,0.0883148600861,0.761536390862,5.77479259439,,False,ok,within_implemented_formula,"{""Ac_used"": 4, ""Zc_used"": 2, ""chi_prime"": 135.4868096418786, ""coefficient_set"": ""alpha"", ""rho_prime"": 81.9773934915049}",1,1,HF = T_alpha_half_s / Tcalc_s,Qalpha_MeV,T_alpha_half_s
source-row-0148,148,275Hs,,Hs,275,108,167,Qi2009_UDL,qi2009_udl,9.45,,0.05,False,,0.168539325843,0.303370786517,0.0674157303371,<,"alpha, SF",89,11,,,-0.508157670938,0.310343268001,-0.265141076652,0.543073890174,,False,ok,within_implemented_formula,"{""Ac_used"": 4, ""Zc_used"": 2, ""chi_prime"": 136.92042889212644, ""coefficient_set"": ""alpha"", ""rho_prime"": 82.06312228157532}",1,1,HF = T_alpha_half_s / Tcalc_s,Qalpha_MeV,T_alpha_half_s
source-row-0150,150,266Mt,,Mt,266,109,157,Qi2009_UDL,qi2009_udl,10.996,,0.025,False,,0.0017,0.0006,0.0004,approx,"alpha, SF",100,,,,-4.0927283729,8.07740068891e-05,1.32317729428,21.0463745142,,False,ok,within_implemented_formula,"{""Ac_used"": 4, ""Zc_used"": 2, ""chi_prime"": 128.09619536061814, ""coefficient_set"": ""alpha"", ""rho_prime"": 82.0573690257246}",1,1,HF = T_alpha_half_s / Tcalc_s,Qalpha_MeV,T_alpha_half_s
source-row-0151,151,268Mt,,Mt,268,109,159,Qi2009_UDL,qi2009_udl,10.77,,0.15,False,,0.021,0.008,0.005,,alpha,100,,,,-3.58420001473,0.000260495355992,1.90641930946,80.6156406131,,False,ok,within_implemented_formula,"{""Ac_used"": 4, ""Zc_used"": 2, ""chi_prime"": 129.4405899895372, ""coefficient_set"": ""alpha"", ""rho_prime"": 82.14544153438376}",1,1,HF = T_alpha_half_s / Tcalc_s,Qalpha_MeV,T_alpha_half_s
source-row-0152,152,270Mt,,Mt,270,109,161,Qi2009_UDL,qi2009_udl,10.181,,0.05,False,,0.48,0.66,0.18,approx,alpha,100,,,,-2.11824750132,0.00761644830369,1.7994887387,63.0215004239,,False,ok,within_implemented_formula,"{""Ac_used"": 4, ""Zc_used"": 2, ""chi_prime"": 133.139673173438, ""coefficient_set"": ""alpha"", ""rho_prime"": 82.2329497711121}",1,1,HF = T_alpha_half_s / Tcalc_s,Qalpha_MeV,T_alpha_half_s
source-row-0153,153,274Mt,,Mt,274,109,165,Qi2009_UDL,qi2009_udl,10.6,,0.23,True,,0.64,0.76,0.23,approx,"alpha, SF",100,,,,-3.26760522985,0.000540001256236,3.07378520384,1185.18242802,,False,ok,within_implemented_formula,"{""Ac_used"": 4, ""Zc_used"": 2, ""chi_prime"": 130.49607129989522, ""coefficient_set"": ""alpha"", ""rho_prime"": 82.40630529635665}",1,1,HF = T_alpha_half_s / Tcalc_s,Qalpha_MeV,T_alpha_half_s
source-row-0154,154,275Mt,,Mt,275,109,166,Qi2009_UDL,qi2009_udl,10.48,,0.05,False,,0.02,0.013,0.006,,alpha,100,,,,-2.98186710947,0.00104263641873,1.28289710513,19.1821421549,,False,ok,within_implemented_formula,"{""Ac_used"": 4, ""Zc_used"": 2, ""chi_prime"": 131.2445947467662, ""coefficient_set"": ""alpha"", ""rho_prime"": 82.4493038135696}",1,1,HF = T_alpha_half_s / Tcalc_s,Qalpha_MeV,T_alpha_half_s
source-row-0155,155,276Mt,,Mt,276,109,167,Qi2009_UDL,qi2009_udl,10.1,,0.01,False,,0.62,0.06,0.04,,alpha,100,,,,-2.00452802141,0.00989628009336,1.79691971091,62.6498031736,,False,ok,within_implemented_formula,"{""Ac_used"": 4, ""Zc_used"": 2, ""chi_prime"": 133.6943312187495, ""coefficient_set"": ""alpha"", ""rho_prime"": 82.49216808591144}",1,1,HF = T_alpha_half_s / Tcalc_s,Qalpha_MeV,T_alpha_half_s
source-row-0157,157,278Mt,,Mt,278,109,169,Qi2009_UDL,qi2009_udl,9.58,,0.03,False,,4.5,3.5,1.3,,"alpha, SF",100,,,,-0.582887630584,0.261283731284,1.23610014436,17.2226566801,,False,ok,within_implemented_formula,"{""Ac_used"": 4, ""Zc_used"": 2, ""chi_prime"": 137.28209493616868, ""coefficient_set"": ""alpha"", ""rho_prime"": 82.57749761571984}",1,1,HF = T_alpha_half_s / Tcalc_s,Qalpha_MeV,T_alpha_half_s
source-row-0158,158,267Ds,,Ds,267,110,157,Qi2009_UDL,qi2009_udl,11.78,,0.05,False,,2.8e-06,1.33e-05,1e-07,uncertain,alpha ?,100,,,,-5.56771393979,2.70573998862e-06,0.0148719711327,1.03483705448,,False,ok,within_implemented_formula,"{""Ac_used"": 4, ""Zc_used"": 2, ""chi_prime"": 124.92039394911639, ""coefficient_set"": ""alpha"", ""rho_prime"": 82.48423586199564}",1,1,HF = T_alpha_half_s / Tcalc_s,Qalpha_MeV,T_alpha_half_s
source-row-0159,159,269Ds,,Ds,269,110,159,Qi2009_UDL,qi2009_udl,11.51,,0.03,False,,0.00017,0.00016,6e-05,,alpha,100,,,,-5.01068759293,9.7569124285e-06,1.24113651431,17.4235447172,,False,ok,within_implemented_formula,"{""Ac_used"": 4, ""Zc_used"": 2, ""chi_prime"": 126.38422858429252, ""coefficient_set"": ""alpha"", ""rho_prime"": 82.572434498825}",1,1,HF = T_alpha_half_s / Tcalc_s,Qalpha_MeV,T_alpha_half_s
source-row-0160,160,270Ds,,Ds,270,110,160,Qi2009_UDL,qi2009_udl,11.117,,0.028,False,,0.0002,7e-05,4e-05,,"alpha, SF",100,,,,-4.12794419009,7.44827683375e-05,0.428974185755,2.68518483488,,False,ok,within_implemented_formula,"{""Ac_used"": 4, ""Zc_used"": 2, ""chi_prime"": 128.6023427540969, ""coefficient_set"": ""alpha"", ""rho_prime"": 82.61632224456416}",1,1,HF = T_alpha_half_s / Tcalc_s,Qalpha_MeV,T_alpha_half_s
source-row-0161,161,271Ds,,Ds,271,110,161,Qi2009_UDL,qi2009_udl,10.87,,0.018,False,,0.00163,0.00044,2e-05,,alpha,100,,,,-3.55472763391,0.000278786902169,0.766915238312,5.84675961217,,False,ok,within_implemented_formula,"{""Ac_used"": 4, ""Zc_used"": 2, ""chi_prime"": 130.05886510097795, ""coefficient_set"": ""alpha"", ""rho_prime"": 82.66007027941448}",1,1,HF = T_alpha_half_s / Tcalc_s,Qalpha_MeV,T_alpha_half_s
source-row-0162,162,273Ds^a,a,Ds,273,110,163,Qi2009_UDL,qi2009_udl,11.0519330855,10.89,0.0202973977695,False,,0.01734,0.03155,0.00683,,alpha,100,,269Hs,269Hs:100% (within alpha branch),-4.02635171159,9.41127119919e-05,2.26540080473,184.247161016,,False,ok,within_implemented_formula,"{""Ac_used"": 4, ""Zc_used"": 2, ""chi_prime"": 128.99100899100898, ""coefficient_set"": ""alpha"", ""rho_prime"": 82.74715116314819}",1,2,HF = T_alpha_half_s / Tcalc_s,Qalpha_MeV,T_alpha_half_s
source-row-0163,163,273Ds^m,,Ds,273,110,163,Qi2009_UDL,qi2009_udl,11.33,,0.02,False,,0.00016,8e-05,5e-05,,alpha,100,,,,-4.67379083296,2.11938163644e-05,0.87791081562,7.54937181906,,False,ok,within_implemented_formula,"{""Ac_used"": 4, ""Zc_used"": 2, ""chi_prime"": 127.39829282526134, ""coefficient_set"": ""alpha"", ""rho_prime"": 82.74715116314819}",2,2,HF = T_alpha_half_s / Tcalc_s,Qalpha_MeV,T_alpha_half_s
source-row-0164,164,275Ds,,Ds,275,110,165,Qi2009_UDL,qi2009_udl,11.37,,0.02,False,,0.00043,0.00029,0.00012,,alpha,100,,,,-4.79947536413,1.58680893e-05,1.43294381971,27.0984106448,,False,ok,within_implemented_formula,"{""Ac_used"": 4, ""Zc_used"": 2, ""chi_prime"": 127.18087628977658, ""coefficient_set"": ""alpha"", ""rho_prime"": 82.8336849360441}",1,1,HF = T_alpha_half_s / Tcalc_s,Qalpha_MeV,T_alpha_half_s
source-row-0165,165,276Ds,,Ds,276,110,166,Qi2009_UDL,qi2009_udl,10.904,,0.028,False,,0.000348837209302,0.000232558139535,9.3023255814e-05,,"alpha, SF",43,57,,,-3.72346545136,0.000189031660215,0.266088254831,1.84539039072,,False,ok,within_implemented_formula,"{""Ac_used"": 4, ""Zc_used"": 2, ""chi_prime"": 129.87355734573643, ""coefficient_set"": ""alpha"", ""rho_prime"": 82.87674904290674}",1,1,HF = T_alpha_half_s / Tcalc_s,Qalpha_MeV,T_alpha_half_s
source-row-0166,166,277Ds,,Ds,277,110,167,Qi2009_UDL,qi2009_udl,10.71,,0.04,False,,0.0035,0.0021,0.0009,,"alpha, SF",100,,,,-3.26455519965,0.000543807008425,0.808623244003,6.43610682793,,False,ok,within_implemented_formula,"{""Ac_used"": 4, ""Zc_used"": 2, ""chi_prime"": 131.04801601547692, ""coefficient_set"": ""alpha"", ""rho_prime"": 82.91967921583019}",1,1,HF = T_alpha_half_s / Tcalc_s,Qalpha_MeV,T_alpha_half_s
source-row-0167,167,279Ds,,Ds,279,110,169,Qi2009_UDL,qi2009_udl,9.827,,0.015,True,,1.43076923077,0.161538461538,0.130769230769,,"alpha, SF",13,87,,,-0.956632447484,0.110501342028,1.11220203939,12.9479805812,,False,ok,within_implemented_formula,"{""Ac_used"": 4, ""Zc_used"": 2, ""chi_prime"": 136.8161968869808, ""coefficient_set"": ""alpha"", ""rho_prime"": 83.00514145683474}",1,1,HF = T_alpha_half_s / Tcalc_s,Qalpha_MeV,T_alpha_half_s
source-row-0169,169,281Ds,,Ds,281,110,171,Qi2009_UDL,qi2009_udl,9.47,,0.21,True,,130,45,27,,"alpha, SF",10,90,,,0.0482874995285,1.11760284724,2.06565585278,116.320390845,,False,ok,within_implemented_formula,"{""Ac_used"": 4, ""Zc_used"": 2, ""chi_prime"": 139.3784023047947, ""coefficient_set"": ""alpha"", ""rho_prime"": 83.09007895469864}",1,1,HF = T_alpha_half_s / Tcalc_s,Qalpha_MeV,T_alpha_half_s
source-row-0170,170,272Rg,,Rg,272,111,161,Qi2009_UDL,qi2009_udl,11.197,,0.013,False,,0.0038,0.0014,0.0008,,alpha,100,,,,-4.03215519822,9.28634473343e-05,1.61193879484,40.9202986652,,False,ok,within_implemented_formula,"{""Ac_used"": 4, ""Zc_used"": 2, ""chi_prime"": 129.335752776817, ""coefficient_set"": ""alpha"", ""rho_prime"": 83.0856847645525}",1,1,HF = T_alpha_half_s / Tcalc_s,Qalpha_MeV,T_alpha_half_s
source-row-0171,171,274Rg,,Rg,274,111,163,Qi2009_UDL,qi2009_udl,11.48,,0.09,False,,0.012,0.017,0.005,,alpha,100,,,,-4.71899361039,1.9098813577e-05,2.79817485644,628.311279735,,False,ok,within_implemented_formula,"{""Ac_used"": 4, ""Zc_used"": 2, ""chi_prime"": 127.7385981985164, ""coefficient_set"": ""alpha"", ""rho_prime"": 83.17289208557385}",1,1,HF = T_alpha_half_s / Tcalc_s,Qalpha_MeV,T_alpha_half_s
source-row-0172,172,278Rg,,Rg,278,111,167,Qi2009_UDL,qi2009_udl,10.85,,0.1,False,,0.0046,0.0055,0.0016,approx,"alpha, SF",100,,,,-3.30153745539,0.000499416106592,0.964295287076,9.21075619965,,False,ok,within_implemented_formula,"{""Ac_used"": 4, ""Zc_used"": 2, ""chi_prime"": 131.40881640189545, ""coefficient_set"": ""alpha"", ""rho_prime"": 83.34567692592152}",1,1,HF = T_alpha_half_s / Tcalc_s,Qalpha_MeV,T_alpha_half_s
source-row-0173,173,279Rg,,Rg,279,111,168,Qi2009_UDL,qi2009_udl,10.53,,0.17,False,,0.103448275862,0.0689655172414,0.0287356321839,,"alpha, SF",87,13,,,-2.5130065669,0.00306897558251,1.52772982372,33.7077546174,,False,ok,within_implemented_formula,"{""Ac_used"": 4, ""Zc_used"": 2, ""chi_prime"": 133.39407780073054, ""coefficient_set"": ""alpha"", ""rho_prime"": 83.38853906958992}",1,1,HF = T_alpha_half_s / Tcalc_s,Qalpha_MeV,T_alpha_half_s
source-row-0174,174,280Rg,,Rg,280,111,169,Qi2009_UDL,qi2009_udl,10.149,,0.01,False,,3.9,0.3,0.3,,alpha,100,,,,-1.52155521865,0.0300915654343,2.11261982567,129.604423822,,False,ok,within_implemented_formula,"{""Ac_used"": 4, ""Zc_used"": 2, ""chi_prime"": 135.8783887577288, ""coefficient_set"": ""alpha"", ""rho_prime"": 83.43126942395031}",1,1,HF = T_alpha_half_s / Tcalc_s,Qalpha_MeV,T_alpha_half_s
source-row-0175,175,281Rg,,Rg,281,111,170,Qi2009_UDL,qi2009_udl,9.9,,0.4,True,,78.5714285714,21.4285714286,7.14285714286,,"alpha, SF",14,88,,,-0.848174773542,0.141848656391,2.74343942302,553.910277125,,False,ok,within_implemented_formula,"{""Ac_used"": 4, ""Zc_used"": 2, ""chi_prime"": 137.58009865971144, ""coefficient_set"": ""alpha"", ""rho_prime"": 83.47386889054782}",1,1,HF = T_alpha_half_s / Tcalc_s,Qalpha_MeV,T_alpha_half_s
source-row-0176,176,282Rg,,Rg,282,111,171,Qi2009_UDL,qi2009_udl,9.55,,0.1,True,,100,70,30,approx,"alpha, SF",100,,,,0.150580648218,1.41442735897,1.84941935178,70.6999899044,,False,ok,within_implemented_formula,"{""Ac_used"": 4, ""Zc_used"": 2, ""chi_prime"": 140.08210114591137, ""coefficient_set"": ""alpha"", ""rho_prime"": 83.5163383613891}",1,1,HF = T_alpha_half_s / Tcalc_s,Qalpha_MeV,T_alpha_half_s
source-row-0177,177,277Cn,,Cn,277,112,165,Qi2009_UDL,qi2009_udl,11.62,,0.06,False,,0.00061,0.00046,0.00018,,alpha,100,,,,-4.77537367005,1.67736018449e-05,1.56070350506,36.3666674361,,False,ok,within_implemented_formula,"{""Ac_used"": 4, ""Zc_used"": 2, ""chi_prime"": 128.14186822925726, ""coefficient_set"": ""alpha"", ""rho_prime"": 83.68393204648623}",1,1,HF = T_alpha_half_s / Tcalc_s,Qalpha_MeV,T_alpha_half_s
source-row-0179,179,281Cn,,Cn,281,112,169,Qi2009_UDL,qi2009_udl,10.43,,0.06,False,,0.18,0.1,0.05,,"alpha, SF",100,,,,-1.95246172908,0.0111567646271,1.20773423419,16.133709549,,False,ok,within_implemented_formula,"{""Ac_used"": 4, ""Zc_used"": 2, ""chi_prime"": 135.26867838225795, ""coefficient_set"": ""alpha"", ""rho_prime"": 83.85590232306062}",1,1,HF = T_alpha_half_s / Tcalc_s,Qalpha_MeV,T_alpha_half_s
source-row-0181,181,283Cn,,Cn,283,112,171,Qi2009_UDL,qi2009_udl,9.667,,0.015,False,,4.23333333333,0.5,0.4,<,"alpha, SF",90,10,,,0.142520267669,1.38841810316,0.484162198567,3.04903351786,,False,ok,within_implemented_formula,"{""Ac_used"": 4, ""Zc_used"": 2, ""chi_prime"": 140.5127394998571, ""coefficient_set"": ""alpha"", ""rho_prime"": 83.94110029928741}",1,1,HF = T_alpha_half_s / Tcalc_s,Qalpha_MeV,T_alpha_half_s
source-row-0182,182,284Cn,,Cn,284,112,172,Qi2009_UDL,qi2009_udl,9.46,,0.01,False,,4.9,1,0.7,,"alpha, SF",2,98,,,0.747236561381,5.58774477829,-0.0570404813523,0.876919078165,,False,ok,within_implemented_formula,"{""Ac_used"": 4, ""Zc_used"": 2, ""chi_prime"": 142.0453279932736, ""coefficient_set"": ""alpha"", ""rho_prime"": 83.98350560864051}",1,1,HF = T_alpha_half_s / Tcalc_s,Qalpha_MeV,T_alpha_half_s
source-row-0183,183,285Cn,,Cn,285,112,173,Qi2009_UDL,qi2009_udl,9.32,,0.02,False,,33,10,6,,alpha,100,,,,1.16253248734,14.538931398,0.355981452543,2.26976791461,,False,ok,within_implemented_formula,"{""Ac_used"": 4, ""Zc_used"": 2, ""chi_prime"": 143.11180202002512, ""coefficient_set"": ""alpha"", ""rho_prime"": 84.02578295941795}",1,1,HF = T_alpha_half_s / Tcalc_s,Qalpha_MeV,T_alpha_half_s
source-row-0184,184,286Cn,,Cn,286,112,174,Qi2009_UDL,qi2009_udl,9.24,,0.76,True,,8.4,40.5,3.9,,"(alpha, SF)",100,,,,1.39711233933,24.9524008936,-0.472833053264,0.33664095234,,False,ok,within_implemented_formula,"{""Ac_used"": 4, ""Zc_used"": 2, ""chi_prime"": 143.73357526806552, ""coefficient_set"": ""alpha"", ""rho_prime"": 84.06793321072394}",1,1,HF = T_alpha_half_s / Tcalc_s,Qalpha_MeV,T_alpha_half_s
source-row-0185,185,278Nh,,Nh,278,113,165,Qi2009_UDL,qi2009_udl,11.99,,0.08,False,,0.002,0.0027,0.0007,,alpha,100,,,,-5.30016410358,5.0099788956e-06,2.60119409925,399.203278432,,False,ok,within_implemented_formula,"{""Ac_used"": 4, ""Zc_used"": 2, ""chi_prime"": 127.29937224678655, ""coefficient_set"": ""alpha"", ""rho_prime"": 84.10684045906113}",1,1,HF = T_alpha_half_s / Tcalc_s,Qalpha_MeV,T_alpha_half_s
source-row-0186,186,282Nh,,Nh,282,113,169,Qi2009_UDL,qi2009_udl,10.78,,0.08,False,,0.061,0.073,0.022,,alpha,100,,,,-2.54179750645,0.00287211942034,1.32712734146,21.2386711945,,False,ok,within_implemented_formula,"{""Ac_used"": 4, ""Zc_used"": 2, ""chi_prime"": 134.26766412290576, ""coefficient_set"": ""alpha"", ""rho_prime"": 84.27906047880064}",1,1,HF = T_alpha_half_s / Tcalc_s,Qalpha_MeV,T_alpha_half_s
source-row-0187,187,283Nh,,Nh,283,113,170,Qi2009_UDL,qi2009_udl,10.35,,0.04,False,,0.123,0.08,0.035,,alpha,100,,,,-1.43655529055,0.0365969345595,0.526460401992,3.36093723369,,False,ok,within_implemented_formula,"{""Ac_used"": 4, ""Zc_used"": 2, ""chi_prime"": 137.03189989403808, ""coefficient_set"": ""alpha"", ""rho_prime"": 84.32178751444904}",1,1,HF = T_alpha_half_s / Tcalc_s,Qalpha_MeV,T_alpha_half_s
source-row-0188,188,284Nh,,Nh,284,113,171,Qi2009_UDL,qi2009_udl,10.28,,0.04,False,,0.9,0.07,0.06,,alpha,100,,,,-1.26417822491,0.0544279246764,1.21842073435,16.5356295569,,False,ok,within_implemented_formula,"{""Ac_used"": 4, ""Zc_used"": 2, ""chi_prime"": 137.50112720433557, ""coefficient_set"": ""alpha"", ""rho_prime"": 84.3643851391169}",1,1,HF = T_alpha_half_s / Tcalc_s,Qalpha_MeV,T_alpha_half_s
source-row-0189,189,285Nh,,Nh,285,113,172,Qi2009_UDL,qi2009_udl,10.01,,0.04,False,,2.56097560976,0.731707317073,0.365853658537,,"alpha, SF",82,18,,,-0.532264816524,0.293585892914,0.940670258874,8.72308810322,,False,ok,within_implemented_formula,"{""Ac_used"": 4, ""Zc_used"": 2, ""chi_prime"": 139.3466913648921, ""coefficient_set"": ""alpha"", ""rho_prime"": 84.40685422489511}",1,1,HF = T_alpha_half_s / Tcalc_s,Qalpha_MeV,T_alpha_half_s
source-row-0190,190,286Nh,,Nh,286,113,173,Qi2009_UDL,qi2009_udl,9.79,,0.05,False,,9.5,6.3,2.7,,alpha,100,,,,0.0838255002999,1.21290140826,0.893898104989,7.8324585455,,False,ok,within_implemented_formula,"{""Ac_used"": 4, ""Zc_used"": 2, ""chi_prime"": 140.90719246852487, ""coefficient_set"": ""alpha"", ""rho_prime"": 84.4491956347841}",1,1,HF = T_alpha_half_s / Tcalc_s,Qalpha_MeV,T_alpha_half_s
source-row-0191,191,284Fl,,Fl,284,114,170,Qi2009_UDL,qi2009_udl,10.721,,0.017,False,,0.0104166666667,0.005,0.0025,,"alpha, SF",24,76,,,-2.09620510978,0.00801299534085,0.11393387674,1.29997163652,,False,ok,within_implemented_formula,"{""Ac_used"": 4, ""Zc_used"": 2, ""chi_prime"": 135.85643422703046, ""coefficient_set"": ""alpha"", ""rho_prime"": 84.74355282548606}",1,1,HF = T_alpha_half_s / Tcalc_s,Qalpha_MeV,T_alpha_half_s
source-row-0192,192,285Fl,,Fl,285,114,171,Qi2009_UDL,qi2009_udl,10.56,,0.07,False,,0.1,0.06,0.03,,alpha,100,,,,-1.69380282046,0.0202393788378,0.693802820462,4.94086309672,,False,ok,within_implemented_formula,"{""Ac_used"": 4, ""Zc_used"": 2, ""chi_prime"": 136.89159535287854, ""coefficient_set"": ""alpha"", ""rho_prime"": 84.78621278452162}",1,1,HF = T_alpha_half_s / Tcalc_s,Qalpha_MeV,T_alpha_half_s
source-row-0193,193,286Fl,,Fl,286,114,172,Qi2009_UDL,qi2009_udl,10.335,,0.01,False,,0.2625,0.0425,0.0325,,"alpha, SF",40,60,,,-1.10826941638,0.0779346489705,0.527398724124,3.36820661243,,False,ok,within_implemented_formula,"{""Ac_used"": 4, ""Zc_used"": 2, ""chi_prime"": 138.37712751516048, ""coefficient_set"": ""alpha"", ""rho_prime"": 84.82874449384087}",1,1,HF = T_alpha_half_s / Tcalc_s,Qalpha_MeV,T_alpha_half_s
source-row-0194,194,287Fl,,Fl,287,114,173,Qi2009_UDL,qi2009_udl,10.157,,0.015,False,,0.514285714286,0.0642857142857,0.0514285714286,<,alpha,70,,,,-0.634399187307,0.232060280413,0.34560364806,2.21617294166,,False,ok,within_implemented_formula,"{""Ac_used"": 4, ""Zc_used"": 2, ""chi_prime"": 139.58783041882788, ""coefficient_set"": ""alpha"", ""rho_prime"": 84.87114881132005}",1,1,HF = T_alpha_half_s / Tcalc_s,Qalpha_MeV,T_alpha_half_s
source-row-0195,195,288Fl,,Fl,288,114,174,Qi2009_UDL,qi2009_udl,10.076,,0.012,False,,0.64,0.14,0.1,,"alpha, SF",100,,,,-0.423610139689,0.377042112741,0.229790113673,1.69742312164,,False,ok,within_implemented_formula,"{""Ac_used"": 4, ""Zc_used"": 2, ""chi_prime"": 140.15121294346352, ""coefficient_set"": ""alpha"", ""rho_prime"": 84.91342658595893}",1,1,HF = T_alpha_half_s / Tcalc_s,Qalpha_MeV,T_alpha_half_s
source-row-0196,196,289Fl,,Fl,289,114,175,Qi2009_UDL,qi2009_udl,9.95,,0.07,False,,2.4,0.8,0.5,,alpha,100,,,,-0.0807958393459,0.830240969811,0.461007081057,2.89072701453,,False,ok,within_implemented_formula,"{""Ac_used"": 4, ""Zc_used"": 2, ""chi_prime"": 141.0392475279703, ""coefficient_set"": ""alpha"", ""rho_prime"": 84.95557865800461}",1,1,HF = T_alpha_half_s / Tcalc_s,Qalpha_MeV,T_alpha_half_s
source-row-0197,197,290Fl,,Fl,290,114,176,Qi2009_UDL,qi2009_udl,9.86,,0.03,False,,0.46,,,<,(alpha),100,,,,0.163544780309,1.45728595843,-0.500786948627,0.315655275027,,False,ok,within_implemented_formula,"{""Ac_used"": 4, ""Zc_used"": 2, ""chi_prime"": 141.68490200776162, ""coefficient_set"": ""alpha"", ""rho_prime"": 84.99760585907345}",1,1,HF = T_alpha_half_s / Tcalc_s,Qalpha_MeV,T_alpha_half_s
source-row-0198,198,286Mc,,Mc,286,115,171,Qi2009_UDL,qi2009_udl,10.86,,0.02,False,,0.02,0.098,0.009,,alpha,100,,,,-2.15770229006,0.00695500921813,0.458732285724,2.87562523251,,False,ok,within_implemented_formula,"{""Ac_used"": 4, ""Zc_used"": 2, ""chi_prime"": 136.19622171772713, ""coefficient_set"": ""alpha"", ""rho_prime"": 85.20660268688475}",1,1,HF = T_alpha_half_s / Tcalc_s,Qalpha_MeV,T_alpha_half_s
source-row-0199,199,287Mc,,Mc,287,115,172,Qi2009_UDL,qi2009_udl,10.76,,0.07,False,,0.038,0.022,0.01,,alpha,100,,,,-1.9180181871,0.0120776325612,0.49780178372,3.14631197856,,False,ok,within_implemented_formula,"{""Ac_used"": 4, ""Zc_used"": 2, ""chi_prime"": 136.8310213050526, ""coefficient_set"": ""alpha"", ""rho_prime"": 85.24919588867284}",1,1,HF = T_alpha_half_s / Tcalc_s,Qalpha_MeV,T_alpha_half_s
source-row-0200,200,288Mc,,Mc,288,115,173,Qi2009_UDL,qi2009_udl,10.65,,0.05,False,,0.193,0.015,0.013,,alpha,100,,,,-1.64844255301,0.0224676395058,0.933999862021,8.59013248589,,False,ok,within_implemented_formula,"{""Ac_used"": 4, ""Zc_used"": 2, ""chi_prime"": 137.53921999574172, ""coefficient_set"": ""alpha"", ""rho_prime"": 85.29166198395264}",1,1,HF = T_alpha_half_s / Tcalc_s,Qalpha_MeV,T_alpha_half_s
source-row-0201,201,289Mc,,Mc,289,115,174,Qi2009_UDL,qi2009_udl,10.49,,0.05,False,,0.25,0.051,0.035,,"alpha, SF",100,,,,-1.24055142782,0.0574709759453,0.638491436489,4.35002183081,,False,ok,within_implemented_formula,"{""Ac_used"": 4, ""Zc_used"": 2, ""chi_prime"": 138.58754429364853, ""coefficient_set"": ""alpha"", ""rho_prime"": 85.334001816714}",1,1,HF = T_alpha_half_s / Tcalc_s,Qalpha_MeV,T_alpha_half_s
source-row-0202,202,290Mc,,Mc,290,115,175,Qi2009_UDL,qi2009_udl,10.41,,0.04,False,,0.65,0.49,0.2,,alpha,100,,,,-1.04132774968,0.0909226846029,0.854241106328,7.14893101583,,False,ok,within_implemented_formula,"{""Ac_used"": 4, ""Zc_used"": 2, ""chi_prime"": 139.12240852088362, ""coefficient_set"": ""alpha"", ""rho_prime"": 85.3762162222776}",1,1,HF = T_alpha_half_s / Tcalc_s,Qalpha_MeV,T_alpha_half_s
source-row-0203,203,288Lv,,Lv,288,116,172,Qi2009_UDL,qi2009_udl,11.24,,0.015,False,,0.002,0.0023,0.0007,,alpha,100,,,,-2.81632402299,0.00152642678075,0.117354018656,1.31024954831,,False,ok,within_implemented_formula,"{""Ac_used"": 4, ""Zc_used"": 2, ""chi_prime"": 135.06555677275583, ""coefficient_set"": ""alpha"", ""rho_prime"": 85.66822744402167}",1,1,HF = T_alpha_half_s / Tcalc_s,Qalpha_MeV,T_alpha_half_s
source-row-0204,204,289Lv,,Lv,289,116,173,Qi2009_UDL,qi2009_udl,11.057,,0.015,False,,0.0024,0.0044,0.0009,,alpha,100,,,,-2.38082461065,0.00416078609454,-0.238964147634,0.576814079231,,False,ok,within_implemented_formula,"{""Ac_used"": 4, ""Zc_used"": 2, ""chi_prime"": 136.18199638041528, ""coefficient_set"": ""alpha"", ""rho_prime"": 85.71075420852092}",1,1,HF = T_alpha_half_s / Tcalc_s,Qalpha_MeV,T_alpha_half_s
source-row-0205,205,290Lv,,Lv,290,116,174,Qi2009_UDL,qi2009_udl,11,,0.06,False,,0.0083,0.0035,0.0019,,"alpha, SF",100,,,,-2.25451838873,0.00556521069758,0.173596481106,1.49140804383,,False,ok,within_implemented_formula,"{""Ac_used"": 4, ""Zc_used"": 2, ""chi_prime"": 136.53767952852607, ""coefficient_set"": ""alpha"", ""rho_prime"": 85.75315499205728}",1,1,HF = T_alpha_half_s / Tcalc_s,Qalpha_MeV,T_alpha_half_s
source-row-0206,206,291Lv,,Lv,291,116,175,Qi2009_UDL,qi2009_udl,10.89,,0.09,False,,0.019,0.017,0.006,approx,"alpha, SF",100,,,,-1.99179125379,0.0101908109771,0.27054485474,1.86442472955,,False,ok,within_implemented_formula,"{""Ac_used"": 4, ""Zc_used"": 2, ""chi_prime"": 137.22882875442374, ""coefficient_set"": ""alpha"", ""rho_prime"": 85.79543062505263}",1,1,HF = T_alpha_half_s / Tcalc_s,Qalpha_MeV,T_alpha_half_s
source-row-0207,207,292Lv,,Lv,292,116,176,Qi2009_UDL,qi2009_udl,10.791,,0.012,False,,0.013,0.007,0.004,approx,"alpha, SF",100,,,,-1.75332183907,0.0176472956226,-0.132734808625,0.736656781754,,False,ok,within_implemented_formula,"{""Ac_used"": 4, ""Zc_used"": 2, ""chi_prime"": 137.86017153929288, ""coefficient_set"": ""alpha"", ""rho_prime"": 85.8375819294608}",1,1,HF = T_alpha_half_s / Tcalc_s,Qalpha_MeV,T_alpha_half_s
source-row-0208,208,293Lv,,Lv,293,116,177,Qi2009_UDL,qi2009_udl,10.68,,0.06,False,,0.057,0.043,0.017,,alpha,100,,,,-1.47963777582,0.0331407417266,0.235512631488,1.71993736502,,False,ok,within_implemented_formula,"{""Ac_used"": 4, ""Zc_used"": 2, ""chi_prime"": 138.57801223615198, ""coefficient_set"": ""alpha"", ""rho_prime"": 85.87960971888404}",1,1,HF = T_alpha_half_s / Tcalc_s,Qalpha_MeV,T_alpha_half_s
source-row-0209,209,293Ts,,Ts,293,117,176,Qi2009_UDL,qi2009_udl,11.32,,0.05,False,,0.022,0.008,0.004,,alpha,100,,,,-2.77728569376,0.00166999167525,1.11970837459,13.1737183641,,False,ok,within_implemented_formula,"{""Ac_used"": 4, ""Zc_used"": 2, ""chi_prime"": 135.7843536884614, ""coefficient_set"": ""alpha"", ""rho_prime"": 86.25545225730544}",1,1,HF = T_alpha_half_s / Tcalc_s,Qalpha_MeV,T_alpha_half_s
source-row-0210,210,294Ts,,Ts,294,117,177,Qi2009_UDL,qi2009_udl,11.18,,0.04,False,,0.051,0.038,0.016,,alpha,100,,,,-2.4496036194,0.00355137375263,1.1571737955,14.3606400093,,False,ok,within_implemented_formula,"{""Ac_used"": 4, ""Zc_used"": 2, ""chi_prime"": 136.63509517665395, ""coefficient_set"": ""alpha"", ""rho_prime"": 86.29754073001945}",1,1,HF = T_alpha_half_s / Tcalc_s,Qalpha_MeV,T_alpha_half_s
source-row-0211,211,294Og,,Og,294,118,176,Qi2009_UDL,qi2009_udl,11.87,,0.03,False,,0.00058,0.00044,0.00018,,"alpha, SF",100,,,,-3.7807711092,0.000165664285136,0.544199102768,3.50105636544,,False,ok,within_implemented_formula,"{""Ac_used"": 4, ""Zc_used"": 2, ""chi_prime"": 133.75744205172194, ""coefficient_set"": ""alpha"", ""rho_prime"": 86.67193528932893}",1,1,HF = T_alpha_half_s / Tcalc_s,Qalpha_MeV,T_alpha_half_s
source-row-0002,2,240Es,,Es,240,99,141,Viola-Seaborg,viola_seaborg,8.26,,0.06,False,,8.57142857143,2.42857142857,2.42857142857,,"alpha, EC, SF",70,,,,0.454793078204,2.84966020902,0.478260132166,3.00787741089,,False,ok,within_implemented_formula,{},1,1,HF = T_alpha_half_s / Tcalc_s,Qalpha_MeV,T_alpha_half_s
source-row-0003,3,241Es,,Es,241,99,142,Viola-Seaborg,viola_seaborg,8.259,,0.017,False,,4.3,2.4,1.2,,"alpha, EC",100,,,,0.458068792895,2.87123535398,0.175399662685,1.4976132117,,False,ok,within_implemented_formula,{},1,1,HF = T_alpha_half_s / Tcalc_s,Qalpha_MeV,T_alpha_half_s
source-row-0004,4,242Es,,Es,242,99,143,Viola-Seaborg,viola_seaborg,8.16,,0.02,False,,31.2280701754,2.80701754386,2.80701754386,,"alpha, EC",57,,,,0.785339176862,6.1001312149,0.709205969774,5.11924564822,,False,ok,within_implemented_formula,{},1,1,HF = T_alpha_half_s / Tcalc_s,Qalpha_MeV,T_alpha_half_s
source-row-0005,5,243Es,,Es,243,99,144,Viola-Seaborg,viola_seaborg,8.072,,0.01,False,,36.0655737705,1.6393442623,1.6393442623,,"alpha, EC, SF",61,1,,,1.08128641838,12.0583092693,0.475806427436,2.99093122968,,False,ok,within_implemented_formula,{},1,1,HF = T_alpha_half_s / Tcalc_s,Qalpha_MeV,T_alpha_half_s
source-row-0006,6,244Es,,Es,244,99,145,Viola-Seaborg,viola_seaborg,7.94,,0.1,True,,925,100,100,,"alpha, EC",4,,,,1.53439856416,34.2293430641,1.43174316858,27.0235978022,,False,ok,within_implemented_formula,{},1,1,HF = T_alpha_half_s / Tcalc_s,Qalpha_MeV,T_alpha_half_s
source-row-0007,7,245Es,,Es,245,99,146,Viola-Seaborg,viola_seaborg,7.909,,0.003,False,,124.444444444,6.66666666667,6.66666666667,,"alpha, EC",54,,,,1.64245275896,43.8988111451,0.452522754267,2.83480215519,,False,ok,within_implemented_formula,{},1,1,HF = T_alpha_half_s / Tcalc_s,Qalpha_MeV,T_alpha_half_s
source-row-0008,8,246Es,,Es,246,99,147,Viola-Seaborg,viola_seaborg,7.64,,0.1,True,,4545.45454545,303.03030303,303.03030303,,"alpha, EC",9.9,,,,2.60752879642,405.068802822,1.05004852276,11.2214382193,,False,ok,within_implemented_formula,{},1,1,HF = T_alpha_half_s / Tcalc_s,Qalpha_MeV,T_alpha_half_s
source-row-0009,9,247Es,,Es,247,99,148,Viola-Seaborg,viola_seaborg,7.464,,0.02,False,,3900,222.857142857,222.857142857,,"alpha, EC",7,,,,3.2669960844,1849.25194606,0.324068522623,2.10896087378,,False,ok,within_implemented_formula,{},1,1,HF = T_alpha_half_s / Tcalc_s,Qalpha_MeV,T_alpha_half_s
source-row-0010,10,248Es,,Es,248,99,149,Viola-Seaborg,viola_seaborg,7.16,,0.05,True,,480000,40000,40000,,"alpha, EC",0.3,,,,4.46283678957,29029.3151062,1.21840444781,16.5350094635,,False,ok,within_implemented_formula,{},1,1,HF = T_alpha_half_s / Tcalc_s,Qalpha_MeV,T_alpha_half_s
source-row-0011,11,249Es,,Es,249,99,150,Viola-Seaborg,viola_seaborg,6.94,,0.03,True,,1075789.47368,6315.78947368,6315.78947368,,"alpha, EC",0.57,,,,5.3768275321,238137.35857,0.654899758406,4.5175166137,,False,ok,within_implemented_formula,{},1,1,HF = T_alpha_half_s / Tcalc_s,Qalpha_MeV,T_alpha_half_s
source-row-0013,13,251Es,,Es,251,99,152,Viola-Seaborg,viola_seaborg,6.5971,,0.001,False,,23760000,9531233.70818,9531233.70818,,"EC, alpha",0.5,,,,6.89155653018,7790342.11365,0.484289906132,3.04993024098,,False,ok,within_implemented_formula,{},1,1,HF = T_alpha_half_s / Tcalc_s,Qalpha_MeV,T_alpha_half_s
source-row-0014,14,252Es,,Es,252,99,153,Viola-Seaborg,viola_seaborg,6.7386,,0.0005,False,,46268307.6923,210461.538462,210461.538462,,"alpha, EC",78,,,,6.25249161895,1788511.01394,1.41279199611,25.8697359601,,False,ok,within_implemented_formula,{},1,1,HF = T_alpha_half_s / Tcalc_s,Qalpha_MeV,T_alpha_half_s
source-row-0015,15,253Es,,Es,253,99,154,Viola-Seaborg,viola_seaborg,6.73924,,5e-05,False,,1768608,1728,1728,,"alpha, EC; beta^-, SF",100,,,,6.24964695331,1776834.39847,-0.00201536816541,0.995370194052,,False,ok,within_implemented_formula,{},1,1,HF = T_alpha_half_s / Tcalc_s,Qalpha_MeV,T_alpha_half_s
source-row-0016,16,254Es,,Es,254,99,155,Viola-Seaborg,viola_seaborg,6.6172,,0.0005,False,,23820480,43200,43200,,"alpha,; beta^-, SF; beta^-, SF",100,3e-06,,,6.79953019242,6302751.61592,0.57742031616,3.7793778736,,False,ok,within_implemented_formula,{},1,1,HF = T_alpha_half_s / Tcalc_s,Qalpha_MeV,T_alpha_half_s
source-row-0017,17,255Es,,Es,255,99,156,Viola-Seaborg,viola_seaborg,6.4363,,0.0013,False,,42984000,2509716.44613,2509716.44613,,"beta^-, alpha, SF",8,0.0041,,,7.64321832166,43976263.04,-0.0099114940971,0.977436394742,,False,ok,within_implemented_formula,{},1,1,HF = T_alpha_half_s / Tcalc_s,Qalpha_MeV,T_alpha_half_s
source-row-0020,20,241Fm,,Fm,241,100,141,Viola-Seaborg,viola_seaborg,8.86,,0.32,True,,0.00521428571429,0.000428571428571,0.000428571428571,>,"alpha, EC, SF",14,78,,,-1.06403148525,0.0862915986274,-1.21877369031,0.0604263427405,,False,ok,within_implemented_formula,{},1,1,HF = T_alpha_half_s / Tcalc_s,Qalpha_MeV,T_alpha_half_s
source-row-0022,22,243Fm,,Fm,243,100,143,Viola-Seaborg,viola_seaborg,8.69,,0.05,False,,0.253846153846,0.00989010989011,0.00989010989011,,"alpha, EC, SF",91,9,,,-0.549629743376,0.28207867608,-0.0457996690534,0.899912596633,,False,ok,within_implemented_formula,{},1,1,HF = T_alpha_half_s / Tcalc_s,Qalpha_MeV,T_alpha_half_s
source-row-0023,23,244Fm,,Fm,244,100,144,Viola-Seaborg,viola_seaborg,8.55,,0.2,True,,0.321,0.008,0.008,>,"alpha, EC, SF",1,97,,,-0.114535072335,0.768183416958,-0.37895989526,0.417868952796,,False,ok,within_implemented_formula,{},1,1,HF = T_alpha_half_s / Tcalc_s,Qalpha_MeV,T_alpha_half_s
source-row-0024,24,245Fm,,Fm,245,100,145,Viola-Seaborg,viola_seaborg,8.373,,0.025,False,,5.4,0.6,0.6,,"alpha, EC, SF",100,0.3,,,0.451092601869,2.82548237045,0.281301157954,1.91117808997,,False,ok,within_implemented_formula,{},1,1,HF = T_alpha_half_s / Tcalc_s,Qalpha_MeV,T_alpha_half_s
source-row-0025,25,246Fm,,Fm,246,100,146,Viola-Seaborg,viola_seaborg,8.379,,0.005,False,,1.6452991453,0.042735042735,0.042735042735,,"alpha, SF, EC",93.6,6.4,,,0.43162578205,2.70162945141,-0.215380909952,0.609002520475,,False,ok,within_implemented_formula,{},1,1,HF = T_alpha_half_s / Tcalc_s,Qalpha_MeV,T_alpha_half_s
source-row-0026,26,247Fm,,Fm,247,100,147,Viola-Seaborg,viola_seaborg,8.258,,0.01,False,,48.4375,1.5625,1.5625,,"alpha, EC",64,,,,0.828297213964,6.73437372517,0.856884505887,7.19257676761,,False,ok,within_implemented_formula,{},1,1,HF = T_alpha_half_s / Tcalc_s,Qalpha_MeV,T_alpha_half_s
source-row-0027,27,248Fm,,Fm,248,100,148,Viola-Seaborg,viola_seaborg,7.995,,0.008,False,,34.8484848485,1.21212121212,1.21212121212,approx,"alpha, EC, SF",99,0.1,,,1.72133585,52.6424205073,-0.179151949522,0.661984850101,,False,ok,within_implemented_formula,{},1,1,HF = T_alpha_half_s / Tcalc_s,Qalpha_MeV,T_alpha_half_s
source-row-0028,28,249Fm,,Fm,249,100,149,Viola-Seaborg,viola_seaborg,7.709,,0.006,False,,615.384615385,38.4615384615,38.4615384615,,"alpha, EC",15.6,,,,2.74388540843,554.479390478,0.0452612262523,1.1098421798,,False,ok,within_implemented_formula,{},1,1,HF = T_alpha_half_s / Tcalc_s,Qalpha_MeV,T_alpha_half_s
source-row-0029,29,250Fm,,Fm,250,100,150,Viola-Seaborg,viola_seaborg,7.557,,0.008,False,,1860,66,66,,"alpha, EC, SF",100,0.0069,,,3.31081135233,2045.55590066,-0.041298408117,0.909288276794,,False,ok,within_implemented_formula,{},1,1,HF = T_alpha_half_s / Tcalc_s,Qalpha_MeV,T_alpha_half_s
source-row-0030,30,251Fm,,Fm,251,100,151,Viola-Seaborg,viola_seaborg,7.4245,,0.001,False,,1060000,16000,16000,,"alpha, EC",1.8,,,,3.81914385973,6593.9228229,2.20616200553,160.754080457,,False,ok,within_implemented_formula,{},1,1,HF = T_alpha_half_s / Tcalc_s,Qalpha_MeV,T_alpha_half_s
source-row-0031,31,252Fm,,Fm,252,100,152,Viola-Seaborg,viola_seaborg,7.1527,,0.002,False,,91368,432,432,,"alpha, SF; beta^-, SF",100,0.0023,,,4.90576058584,80493.4581389,0.0550335326877,1.13509845536,,False,ok,within_implemented_formula,{},1,1,HF = T_alpha_half_s / Tcalc_s,Qalpha_MeV,T_alpha_half_s
source-row-0032,32,253Fm,,Fm,253,100,153,Viola-Seaborg,viola_seaborg,7.1979,,0.001,False,,2160000,86400,86400,,"alpha, EC",12,,,,4.72079975864,52577.4790052,1.61365399251,41.0822283774,,False,ok,within_implemented_formula,{},1,1,HF = T_alpha_half_s / Tcalc_s,Qalpha_MeV,T_alpha_half_s
source-row-0033,33,254Fm,,Fm,254,100,154,Viola-Seaborg,viola_seaborg,7.3073,,0.001,False,,11671.0026016,7.20432259356,7.20432259356,,"alpha, SF; beta^-, SF",99.94,0.06,,,4.28025412513,19065.7601453,-0.213145959259,0.612144625372,,False,ok,within_implemented_formula,{},1,1,HF = T_alpha_half_s / Tcalc_s,Qalpha_MeV,T_alpha_half_s
source-row-0034,34,255Fm,,Fm,255,100,155,Viola-Seaborg,viola_seaborg,7.2406,,0.0005,False,,97452,252,252,,"alpha, SF",100,2.4e-05,,,4.5476623737,35290.8707199,0.441128382843,2.76139403795,,False,ok,within_implemented_formula,{},1,1,HF = T_alpha_half_s / Tcalc_s,Qalpha_MeV,T_alpha_half_s
source-row-0035,35,256Fm,,Fm,256,100,156,Viola-Seaborg,viola_seaborg,7.0253,,0.0019,False,,116370.37037,4400.72058885,4400.72058885,,"SF, alpha",8.1,91.9,,,5.43666044224,273313.09632,-0.370818025697,0.425776781052,,False,ok,within_implemented_formula,{},1,1,HF = T_alpha_half_s / Tcalc_s,Qalpha_MeV,T_alpha_half_s
source-row-0036,36,257Fm,,Fm,257,100,157,Viola-Seaborg,viola_seaborg,6.8637,,0.0009,False,,8701473.0935,17316.3643652,17316.3643652,,"alpha , SF",99.79,0.21,,,6.13122938145,1352786.87641,0.808363400156,6.43225717608,,False,ok,within_implemented_formula,{},1,1,HF = T_alpha_half_s / Tcalc_s,Qalpha_MeV,T_alpha_half_s
source-row-0039,39,244Md,,Md,244,101,143,Viola-Seaborg,viola_seaborg,8.95,,0.08,False,,0.3,0.19,0.09,approx,"alpha, EC",100,,,,-0.987980605277,0.10280622083,0.465101859997,2.91811135141,,False,ok,within_implemented_formula,{},1,1,HF = T_alpha_half_s / Tcalc_s,Qalpha_MeV,T_alpha_half_s
source-row-0041,41,247Md,,Md,247,101,146,Viola-Seaborg,viola_seaborg,8.764,,0.01,False,,1.21040952189,0.121040952189,0.121040952189,,"alpha, SF",99.14,0.86,,,-0.426651447547,0.374410959354,0.509583779026,3.23283678441,,False,ok,within_implemented_formula,{},1,1,HF = T_alpha_half_s / Tcalc_s,Qalpha_MeV,T_alpha_half_s
source-row-0042,42,248Md,,Md,248,101,147,Viola-Seaborg,viola_seaborg,8.5,,0.03,False,,35,15,15,,"alpha, EC",20,,,,0.401490829133,2.52052395392,1.14257721522,13.8860017361,,False,ok,within_implemented_formula,{},1,1,HF = T_alpha_half_s / Tcalc_s,Qalpha_MeV,T_alpha_half_s
source-row-0043,43,249Md,,Md,249,101,148,Viola-Seaborg,viola_seaborg,8.441,,0.018,True,,34.1333333333,1.2,1.2,,"alpha, EC",75,,,,0.591859917511,3.90714849667,0.941318784409,8.73612389251,,False,ok,within_implemented_formula,{},1,1,HF = T_alpha_half_s / Tcalc_s,Qalpha_MeV,T_alpha_half_s
source-row-0044,44,250Md,,Md,250,101,149,Viola-Seaborg,viola_seaborg,8.155,,0.028,False,,762.857142857,64.2857142857,64.2857142857,,"alpha, EC",7,,,,1.54375965132,34.9751552808,1.33868356569,21.8114011713,,False,ok,within_implemented_formula,{},1,1,HF = T_alpha_half_s / Tcalc_s,Qalpha_MeV,T_alpha_half_s
source-row-0045,45,251Md,,Md,251,101,150,Viola-Seaborg,viola_seaborg,7.963,,0.004,False,,2526,138,138,>,"alpha, EC",10,,,,2.2113694625,162.693222909,1.19106388372,15.5261537932,,False,ok,within_implemented_formula,{},1,1,HF = T_alpha_half_s / Tcalc_s,Qalpha_MeV,T_alpha_half_s
source-row-0047,47,253Md,,Md,253,101,152,Viola-Seaborg,viola_seaborg,7.573,,0.008,False,,51428.5714286,102857.142857,25714.2857143,approx,"alpha, EC",0.7,,,,3.64479974885,4413.66888223,1.0664047119,11.6521136499,,False,ok,within_implemented_formula,{},1,1,HF = T_alpha_half_s / Tcalc_s,Qalpha_MeV,T_alpha_half_s
source-row-0049,49,255Md,,Md,255,101,154,Viola-Seaborg,viola_seaborg,7.9056,,0.0017,False,,23142.8571429,1714.28571429,1714.28571429,,"alpha, EC",7,,,,2.41566421635,260.413932789,1.94875275818,88.8695043886,,False,ok,within_implemented_formula,{},1,1,HF = T_alpha_half_s / Tcalc_s,Qalpha_MeV,T_alpha_half_s
source-row-0050,50,256Md,,Md,256,101,155,Viola-Seaborg,viola_seaborg,7.74,,0.11,True,,50673.9130435,978.260869565,978.260869565,,"alpha, EC, SF",9.2,3,,,3.01774130205,1041.69673284,1.68704313979,48.6455524394,,False,ok,within_implemented_formula,{},1,1,HF = T_alpha_half_s / Tcalc_s,Qalpha_MeV,T_alpha_half_s
source-row-0051,51,257Md,,Md,257,101,156,Viola-Seaborg,viola_seaborg,7.5571,,0.0009,False,,132480,1200,1200,,"alpha, EC, SF",15,1,,,3.70558306868,5076.71833503,1.41656725076,26.0955978365,,False,ok,within_implemented_formula,{},1,1,HF = T_alpha_half_s / Tcalc_s,Qalpha_MeV,T_alpha_half_s
source-row-0052,52,258Md,,Md,258,101,157,Viola-Seaborg,viola_seaborg,7.2713,,0.0019,False,,4449600,25056,25056,,"alpha, EC",100,,,,4.83192778361,67909.0701049,1.81639318791,65.5229116394,,False,ok,within_implemented_formula,{},1,1,HF = T_alpha_half_s / Tcalc_s,Qalpha_MeV,T_alpha_half_s
source-row-0053,53,259Md,,Md,259,101,158,Viola-Seaborg,viola_seaborg,7.05,,0.1,True,,445846.153846,16615.3846154,16615.3846154,>,"alpha, SF",1.3,100,,,5.75073047941,563287.974137,-0.101545454913,0.791506608195,,False,ok,within_implemented_formula,{},1,1,HF = T_alpha_half_s / Tcalc_s,Qalpha_MeV,T_alpha_half_s
source-row-0054,54,260Md,,Md,260,101,159,Viola-Seaborg,viola_seaborg,6.94,,0.3,True,,54950400,864000,864000,>,"alpha, EC, beta^-, SF",5,100,,,6.22369937947,1673783.87447,1.51627147865,32.8300450484,,False,ok,within_implemented_formula,{},1,1,HF = T_alpha_half_s / Tcalc_s,Qalpha_MeV,T_alpha_half_s
source-row-0055,55,249No,,No,249,102,147,Viola-Seaborg,viola_seaborg,9.276,,0.02,False,,0.0381,0.0025,0.0025,,alpha,100,,,,-1.59893726672,0.0251804062922,0.179862242397,1.51308122506,,False,ok,within_implemented_formula,{},1,1,HF = T_alpha_half_s / Tcalc_s,Qalpha_MeV,T_alpha_half_s
source-row-0056,56,250No,,No,250,102,148,Viola-Seaborg,viola_seaborg,8.95,,0.2,True,,0.00023,1e-05,1e-05,>,"alpha, SF",2,100,,,-0.645552382617,0.226176571947,-2.99271978137,0.00101690461581,,False,ok,within_implemented_formula,{},1,1,HF = T_alpha_half_s / Tcalc_s,Qalpha_MeV,T_alpha_half_s
source-row-0057,57,251No,,No,251,102,149,Viola-Seaborg,viola_seaborg,8.752,,0.004,False,,0.888888888889,0.111111111111,0.111111111111,,"alpha, EC, SF",90,0.0014,,,-0.0406761718424,0.910591995094,-0.010476350605,0.97616593785,,False,ok,within_implemented_formula,{},1,1,HF = T_alpha_half_s / Tcalc_s,Qalpha_MeV,T_alpha_half_s
source-row-0058,58,252No,,No,252,102,150,Viola-Seaborg,viola_seaborg,8.549,,0.005,False,,3.64940828402,0.0236686390533,0.0236686390533,,"alpha, EC, SF",67.6,31,,,0.601164832152,3.9917637704,-0.0389423786042,0.914234532386,,False,ok,within_implemented_formula,{},1,1,HF = T_alpha_half_s / Tcalc_s,Qalpha_MeV,T_alpha_half_s
source-row-0059,59,253No,,No,253,102,151,Viola-Seaborg,viola_seaborg,8.415,,0.004,False,,171.272727273,2.18181818182,2.18181818182,,"alpha, EC",55,,,,1.03751002684,10.9020966247,1.19617818646,15.7100723987,,False,ok,within_implemented_formula,{},1,1,HF = T_alpha_half_s / Tcalc_s,Qalpha_MeV,T_alpha_half_s
source-row-0060,60,254No,,No,254,102,152,Viola-Seaborg,viola_seaborg,8.226,,0.008,False,,56.8888888889,0.444444444444,0.444444444444,,"alpha, EC, SF",90,0.17,,,1.67098366502,46.8795749153,0.084043786512,1.21351119313,,False,ok,within_implemented_formula,{},1,1,HF = T_alpha_half_s / Tcalc_s,Qalpha_MeV,T_alpha_half_s
source-row-0061,61,255No,,No,255,102,153,Viola-Seaborg,viola_seaborg,8.4282,,0.003,False,,704,36,36,,"alpha, EC",30,,,,0.994065202289,9.86427570652,1.85350745685,71.3686459042,,False,ok,within_implemented_formula,{},1,1,HF = T_alpha_half_s / Tcalc_s,Qalpha_MeV,T_alpha_half_s
source-row-0062,62,256No,,No,256,102,154,Viola-Seaborg,viola_seaborg,8.582,,0.005,False,,2.92609351433,0.0502765208648,0.0502765208648,,"alpha, SF",99.45,0.55,,,0.495278054357,3.12808146096,-0.0289898528318,0.935427529893,,False,ok,within_implemented_formula,{},1,1,HF = T_alpha_half_s / Tcalc_s,Qalpha_MeV,T_alpha_half_s
source-row-0063,63,257No,,No,257,102,155,Viola-Seaborg,viola_seaborg,8.477,,0.006,False,,28.8235294118,0.588235294118,0.588235294118,,"alpha, EC, SF",85,1.5,,,0.834333002635,6.82862089504,0.625414156016,4.22098837449,,False,ok,within_implemented_formula,{},1,1,HF = T_alpha_half_s / Tcalc_s,Qalpha_MeV,T_alpha_half_s
source-row-0065,65,259No,,No,259,102,157,Viola-Seaborg,viola_seaborg,7.854,,0.005,False,,4640,400,400,,"alpha, EC, SF",75,10,,,2.98396949494,963.761326172,0.682548485615,4.81447000829,,False,ok,within_implemented_formula,{},1,1,HF = T_alpha_half_s / Tcalc_s,Qalpha_MeV,T_alpha_half_s
source-row-0068,68,251Lr,,Lr,251,103,148,Viola-Seaborg,viola_seaborg,9.438,,0.019,False,,0.0244,0.007,0.0045,,alpha,100,,,,-1.72744476085,0.0187307530964,0.11483458719,1.30267052662,,False,ok,within_implemented_formula,{},1,1,HF = T_alpha_half_s / Tcalc_s,Qalpha_MeV,T_alpha_half_s
source-row-0069,69,252Lr,,Lr,252,103,149,Viola-Seaborg,viola_seaborg,9.164,,0.017,False,,0.585714285714,0.1,0.0714285714286,approx,"alpha, EC, SF",70,10,,,-0.941723626082,0.114360586484,0.709409442788,5.12164464804,,False,ok,within_implemented_formula,{},1,1,HF = T_alpha_half_s / Tcalc_s,Qalpha_MeV,T_alpha_half_s
source-row-0070,70,253Lr,,Lr,253,103,150,Viola-Seaborg,viola_seaborg,8.918,,0.02,False,,0.638383838384,0.0464646464646,0.0464646464646,,"alpha, EC, SF",99,1,,,-0.205662148795,0.622784580294,0.0107440324801,1.02504759845,,False,ok,within_implemented_formula,{},1,1,HF = T_alpha_half_s / Tcalc_s,Qalpha_MeV,T_alpha_half_s
source-row-0071,71,254Lr,,Lr,254,103,151,Viola-Seaborg,viola_seaborg,8.822,,0.008,False,,16.7364016736,1.25523012552,1.25523012552,,"alpha, EC, SF",71.7,0.1,,,0.0898988968908,1.22998239941,1.13376319349,13.6070253377,,False,ok,within_implemented_formula,{},1,1,HF = T_alpha_half_s / Tcalc_s,Qalpha_MeV,T_alpha_half_s
source-row-0072,72,255Lr,,Lr,255,103,152,Viola-Seaborg,viola_seaborg,8.556,,0.007,False,,31.1935807422,1.10330992979,1.10330992979,,"alpha, EC, SF",99.7,0.1,,,0.934679601791,8.60358793337,0.559385628924,3.62564792547,,False,ok,within_implemented_formula,{},1,1,HF = T_alpha_half_s / Tcalc_s,Qalpha_MeV,T_alpha_half_s
source-row-0073,73,256Lr,,Lr,256,103,153,Viola-Seaborg,viola_seaborg,8.85,,0.12,False,,32.8235294118,1.17647058824,1.17647058824,,"alpha, EC, SF",85,0.03,,,0.00319700100011,1.00738852831,1.51298827656,32.5827905413,,False,ok,within_implemented_formula,{},1,1,HF = T_alpha_half_s / Tcalc_s,Qalpha_MeV,T_alpha_half_s
source-row-0074,74,257Lr,,Lr,257,103,154,Viola-Seaborg,viola_seaborg,9.07,,0.03,False,,6,0.4,0.4,,"alpha, EC, SF",100,0.03,,,-0.664001438549,0.216769692457,1.44215268893,27.6791461574,,False,ok,within_implemented_formula,{},1,1,HF = T_alpha_half_s / Tcalc_s,Qalpha_MeV,T_alpha_half_s
source-row-0075,75,258Lr,,Lr,258,103,155,Viola-Seaborg,viola_seaborg,8.904,,0.019,False,,3.96303901437,24.6406570842,23.613963039,,"alpha, SF",97.4,2.6,,,-0.162857397316,0.687294079287,0.760885745109,5.76614746701,,False,ok,within_implemented_formula,{},1,1,HF = T_alpha_half_s / Tcalc_s,Qalpha_MeV,T_alpha_half_s
source-row-0076,76,259Lr,,Lr,259,103,156,Viola-Seaborg,viola_seaborg,8.58,,0.07,True,,7.94871794872,0.384615384615,0.384615384615,,"alpha, SF",78,22,,,0.856849781143,7.19200169606,0.0434473056647,1.10521636182,,False,ok,within_implemented_formula,{},1,1,HF = T_alpha_half_s / Tcalc_s,Qalpha_MeV,T_alpha_half_s
source-row-0077,77,260Lr,,Lr,260,103,157,Viola-Seaborg,viola_seaborg,8.4,,0.14,True,,225,37.5,37.5,,"alpha, EC",80,,,,1.44867697409,28.0981013126,0.903505544018,8.00765850677,,False,ok,within_implemented_formula,{},1,1,HF = T_alpha_half_s / Tcalc_s,Qalpha_MeV,T_alpha_half_s
source-row-0084,84,254Rf,,Rf,254,104,150,Viola-Seaborg,viola_seaborg,9.21,,0.2,True,,0.00152666666667,6.66666666667e-05,6.66666666667e-05,>,"alpha, SF",1.5,100,,,-0.742141662832,0.181074934664,-2.07411411388,0.00843113194824,,False,ok,within_implemented_formula,{},1,1,HF = T_alpha_half_s / Tcalc_s,Qalpha_MeV,T_alpha_half_s
source-row-0085,85,255Rf,,Rf,255,104,151,Viola-Seaborg,viola_seaborg,9.055,,0.004,False,,3.40816326531,0.0408163265306,0.0408163265306,,"alpha, EC, SF",49,51,,,-0.280329544235,0.524409385486,0.812849935354,6.49905085537,,False,ok,within_implemented_formula,{},1,1,HF = T_alpha_half_s / Tcalc_s,Qalpha_MeV,T_alpha_half_s
source-row-0086,86,256Rf,,Rf,256,104,152,Viola-Seaborg,viola_seaborg,8.926,,0.015,False,,2.12903225806,0.0161290322581,0.0161290322581,,"alpha, SF",0.31,99.69,,,0.113153944724,1.2976391647,0.215028296984,1.6406966713,,False,ok,within_implemented_formula,{},1,1,HF = T_alpha_half_s / Tcalc_s,Qalpha_MeV,T_alpha_half_s
source-row-0087,87,257Rf,,Rf,257,104,153,Viola-Seaborg,viola_seaborg,9.083,,0.008,False,,5.59910414334,0.223964165733,0.223964165733,,"alpha, EC, SF",89.3,1.3,,,-0.364627719846,0.431889136472,1.11274626529,12.9642162085,,False,ok,within_implemented_formula,{},1,1,HF = T_alpha_half_s / Tcalc_s,Qalpha_MeV,T_alpha_half_s
source-row-0088,88,258Rf,,Rf,258,104,154,Viola-Seaborg,viola_seaborg,9.196,,0.008,False,,0.255102040816,0.0839212982756,0.0839212982756,,"SF, alpha",4.9,95.1,,,-0.70090982814,0.199108670218,0.10762376112,1.28122015248,,False,ok,within_implemented_formula,{},1,1,HF = T_alpha_half_s / Tcalc_s,Qalpha_MeV,T_alpha_half_s
source-row-0089,89,259Rf,,Rf,259,104,155,Viola-Seaborg,viola_seaborg,9.13,,0.07,True,,2.94117647059,0.470588235294,0.352941176471,,"alpha, EC, SF",85,3,,,-0.505255469757,0.312424102027,0.973776552715,9.41405112955,,False,ok,within_implemented_formula,{},1,1,HF = T_alpha_half_s / Tcalc_s,Qalpha_MeV,T_alpha_half_s
source-row-0090,90,260Rf,,Rf,260,104,156,Viola-Seaborg,viola_seaborg,8.9,,0.2,True,,1.085,0.04,0.04,approx,"SF, alpha (unobserved)",2,98,,,0.193494839814,1.56133048649,-0.158065101629,0.694920139834,,False,ok,within_implemented_formula,{},1,1,HF = T_alpha_half_s / Tcalc_s,Qalpha_MeV,T_alpha_half_s
source-row-0091,91,261Rf^a,a,Rf,261,104,157,Viola-Seaborg,viola_seaborg,8.40887159533,8.28,,False,,68,,,,alpha,100,,257No,257No:100% (within alpha branch),1.7804115332,60.3130836256,0.0520973795038,1.12745022991,,False,ok,within_implemented_formula,{},1,2,HF = T_alpha_half_s / Tcalc_s,Qalpha_MeV,T_alpha_half_s
source-row-0092,92,261Rf^b,b,Rf,261,104,157,Viola-Seaborg,viola_seaborg,8.64245136187,8.51,,False,,14.4444444444,,,,"alpha, SF",18,82,257No,257No:100% (within alpha branch),1.0088107968,10.2049480169,0.150890046066,1.41543537708,,False,ok,within_implemented_formula,{},2,2,HF = T_alpha_half_s / Tcalc_s,Qalpha_MeV,T_alpha_half_s
source-row-0097,97,255Db,,Db,255,105,150,Viola-Seaborg,viola_seaborg,9.34,,0.2,True,,0.0325,0.005,0.00375,,"alpha, SF",8,92,,,-0.790746397751,0.161902517645,-0.69737024127,0.200738076669,,False,ok,within_implemented_formula,{},1,1,HF = T_alpha_half_s / Tcalc_s,Qalpha_MeV,T_alpha_half_s
source-row-0098,98,256Db,,Db,256,105,151,Viola-Seaborg,viola_seaborg,9.34,,0.03,False,,2.71428571429,0.571428571429,0.428571428571,approx,"alpha, EC, SF",70,0.02,,,-0.790746397751,0.161902517645,1.22440195869,16.7649382713,,False,ok,within_implemented_formula,{},1,1,HF = T_alpha_half_s / Tcalc_s,Qalpha_MeV,T_alpha_half_s
source-row-0099,99,257Db,,Db,257,105,152,Viola-Seaborg,viola_seaborg,9.206,,0.02,False,,2.44680851064,0.212765957447,0.212765957447,<=,"alpha, SF",94,6,,,-0.396306305922,0.401507529529,0.78490628834,6.09405386123,,False,ok,within_implemented_formula,{},1,1,HF = T_alpha_half_s / Tcalc_s,Qalpha_MeV,T_alpha_half_s
source-row-0100,100,258Db,,Db,258,105,153,Viola-Seaborg,viola_seaborg,9.437,,0.01,False,,3.390625,0.5625,0.5625,,"alpha, SF",64,36,,,-1.07101673373,0.0849147756035,1.60129649359,39.9297410362,,False,ok,within_implemented_formula,{},1,1,HF = T_alpha_half_s / Tcalc_s,Qalpha_MeV,T_alpha_half_s
source-row-0101,101,259Db,,Db,259,105,154,Viola-Seaborg,viola_seaborg,9.62,,0.05,False,,0.51,0.16,0.16,,alpha,100,,,,-1.58818490088,0.0258116102731,1.29575507698,19.7585503037,,False,ok,within_implemented_formula,{},1,1,HF = T_alpha_half_s / Tcalc_s,Qalpha_MeV,T_alpha_half_s
source-row-0102,102,260Db,,Db,260,105,155,Viola-Seaborg,viola_seaborg,9.5,,0.04,True,,1.68888888889,0.144444444444,0.144444444444,,"alpha, EC, SF",90,10,,,-1.25074411666,0.0561378639073,1.47834519516,30.0846660585,,False,ok,within_implemented_formula,{},1,1,HF = T_alpha_half_s / Tcalc_s,Qalpha_MeV,T_alpha_half_s
source-row-0103,103,261Db,,Db,261,105,156,Viola-Seaborg,viola_seaborg,9.22,,0.1,True,,5.61643835616,1.91780821918,1.09589041096,,"alpha, SF",73,27,,,-0.437918350753,0.364822528697,1.18737934735,15.3949877389,,False,ok,within_implemented_formula,{},1,1,HF = T_alpha_half_s / Tcalc_s,Qalpha_MeV,T_alpha_half_s
source-row-0104,104,262Db,,Db,262,105,157,Viola-Seaborg,viola_seaborg,9.05,,0.1,True,,70.8333333333,8.33333333333,8.33333333333,,"alpha, EC, SF",48,52,,,0.0738837543057,1.18545140113,1.77635392536,59.7522034776,,False,ok,within_implemented_formula,{},1,1,HF = T_alpha_half_s / Tcalc_s,Qalpha_MeV,T_alpha_half_s
source-row-0105,105,263Db,,Db,263,105,158,Viola-Seaborg,viola_seaborg,8.83,,0.15,True,,72.972972973,27.027027027,18.9189189189,,"alpha, EC, SF",37,56,,,0.758031611899,5.72837725804,1.10513042819,12.7388559946,,False,ok,within_implemented_formula,{},1,1,HF = T_alpha_half_s / Tcalc_s,Qalpha_MeV,T_alpha_half_s
source-row-0108,108,268Db,,Db,268,105,163,Viola-Seaborg,viola_seaborg,7.7,,,False,,112941.176471,42352.9411765,28235.2941176,,"alpha, EC, SF",51,49,,,4.72243564448,52775.8995514,0.330416662847,2.14001423814,,False,ok,within_implemented_formula,{},1,1,HF = T_alpha_half_s / Tcalc_s,Qalpha_MeV,T_alpha_half_s
source-row-0109,109,270Db,,Db,270,105,165,Viola-Seaborg,viola_seaborg,8.019,,0.03,False,,21176.4705882,40235.2941176,8470.58823529,,"alpha, SF",17,83,,,3.51877908268,3302.01531089,0.807074496707,6.41319575909,,False,ok,within_implemented_formula,{},1,1,HF = T_alpha_half_s / Tcalc_s,Qalpha_MeV,T_alpha_half_s
source-row-0110,110,257Sg,,Sg,257,106,151,Viola-Seaborg,viola_seaborg,9.45,,0.07,False,,0.126,0.037,0.023,approx,"alpha, SF",10,90,,,-0.781839314347,0.165257312461,-0.117790140535,0.76244735028,,False,ok,within_implemented_formula,{},1,1,HF = T_alpha_half_s / Tcalc_s,Qalpha_MeV,T_alpha_half_s
source-row-0112,112,259Sg,,Sg,259,106,153,Viola-Seaborg,viola_seaborg,9.765,,0.008,False,,0.402,0.056,0.056,,"alpha, EC, SF^r",100,,,,-1.67063937213,0.0213481687881,1.27486542521,18.8306549377,,False,ok,within_implemented_formula,{},1,1,HF = T_alpha_half_s / Tcalc_s,Qalpha_MeV,T_alpha_half_s
source-row-0113,113,260Sg,,Sg,260,106,154,Viola-Seaborg,viola_seaborg,9.901,,0.01,False,,0.00697183098592,0.000464788732394,0.000464788732394,,"alpha, SF",71,29,,,-2.04119975396,0.0090949485381,-0.115453395826,0.766560795447,,False,ok,within_implemented_formula,{},1,1,HF = T_alpha_half_s / Tcalc_s,Qalpha_MeV,T_alpha_half_s
source-row-0114,114,261Sg,,Sg,261,106,155,Viola-Seaborg,viola_seaborg,9.55645914397,9.41,0.0101556420233,False,,0.187563710499,0.00515389899459,0.00515389899459,,"alpha, EC, SF",98.1,0.6,257Rf,"g.s. (1/2+), 98.1(4)%",-1.08713509966,0.0818210220965,0.360283915289,2.29236577219,,False,ok,within_implemented_formula,{},1,1,HF = T_alpha_half_s / Tcalc_s,Qalpha_MeV,T_alpha_half_s
source-row-0115,115,262Sg,,Sg,262,106,156,Viola-Seaborg,viola_seaborg,9.6,,0.015,False,,0.141666666667,0.0383333333333,0.025,,"alpha, SF",6,94,,,-1.21053268363,0.0615839181264,0.361800358959,2.30038410963,,False,ok,within_implemented_formula,{},1,1,HF = T_alpha_half_s / Tcalc_s,Qalpha_MeV,T_alpha_half_s
source-row-0116,116,263Sg,,Sg,263,106,157,Viola-Seaborg,viola_seaborg,9.4,,0.06,False,,1.08045977011,0.16091954023,0.16091954023,,"alpha, SF",87,13,,,-0.636666254707,0.230852055204,0.670274855688,4.68031254546,,False,ok,within_implemented_formula,{},1,1,HF = T_alpha_half_s / Tcalc_s,Qalpha_MeV,T_alpha_half_s
source-row-0118,118,265Sg^a,a,Sg,265,106,159,Viola-Seaborg,viola_seaborg,8.9754789272,8.84,,False,,8.5,,,,alpha,100,,261Rf,261Rf^a:91%; 261Rf^b:9%,0.644387368869,4.4094799162,0.285031556846,1.92766497672,,False,ok,within_implemented_formula,{},1,2,HF = T_alpha_half_s / Tcalc_s,Qalpha_MeV,T_alpha_half_s
source-row-0119,119,265Sg^b,b,Sg,265,106,159,Viola-Seaborg,viola_seaborg,8.82318007663,8.69,,False,,14.4,,,,alpha,100,,261Rf,261Rf^a:20%; 261Rf^b:80%,1.12635372583,13.3768459544,0.032008766263,1.07648694237,,False,ok,within_implemented_formula,{},2,2,HF = T_alpha_half_s / Tcalc_s,Qalpha_MeV,T_alpha_half_s
source-row-0121,121,267Sg,,Sg,267,106,161,Viola-Seaborg,viola_seaborg,8.4,,0.02,False,,3458.82352941,3988.23529412,1588.23529412,,"alpha, SF",17,83,,,2.53369770591,341.741487858,1.00523069879,10.1211695164,,False,ok,within_implemented_formula,{},1,1,HF = T_alpha_half_s / Tcalc_s,Qalpha_MeV,T_alpha_half_s
source-row-0123,123,269Sg,,Sg,269,106,163,Viola-Seaborg,viola_seaborg,8.58,,0.07,False,,186,222,66,,alpha,100,,,,1.92236500407,83.630559844,0.347147940147,2.22406737856,,False,ok,within_implemented_formula,{},1,1,HF = T_alpha_half_s / Tcalc_s,Qalpha_MeV,T_alpha_half_s
source-row-0124,124,271Sg,,Sg,271,106,165,Viola-Seaborg,viola_seaborg,8.629,,0.016,False,,42.4657534247,17.8082191781,9.58904109589,,"alpha, SF",73,27,,,1.75926800265,57.4470858183,-0.131229168934,0.739215102381,,False,ok,within_implemented_formula,{},1,1,HF = T_alpha_half_s / Tcalc_s,Qalpha_MeV,T_alpha_half_s
source-row-0125,125,260Bh,,Bh,260,107,153,Viola-Seaborg,viola_seaborg,10.4,,0.06,False,,0.035,0.019,0.009,approx,"alpha, EC, SF",100,,,,-3.03876438535,0.000914609303272,1.5828324297,38.2677060847,,False,ok,within_implemented_formula,{},1,1,HF = T_alpha_half_s / Tcalc_s,Qalpha_MeV,T_alpha_half_s
source-row-0126,126,261Bh,,Bh,261,107,154,Viola-Seaborg,viola_seaborg,10.16,,,False,approx,0.0118,0.0039,0.0024,approx,"alpha, SF",100,,,,-2.42047859265,0.00379770658261,0.492360599953,3.10713841191,,False,ok,within_implemented_formula,{},1,1,HF = T_alpha_half_s / Tcalc_s,Qalpha_MeV,T_alpha_half_s
source-row-0127,127,262Bh,,Bh,262,107,155,Viola-Seaborg,viola_seaborg,10.08,,,False,approx,0.096,0.018,0.013,approx,"alpha, SF",100,,,,-2.20949233565,0.00617316186081,1.19176356869,15.5511878944,,False,ok,within_implemented_formula,{},1,2,HF = T_alpha_half_s / Tcalc_s,Qalpha_MeV,T_alpha_half_s
source-row-0128,128,262Bh,,Bh,262,107,155,Viola-Seaborg,viola_seaborg,10.55,,,False,approx,0.021,0.008,0.005,approx,"alpha, SF",100,,,,-3.41443293276,0.00038509427944,1.73665222749,54.5321006339,,False,ok,within_implemented_formula,{},2,2,HF = T_alpha_half_s / Tcalc_s,Qalpha_MeV,T_alpha_half_s
source-row-0129,129,264Bh,,Bh,264,107,157,Viola-Seaborg,viola_seaborg,9.86,,0.15,True,,1.1511627907,0.267441860465,0.209302325581,,"alpha, SF",86,14,,,-1.61609759126,0.0242048507314,1.67723433461,47.559177434,,False,ok,within_implemented_formula,{},1,1,HF = T_alpha_half_s / Tcalc_s,Qalpha_MeV,T_alpha_half_s
source-row-0130,130,265Bh,,Bh,265,107,158,Viola-Seaborg,viola_seaborg,9.66,,0.21,True,,0.94,0.7,0.31,,alpha,100,,,,-1.05914981521,0.0872670278134,1.03227766881,10.7715367826,,False,ok,within_implemented_formula,{},1,1,HF = T_alpha_half_s / Tcalc_s,Qalpha_MeV,T_alpha_half_s
source-row-0131,131,266Bh,,Bh,266,107,159,Viola-Seaborg,viola_seaborg,9.43,,0.08,True,,10,2.7,1.6,,"alpha, EC, SF",100,,,,-0.396881390466,0.400976212705,1.39688139047,24.9391352483,,False,ok,within_implemented_formula,{},1,1,HF = T_alpha_half_s / Tcalc_s,Qalpha_MeV,T_alpha_half_s
source-row-0132,132,267Bh,,Bh,267,107,160,Viola-Seaborg,viola_seaborg,9.23,,0.2,True,,16,7,4,,alpha,100,,,,0.19901317173,1.58129599772,1.00510681093,10.1182827397,,False,ok,within_implemented_formula,{},1,1,HF = T_alpha_half_s / Tcalc_s,Qalpha_MeV,T_alpha_half_s
source-row-0133,133,270Bh,,Bh,270,107,163,Viola-Seaborg,viola_seaborg,9.06,,0.1,False,,144,264,54,approx,alpha,100,,,,0.720961506038,5.25970644589,1.43740098606,27.3779537853,,False,ok,within_implemented_formula,{},1,1,HF = T_alpha_half_s / Tcalc_s,Qalpha_MeV,T_alpha_half_s
source-row-0134,134,271Bh,,Bh,271,107,164,Viola-Seaborg,viola_seaborg,9.42,,0.09,False,,2.9,2.2,0.9,,alpha,100,,,,-0.367538104448,0.429004547272,0.829936102347,6.75983510767,,False,ok,within_implemented_formula,{},1,1,HF = T_alpha_half_s / Tcalc_s,Qalpha_MeV,T_alpha_half_s
source-row-0135,135,272Bh,,Bh,272,107,165,Viola-Seaborg,viola_seaborg,9.3,,0.05,False,,8.8,0.7,0.7,,alpha,100,,,,-0.0117353256814,0.973340230799,0.956217997832,9.0410318217,,False,ok,within_implemented_formula,{},1,1,HF = T_alpha_half_s / Tcalc_s,Qalpha_MeV,T_alpha_half_s
source-row-0136,136,274Bh,,Bh,274,107,167,Viola-Seaborg,viola_seaborg,8.94,,0.06,False,,44,34,13,,alpha,100,,,,1.09832532178,12.5408023095,0.54512735471,3.50854745289,,False,ok,within_implemented_formula,{},1,1,HF = T_alpha_half_s / Tcalc_s,Qalpha_MeV,T_alpha_half_s
source-row-0137,137,263Hs,,Hs,263,108,155,Viola-Seaborg,viola_seaborg,10.73,,0.08,False,,0.00074,0.00048,0.00021,,"alpha, SF",100,,,,-3.56415769215,0.000272798707198,0.433389411878,2.71262282583,,False,ok,within_implemented_formula,{},1,1,HF = T_alpha_half_s / Tcalc_s,Qalpha_MeV,T_alpha_half_s
source-row-0138,138,264Hs,,Hs,264,108,156,Viola-Seaborg,viola_seaborg,10.591,,0.02,False,,0.0009,0.000485714285714,0.000228571428571,,"alpha, SF",70,30,,,-3.22151841933,0.000600456541754,0.175760928774,1.49885951342,,False,ok,within_implemented_formula,{},1,1,HF = T_alpha_half_s / Tcalc_s,Qalpha_MeV,T_alpha_half_s
source-row-0139,139,265Hs,,Hs,265,108,157,Viola-Seaborg,viola_seaborg,10.47,,0.015,False,,0.0019,0.0002,0.0001,,"alpha, SF",100,,,,-2.91771125897,0.00120861711809,0.196464859925,1.57204458845,,False,ok,within_implemented_formula,{},1,1,HF = T_alpha_half_s / Tcalc_s,Qalpha_MeV,T_alpha_half_s
source-row-0140,140,266Hs,,Hs,266,108,158,Viola-Seaborg,viola_seaborg,10.346,,0.016,False,,0.000973684210526,0.000631578947368,0.000276315789474,,"alpha, SF",76,24,,,-2.60085845391,0.00250692618208,-0.410723418639,0.388397639104,,False,ok,within_implemented_formula,{},1,1,HF = T_alpha_half_s / Tcalc_s,Qalpha_MeV,T_alpha_half_s
source-row-0141,141,267Hs,,Hs,267,108,159,Viola-Seaborg,viola_seaborg,10.038,,0.013,False,,0.06625,0.015,0.01,<,"alpha, SF",80,,,,-1.78858785106,0.0162709214677,0.609773733665,4.07168088982,,False,ok,within_implemented_formula,{},1,1,HF = T_alpha_half_s / Tcalc_s,Qalpha_MeV,T_alpha_half_s
source-row-0142,142,268Hs,,Hs,268,108,160,Viola-Seaborg,viola_seaborg,9.623,,0.016,False,,0.4,1.8,0.2,approx,alpha,100,,,,-0.633053635367,0.232780375616,0.235113626695,1.71835791115,,False,ok,within_implemented_formula,{},1,1,HF = T_alpha_half_s / Tcalc_s,Qalpha_MeV,T_alpha_half_s
source-row-0143,143,269Hs,,Hs,269,108,161,Viola-Seaborg,viola_seaborg,9.34,,0.04,False,,13,10,4,,alpha,100,,,,0.198726388134,1.58025214366,0.915216964172,8.22653527296,,False,ok,within_implemented_formula,{},1,1,HF = T_alpha_half_s / Tcalc_s,Qalpha_MeV,T_alpha_half_s
source-row-0144,144,270Hs,,Hs,270,108,162,Viola-Seaborg,viola_seaborg,9.07,,0.04,False,,7.6,4.9,2.2,,"alpha, SF",100,,,,1.02831661646,10.6737399209,-0.147503024184,0.712027841819,,False,ok,within_implemented_formula,{},1,1,HF = T_alpha_half_s / Tcalc_s,Qalpha_MeV,T_alpha_half_s
source-row-0146,146,272Hs,,Hs,272,108,164,Viola-Seaborg,viola_seaborg,9.772,,0.021,False,,0.16,0.19,0.06,,alpha,100,,,,-1.05639408875,0.0878225233483,0.260514071403,1.82185610137,,False,ok,within_implemented_formula,{},1,1,HF = T_alpha_half_s / Tcalc_s,Qalpha_MeV,T_alpha_half_s
source-row-0147,147,273Hs,,Hs,273,108,165,Viola-Seaborg,viola_seaborg,9.65,,0.06,False,,0.51,0.3,0.13,,"alpha, SF",100,,,,-0.710493123306,0.194763188884,0.418063299404,2.61856464213,,False,ok,within_implemented_formula,{},1,1,HF = T_alpha_half_s / Tcalc_s,Qalpha_MeV,T_alpha_half_s
source-row-0148,148,275Hs,,Hs,275,108,167,Viola-Seaborg,viola_seaborg,9.45,,0.05,False,,0.168539325843,0.303370786517,0.0674157303371,<,"alpha, SF",89,11,,,-0.129017027441,0.742990006818,-0.644281720148,0.226839290295,,False,ok,within_implemented_formula,{},1,1,HF = T_alpha_half_s / Tcalc_s,Qalpha_MeV,T_alpha_half_s
source-row-0150,150,266Mt,,Mt,266,109,157,Viola-Seaborg,viola_seaborg,10.996,,0.025,False,,0.0017,0.0006,0.0004,approx,"alpha, SF",100,,,,-3.9176510516,0.000120878468344,1.14809997297,14.063712283,,False,ok,within_implemented_formula,{},1,1,HF = T_alpha_half_s / Tcalc_s,Qalpha_MeV,T_alpha_half_s
source-row-0151,151,268Mt,,Mt,268,109,159,Viola-Seaborg,viola_seaborg,10.77,,0.15,False,,0.021,0.008,0.005,,alpha,100,,,,-3.37190415127,0.000424713287767,1.694123446,49.4451212262,,False,ok,within_implemented_formula,{},1,1,HF = T_alpha_half_s / Tcalc_s,Qalpha_MeV,T_alpha_half_s
source-row-0152,152,270Mt,,Mt,270,109,161,Viola-Seaborg,viola_seaborg,10.181,,0.05,False,,0.48,0.66,0.18,approx,alpha,100,,,,-1.86514346666,0.0136413242891,1.54638470404,35.1871995582,,False,ok,within_implemented_formula,{},1,1,HF = T_alpha_half_s / Tcalc_s,Qalpha_MeV,T_alpha_half_s
source-row-0153,153,274Mt,,Mt,274,109,165,Viola-Seaborg,viola_seaborg,10.6,,0.23,True,,0.64,0.76,0.23,approx,"alpha, SF",100,,,,-2.94993487899,0.00112218670984,2.75611485297,570.315077148,,False,ok,within_implemented_formula,{},1,1,HF = T_alpha_half_s / Tcalc_s,Qalpha_MeV,T_alpha_half_s
source-row-0154,154,275Mt,,Mt,275,109,166,Viola-Seaborg,viola_seaborg,10.48,,0.05,False,,0.02,0.013,0.006,,alpha,100,,,,-2.64591243678,0.00225989136759,0.946942432442,8.84998291814,,False,ok,within_implemented_formula,{},1,1,HF = T_alpha_half_s / Tcalc_s,Qalpha_MeV,T_alpha_half_s
source-row-0155,155,276Mt,,Mt,276,109,167,Viola-Seaborg,viola_seaborg,10.1,,0.01,False,,0.62,0.06,0.04,,alpha,100,,,,-1.64768475435,0.0225068774209,1.44007644385,27.5471354114,,False,ok,within_implemented_formula,{},1,1,HF = T_alpha_half_s / Tcalc_s,Qalpha_MeV,T_alpha_half_s
source-row-0157,157,278Mt,,Mt,278,109,169,Viola-Seaborg,viola_seaborg,9.58,,0.03,False,,4.5,3.5,1.3,,"alpha, SF",100,,,,-0.186595383261,0.650735675322,0.839807897036,6.9152501863,,False,ok,within_implemented_formula,{},1,1,HF = T_alpha_half_s / Tcalc_s,Qalpha_MeV,T_alpha_half_s
source-row-0158,158,267Ds,,Ds,267,110,157,Viola-Seaborg,viola_seaborg,11.78,,0.05,False,,2.8e-06,1.33e-05,1e-07,uncertain,alpha ?,100,,,,-5.42177125307,3.78641966438e-06,-0.131070715587,0.739484855929,,False,ok,within_implemented_formula,{},1,1,HF = T_alpha_half_s / Tcalc_s,Qalpha_MeV,T_alpha_half_s
source-row-0159,159,269Ds,,Ds,269,110,159,Viola-Seaborg,viola_seaborg,11.51,,0.03,False,,0.00017,0.00016,6e-05,,alpha,100,,,,-4.82662905956,1.49063371709e-05,1.05707798094,11.4045454662,,False,ok,within_implemented_formula,{},1,1,HF = T_alpha_half_s / Tcalc_s,Qalpha_MeV,T_alpha_half_s
source-row-0160,160,270Ds,,Ds,270,110,160,Viola-Seaborg,viola_seaborg,11.117,,0.028,False,,0.0002,7e-05,4e-05,,"alpha, SF",100,,,,-3.92192048185,0.000119695967133,0.222950477517,1.67090007116,,False,ok,within_implemented_formula,{},1,1,HF = T_alpha_half_s / Tcalc_s,Qalpha_MeV,T_alpha_half_s
source-row-0161,161,271Ds,,Ds,271,110,161,Viola-Seaborg,viola_seaborg,10.87,,0.018,False,,0.00163,0.00044,2e-05,,alpha,100,,,,-3.32837094057,0.000469492932948,0.540558544979,3.47183074677,,False,ok,within_implemented_formula,{},1,1,HF = T_alpha_half_s / Tcalc_s,Qalpha_MeV,T_alpha_half_s
source-row-0162,162,273Ds^a,a,Ds,273,110,163,Viola-Seaborg,viola_seaborg,11.0519330855,10.89,0.0202973977695,False,,0.01734,0.03155,0.00683,,alpha,100,,269Hs,269Hs:100% (within alpha branch),-3.76749459999,0.000170806895803,2.00654369313,101.518149595,,False,ok,within_implemented_formula,{},1,2,HF = T_alpha_half_s / Tcalc_s,Qalpha_MeV,T_alpha_half_s
source-row-0163,163,273Ds^m,,Ds,273,110,163,Viola-Seaborg,viola_seaborg,11.33,,0.02,False,,0.00016,8e-05,5e-05,,alpha,100,,,,-4.41810283311,3.81853844022e-05,0.622222815767,4.19008483232,,False,ok,within_implemented_formula,{},2,2,HF = T_alpha_half_s / Tcalc_s,Qalpha_MeV,T_alpha_half_s
source-row-0164,164,275Ds,,Ds,275,110,165,Viola-Seaborg,viola_seaborg,11.37,,0.02,False,,0.00043,0.00029,0.00012,,alpha,100,,,,-4.509724202,3.09225854284e-05,1.14319265758,13.9056936554,,False,ok,within_implemented_formula,{},1,1,HF = T_alpha_half_s / Tcalc_s,Qalpha_MeV,T_alpha_half_s
source-row-0165,165,276Ds,,Ds,276,110,166,Viola-Seaborg,viola_seaborg,10.904,,0.028,False,,0.000348837209302,0.000232558139535,9.3023255814e-05,,"alpha, SF",43,57,,,-3.41126949908,0.000387909576112,-0.0461076974474,0.899274549493,,False,ok,within_implemented_formula,{},1,1,HF = T_alpha_half_s / Tcalc_s,Qalpha_MeV,T_alpha_half_s
source-row-0166,166,277Ds,,Ds,277,110,167,Viola-Seaborg,viola_seaborg,10.71,,0.04,False,,0.0035,0.0021,0.0009,,"alpha, SF",100,,,,-2.93297475852,0.00116687743476,0.477042802873,2.99945812279,,False,ok,within_implemented_formula,{},1,1,HF = T_alpha_half_s / Tcalc_s,Qalpha_MeV,T_alpha_half_s
source-row-0167,167,279Ds,,Ds,279,110,169,Viola-Seaborg,viola_seaborg,9.827,,0.015,True,,1.43076923077,0.161538461538,0.130769230769,,"alpha, SF",13,87,,,-0.579919392522,0.263075622961,0.735488984433,5.43862336869,,False,ok,within_implemented_formula,{},1,1,HF = T_alpha_half_s / Tcalc_s,Qalpha_MeV,T_alpha_half_s
source-row-0169,169,281Ds,,Ds,281,110,171,Viola-Seaborg,viola_seaborg,9.47,,0.21,True,,130,45,27,,"alpha, SF",10,90,,,0.463601539265,2.90804778968,1.65034181304,44.7035294473,,False,ok,within_implemented_formula,{},1,1,HF = T_alpha_half_s / Tcalc_s,Qalpha_MeV,T_alpha_half_s
source-row-0170,170,272Rg,,Rg,272,111,161,Viola-Seaborg,viola_seaborg,11.197,,0.013,False,,0.0038,0.0014,0.0008,,alpha,100,,,,-3.83079971209,0.000147638725652,1.4105833087,25.7385044691,,False,ok,within_implemented_formula,{},1,1,HF = T_alpha_half_s / Tcalc_s,Qalpha_MeV,T_alpha_half_s
source-row-0171,171,274Rg,,Rg,274,111,163,Viola-Seaborg,viola_seaborg,11.48,,0.09,False,,0.012,0.017,0.005,,alpha,100,,,,-4.48669280379,3.2606726163e-05,2.56587404984,368.022227684,,False,ok,within_implemented_formula,{},1,1,HF = T_alpha_half_s / Tcalc_s,Qalpha_MeV,T_alpha_half_s
source-row-0172,172,278Rg,,Rg,278,111,167,Viola-Seaborg,viola_seaborg,10.85,,0.1,False,,0.0046,0.0055,0.0016,approx,"alpha, SF",100,,,,-2.9918127463,0.00101903066633,0.654570577983,4.51409378736,,False,ok,within_implemented_formula,{},1,1,HF = T_alpha_half_s / Tcalc_s,Qalpha_MeV,T_alpha_half_s
source-row-0173,173,279Rg,,Rg,279,111,168,Viola-Seaborg,viola_seaborg,10.53,,0.17,False,,0.103448275862,0.0689655172414,0.0287356321839,,"alpha, SF",87,13,,,-2.18163187587,0.00658215528881,1.19635513269,15.7164745168,,False,ok,within_implemented_formula,{},1,1,HF = T_alpha_half_s / Tcalc_s,Qalpha_MeV,T_alpha_half_s
source-row-0174,174,280Rg,,Rg,280,111,169,Viola-Seaborg,viola_seaborg,10.149,,0.01,False,,3.9,0.3,0.3,,alpha,100,,,,-1.16747397827,0.0680026789117,1.7585385853,57.3506818028,,False,ok,within_implemented_formula,{},1,1,HF = T_alpha_half_s / Tcalc_s,Qalpha_MeV,T_alpha_half_s
source-row-0175,175,281Rg,,Rg,281,111,170,Viola-Seaborg,viola_seaborg,9.9,,0.4,True,,78.5714285714,21.4285714286,7.14285714286,,"alpha, SF",14,88,,,-0.473273531623,0.336299691079,2.3685381811,233.635149409,,False,ok,within_implemented_formula,{},1,1,HF = T_alpha_half_s / Tcalc_s,Qalpha_MeV,T_alpha_half_s
source-row-0176,176,282Rg,,Rg,282,111,171,Viola-Seaborg,viola_seaborg,9.55,,0.1,True,,100,70,30,approx,"alpha, SF",100,,,,0.548040476379,3.53216088106,1.45195952362,28.3112812149,,False,ok,within_implemented_formula,{},1,1,HF = T_alpha_half_s / Tcalc_s,Qalpha_MeV,T_alpha_half_s
source-row-0177,177,277Cn,,Cn,277,112,165,Viola-Seaborg,viola_seaborg,11.62,,0.06,False,,0.00061,0.00046,0.00018,,alpha,100,,,,-4.53293840308,2.93130896962e-05,1.31826823809,20.8098158987,,False,ok,within_implemented_formula,{},1,1,HF = T_alpha_half_s / Tcalc_s,Qalpha_MeV,T_alpha_half_s
source-row-0179,179,281Cn,,Cn,281,112,169,Viola-Seaborg,viola_seaborg,10.43,,0.06,False,,0.18,0.1,0.05,,"alpha, SF",100,,,,-1.62240754472,0.0238557159657,0.877680049822,7.54536146636,,False,ok,within_implemented_formula,{},1,1,HF = T_alpha_half_s / Tcalc_s,Qalpha_MeV,T_alpha_half_s
source-row-0181,181,283Cn,,Cn,283,112,171,Viola-Seaborg,viola_seaborg,9.667,,0.015,False,,4.23333333333,0.5,0.4,<,"alpha, SF",90,10,,,0.520313695043,3.31370387049,0.106368771193,1.27752312783,,False,ok,within_implemented_formula,{},1,1,HF = T_alpha_half_s / Tcalc_s,Qalpha_MeV,T_alpha_half_s
source-row-0182,182,284Cn,,Cn,284,112,172,Viola-Seaborg,viola_seaborg,9.46,,0.01,False,,4.9,1,0.7,,"alpha, SF",2,98,,,1.14588716487,13.9922373954,-0.455691084841,0.350194172779,,False,ok,within_implemented_formula,{},1,1,HF = T_alpha_half_s / Tcalc_s,Qalpha_MeV,T_alpha_half_s
source-row-0183,183,285Cn,,Cn,285,112,173,Viola-Seaborg,viola_seaborg,9.32,,0.02,False,,33,10,6,,alpha,100,,,,1.58074390809,38.0841185248,-0.0622299682133,0.866502922433,,False,ok,within_implemented_formula,{},1,1,HF = T_alpha_half_s / Tcalc_s,Qalpha_MeV,T_alpha_half_s
source-row-0184,184,286Cn,,Cn,286,112,174,Viola-Seaborg,viola_seaborg,9.24,,0.76,True,,8.4,40.5,3.9,,"(alpha, SF)",100,,,,1.83365888194,68.1802959354,-0.909379595883,0.123202750659,,False,ok,within_implemented_formula,{},1,1,HF = T_alpha_half_s / Tcalc_s,Qalpha_MeV,T_alpha_half_s
source-row-0185,185,278Nh,,Nh,278,113,165,Viola-Seaborg,viola_seaborg,11.99,,0.08,False,,0.002,0.0027,0.0007,,alpha,100,,,,-5.087161191,8.18161066393e-06,2.38819118666,244.450644519,,False,ok,within_implemented_formula,{},1,1,HF = T_alpha_half_s / Tcalc_s,Qalpha_MeV,T_alpha_half_s
source-row-0186,186,282Nh,,Nh,282,113,169,Viola-Seaborg,viola_seaborg,10.78,,0.08,False,,0.061,0.073,0.022,,alpha,100,,,,-2.23893067944,0.00576858532182,1.02426051445,10.5745163843,,False,ok,within_implemented_formula,{},1,1,HF = T_alpha_half_s / Tcalc_s,Qalpha_MeV,T_alpha_half_s
source-row-0187,187,283Nh,,Nh,283,113,170,Viola-Seaborg,viola_seaborg,10.35,,0.04,False,,0.123,0.08,0.035,,alpha,100,,,,-1.10835815452,0.0779187264349,0.198263265962,1.57856789539,,False,ok,within_implemented_formula,{},1,1,HF = T_alpha_half_s / Tcalc_s,Qalpha_MeV,T_alpha_half_s
source-row-0188,188,284Nh,,Nh,284,113,171,Viola-Seaborg,viola_seaborg,10.28,,0.04,False,,0.9,0.07,0.06,,alpha,100,,,,-0.917628110596,0.12088485375,0.871870620035,7.44510145055,,False,ok,within_implemented_formula,{},1,1,HF = T_alpha_half_s / Tcalc_s,Qalpha_MeV,T_alpha_half_s
source-row-0189,189,285Nh,,Nh,285,113,172,Viola-Seaborg,viola_seaborg,10.01,,0.04,False,,2.56097560976,0.731707317073,0.365853658537,,"alpha, SF",82,18,,,-0.163308240109,0.686580966833,0.571713682459,3.73004166074,,False,ok,within_implemented_formula,{},1,1,HF = T_alpha_half_s / Tcalc_s,Qalpha_MeV,T_alpha_half_s
source-row-0190,190,286Nh,,Nh,286,113,173,Viola-Seaborg,viola_seaborg,9.79,,0.05,False,,9.5,6.3,2.7,,alpha,100,,,,0.474257825046,2.9802851927,0.503465780243,3.18761440122,,False,ok,within_implemented_formula,{},1,1,HF = T_alpha_half_s / Tcalc_s,Qalpha_MeV,T_alpha_half_s
source-row-0191,191,284Fl,,Fl,284,114,170,Viola-Seaborg,viola_seaborg,10.721,,0.017,False,,0.0104166666667,0.005,0.0025,,"alpha, SF",24,76,,,-1.79697513977,0.0159597050245,-0.185296093274,0.652685413088,,False,ok,within_implemented_formula,{},1,1,HF = T_alpha_half_s / Tcalc_s,Qalpha_MeV,T_alpha_half_s
source-row-0192,192,285Fl,,Fl,285,114,171,Viola-Seaborg,viola_seaborg,10.56,,0.07,False,,0.1,0.06,0.03,,alpha,100,,,,-1.37411386908,0.0422557807941,0.374113869075,2.36654010695,,False,ok,within_implemented_formula,{},1,1,HF = T_alpha_half_s / Tcalc_s,Qalpha_MeV,T_alpha_half_s
source-row-0193,193,286Fl,,Fl,286,114,172,Viola-Seaborg,viola_seaborg,10.335,,0.01,False,,0.2625,0.0425,0.0325,,"alpha, SF",40,60,,,-0.766685633121,0.171125356888,0.185814940863,1.53396319969,,False,ok,within_implemented_formula,{},1,1,HF = T_alpha_half_s / Tcalc_s,Qalpha_MeV,T_alpha_half_s
source-row-0194,194,287Fl,,Fl,287,114,173,Viola-Seaborg,viola_seaborg,10.157,,0.015,False,,0.514285714286,0.0642857142857,0.0514285714286,<,alpha,70,,,,-0.271909766233,0.534675437869,-0.0168857730143,0.961865232365,,False,ok,within_implemented_formula,{},1,1,HF = T_alpha_half_s / Tcalc_s,Qalpha_MeV,T_alpha_half_s
source-row-0195,195,288Fl,,Fl,288,114,174,Viola-Seaborg,viola_seaborg,10.076,,0.012,False,,0.64,0.14,0.1,,"alpha, SF",100,,,,-0.0424304787521,0.90692113162,-0.151389547264,0.705684295675,,False,ok,within_implemented_formula,{},1,1,HF = T_alpha_half_s / Tcalc_s,Qalpha_MeV,T_alpha_half_s
source-row-0196,196,289Fl,,Fl,289,114,175,Viola-Seaborg,viola_seaborg,9.95,,0.07,False,,2.4,0.8,0.5,,alpha,100,,,,0.320091647657,2.08973707429,0.0601195940549,1.1484698384,,False,ok,within_implemented_formula,{},1,1,HF = T_alpha_half_s / Tcalc_s,Qalpha_MeV,T_alpha_half_s
source-row-0197,197,290Fl,,Fl,290,114,176,Viola-Seaborg,viola_seaborg,9.86,,0.03,False,,0.46,,,<,(alpha),100,,,,0.583279563254,3.83071253898,-0.920521731573,0.120082098388,,False,ok,within_implemented_formula,{},1,1,HF = T_alpha_half_s / Tcalc_s,Qalpha_MeV,T_alpha_half_s
source-row-0198,198,286Mc,,Mc,286,115,171,Viola-Seaborg,viola_seaborg,10.86,,0.02,False,,0.02,0.098,0.009,,alpha,100,,,,-1.86710202956,0.0135799437312,0.168132025224,1.47276015246,,False,ok,within_implemented_formula,{},1,1,HF = T_alpha_half_s / Tcalc_s,Qalpha_MeV,T_alpha_half_s
source-row-0199,199,287Mc,,Mc,287,115,172,Viola-Seaborg,viola_seaborg,10.76,,0.07,False,,0.038,0.022,0.01,,alpha,100,,,,-1.60810018688,0.0246547051513,0.187883783501,1.5412879516,,False,ok,within_implemented_formula,{},1,1,HF = T_alpha_half_s / Tcalc_s,Qalpha_MeV,T_alpha_half_s
source-row-0200,200,288Mc,,Mc,288,115,173,Viola-Seaborg,viola_seaborg,10.65,,0.05,False,,0.193,0.015,0.013,,alpha,100,,,,-1.31899530151,0.0479738638741,0.604552610521,4.02302388039,,False,ok,within_implemented_formula,{},1,1,HF = T_alpha_half_s / Tcalc_s,Qalpha_MeV,T_alpha_half_s
source-row-0201,201,289Mc,,Mc,289,115,174,Viola-Seaborg,viola_seaborg,10.49,,0.05,False,,0.25,0.051,0.035,,"alpha, SF",100,,,,-0.890388914454,0.12870964295,0.288328923126,1.9423564099,,False,ok,within_implemented_formula,{},1,1,HF = T_alpha_half_s / Tcalc_s,Qalpha_MeV,T_alpha_half_s
source-row-0202,202,290Mc,,Mc,290,115,175,Viola-Seaborg,viola_seaborg,10.41,,0.04,False,,0.65,0.49,0.2,,alpha,100,,,,-0.672389605928,0.212623074683,0.485302962571,3.05705296083,,False,ok,within_implemented_formula,{},1,1,HF = T_alpha_half_s / Tcalc_s,Qalpha_MeV,T_alpha_half_s
source-row-0203,203,288Lv,,Lv,288,116,172,Viola-Seaborg,viola_seaborg,11.24,,0.015,False,,0.002,0.0023,0.0007,,alpha,100,,,,-2.54146497597,0.00287431938606,-0.157505028363,0.695816898323,,False,ok,within_implemented_formula,{},1,1,HF = T_alpha_half_s / Tcalc_s,Qalpha_MeV,T_alpha_half_s
source-row-0204,204,289Lv,,Lv,289,116,173,Viola-Seaborg,viola_seaborg,11.057,,0.015,False,,0.0024,0.0044,0.0009,,alpha,100,,,,-2.08450788453,0.00823174892213,-0.53528087376,0.29155408197,,False,ok,within_implemented_formula,{},1,1,HF = T_alpha_half_s / Tcalc_s,Qalpha_MeV,T_alpha_half_s
source-row-0205,205,290Lv,,Lv,290,116,174,Viola-Seaborg,viola_seaborg,11,,0.06,False,,0.0083,0.0035,0.0019,,"alpha, SF",100,,,,-1.93985313375,0.011485419606,-0.141068773874,0.722655356503,,False,ok,within_implemented_formula,{},1,1,HF = T_alpha_half_s / Tcalc_s,Qalpha_MeV,T_alpha_half_s
source-row-0206,206,291Lv,,Lv,291,116,175,Viola-Seaborg,viola_seaborg,10.89,,0.09,False,,0.019,0.017,0.006,approx,"alpha, SF",100,,,,-1.65749090909,0.0220043777002,-0.0637554899563,0.863464545958,,False,ok,within_implemented_formula,{},1,1,HF = T_alpha_half_s / Tcalc_s,Qalpha_MeV,T_alpha_half_s
source-row-0207,207,292Lv,,Lv,292,116,176,Viola-Seaborg,viola_seaborg,10.791,,0.012,False,,0.013,0.007,0.004,approx,"alpha, SF",100,,,,-1.3996821979,0.0398398598609,-0.48637444979,0.326306368682,,False,ok,within_implemented_formula,{},1,1,HF = T_alpha_half_s / Tcalc_s,Qalpha_MeV,T_alpha_half_s
source-row-0208,208,293Lv,,Lv,293,116,177,Viola-Seaborg,viola_seaborg,10.68,,0.06,False,,0.057,0.043,0.017,,alpha,100,,,,-1.10637175664,0.0782759312922,-0.13775338769,0.728193188622,,False,ok,within_implemented_formula,{},1,1,HF = T_alpha_half_s / Tcalc_s,Qalpha_MeV,T_alpha_half_s
source-row-0209,209,293Ts,,Ts,293,117,176,Viola-Seaborg,viola_seaborg,11.32,,0.05,False,,0.022,0.008,0.004,,alpha,100,,,,-2.46150730876,0.00345535514494,0.803929989586,6.36692874601,,False,ok,within_implemented_formula,{},1,1,HF = T_alpha_half_s / Tcalc_s,Qalpha_MeV,T_alpha_half_s
source-row-0210,210,294Ts,,Ts,294,117,177,Viola-Seaborg,viola_seaborg,11.18,,0.04,False,,0.051,0.038,0.016,,alpha,100,,,,-2.1133340229,0.00770310782707,0.820904198999,6.62070441502,,False,ok,within_implemented_formula,{},1,1,HF = T_alpha_half_s / Tcalc_s,Qalpha_MeV,T_alpha_half_s
source-row-0211,211,294Og,,Og,294,118,176,Viola-Seaborg,viola_seaborg,11.87,,0.03,False,,0.00058,0.00044,0.00018,,"alpha, SF",100,,,,-3.50538806564,0.000312328729355,0.2688160592,1.85701776842,,False,ok,within_implemented_formula,{},1,1,HF = T_alpha_half_s / Tcalc_s,Qalpha_MeV,T_alpha_half_s
source-row-0002,2,240Es,,Es,240,99,141,Xu2022_Unified,xu2022_unified,8.26,,0.06,False,,8.57142857143,2.42857142857,2.42857142857,,"alpha, EC, SF",70,,,,0.658188200696,4.55185271097,0.274865009673,1.88306369201,0,True,ok,outside_defined_region,"{""C_ZN"": 0.0, ""C_status"": ""outside_defined_region"", ""X"": 0.281309979458177, ""bracket"": 0.5621013787790117, ""h_blocking"": 0.4036, ""l_used"": 0.0, ""parity_case"": ""odd-odd""}",1,1,HF = T_alpha_half_s / Tcalc_s,Qalpha_MeV,T_alpha_half_s
source-row-0003,3,241Es,,Es,241,99,142,Xu2022_Unified,xu2022_unified,8.259,,0.017,False,,4.3,2.4,1.2,,"alpha, EC",100,,,,0.441798367054,2.76565731617,0.191670088526,1.55478409233,0,True,ok,outside_defined_region,"{""C_ZN"": 0.0, ""C_status"": ""outside_defined_region"", ""X"": 0.281591565445097, ""bracket"": 0.5616514558815704, ""h_blocking"": 0.2018, ""l_used"": 0.0, ""parity_case"": ""odd-A""}",1,1,HF = T_alpha_half_s / Tcalc_s,Qalpha_MeV,T_alpha_half_s
source-row-0004,4,242Es,,Es,242,99,143,Xu2022_Unified,xu2022_unified,8.16,,0.02,False,,31.2280701754,2.80701754386,2.80701754386,,"alpha, EC",57,,,,0.951492462942,8.94319011145,0.543052683694,3.49182671801,0,True,ok,outside_defined_region,"{""C_ZN"": 0.0, ""C_status"": ""outside_defined_region"", ""X"": 0.2785271322182539, ""bracket"": 0.5665647802675606, ""h_blocking"": 0.4036, ""l_used"": 0.0, ""parity_case"": ""odd-odd""}",1,1,HF = T_alpha_half_s / Tcalc_s,Qalpha_MeV,T_alpha_half_s
source-row-0005,5,243Es,,Es,243,99,144,Xu2022_Unified,xu2022_unified,8.072,,0.01,False,,36.0655737705,1.6393442623,1.6393442623,,"alpha, EC, SF",61,1,,,1.02681326477,10.63685563,0.530279581043,3.39062360391,0,True,ok,outside_defined_region,"{""C_ZN"": 0.0, ""C_status"": ""outside_defined_region"", ""X"": 0.27583017728293885, ""bracket"": 0.5709200076418788, ""h_blocking"": 0.2018, ""l_used"": 0.0, ""parity_case"": ""odd-A""}",1,1,HF = T_alpha_half_s / Tcalc_s,Qalpha_MeV,T_alpha_half_s
source-row-0006,6,244Es,,Es,244,99,145,Xu2022_Unified,xu2022_unified,7.94,,0.1,True,,925,100,100,,"alpha, EC",4,,,,1.66303742937,46.0296242189,1.30310430337,20.095753891,0,True,ok,outside_defined_region,"{""C_ZN"": 0.0, ""C_status"": ""outside_defined_region"", ""X"": 0.2716204867406604, ""bracket"": 0.5777772103653009, ""h_blocking"": 0.4036, ""l_used"": 0.0, ""parity_case"": ""odd-odd""}",1,1,HF = T_alpha_half_s / Tcalc_s,Qalpha_MeV,T_alpha_half_s
source-row-0007,7,245Es,,Es,245,99,146,Xu2022_Unified,xu2022_unified,7.909,,0.003,False,,124.444444444,6.66666666667,6.66666666667,,"alpha, EC",54,,,,1.55146335092,35.6010945853,0.543512162307,3.49552298585,0,True,ok,outside_defined_region,"{""C_ZN"": 0.0, ""C_status"": ""outside_defined_region"", ""X"": 0.27085890939617824, ""bracket"": 0.5790255417003931, ""h_blocking"": 0.2018, ""l_used"": 0.0, ""parity_case"": ""odd-A""}",1,1,HF = T_alpha_half_s / Tcalc_s,Qalpha_MeV,T_alpha_half_s
source-row-0008,8,246Es,,Es,246,99,147,Xu2022_Unified,xu2022_unified,7.64,,0.1,True,,4545.45454545,303.03030303,303.03030303,,"alpha, EC",9.9,,,,2.70164073603,503.084267257,0.955936583149,9.03517530023,0,True,ok,outside_defined_region,"{""C_ZN"": 0.0, ""C_status"": ""outside_defined_region"", ""X"": 0.2619344289601012, ""bracket"": 0.5938359641043176, ""h_blocking"": 0.4036, ""l_used"": 0.0, ""parity_case"": ""odd-odd""}",1,1,HF = T_alpha_half_s / Tcalc_s,Qalpha_MeV,T_alpha_half_s
source-row-0009,9,247Es,,Es,247,99,148,Xu2022_Unified,xu2022_unified,7.464,,0.02,False,,3900,222.857142857,222.857142857,,"alpha, EC",7,,,,3.14426267753,1393.9996911,0.446801929501,2.79770506758,0,True,ok,outside_defined_region,"{""C_ZN"": 0.0, ""C_status"": ""outside_defined_region"", ""X"": 0.2561808719942259, ""bracket"": 0.6035665367136309, ""h_blocking"": 0.2018, ""l_used"": 0.0, ""parity_case"": ""odd-A""}",1,1,HF = T_alpha_half_s / Tcalc_s,Qalpha_MeV,T_alpha_half_s
source-row-0010,10,248Es,,Es,248,99,149,Xu2022_Unified,xu2022_unified,7.16,,0.05,True,,480000,40000,40000,,"alpha, EC",0.3,,,,4.53286412031,34108.6177739,1.14837711707,14.0726898751,0,True,ok,outside_defined_region,"{""C_ZN"": 0.0, ""C_status"": ""outside_defined_region"", ""X"": 0.24601529582606668, ""bracket"": 0.6211234901229941, ""h_blocking"": 0.4036, ""l_used"": 0.0, ""parity_case"": ""odd-odd""}",1,1,HF = T_alpha_half_s / Tcalc_s,Qalpha_MeV,T_alpha_half_s
source-row-0011,11,249Es,,Es,249,99,150,Xu2022_Unified,xu2022_unified,6.94,,0.03,True,,1075789.47368,6315.78947368,6315.78947368,,"alpha, EC",0.57,,,,5.2370801606,172615.64707,0.794647129905,6.2322824839,0,True,ok,outside_defined_region,"{""C_ZN"": 0.0, ""C_status"": ""outside_defined_region"", ""X"": 0.2387155822751656, ""bracket"": 0.6340301801537311, ""h_blocking"": 0.2018, ""l_used"": 0.0, ""parity_case"": ""odd-A""}",1,1,HF = T_alpha_half_s / Tcalc_s,Qalpha_MeV,T_alpha_half_s
source-row-0013,13,251Es,,Es,251,99,152,Xu2022_Unified,xu2022_unified,6.5971,,0.001,False,,23760000,9531233.70818,9531233.70818,,"EC, alpha",0.5,,,,6.73796880836,5469766.76846,0.637877627952,4.34387808581,0,True,ok,outside_defined_region,"{""C_ZN"": 0.0, ""C_status"": ""outside_defined_region"", ""X"": 0.22741202156599757, ""bracket"": 0.6545368383413603, ""h_blocking"": 0.2018, ""l_used"": 0.0, ""parity_case"": ""odd-A""}",1,1,HF = T_alpha_half_s / Tcalc_s,Qalpha_MeV,T_alpha_half_s
source-row-0014,14,252Es,,Es,252,99,153,Xu2022_Unified,xu2022_unified,6.7386,,0.0005,False,,46268307.6923,210461.538462,210461.538462,,"alpha, EC",78,,,,6.27311420516,1875487.63476,1.39216940989,24.6700147923,0,True,ok,outside_defined_region,"{""C_ZN"": 0.0, ""C_status"": ""outside_defined_region"", ""X"": 0.2325395884941256, ""bracket"": 0.6451540841395609, ""h_blocking"": 0.4036, ""l_used"": 0.0, ""parity_case"": ""odd-odd""}",1,1,HF = T_alpha_half_s / Tcalc_s,Qalpha_MeV,T_alpha_half_s
source-row-0015,15,253Es,,Es,253,99,154,Xu2022_Unified,xu2022_unified,6.73924,,5e-05,False,,1768608,1728,1728,,"alpha, EC; beta^-, SF",100,,,,6.05080859269,1124109.43421,0.19682299245,1.5733414792,0,True,ok,outside_defined_region,"{""C_ZN"": 0.0, ""C_status"": ""outside_defined_region"", ""X"": 0.23281087469443812, ""bracket"": 0.6446614298648596, ""h_blocking"": 0.2018, ""l_used"": 0.0, ""parity_case"": ""odd-A""}",1,1,HF = T_alpha_half_s / Tcalc_s,Qalpha_MeV,T_alpha_half_s
source-row-0016,16,254Es,,Es,254,99,155,Xu2022_Unified,xu2022_unified,6.6172,,0.0005,False,,23820480,43200,43200,,"alpha,; beta^-, SF; beta^-, SF",100,3e-06,,,6.79328600448,6212780.41974,0.583664504107,3.83410943099,0,True,ok,outside_defined_region,"{""C_ZN"": 0.0, ""C_status"": ""outside_defined_region"", ""X"": 0.228838967269661, ""bracket"": 0.6519120486892529, ""h_blocking"": 0.4036, ""l_used"": 0.0, ""parity_case"": ""odd-odd""}",1,1,HF = T_alpha_half_s / Tcalc_s,Qalpha_MeV,T_alpha_half_s
source-row-0017,17,255Es,,Es,255,99,156,Xu2022_Unified,xu2022_unified,6.4363,,0.0013,False,,42984000,2509716.44613,2509716.44613,,"beta^-, alpha, SF",8,0.0041,,,7.43204813758,27042580.898,0.201258689986,1.5894932574,0,True,ok,outside_defined_region,"{""C_ZN"": 0.0, ""C_status"": ""outside_defined_region"", ""X"": 0.22281973286580908, ""bracket"": 0.6630570637347456, ""h_blocking"": 0.2018, ""l_used"": 0.0, ""parity_case"": ""odd-A""}",1,1,HF = T_alpha_half_s / Tcalc_s,Qalpha_MeV,T_alpha_half_s
source-row-0020,20,241Fm,,Fm,241,100,141,Xu2022_Unified,xu2022_unified,8.86,,0.32,True,,0.00521428571429,0.000428571428571,0.000428571428571,>,"alpha, EC, SF",14,78,,,-1.04035450233,0.0911266694399,-1.24245067323,0.0572201941137,0,True,ok,outside_defined_region,"{""C_ZN"": 0.0, ""C_status"": ""outside_defined_region"", ""X"": 0.2990002534956612, ""bracket"": 0.53442797510815, ""h_blocking"": 0.2018, ""l_used"": 0.0, ""parity_case"": ""odd-A""}",1,1,HF = T_alpha_half_s / Tcalc_s,Qalpha_MeV,T_alpha_half_s
source-row-0022,22,243Fm,,Fm,243,100,143,Xu2022_Unified,xu2022_unified,8.69,,0.05,False,,0.253846153846,0.00989010989011,0.00989010989011,,"alpha, EC, SF",91,9,,,-0.567980767393,0.270407811078,-0.0274486450355,0.938753036882,0,True,ok,outside_defined_region,"{""C_ZN"": 0.0, ""C_status"": ""outside_defined_region"", ""X"": 0.2939179164776042, ""bracket"": 0.542257413866488, ""h_blocking"": 0.2018, ""l_used"": 0.0, ""parity_case"": ""odd-A""}",1,1,HF = T_alpha_half_s / Tcalc_s,Qalpha_MeV,T_alpha_half_s
source-row-0023,23,244Fm,,Fm,244,100,144,Xu2022_Unified,xu2022_unified,8.55,,0.2,True,,0.321,0.008,0.008,>,"alpha, EC, SF",1,97,,,-0.357019191787,0.439522192206,-0.136475775809,0.730338548752,0,True,ok,outside_defined_region,"{""C_ZN"": 0.0, ""C_status"": ""outside_defined_region"", ""X"": 0.28950348362510503, ""bracket"": 0.5491361375078851, ""h_blocking"": 0.0, ""l_used"": 0.0, ""parity_case"": ""even-even""}",1,1,HF = T_alpha_half_s / Tcalc_s,Qalpha_MeV,T_alpha_half_s
source-row-0024,24,245Fm,,Fm,245,100,145,Xu2022_Unified,xu2022_unified,8.373,,0.025,False,,5.4,0.6,0.6,,"alpha, EC, SF",100,0.3,,,0.387942395097,2.44310647709,0.344451364726,2.21030071781,0,True,ok,outside_defined_region,"{""C_ZN"": 0.0, ""C_status"": ""outside_defined_region"", ""X"": 0.28382346628137073, ""bracket"": 0.5580963267328403, ""h_blocking"": 0.2018, ""l_used"": 0.0, ""parity_case"": ""odd-A""}",1,1,HF = T_alpha_half_s / Tcalc_s,Qalpha_MeV,T_alpha_half_s
source-row-0025,25,246Fm,,Fm,246,100,146,Xu2022_Unified,xu2022_unified,8.379,,0.005,False,,1.6452991453,0.042735042735,0.042735042735,,"alpha, SF, EC",93.6,6.4,,,0.14917939496,1.40987105664,0.0670654771379,1.16698554634,0,True,ok,outside_defined_region,"{""C_ZN"": 0.0, ""C_status"": ""outside_defined_region"", ""X"": 0.2843394223273036, ""bracket"": 0.5572772527410469, ""h_blocking"": 0.0, ""l_used"": 0.0, ""parity_case"": ""even-even""}",1,1,HF = T_alpha_half_s / Tcalc_s,Qalpha_MeV,T_alpha_half_s
source-row-0026,26,247Fm,,Fm,247,100,147,Xu2022_Unified,xu2022_unified,8.258,,0.01,False,,48.4375,1.5625,1.5625,,"alpha, EC",64,,,,0.727430614873,5.33863973898,0.957751104977,9.07300405501,0,True,ok,outside_defined_region,"{""C_ZN"": 0.0, ""C_status"": ""outside_defined_region"", ""X"": 0.28054052536535473, ""bracket"": 0.5633324253026939, ""h_blocking"": 0.2018, ""l_used"": 0.0, ""parity_case"": ""odd-A""}",1,1,HF = T_alpha_half_s / Tcalc_s,Qalpha_MeV,T_alpha_half_s
source-row-0027,27,248Fm,,Fm,248,100,148,Xu2022_Unified,xu2022_unified,7.995,,0.008,False,,34.8484848485,1.21212121212,1.21212121212,approx,"alpha, EC, SF",99,0.1,,,1.39755501255,24.977847662,0.144628887927,1.39517565004,0,True,ok,outside_defined_region,"{""C_ZN"": 0.0, ""C_status"": ""outside_defined_region"", ""X"": 0.27190250846903447, ""bracket"": 0.5773155469690625, ""h_blocking"": 0.0, ""l_used"": 0.0, ""parity_case"": ""even-even""}",1,1,HF = T_alpha_half_s / Tcalc_s,Qalpha_MeV,T_alpha_half_s
source-row-0028,28,249Fm,,Fm,249,100,149,Xu2022_Unified,xu2022_unified,7.709,,0.006,False,,615.384615385,38.4615384615,38.4615384615,,"alpha, EC",15.6,,,,2.60412813105,401.909369741,0.185018503638,1.53115269689,0,True,ok,outside_defined_region,"{""C_ZN"": 0.0, ""C_status"": ""outside_defined_region"", ""X"": 0.2624611349536073, ""bracket"": 0.5929524290247418, ""h_blocking"": 0.2018, ""l_used"": 0.0, ""parity_case"": ""odd-A""}",1,1,HF = T_alpha_half_s / Tcalc_s,Qalpha_MeV,T_alpha_half_s
source-row-0029,29,250Fm,,Fm,250,100,150,Xu2022_Unified,xu2022_unified,7.557,,0.008,False,,1860,66,66,,"alpha, EC, SF",100,0.0069,,,2.9531976368,897.837285341,0.316315307419,2.07164486301,0,True,ok,outside_defined_region,"{""C_ZN"": 0.0, ""C_status"": ""outside_defined_region"", ""X"": 0.25756496944052193, ""bracket"": 0.6012123575140227, ""h_blocking"": 0.0, ""l_used"": 0.0, ""parity_case"": ""even-even""}",1,1,HF = T_alpha_half_s / Tcalc_s,Qalpha_MeV,T_alpha_half_s
source-row-0030,30,251Fm,,Fm,251,100,151,Xu2022_Unified,xu2022_unified,7.4245,,0.001,False,,1060000,16000,16000,,"alpha, EC",1.8,,,,3.64807013084,4447.03073316,2.37723573442,238.361293997,0,True,ok,outside_defined_region,"{""C_ZN"": 0.0, ""C_status"": ""outside_defined_region"", ""X"": 0.25332218292163106, ""bracket"": 0.60845599901978, ""h_blocking"": 0.2018, ""l_used"": 0.0, ""parity_case"": ""odd-A""}",1,1,HF = T_alpha_half_s / Tcalc_s,Qalpha_MeV,T_alpha_half_s
source-row-0031,31,252Fm,,Fm,252,100,152,Xu2022_Unified,xu2022_unified,7.1527,,0.002,False,,91368,432,432,,"alpha, SF; beta^-, SF",100,0.0023,,,4.52321022786,33358.7852737,0.437583890665,2.73894865327,0,True,ok,outside_defined_region,"{""C_ZN"": 0.0, ""C_status"": ""outside_defined_region"", ""X"": 0.24431092650857567, ""bracket"": 0.6241141255811873, ""h_blocking"": 0.0, ""l_used"": 0.0, ""parity_case"": ""even-even""}",1,1,HF = T_alpha_half_s / Tcalc_s,Qalpha_MeV,T_alpha_half_s
source-row-0032,32,253Fm,,Fm,253,100,153,Xu2022_Unified,xu2022_unified,7.1979,,0.001,False,,2160000,86400,86400,,"alpha, EC",12,,,,4.52081956685,33175.6596435,1.8136341843,65.107974437,0,True,ok,outside_defined_region,"{""C_ZN"": 0.0, ""C_status"": ""outside_defined_region"", ""X"": 0.24611824350238662, ""bracket"": 0.6209432894078908, ""h_blocking"": 0.2018, ""l_used"": 0.0, ""parity_case"": ""odd-A""}",1,1,HF = T_alpha_half_s / Tcalc_s,Qalpha_MeV,T_alpha_half_s
source-row-0033,33,254Fm,,Fm,254,100,154,Xu2022_Unified,xu2022_unified,7.3073,,0.001,False,,11671.0026016,7.20432259356,7.20432259356,,"alpha, SF; beta^-, SF",99.94,0.06,,,3.85756901996,7203.92229987,0.209539145912,1.62009001704,0,True,ok,outside_defined_region,"{""C_ZN"": 0.0, ""C_status"": ""outside_defined_region"", ""X"": 0.2501256983907902, ""bracket"": 0.6139671697856831, ""h_blocking"": 0.0, ""l_used"": 0.0, ""parity_case"": ""even-even""}",1,1,HF = T_alpha_half_s / Tcalc_s,Qalpha_MeV,T_alpha_half_s
source-row-0034,34,255Fm,,Fm,255,100,155,Xu2022_Unified,xu2022_unified,7.2406,,0.0005,False,,97452,252,252,,"alpha, SF",100,2.4e-05,,,4.31125237771,20476.3421458,0.677538378832,4.7592484686,0,True,ok,outside_defined_region,"{""C_ZN"": 0.0, ""C_status"": ""outside_defined_region"", ""X"": 0.24810618171971222, ""bracket"": 0.6174733495822923, ""h_blocking"": 0.2018, ""l_used"": 0.0, ""parity_case"": ""odd-A""}",1,1,HF = T_alpha_half_s / Tcalc_s,Qalpha_MeV,T_alpha_half_s
source-row-0035,35,256Fm,,Fm,256,100,156,Xu2022_Unified,xu2022_unified,7.0253,,0.0019,False,,116370.37037,4400.72058885,4400.72058885,,"SF, alpha",8.1,91.9,,,4.98908781494,97518.6801884,0.0767546016088,1.19331363125,0,True,ok,outside_defined_region,"{""C_ZN"": 0.0, ""C_status"": ""outside_defined_region"", ""X"": 0.24098379725817626, ""bracket"": 0.6299921849226661, ""h_blocking"": 0.0, ""l_used"": 0.0, ""parity_case"": ""even-even""}",1,1,HF = T_alpha_half_s / Tcalc_s,Qalpha_MeV,T_alpha_half_s
source-row-0036,36,257Fm,,Fm,257,100,157,Xu2022_Unified,xu2022_unified,6.8637,,0.0009,False,,8701473.0935,17316.3643652,17316.3643652,,"alpha , SF",99.79,0.21,,,5.87599823011,751619.830917,1.0635945515,11.5769604999,0,True,ok,outside_defined_region,"{""C_ZN"": 0.0, ""C_status"": ""outside_defined_region"", ""X"": 0.2356891020184254, ""bracket"": 0.639457502672911, ""h_blocking"": 0.2018, ""l_used"": 0.0, ""parity_case"": ""odd-A""}",1,1,HF = T_alpha_half_s / Tcalc_s,Qalpha_MeV,T_alpha_half_s
source-row-0039,39,244Md,,Md,244,101,143,Xu2022_Unified,xu2022_unified,8.95,,0.08,False,,0.3,0.19,0.09,approx,"alpha, EC",100,,,,-0.789246202936,0.16246274881,0.266367457655,1.84657715197,0,True,ok,outside_defined_region,"{""C_ZN"": 0.0, ""C_status"": ""outside_defined_region"", ""X"": 0.2999864203291152, ""bracket"": 0.5329197605608705, ""h_blocking"": 0.4036, ""l_used"": 0.0, ""parity_case"": ""odd-odd""}",1,1,HF = T_alpha_half_s / Tcalc_s,Qalpha_MeV,T_alpha_half_s
source-row-0041,41,247Md,,Md,247,101,146,Xu2022_Unified,xu2022_unified,8.764,,0.01,False,,1.21040952189,0.121040952189,0.121040952189,,"alpha, SF",99.14,0.86,,,-0.490415386653,0.323284299501,0.573347718131,3.74410240076,0,True,ok,outside_defined_region,"{""C_ZN"": 0.0, ""C_status"": ""outside_defined_region"", ""X"": 0.29472296481598864, ""bracket"": 0.5410108468305698, ""h_blocking"": 0.2018, ""l_used"": 0.0, ""parity_case"": ""odd-A""}",1,1,HF = T_alpha_half_s / Tcalc_s,Qalpha_MeV,T_alpha_half_s
source-row-0042,42,248Md,,Md,248,101,147,Xu2022_Unified,xu2022_unified,8.5,,0.03,False,,35,15,15,,"alpha, EC",20,,,,0.512891788977,3.25755523985,1.03117625537,10.7442537188,0,True,ok,outside_defined_region,"{""C_ZN"": 0.0, ""C_status"": ""outside_defined_region"", ""X"": 0.28615711783842895, ""bracket"": 0.5543999344857818, ""h_blocking"": 0.4036, ""l_used"": 0.0, ""parity_case"": ""odd-odd""}",1,1,HF = T_alpha_half_s / Tcalc_s,Qalpha_MeV,T_alpha_half_s
source-row-0043,43,249Md,,Md,249,101,148,Xu2022_Unified,xu2022_unified,8.441,,0.018,True,,34.1333333333,1.2,1.2,,"alpha, EC",75,,,,0.482243690587,3.0355940338,1.05093501133,11.2443669849,0,True,ok,outside_defined_region,"{""C_ZN"": 0.0, ""C_status"": ""outside_defined_region"", ""X"": 0.2844799992846524, ""bracket"": 0.5570542685098615, ""h_blocking"": 0.2018, ""l_used"": 0.0, ""parity_case"": ""odd-A""}",1,1,HF = T_alpha_half_s / Tcalc_s,Qalpha_MeV,T_alpha_half_s
source-row-0044,44,250Md,,Md,250,101,149,Xu2022_Unified,xu2022_unified,8.155,,0.028,False,,762.857142857,64.2857142857,64.2857142857,,"alpha, EC",7,,,,1.61236445546,40.9604251218,1.27007876155,18.6242486642,0,True,ok,outside_defined_region,"{""C_ZN"": 0.0, ""C_status"": ""outside_defined_region"", ""X"": 0.27513904150298907, ""bracket"": 0.5720408347265538, ""h_blocking"": 0.4036, ""l_used"": 0.0, ""parity_case"": ""odd-odd""}",1,1,HF = T_alpha_half_s / Tcalc_s,Qalpha_MeV,T_alpha_half_s
source-row-0045,45,251Md,,Md,251,101,150,Xu2022_Unified,xu2022_unified,7.963,,0.004,False,,2526,138,138,>,"alpha, EC",10,,,,2.05856640212,114.436983663,1.3438669441,22.0732836462,0,True,ok,outside_defined_region,"{""C_ZN"": 0.0, ""C_status"": ""outside_defined_region"", ""X"": 0.26895127471806757, ""bracket"": 0.5821630157582558, ""h_blocking"": 0.2018, ""l_used"": 0.0, ""parity_case"": ""odd-A""}",1,1,HF = T_alpha_half_s / Tcalc_s,Qalpha_MeV,T_alpha_half_s
source-row-0047,47,253Md,,Md,253,101,152,Xu2022_Unified,xu2022_unified,7.573,,0.008,False,,51428.5714286,102857.142857,25714.2857143,approx,"alpha, EC",0.7,,,,3.45809999184,2871.44162585,1.25310446891,17.910366335,0,True,ok,outside_defined_region,"{""C_ZN"": 0.0, ""C_status"": ""outside_defined_region"", ""X"": 0.2563284646128834, ""bracket"": 0.603315092945094, ""h_blocking"": 0.2018, ""l_used"": 0.0, ""parity_case"": ""odd-A""}",1,1,HF = T_alpha_half_s / Tcalc_s,Qalpha_MeV,T_alpha_half_s
source-row-0049,49,255Md,,Md,255,101,154,Xu2022_Unified,xu2022_unified,7.9056,,0.0017,False,,23142.8571429,1714.28571429,1714.28571429,,"alpha, EC",7,,,,2.19265122727,155.830056191,2.17176574726,148.513436422,0,True,ok,outside_defined_region,"{""C_ZN"": 0.0, ""C_status"": ""outside_defined_region"", ""X"": 0.2681567582572807, ""bracket"": 0.583474244153722, ""h_blocking"": 0.2018, ""l_used"": 0.0, ""parity_case"": ""odd-A""}",1,1,HF = T_alpha_half_s / Tcalc_s,Qalpha_MeV,T_alpha_half_s
source-row-0050,50,256Md,,Md,256,101,155,Xu2022_Unified,xu2022_unified,7.74,,0.11,True,,50673.9130435,978.260869565,978.260869565,,"alpha, EC, SF",9.2,3,,,2.97904451104,952.893821537,1.7257399308,53.1789711489,0,True,ok,outside_defined_region,"{""C_ZN"": 0.0, ""C_status"": ""outside_defined_region"", ""X"": 0.26281782121137626, ""bracket"": 0.5923547798214561, ""h_blocking"": 0.4036, ""l_used"": 0.0, ""parity_case"": ""odd-odd""}",1,1,HF = T_alpha_half_s / Tcalc_s,Qalpha_MeV,T_alpha_half_s
source-row-0051,51,257Md,,Md,257,101,156,Xu2022_Unified,xu2022_unified,7.5571,,0.0009,False,,132480,1200,1200,,"alpha, EC, SF",15,1,,,3.44918359097,2813.08976732,1.67296672847,47.0941245953,0,True,ok,outside_defined_region,"{""C_ZN"": 0.0, ""C_status"": ""outside_defined_region"", ""X"": 0.2568782056334391, ""bracket"": 0.60237939134026, ""h_blocking"": 0.2018, ""l_used"": 0.0, ""parity_case"": ""odd-A""}",1,1,HF = T_alpha_half_s / Tcalc_s,Qalpha_MeV,T_alpha_half_s
source-row-0052,52,258Md,,Md,258,101,157,Xu2022_Unified,xu2022_unified,7.2713,,0.0019,False,,4449600,25056,25056,,"alpha, EC",100,,,,4.7658463477,58323.8719367,1.88247462382,76.2912312274,0,True,ok,outside_defined_region,"{""C_ZN"": 0.0, ""C_status"": ""outside_defined_region"", ""X"": 0.24742336315917815, ""bracket"": 0.6186631181595637, ""h_blocking"": 0.4036, ""l_used"": 0.0, ""parity_case"": ""odd-odd""}",1,1,HF = T_alpha_half_s / Tcalc_s,Qalpha_MeV,T_alpha_half_s
source-row-0053,53,259Md,,Md,259,101,158,Xu2022_Unified,xu2022_unified,7.05,,0.1,True,,445846.153846,16615.3846154,16615.3846154,>,"alpha, SF",1.3,100,,,5.47328363608,297360.744947,0.175901388411,1.49934435336,0,True,ok,outside_defined_region,"{""C_ZN"": 0.0, ""C_status"": ""outside_defined_region"", ""X"": 0.24014449653840855, ""bracket"": 0.6314834261008572, ""h_blocking"": 0.2018, ""l_used"": 0.0, ""parity_case"": ""odd-A""}",1,1,HF = T_alpha_half_s / Tcalc_s,Qalpha_MeV,T_alpha_half_s
source-row-0054,54,260Md,,Md,260,101,159,Xu2022_Unified,xu2022_unified,6.94,,0.3,True,,54950400,864000,864000,>,"alpha, EC, beta^-, SF",5,100,,,6.13567802369,1366715.19751,1.60429283444,40.2061820195,0,True,ok,outside_defined_region,"{""C_ZN"": 0.0, ""C_status"": ""outside_defined_region"", ""X"": 0.23664438736946278, ""bracket"": 0.6377395021631034, ""h_blocking"": 0.4036, ""l_used"": 0.0, ""parity_case"": ""odd-odd""}",1,1,HF = T_alpha_half_s / Tcalc_s,Qalpha_MeV,T_alpha_half_s
source-row-0055,55,249No,,No,249,102,147,Xu2022_Unified,xu2022_unified,9.276,,0.02,False,,0.0381,0.0025,0.0025,,alpha,100,,,,-1.64990321763,0.0223922009239,0.230828193302,1.70148526844,0,True,ok,outside_defined_region,"{""C_ZN"": 0.0, ""C_status"": ""outside_defined_region"", ""X"": 0.30949509639033185, ""bracket"": 0.5185567858735736, ""h_blocking"": 0.2018, ""l_used"": 0.0, ""parity_case"": ""odd-A""}",1,1,HF = T_alpha_half_s / Tcalc_s,Qalpha_MeV,T_alpha_half_s
source-row-0056,56,250No,,No,250,102,148,Xu2022_Unified,xu2022_unified,8.95,,0.2,True,,0.00023,1e-05,1e-05,>,"alpha, SF",2,100,,,-0.932798817162,0.116735025586,-2.70547334682,0.00197027412162,0,True,ok,outside_defined_region,"{""C_ZN"": 0.0, ""C_status"": ""outside_defined_region"", ""X"": 0.2989416894221011, ""bracket"": 0.5345176528714378, ""h_blocking"": 0.0, ""l_used"": 0.0, ""parity_case"": ""even-even""}",1,1,HF = T_alpha_half_s / Tcalc_s,Qalpha_MeV,T_alpha_half_s
source-row-0057,57,251No,,No,251,102,149,Xu2022_Unified,xu2022_unified,8.752,,0.004,False,,0.888888888889,0.111111111111,0.111111111111,,"alpha, EC, SF",90,0.0014,,,-0.15211470779,0.704506966877,0.100962185343,1.2617176702,0,True,ok,outside_defined_region,"{""C_ZN"": 0.0, ""C_status"": ""outside_defined_region"", ""X"": 0.2926438453810375, ""bracket"": 0.5442351826597243, ""h_blocking"": 0.2018, ""l_used"": 0.0, ""parity_case"": ""odd-A""}",1,1,HF = T_alpha_half_s / Tcalc_s,Qalpha_MeV,T_alpha_half_s
source-row-0058,58,252No,,No,252,102,150,Xu2022_Unified,xu2022_unified,8.549,,0.005,False,,3.64940828402,0.0236686390533,0.0236686390533,,"alpha, EC, SF",67.6,31,,,0.263213014304,1.83321336291,0.299009439244,1.99071660607,0,True,ok,outside_defined_region,"{""C_ZN"": 0.0, ""C_status"": ""outside_defined_region"", ""X"": 0.2861635226568117, ""bracket"": 0.5543898186340503, ""h_blocking"": 0.0, ""l_used"": 0.0, ""parity_case"": ""even-even""}",1,1,HF = T_alpha_half_s / Tcalc_s,Qalpha_MeV,T_alpha_half_s
source-row-0059,59,253No,,No,253,102,151,Xu2022_Unified,xu2022_unified,8.415,,0.004,False,,171.272727273,2.18181818182,2.18181818182,,"alpha, EC",55,,,,0.879986298335,7.58553642854,1.35370191496,22.5788550205,0,True,ok,outside_defined_region,"{""C_ZN"": 0.0, ""C_status"": ""outside_defined_region"", ""X"": 0.28197992729700766, ""bracket"": 0.5610314381728616, ""h_blocking"": 0.2018, ""l_used"": 0.0, ""parity_case"": ""odd-A""}",1,1,HF = T_alpha_half_s / Tcalc_s,Qalpha_MeV,T_alpha_half_s
source-row-0060,60,254No,,No,254,102,152,Xu2022_Unified,xu2022_unified,8.226,,0.008,False,,56.8888888889,0.444444444444,0.444444444444,,"alpha, EC, SF",90,0.17,,,1.28991643655,19.4946946246,0.465111014983,2.91817286623,0,True,ok,outside_defined_region,"{""C_ZN"": 0.0, ""C_status"": ""outside_defined_region"", ""X"": 0.2759409515229137, ""bracket"": 0.5707405434135115, ""h_blocking"": 0.0, ""l_used"": 0.0, ""parity_case"": ""even-even""}",1,1,HF = T_alpha_half_s / Tcalc_s,Qalpha_MeV,T_alpha_half_s
source-row-0061,61,255No,,No,255,102,153,Xu2022_Unified,xu2022_unified,8.4282,,0.003,False,,704,36,36,,"alpha, EC",30,,,,0.802135989424,6.34068224196,2.04543666972,111.029061722,0,True,ok,outside_defined_region,"{""C_ZN"": 0.0, ""C_status"": ""outside_defined_region"", ""X"": 0.2830244386314224, ""bracket"": 0.5593668271364222, ""h_blocking"": 0.2018, ""l_used"": 0.0, ""parity_case"": ""odd-A""}",1,1,HF = T_alpha_half_s / Tcalc_s,Qalpha_MeV,T_alpha_half_s
source-row-0062,62,256No,,No,256,102,154,Xu2022_Unified,xu2022_unified,8.582,,0.005,False,,2.92609351433,0.0502765208648,0.0502765208648,,"alpha, SF",99.45,0.55,,,0.0890757921775,1.22765346002,0.377212409348,2.3834849244,0,True,ok,outside_defined_region,"{""C_ZN"": 0.0, ""C_status"": ""outside_defined_region"", ""X"": 0.28849451113949237, ""bracket"": 0.5507187203866847, ""h_blocking"": 0.0, ""l_used"": 0.0, ""parity_case"": ""even-even""}",1,1,HF = T_alpha_half_s / Tcalc_s,Qalpha_MeV,T_alpha_half_s
source-row-0063,63,257No,,No,257,102,155,Xu2022_Unified,xu2022_unified,8.477,,0.006,False,,28.8235294118,0.588235294118,0.588235294118,,"alpha, EC, SF",85,1.5,,,0.609302315609,4.06726355878,0.850444843041,7.08671296936,0,True,ok,outside_defined_region,"{""C_ZN"": 0.0, ""C_status"": ""outside_defined_region"", ""X"": 0.2852656420668136, ""bracket"": 0.5558094919994838, ""h_blocking"": 0.2018, ""l_used"": 0.0, ""parity_case"": ""odd-A""}",1,1,HF = T_alpha_half_s / Tcalc_s,Qalpha_MeV,T_alpha_half_s
source-row-0065,65,259No,,No,259,102,157,Xu2022_Unified,xu2022_unified,7.854,,0.005,False,,4640,400,400,,"alpha, EC, SF",75,10,,,2.71379353863,517.360822802,0.952724441921,8.96859560195,0,True,ok,outside_defined_region,"{""C_ZN"": 0.0, ""C_status"": ""outside_defined_region"", ""X"": 0.2648558761779481, ""bracket"": 0.5889504143784294, ""h_blocking"": 0.2018, ""l_used"": 0.0, ""parity_case"": ""odd-A""}",1,1,HF = T_alpha_half_s / Tcalc_s,Qalpha_MeV,T_alpha_half_s
source-row-0068,68,251Lr,,Lr,251,103,148,Xu2022_Unified,xu2022_unified,9.438,,0.019,False,,0.0244,0.007,0.0045,,alpha,100,,,,-1.78005852712,0.016593632705,0.167448353454,1.47044353903,0,True,ok,outside_defined_region,"{""C_ZN"": 0.0, ""C_status"": ""outside_defined_region"", ""X"": 0.3124573068114821, ""bracket"": 0.5141474725798969, ""h_blocking"": 0.2018, ""l_used"": 0.0, ""parity_case"": ""odd-A""}",1,1,HF = T_alpha_half_s / Tcalc_s,Qalpha_MeV,T_alpha_half_s
source-row-0069,69,252Lr,,Lr,252,103,149,Xu2022_Unified,xu2022_unified,9.164,,0.017,False,,0.585714285714,0.1,0.0714285714286,approx,"alpha, EC, SF",70,10,,,-0.826006377503,0.149277248844,0.593692194208,3.92366747278,0,True,ok,outside_defined_region,"{""C_ZN"": 0.0, ""C_status"": ""outside_defined_region"", ""X"": 0.30371249739440576, ""bracket"": 0.5272530150793393, ""h_blocking"": 0.4036, ""l_used"": 0.0, ""parity_case"": ""odd-odd""}",1,1,HF = T_alpha_half_s / Tcalc_s,Qalpha_MeV,T_alpha_half_s
source-row-0070,70,253Lr,,Lr,253,103,150,Xu2022_Unified,xu2022_unified,8.918,,0.02,False,,0.638383838384,0.0464646464646,0.0464646464646,,"alpha, EC, SF",99,1,,,-0.321469598282,0.477013205087,0.126551481967,1.33829384926,0,True,ok,outside_defined_region,"{""C_ZN"": 0.0, ""C_status"": ""outside_defined_region"", ""X"": 0.29587629252745445, ""bracket"": 0.5392291911388173, ""h_blocking"": 0.2018, ""l_used"": 0.0, ""parity_case"": ""odd-A""}",1,1,HF = T_alpha_half_s / Tcalc_s,Qalpha_MeV,T_alpha_half_s
source-row-0071,71,254Lr,,Lr,254,103,151,Xu2022_Unified,xu2022_unified,8.822,,0.008,False,,16.7364016736,1.25523012552,1.25523012552,,"alpha, EC, SF",71.7,0.1,,,0.154257825774,1.42645417932,1.06940426461,11.7328701589,0,True,ok,outside_defined_region,"{""C_ZN"": 0.0, ""C_status"": ""outside_defined_region"", ""X"": 0.29300371850846557, ""bracket"": 0.5436759273785525, ""h_blocking"": 0.4036, ""l_used"": 0.0, ""parity_case"": ""odd-odd""}",1,1,HF = T_alpha_half_s / Tcalc_s,Qalpha_MeV,T_alpha_half_s
source-row-0072,72,255Lr,,Lr,255,103,152,Xu2022_Unified,xu2022_unified,8.556,,0.007,False,,31.1935807422,1.10330992979,1.10330992979,,"alpha, EC, SF",99.7,0.1,,,0.76983200661,5.88615923445,0.724233224105,5.29947959268,0,True,ok,outside_defined_region,"{""C_ZN"": 0.0, ""C_status"": ""outside_defined_region"", ""X"": 0.2844713324422242, ""bracket"": 0.5570680136934061, ""h_blocking"": 0.2018, ""l_used"": 0.0, ""parity_case"": ""odd-A""}",1,1,HF = T_alpha_half_s / Tcalc_s,Qalpha_MeV,T_alpha_half_s
source-row-0073,73,256Lr,,Lr,256,103,153,Xu2022_Unified,xu2022_unified,8.85,,0.12,False,,32.8235294118,1.17647058824,1.17647058824,,"alpha, EC, SF",85,0.03,,,0.0341532210399,1.08181555335,1.48203205652,30.3411513266,0,True,ok,outside_defined_region,"{""C_ZN"": 0.0, ""C_status"": ""outside_defined_region"", ""X"": 0.294558080761311, ""bracket"": 0.5412659628198044, ""h_blocking"": 0.4036, ""l_used"": 0.0, ""parity_case"": ""odd-odd""}",1,1,HF = T_alpha_half_s / Tcalc_s,Qalpha_MeV,T_alpha_half_s
source-row-0074,74,257Lr,,Lr,257,103,154,Xu2022_Unified,xu2022_unified,9.07,,0.03,False,,6,0.4,0.4,,"alpha, EC, SF",100,0.03,,,-0.841344940316,0.144097039977,1.6194961907,41.6386068787,0,True,ok,outside_defined_region,"{""C_ZN"": 0.0, ""C_status"": ""outside_defined_region"", ""X"": 0.3021991216239165, ""bracket"": 0.5295485700942911, ""h_blocking"": 0.2018, ""l_used"": 0.0, ""parity_case"": ""odd-A""}",1,1,HF = T_alpha_half_s / Tcalc_s,Qalpha_MeV,T_alpha_half_s
source-row-0075,75,258Lr,,Lr,258,103,155,Xu2022_Unified,xu2022_unified,8.904,,0.019,False,,3.96303901437,24.6406570842,23.613963039,,"alpha, SF",97.4,2.6,,,-0.163808811238,0.685790064268,0.761837159031,5.77879327926,0,True,ok,outside_defined_region,"{""C_ZN"": 0.0, ""C_status"": ""outside_defined_region"", ""X"": 0.2969802816680238, ""bracket"": 0.5375283670647752, ""h_blocking"": 0.4036, ""l_used"": 0.0, ""parity_case"": ""odd-odd""}",1,1,HF = T_alpha_half_s / Tcalc_s,Qalpha_MeV,T_alpha_half_s
source-row-0076,76,259Lr,,Lr,259,103,156,Xu2022_Unified,xu2022_unified,8.58,,0.07,True,,7.94871794872,0.384615384615,0.384615384615,,"alpha, SF",78,22,,,0.623659512779,4.20396907639,0.276637574029,1.89076508516,0,True,ok,outside_defined_region,"{""C_ZN"": 0.0, ""C_status"": ""outside_defined_region"", ""X"": 0.2864736159674952, ""bracket"": 0.5539002429291111, ""h_blocking"": 0.2018, ""l_used"": 0.0, ""parity_case"": ""odd-A""}",1,1,HF = T_alpha_half_s / Tcalc_s,Qalpha_MeV,T_alpha_half_s
source-row-0077,77,260Lr,,Lr,260,103,157,Xu2022_Unified,xu2022_unified,8.4,,0.14,True,,225,37.5,37.5,,"alpha, EC",80,,,,1.3944775785,24.8014789078,0.957704939609,9.07203964877,0,True,ok,outside_defined_region,"{""C_ZN"": 0.0, ""C_status"": ""outside_defined_region"", ""X"": 0.2807565163016024, ""bracket"": 0.562986625510155, ""h_blocking"": 0.4036, ""l_used"": 0.0, ""parity_case"": ""odd-odd""}",1,1,HF = T_alpha_half_s / Tcalc_s,Qalpha_MeV,T_alpha_half_s
source-row-0084,84,254Rf,,Rf,254,104,150,Xu2022_Unified,xu2022_unified,9.21,,0.2,True,,0.00152666666667,6.66666666667e-05,6.66666666667e-05,>,"alpha, SF",1.5,100,,,-1.03821344052,0.0915770310481,-1.77804233619,0.0166708469274,0,True,ok,outside_defined_region,"{""C_ZN"": 0.0, ""C_status"": ""outside_defined_region"", ""X"": 0.3028913778318907, ""bracket"": 0.5284975045600352, ""h_blocking"": 0.0, ""l_used"": 0.0, ""parity_case"": ""even-even""}",1,1,HF = T_alpha_half_s / Tcalc_s,Qalpha_MeV,T_alpha_half_s
source-row-0085,85,255Rf,,Rf,255,104,151,Xu2022_Unified,xu2022_unified,9.055,,0.004,False,,3.40816326531,0.0408163265306,0.0408163265306,,"alpha, EC, SF",49,51,,,-0.400245080098,0.397882574976,0.932765471217,8.56575150472,0,True,ok,outside_defined_region,"{""C_ZN"": 0.0, ""C_status"": ""outside_defined_region"", ""X"": 0.2981105787954083, ""bracket"": 0.5357916649144256, ""h_blocking"": 0.2018, ""l_used"": 0.0, ""parity_case"": ""odd-A""}",1,1,HF = T_alpha_half_s / Tcalc_s,Qalpha_MeV,T_alpha_half_s
source-row-0086,86,256Rf,,Rf,256,104,152,Xu2022_Unified,xu2022_unified,8.926,,0.015,False,,2.12903225806,0.0161290322581,0.0161290322581,,"alpha, SF",0.31,99.69,,,-0.232201242444,0.585866623988,0.560383484152,3.63398796056,0,True,ok,outside_defined_region,"{""C_ZN"": 0.0, ""C_status"": ""outside_defined_region"", ""X"": 0.2941749953654832, ""bracket"": 0.5418590806603287, ""h_blocking"": 0.0, ""l_used"": 0.0, ""parity_case"": ""even-even""}",1,1,HF = T_alpha_half_s / Tcalc_s,Qalpha_MeV,T_alpha_half_s
source-row-0087,87,257Rf,,Rf,257,104,153,Xu2022_Unified,xu2022_unified,9.083,,0.008,False,,5.59910414334,0.223964165733,0.223964165733,,"alpha, EC, SF",89.3,1.3,,,-0.517685799409,0.303608691854,1.26580434486,18.4418440366,0,True,ok,outside_defined_region,"{""C_ZN"": 0.0, ""C_status"": ""outside_defined_region"", ""X"": 0.29966527962547646, ""bracket"": 0.5334105145893724, ""h_blocking"": 0.2018, ""l_used"": 0.0, ""parity_case"": ""odd-A""}",1,1,HF = T_alpha_half_s / Tcalc_s,Qalpha_MeV,T_alpha_half_s
source-row-0088,88,258Rf,,Rf,258,104,154,Xu2022_Unified,xu2022_unified,9.196,,0.008,False,,0.255102040816,0.0839212982756,0.0839212982756,,"SF, alpha",4.9,95.1,,,-1.06677693386,0.0857478157587,0.473490866842,2.97502669379,0,True,ok,outside_defined_region,"{""C_ZN"": 0.0, ""C_status"": ""outside_defined_region"", ""X"": 0.30371247301513954, ""bracket"": 0.5272530519927019, ""h_blocking"": 0.0, ""l_used"": 0.0, ""parity_case"": ""even-even""}",1,1,HF = T_alpha_half_s / Tcalc_s,Qalpha_MeV,T_alpha_half_s
source-row-0089,89,259Rf,,Rf,259,104,155,Xu2022_Unified,xu2022_unified,9.13,,0.07,True,,2.94117647059,0.470588235294,0.352941176471,,"alpha, EC, SF",85,3,,,-0.690136934434,0.204109427967,1.15865801739,14.4098021335,0,True,ok,outside_defined_region,"{""C_ZN"": 0.0, ""C_status"": ""outside_defined_region"", ""X"": 0.3018487082271886, ""bracket"": 0.5300812671896666, ""h_blocking"": 0.2018, ""l_used"": 0.0, ""parity_case"": ""odd-A""}",1,1,HF = T_alpha_half_s / Tcalc_s,Qalpha_MeV,T_alpha_half_s
source-row-0090,90,260Rf,,Rf,260,104,156,Xu2022_Unified,xu2022_unified,8.9,,0.2,True,,1.085,0.04,0.04,approx,"SF, alpha (unobserved)",2,98,,,-0.222026648938,0.599754273336,0.257456387123,1.80907422963,0,True,ok,outside_defined_region,"{""C_ZN"": 0.0, ""C_status"": ""outside_defined_region"", ""X"": 0.29455185866422784, ""bracket"": 0.5412755919086751, ""h_blocking"": 0.0, ""l_used"": 0.0, ""parity_case"": ""even-even""}",1,1,HF = T_alpha_half_s / Tcalc_s,Qalpha_MeV,T_alpha_half_s
source-row-0091,91,261Rf^a,a,Rf,261,104,157,Xu2022_Unified,xu2022_unified,8.40887159533,8.28,,False,,68,,,,alpha,100,,257No,257No:100% (within alpha branch),1.53102927609,33.9648167734,0.301479636618,2.00207174541,0,True,ok,outside_defined_region,"{""C_ZN"": 0.0, ""C_status"": ""outside_defined_region"", ""X"": 0.2785871299205768, ""bracket"": 0.5664682244486061, ""h_blocking"": 0.2018, ""l_used"": 0.0, ""parity_case"": ""odd-A""}",1,2,HF = T_alpha_half_s / Tcalc_s,Qalpha_MeV,T_alpha_half_s
source-row-0092,92,261Rf^b,b,Rf,261,104,157,Xu2022_Unified,xu2022_unified,8.64245136187,8.51,,False,,14.4444444444,,,,"alpha, SF",18,82,257No,257No:100% (within alpha branch),0.767065126005,5.8487778477,0.392635716863,2.46965174958,0,True,ok,outside_defined_region,"{""C_ZN"": 0.0, ""C_status"": ""outside_defined_region"", ""X"": 0.2863256613072595, ""bracket"": 0.5541337875942837, ""h_blocking"": 0.2018, ""l_used"": 0.0, ""parity_case"": ""odd-A""}",2,2,HF = T_alpha_half_s / Tcalc_s,Qalpha_MeV,T_alpha_half_s
source-row-0097,97,255Db,,Db,255,105,150,Xu2022_Unified,xu2022_unified,9.34,,0.2,True,,0.0325,0.005,0.00375,,"alpha, SF",8,92,,,-0.870117805541,0.134859701621,-0.61799883348,0.240991190173,0,True,ok,outside_defined_region,"{""C_ZN"": 0.0, ""C_status"": ""outside_defined_region"", ""X"": 0.30450803472501875, ""bracket"": 0.5260496002690531, ""h_blocking"": 0.2018, ""l_used"": 0.0, ""parity_case"": ""odd-A""}",1,1,HF = T_alpha_half_s / Tcalc_s,Qalpha_MeV,T_alpha_half_s
source-row-0098,98,256Db,,Db,256,105,151,Xu2022_Unified,xu2022_unified,9.34,,0.03,False,,2.71428571429,0.571428571429,0.428571428571,approx,"alpha, EC, SF",70,0.02,,,-0.685667685944,0.206220727234,1.11932324688,13.1620412298,0,True,ok,outside_defined_region,"{""C_ZN"": 0.0, ""C_status"": ""outside_defined_region"", ""X"": 0.3048306948662993, ""bracket"": 0.5255621541389193, ""h_blocking"": 0.4036, ""l_used"": 0.0, ""parity_case"": ""odd-odd""}",1,1,HF = T_alpha_half_s / Tcalc_s,Qalpha_MeV,T_alpha_half_s
source-row-0099,99,257Db,,Db,257,105,152,Xu2022_Unified,xu2022_unified,9.206,,0.02,False,,2.44680851064,0.212765957447,0.212765957447,<=,"alpha, SF",94,6,,,-0.518161030218,0.303276646901,0.906761012636,8.067909401,0,True,ok,outside_defined_region,"{""C_ZN"": 0.0, ""C_status"": ""outside_defined_region"", ""X"": 0.30077451159872753, ""bracket"": 0.5317170205711473, ""h_blocking"": 0.2018, ""l_used"": 0.0, ""parity_case"": ""odd-A""}",1,1,HF = T_alpha_half_s / Tcalc_s,Qalpha_MeV,T_alpha_half_s
source-row-0100,100,258Db,,Db,258,105,153,Xu2022_Unified,xu2022_unified,9.437,,0.01,False,,3.390625,0.5625,0.5625,,"alpha, SF",64,36,,,-0.994395668224,0.101298807254,1.52467542809,33.471519477,0,True,ok,outside_defined_region,"{""C_ZN"": 0.0, ""C_status"": ""outside_defined_region"", ""X"": 0.30864593934897294, ""bracket"": 0.5198264130610298, ""h_blocking"": 0.4036, ""l_used"": 0.0, ""parity_case"": ""odd-odd""}",1,1,HF = T_alpha_half_s / Tcalc_s,Qalpha_MeV,T_alpha_half_s
source-row-0101,101,259Db,,Db,259,105,154,Xu2022_Unified,xu2022_unified,9.62,,0.05,False,,0.51,0.16,0.16,,alpha,100,,,,-1.71817062387,0.0191350400755,1.42574079997,26.6526747782,0,True,ok,outside_defined_region,"{""C_ZN"": 0.0, ""C_status"": ""outside_defined_region"", ""X"": 0.31496084226847004, ""bracket"": 0.5104445434381759, ""h_blocking"": 0.2018, ""l_used"": 0.0, ""parity_case"": ""odd-A""}",1,1,HF = T_alpha_half_s / Tcalc_s,Qalpha_MeV,T_alpha_half_s
source-row-0102,102,260Db,,Db,260,105,155,Xu2022_Unified,xu2022_unified,9.5,,0.04,True,,1.68888888889,0.144444444444,0.144444444444,,"alpha, EC, SF",90,10,,,-1.20422300276,0.0624851759738,1.43182408126,27.0286329929,0,True,ok,outside_defined_region,"{""C_ZN"": 0.0, ""C_status"": ""outside_defined_region"", ""X"": 0.3113567699854225, ""bracket"": 0.5157820886272564, ""h_blocking"": 0.4036, ""l_used"": 0.0, ""parity_case"": ""odd-odd""}",1,1,HF = T_alpha_half_s / Tcalc_s,Qalpha_MeV,T_alpha_half_s
source-row-0103,103,261Db,,Db,261,105,156,Xu2022_Unified,xu2022_unified,9.22,,0.1,True,,5.61643835616,1.91780821918,1.09589041096,,"alpha, SF",73,27,,,-0.627774641969,0.235627165032,1.37723563857,23.8361241387,0,True,ok,outside_defined_region,"{""C_ZN"": 0.0, ""C_status"": ""outside_defined_region"", ""X"": 0.3024943006690846, ""bracket"": 0.529100183377909, ""h_blocking"": 0.2018, ""l_used"": 0.0, ""parity_case"": ""odd-A""}",1,1,HF = T_alpha_half_s / Tcalc_s,Qalpha_MeV,T_alpha_half_s
source-row-0104,104,262Db,,Db,262,105,157,Xu2022_Unified,xu2022_unified,9.05,,0.1,True,,70.8333333333,8.33333333333,8.33333333333,,"alpha, EC, SF",48,52,,,0.0593404243921,1.1464112108,1.79089725527,61.7870208056,0,True,ok,outside_defined_region,"{""C_ZN"": 0.0, ""C_status"": ""outside_defined_region"", ""X"": 0.2972246230928454, ""bracket"": 0.5371525383065868, ""h_blocking"": 0.4036, ""l_used"": 0.0, ""parity_case"": ""odd-odd""}",1,1,HF = T_alpha_half_s / Tcalc_s,Qalpha_MeV,T_alpha_half_s
source-row-0105,105,263Db,,Db,263,105,158,Xu2022_Unified,xu2022_unified,8.83,,0.15,True,,72.972972973,27.027027027,18.9189189189,,"alpha, EC, SF",37,56,,,0.513884666065,3.26501112998,1.34927737403,22.3499921035,0,True,ok,outside_defined_region,"{""C_ZN"": 0.0, ""C_status"": ""outside_defined_region"", ""X"": 0.2902987827466853, ""bracket"": 0.5478914363878327, ""h_blocking"": 0.2018, ""l_used"": 0.0, ""parity_case"": ""odd-A""}",1,1,HF = T_alpha_half_s / Tcalc_s,Qalpha_MeV,T_alpha_half_s
source-row-0108,108,268Db,,Db,268,105,163,Xu2022_Unified,xu2022_unified,7.7,,,False,,112941.176471,42352.9411765,28235.2941176,,"alpha, EC, SF",51,49,,,4.56944838042,37106.3622818,0.483403926902,3.0437145957,0,True,ok,outside_defined_region,"{""C_ZN"": 0.0, ""C_status"": ""outside_defined_region"", ""X"": 0.2544443455468359, ""bracket"": 0.6065322763226824, ""h_blocking"": 0.4036, ""l_used"": 0.0, ""parity_case"": ""odd-odd""}",1,1,HF = T_alpha_half_s / Tcalc_s,Qalpha_MeV,T_alpha_half_s
source-row-0109,109,270Db,,Db,270,105,165,Xu2022_Unified,xu2022_unified,8.019,,0.03,False,,21176.4705882,40235.2941176,8470.58823529,,"alpha, SF",17,83,,,3.33315143007,2153.53249889,0.992702149316,9.83336476191,0,True,ok,outside_defined_region,"{""C_ZN"": 0.0, ""C_status"": ""outside_defined_region"", ""X"": 0.2655206816461685, ""bracket"": 0.5878437764261057, ""h_blocking"": 0.4036, ""l_used"": 0.0, ""parity_case"": ""odd-odd""}",1,1,HF = T_alpha_half_s / Tcalc_s,Qalpha_MeV,T_alpha_half_s
source-row-0110,110,257Sg,,Sg,257,106,151,Xu2022_Unified,xu2022_unified,9.45,,0.07,False,,0.126,0.037,0.023,approx,"alpha, SF",10,90,,,-0.863716818269,0.136862094404,-0.0359126366133,0.920634749516,0,True,ok,outside_defined_region,"{""C_ZN"": 0.0, ""C_status"": ""outside_defined_region"", ""X"": 0.30577766053976235, ""bracket"": 0.5241337030745167, ""h_blocking"": 0.2018, ""l_used"": 0.0, ""parity_case"": ""odd-A""}",1,1,HF = T_alpha_half_s / Tcalc_s,Qalpha_MeV,T_alpha_half_s
source-row-0112,112,259Sg,,Sg,259,106,153,Xu2022_Unified,xu2022_unified,9.765,,0.008,False,,0.402,0.056,0.056,,"alpha, EC, SF^r",100,,,,-1.76526851132,0.0171684658393,1.36949456441,23.4150216893,0,True,ok,outside_defined_region,"{""C_ZN"": 0.0, ""C_status"": ""outside_defined_region"", ""X"": 0.3166340560025347, ""bracket"": 0.5079816822912364, ""h_blocking"": 0.2018, ""l_used"": 0.0, ""parity_case"": ""odd-A""}",1,1,HF = T_alpha_half_s / Tcalc_s,Qalpha_MeV,T_alpha_half_s
source-row-0113,113,260Sg,,Sg,260,106,154,Xu2022_Unified,xu2022_unified,9.901,,0.01,False,,0.00697183098592,0.000464788732394,0.000464788732394,,"alpha, SF",71,29,,,-2.34433692878,0.00452546354963,0.187683778997,1.5405783097,0,True,ok,outside_defined_region,"{""C_ZN"": 0.0, ""C_status"": ""outside_defined_region"", ""X"": 0.3213791175115828, ""bracket"": 0.5010487461834948, ""h_blocking"": 0.0, ""l_used"": 0.0, ""parity_case"": ""even-even""}",1,1,HF = T_alpha_half_s / Tcalc_s,Qalpha_MeV,T_alpha_half_s
source-row-0114,114,261Sg,,Sg,261,106,155,Xu2022_Unified,xu2022_unified,9.55645914397,9.41,0.0101556420233,False,,0.187563710499,0.00515389899459,0.00515389899459,,"alpha, EC, SF",98.1,0.6,257Rf,"g.s. (1/2+), 98.1(4)%",-1.23085502965,0.0587685493067,0.50400384528,3.19156611337,0,True,ok,outside_defined_region,"{""C_ZN"": 0.0, ""C_status"": ""outside_defined_region"", ""X"": 0.3105182774065962, ""bracket"": 0.517030311330274, ""h_blocking"": 0.2018, ""l_used"": 0.0, ""parity_case"": ""odd-A""}",1,1,HF = T_alpha_half_s / Tcalc_s,Qalpha_MeV,T_alpha_half_s
source-row-0115,115,262Sg,,Sg,262,106,156,Xu2022_Unified,xu2022_unified,9.6,,0.015,False,,0.141666666667,0.0383333333333,0.025,,"alpha, SF",6,94,,,-1.57009604232,0.0269093964863,0.721363717648,5.26457985554,0,True,ok,outside_defined_region,"{""C_ZN"": 0.0, ""C_status"": ""outside_defined_region"", ""X"": 0.31225638261177807, ""bracket"": 0.5144455906511256, ""h_blocking"": 0.0, ""l_used"": 0.0, ""parity_case"": ""even-even""}",1,1,HF = T_alpha_half_s / Tcalc_s,Qalpha_MeV,T_alpha_half_s
source-row-0116,116,263Sg,,Sg,263,106,157,Xu2022_Unified,xu2022_unified,9.4,,0.06,False,,1.08045977011,0.16091954023,0.16091954023,,"alpha, SF",87,13,,,-0.824887754878,0.149662241408,0.85849635586,7.2193210522,0,True,ok,outside_defined_region,"{""C_ZN"": 0.0, ""C_status"": ""outside_defined_region"", ""X"": 0.30606681925183016, ""bracket"": 0.5236981562659826, ""h_blocking"": 0.2018, ""l_used"": 0.0, ""parity_case"": ""odd-A""}",1,1,HF = T_alpha_half_s / Tcalc_s,Qalpha_MeV,T_alpha_half_s
source-row-0118,118,265Sg^a,a,Sg,265,106,159,Xu2022_Unified,xu2022_unified,8.9754789272,8.84,,False,,8.5,,,,alpha,100,,261Rf,261Rf^a:91%; 261Rf^b:9%,0.397728168406,2.49878084677,0.531690757308,3.40165885736,0,True,ok,outside_defined_region,"{""C_ZN"": 0.0, ""C_status"": ""outside_defined_region"", ""X"": 0.2928449991101818, ""bracket"": 0.5439225229127109, ""h_blocking"": 0.2018, ""l_used"": 0.0, ""parity_case"": ""odd-A""}",1,2,HF = T_alpha_half_s / Tcalc_s,Qalpha_MeV,T_alpha_half_s
source-row-0119,119,265Sg^b,b,Sg,265,106,159,Xu2022_Unified,xu2022_unified,8.82318007663,8.69,,False,,14.4,,,,alpha,100,,261Rf,261Rf^a:20%; 261Rf^b:80%,0.872463817235,7.45527756619,0.28589867486,1.93151762254,0,True,ok,outside_defined_region,"{""C_ZN"": 0.0, ""C_status"": ""outside_defined_region"", ""X"": 0.2878759097587647, ""bracket"": 0.5516909271097354, ""h_blocking"": 0.2018, ""l_used"": 0.0, ""parity_case"": ""odd-A""}",2,2,HF = T_alpha_half_s / Tcalc_s,Qalpha_MeV,T_alpha_half_s
source-row-0121,121,267Sg,,Sg,267,106,161,Xu2022_Unified,xu2022_unified,8.4,,0.02,False,,3458.82352941,3988.23529412,1588.23529412,,"alpha, SF",17,83,,,2.22998657972,169.819117526,1.30894182498,20.3676922823,0,True,ok,outside_defined_region,"{""C_ZN"": 0.0, ""C_status"": ""outside_defined_region"", ""X"": 0.2746280495996046, ""bracket"": 0.5728707687777974, ""h_blocking"": 0.2018, ""l_used"": 0.0, ""parity_case"": ""odd-A""}",1,1,HF = T_alpha_half_s / Tcalc_s,Qalpha_MeV,T_alpha_half_s
source-row-0123,123,269Sg,,Sg,269,106,163,Xu2022_Unified,xu2022_unified,8.58,,0.07,False,,186,222,66,,alpha,100,,,,1.5903796855,38.938541961,0.679133258722,4.77675821006,0,True,ok,outside_defined_region,"{""C_ZN"": 0.0, ""C_status"": ""outside_defined_region"", ""X"": 0.2810813657216226, ""bracket"": 0.5624668922250935, ""h_blocking"": 0.2018, ""l_used"": 0.0, ""parity_case"": ""odd-A""}",1,1,HF = T_alpha_half_s / Tcalc_s,Qalpha_MeV,T_alpha_half_s
source-row-0124,124,271Sg,,Sg,271,106,165,Xu2022_Unified,xu2022_unified,8.629,,0.016,False,,42.4657534247,17.8082191781,9.58904109589,,"alpha, SF",73,27,,,1.39527582778,24.8471068608,0.232763005937,1.70908241601,0,True,ok,outside_defined_region,"{""C_ZN"": 0.0, ""C_status"": ""outside_defined_region"", ""X"": 0.2832554154045785, ""bracket"": 0.5589993037674734, ""h_blocking"": 0.2018, ""l_used"": 0.0, ""parity_case"": ""odd-A""}",1,1,HF = T_alpha_half_s / Tcalc_s,Qalpha_MeV,T_alpha_half_s
source-row-0125,125,260Bh,,Bh,260,107,153,Xu2022_Unified,xu2022_unified,10.4,,0.06,False,,0.035,0.019,0.009,approx,"alpha, EC, SF",100,,,,-2.87046040621,0.00134753357179,1.41452845056,25.9733788699,0,True,ok,outside_defined_region,"{""C_ZN"": 0.0, ""C_status"": ""outside_defined_region"", ""X"": 0.3343612751963755, ""bracket"": 0.4824600469964071, ""h_blocking"": 0.4036, ""l_used"": 0.0, ""parity_case"": ""odd-odd""}",1,1,HF = T_alpha_half_s / Tcalc_s,Qalpha_MeV,T_alpha_half_s
source-row-0126,126,261Bh,,Bh,261,107,154,Xu2022_Unified,xu2022_unified,10.16,,,False,approx,0.0118,0.0039,0.0024,approx,"alpha, SF",100,,,,-2.49218369987,0.00321970661695,0.564065707177,3.66493019516,0,True,ok,outside_defined_region,"{""C_ZN"": 0.0, ""C_status"": ""outside_defined_region"", ""X"": 0.3269850591511039, ""bracket"": 0.4929545456740661, ""h_blocking"": 0.2018, ""l_used"": 0.0, ""parity_case"": ""odd-A""}",1,1,HF = T_alpha_half_s / Tcalc_s,Qalpha_MeV,T_alpha_half_s
source-row-0127,127,262Bh,,Bh,262,107,155,Xu2022_Unified,xu2022_unified,10.08,,,False,approx,0.096,0.018,0.013,approx,"alpha, SF",100,,,,-2.10314538199,0.00788596087421,1.08541661503,12.1735323737,0,True,ok,outside_defined_region,"{""C_ZN"": 0.0, ""C_status"": ""outside_defined_region"", ""X"": 0.3247466379162492, ""bracket"": 0.49617410442493526, ""h_blocking"": 0.4036, ""l_used"": 0.0, ""parity_case"": ""odd-odd""}",1,2,HF = T_alpha_half_s / Tcalc_s,Qalpha_MeV,T_alpha_half_s
source-row-0128,128,262Bh,,Bh,262,107,155,Xu2022_Unified,xu2022_unified,10.55,,,False,approx,0.021,0.008,0.005,approx,"alpha, SF",100,,,,-3.26586983925,0.00054216335578,1.58808913398,38.7337133285,0,True,ok,outside_defined_region,"{""C_ZN"": 0.0, ""C_status"": ""outside_defined_region"", ""X"": 0.33988859424766166, ""bracket"": 0.4747093723192774, ""h_blocking"": 0.4036, ""l_used"": 0.0, ""parity_case"": ""odd-odd""}",2,2,HF = T_alpha_half_s / Tcalc_s,Qalpha_MeV,T_alpha_half_s
source-row-0129,129,264Bh,,Bh,264,107,157,Xu2022_Unified,xu2022_unified,9.86,,0.15,True,,1.1511627907,0.267441860465,0.209302325581,,"alpha, SF",86,14,,,-1.56144692902,0.0274506777152,1.62258367237,41.9356783334,0,True,ok,outside_defined_region,"{""C_ZN"": 0.0, ""C_status"": ""outside_defined_region"", ""X"": 0.3183142229450737, ""bracket"": 0.5055181498567445, ""h_blocking"": 0.4036, ""l_used"": 0.0, ""parity_case"": ""odd-odd""}",1,1,HF = T_alpha_half_s / Tcalc_s,Qalpha_MeV,T_alpha_half_s
source-row-0130,130,265Bh,,Bh,265,107,158,Xu2022_Unified,xu2022_unified,9.66,,0.21,True,,0.94,0.7,0.31,,alpha,100,,,,-1.23829238262,0.0577706983394,1.21142023622,16.2712244619,0,True,ok,outside_defined_region,"{""C_ZN"": 0.0, ""C_status"": ""outside_defined_region"", ""X"": 0.3121773193622058, ""bracket"": 0.514562937723038, ""h_blocking"": 0.2018, ""l_used"": 0.0, ""parity_case"": ""odd-A""}",1,1,HF = T_alpha_half_s / Tcalc_s,Qalpha_MeV,T_alpha_half_s
source-row-0131,131,266Bh,,Bh,266,107,159,Xu2022_Unified,xu2022_unified,9.43,,0.08,True,,10,2.7,1.6,,"alpha, EC, SF",100,,,,-0.407061717513,0.391686210693,1.40706171751,25.5306409238,0,True,ok,outside_defined_region,"{""C_ZN"": 0.0, ""C_status"": ""outside_defined_region"", ""X"": 0.3050558904055239, ""bracket"": 0.5252221686592116, ""h_blocking"": 0.4036, ""l_used"": 0.0, ""parity_case"": ""odd-odd""}",1,1,HF = T_alpha_half_s / Tcalc_s,Qalpha_MeV,T_alpha_half_s
source-row-0132,132,267Bh,,Bh,267,107,160,Xu2022_Unified,xu2022_unified,9.23,,0.2,True,,16,7,4,,alpha,100,,,,-0.0424426911024,0.906895629378,1.24656267376,17.6426034945,0,True,ok,outside_defined_region,"{""C_ZN"": 0.0, ""C_status"": ""outside_defined_region"", ""X"": 0.2988899743442771, ""bracket"": 0.5345968533497065, ""h_blocking"": 0.2018, ""l_used"": 0.0, ""parity_case"": ""odd-A""}",1,1,HF = T_alpha_half_s / Tcalc_s,Qalpha_MeV,T_alpha_half_s
source-row-0133,133,270Bh,,Bh,270,107,163,Xu2022_Unified,xu2022_unified,9.06,,0.1,False,,144,264,54,approx,alpha,100,,,,0.620802899934,4.17640781673,1.53755959216,34.4793914577,0,True,ok,outside_defined_region,"{""C_ZN"": 0.0, ""C_status"": ""outside_defined_region"", ""X"": 0.2942756069793425, ""bracket"": 0.5417032542192461, ""h_blocking"": 0.4036, ""l_used"": 0.0, ""parity_case"": ""odd-odd""}",1,1,HF = T_alpha_half_s / Tcalc_s,Qalpha_MeV,T_alpha_half_s
source-row-0134,134,271Bh,,Bh,271,107,164,Xu2022_Unified,xu2022_unified,9.42,,0.09,False,,2.9,2.2,0.9,,alpha,100,,,,-0.664458227867,0.216541814763,1.12685622577,13.3923325764,0,True,ok,outside_defined_region,"{""C_ZN"": 0.0, ""C_status"": ""outside_defined_region"", ""X"": 0.30627580899796086, ""bracket"": 0.5233835489172727, ""h_blocking"": 0.2018, ""l_used"": 0.0, ""parity_case"": ""odd-A""}",1,1,HF = T_alpha_half_s / Tcalc_s,Qalpha_MeV,T_alpha_half_s
source-row-0135,135,272Bh,,Bh,272,107,165,Xu2022_Unified,xu2022_unified,9.3,,0.05,False,,8.8,0.7,0.7,,alpha,100,,,,-0.131383865858,0.738951838758,1.07586653801,11.9087598656,0,True,ok,outside_defined_region,"{""C_ZN"": 0.0, ""C_status"": ""outside_defined_region"", ""X"": 0.3026766692152909, ""bracket"": 0.5288233162551085, ""h_blocking"": 0.4036, ""l_used"": 0.0, ""parity_case"": ""odd-odd""}",1,1,HF = T_alpha_half_s / Tcalc_s,Qalpha_MeV,T_alpha_half_s
source-row-0136,136,274Bh,,Bh,274,107,167,Xu2022_Unified,xu2022_unified,8.94,,0.06,False,,44,34,13,,alpha,100,,,,0.924565511395,8.40553791346,0.718887165091,5.23464416591,0,True,ok,outside_defined_region,"{""C_ZN"": 0.0, ""C_status"": ""outside_defined_region"", ""X"": 0.2915394996152884, ""bracket"": 0.5459544136443837, ""h_blocking"": 0.4036, ""l_used"": 0.0, ""parity_case"": ""odd-odd""}",1,1,HF = T_alpha_half_s / Tcalc_s,Qalpha_MeV,T_alpha_half_s
source-row-0137,137,263Hs,,Hs,263,108,155,Xu2022_Unified,xu2022_unified,10.73,,0.08,False,,0.00074,0.00048,0.00021,,"alpha, SF",100,,,,-3.59085723244,0.000256532720935,0.460088952174,2.88462227081,0,True,ok,outside_defined_region,"{""C_ZN"": 0.0, ""C_status"": ""outside_defined_region"", ""X"": 0.34278009327529335, ""bracket"": 0.47069269642706973, ""h_blocking"": 0.2018, ""l_used"": 0.0, ""parity_case"": ""odd-A""}",1,1,HF = T_alpha_half_s / Tcalc_s,Qalpha_MeV,T_alpha_half_s
source-row-0138,138,264Hs,,Hs,264,108,156,Xu2022_Unified,xu2022_unified,10.591,,0.02,False,,0.0009,0.000485714285714,0.000228571428571,,"alpha, SF",70,30,,,-3.48051862309,0.000330735929387,0.434761132528,2.72120419958,0,True,ok,outside_defined_region,"{""C_ZN"": 0.0, ""C_status"": ""outside_defined_region"", ""X"": 0.3386877829204944, ""bracket"": 0.4763850738020964, ""h_blocking"": 0.0, ""l_used"": 0.0, ""parity_case"": ""even-even""}",1,1,HF = T_alpha_half_s / Tcalc_s,Qalpha_MeV,T_alpha_half_s
source-row-0139,139,265Hs,,Hs,265,108,157,Xu2022_Unified,xu2022_unified,10.47,,0.015,False,,0.0019,0.0002,0.0001,,"alpha, SF",100,,,,-3.00328521227,0.000992464057872,0.282038813226,1.91442701116,0,True,ok,outside_defined_region,"{""C_ZN"": 0.0, ""C_status"": ""outside_defined_region"", ""X"": 0.33516166260482927, ""bracket"": 0.48133175551200535, ""h_blocking"": 0.2018, ""l_used"": 0.0, ""parity_case"": ""odd-A""}",1,1,HF = T_alpha_half_s / Tcalc_s,Qalpha_MeV,T_alpha_half_s
source-row-0140,140,266Hs,,Hs,266,108,158,Xu2022_Unified,xu2022_unified,10.346,,0.016,False,,0.000973684210526,0.000631578947368,0.000276315789474,,"alpha, SF",76,24,,,-2.91654000233,0.00121188105875,-0.095041870215,0.803448658181,0,True,ok,outside_defined_region,"{""C_ZN"": 0.0, ""C_status"": ""outside_defined_region"", ""X"": 0.3315306082797102, ""bracket"": 0.48646671767310673, ""h_blocking"": 0.0, ""l_used"": 0.0, ""parity_case"": ""even-even""}",1,1,HF = T_alpha_half_s / Tcalc_s,Qalpha_MeV,T_alpha_half_s
source-row-0141,141,267Hs,,Hs,267,108,159,Xu2022_Unified,xu2022_unified,10.038,,0.013,False,,0.06625,0.015,0.01,<,"alpha, SF",80,,,,-1.94623273013,0.0113179369404,0.76741861274,5.85354030057,0,True,ok,outside_defined_region,"{""C_ZN"": 0.0, ""C_status"": ""outside_defined_region"", ""X"": 0.3219884340022533, ""bracket"": 0.5001639474014403, ""h_blocking"": 0.2018, ""l_used"": 0.0, ""parity_case"": ""odd-A""}",1,1,HF = T_alpha_half_s / Tcalc_s,Qalpha_MeV,T_alpha_half_s
source-row-0142,142,268Hs,,Hs,268,108,160,Xu2022_Unified,xu2022_unified,9.623,,0.016,False,,0.4,1.8,0.2,approx,alpha,100,,,,-1.04162424683,0.0908606319696,0.643684238158,4.40234666355,0,True,ok,outside_defined_region,"{""C_ZN"": 0.0, ""C_status"": ""outside_defined_region"", ""X"": 0.3089896441206956, ""bracket"": 0.5193122146847269, ""h_blocking"": 0.0, ""l_used"": 0.0, ""parity_case"": ""even-even""}",1,1,HF = T_alpha_half_s / Tcalc_s,Qalpha_MeV,T_alpha_half_s
source-row-0143,143,269Hs,,Hs,269,108,161,Xu2022_Unified,xu2022_unified,9.34,,0.04,False,,13,10,4,,alpha,100,,,,-0.0440846308719,0.903473396901,1.15802798318,14.3889128829,0,True,ok,outside_defined_region,"{""C_ZN"": 0.0, ""C_status"": ""outside_defined_region"", ""X"": 0.3002058268541972, ""bracket"": 0.5325846882392788, ""h_blocking"": 0.2018, ""l_used"": 0.0, ""parity_case"": ""odd-A""}",1,1,HF = T_alpha_half_s / Tcalc_s,Qalpha_MeV,T_alpha_half_s
source-row-0144,144,270Hs,,Hs,270,108,162,Xu2022_Unified,xu2022_unified,9.07,,0.04,False,,7.6,4.9,2.2,,"alpha, SF",100,,,,0.55085211546,3.55510240768,0.329961476821,2.13777245448,0,True,ok,outside_defined_region,"{""C_ZN"": 0.0, ""C_status"": ""outside_defined_region"", ""X"": 0.2918211652992386, ""bracket"": 0.545515483880251, ""h_blocking"": 0.0, ""l_used"": 0.0, ""parity_case"": ""even-even""}",1,1,HF = T_alpha_half_s / Tcalc_s,Qalpha_MeV,T_alpha_half_s
source-row-0146,146,272Hs,,Hs,272,108,164,Xu2022_Unified,xu2022_unified,9.772,,0.021,False,,0.16,0.19,0.06,,alpha,100,,,,-1.52104629055,0.0301268489124,0.725166273203,5.31087736607,0,True,ok,outside_defined_region,"{""C_ZN"": 0.0, ""C_status"": ""outside_defined_region"", ""X"": 0.315037962279409, ""bracket"": 0.5103308179803419, ""h_blocking"": 0.0, ""l_used"": 0.0, ""parity_case"": ""even-even""}",1,1,HF = T_alpha_half_s / Tcalc_s,Qalpha_MeV,T_alpha_half_s
source-row-0147,147,273Hs,,Hs,273,108,165,Xu2022_Unified,xu2022_unified,9.65,,0.06,False,,0.51,0.3,0.13,,"alpha, SF",100,,,,-0.999267514018,0.100168803443,0.706837690116,5.09140553216,0,True,ok,outside_defined_region,"{""C_ZN"": 0.0, ""C_status"": ""outside_defined_region"", ""X"": 0.3114149362709376, ""bracket"": 0.5156955898710376, ""h_blocking"": 0.2018, ""l_used"": 0.0, ""parity_case"": ""odd-A""}",1,1,HF = T_alpha_half_s / Tcalc_s,Qalpha_MeV,T_alpha_half_s
source-row-0148,148,275Hs,,Hs,275,108,167,Xu2022_Unified,xu2022_unified,9.45,,0.05,False,,0.168539325843,0.303370786517,0.0674157303371,<,"alpha, SF",89,11,,,-0.465364763395,0.342480017174,-0.307933984194,0.492114334825,0,True,ok,outside_defined_region,"{""C_ZN"": 0.0, ""C_status"": ""outside_defined_region"", ""X"": 0.305565861214269, ""bracket"": 0.5244529151675019, ""h_blocking"": 0.2018, ""l_used"": 0.0, ""parity_case"": ""odd-A""}",1,1,HF = T_alpha_half_s / Tcalc_s,Qalpha_MeV,T_alpha_half_s
source-row-0150,150,266Mt,,Mt,266,109,157,Xu2022_Unified,xu2022_unified,10.996,,0.025,False,,0.0017,0.0006,0.0004,approx,"alpha, SF",100,,,,-3.73904658891,0.000182370005451,0.969495510292,9.32170833571,0,True,ok,outside_defined_region,"{""C_ZN"": 0.0, ""C_status"": ""outside_defined_region"", ""X"": 0.34906634220117716, ""bracket"": 0.46204855767436365, ""h_blocking"": 0.4036, ""l_used"": 0.0, ""parity_case"": ""odd-odd""}",1,1,HF = T_alpha_half_s / Tcalc_s,Qalpha_MeV,T_alpha_half_s
source-row-0151,151,268Mt,,Mt,268,109,159,Xu2022_Unified,xu2022_unified,10.77,,0.15,False,,0.021,0.008,0.005,,alpha,100,,,,-3.25020912648,0.00056207060531,1.57242842121,37.3618541899,0,True,ok,outside_defined_region,"{""C_ZN"": 0.0, ""C_status"": ""outside_defined_region"", ""X"": 0.3425872763181946, ""bracket"": 0.47095974220878434, ""h_blocking"": 0.4036, ""l_used"": 0.0, ""parity_case"": ""odd-odd""}",1,1,HF = T_alpha_half_s / Tcalc_s,Qalpha_MeV,T_alpha_half_s
source-row-0152,152,270Mt,,Mt,270,109,161,Xu2022_Unified,xu2022_unified,10.181,,0.05,False,,0.48,0.66,0.18,approx,alpha,100,,,,-1.83285734468,0.0146940886393,1.51409858206,32.6661973929,0,True,ok,outside_defined_region,"{""C_ZN"": 0.0, ""C_status"": ""outside_defined_region"", ""X"": 0.32450547259077794, ""bracket"": 0.49652195709285024, ""h_blocking"": 0.4036, ""l_used"": 0.0, ""parity_case"": ""odd-odd""}",1,1,HF = T_alpha_half_s / Tcalc_s,Qalpha_MeV,T_alpha_half_s
source-row-0153,153,274Mt,,Mt,274,109,165,Xu2022_Unified,xu2022_unified,10.6,,0.23,True,,0.64,0.76,0.23,approx,"alpha, SF",100,,,,-2.94458169668,0.00113610456089,2.75076167067,563.328431231,0,True,ok,outside_defined_region,"{""C_ZN"": 0.0, ""C_status"": ""outside_defined_region"", ""X"": 0.33921205029565327, ""bracket"": 0.4756529200541991, ""h_blocking"": 0.4036, ""l_used"": 0.0, ""parity_case"": ""odd-odd""}",1,1,HF = T_alpha_half_s / Tcalc_s,Qalpha_MeV,T_alpha_half_s
source-row-0154,154,275Mt,,Mt,275,109,166,Xu2022_Unified,xu2022_unified,10.48,,0.05,False,,0.02,0.013,0.006,,alpha,100,,,,-2.87059933256,0.00134710257856,1.17162932822,14.8466793237,0,True,ok,outside_defined_region,"{""C_ZN"": 0.0, ""C_status"": ""outside_defined_region"", ""X"": 0.33570390536093275, ""bracket"": 0.4805685165951649, ""h_blocking"": 0.2018, ""l_used"": 0.0, ""parity_case"": ""odd-A""}",1,1,HF = T_alpha_half_s / Tcalc_s,Qalpha_MeV,T_alpha_half_s
source-row-0155,155,276Mt,,Mt,276,109,167,Xu2022_Unified,xu2022_unified,10.1,,0.01,False,,0.62,0.06,0.04,,alpha,100,,,,-1.72217531259,0.0189594042837,1.51456700209,32.7014494086,0,True,ok,outside_defined_region,"{""C_ZN"": 0.0, ""C_status"": ""outside_defined_region"", ""X"": 0.32385060300581586, ""bracket"": 0.4974674956540562, ""h_blocking"": 0.4036, ""l_used"": 0.0, ""parity_case"": ""odd-odd""}",1,1,HF = T_alpha_half_s / Tcalc_s,Qalpha_MeV,T_alpha_half_s
source-row-0157,157,278Mt,,Mt,278,109,169,Xu2022_Unified,xu2022_unified,9.58,,0.03,False,,4.5,3.5,1.3,,"alpha, SF",100,,,,-0.335995225423,0.461322646254,0.989207739198,9.75456123072,0,True,ok,outside_defined_region,"{""C_ZN"": 0.0, ""C_status"": ""outside_defined_region"", ""X"": 0.30778035807756005, ""bracket"": 0.521123199777608, ""h_blocking"": 0.4036, ""l_used"": 0.0, ""parity_case"": ""odd-odd""}",1,1,HF = T_alpha_half_s / Tcalc_s,Qalpha_MeV,T_alpha_half_s
source-row-0158,158,267Ds,,Ds,267,110,157,Xu2022_Unified,xu2022_unified,11.78,,0.05,False,,2.8e-06,1.33e-05,1e-07,uncertain,alpha ?,100,,,,-5.34486767888,4.51993637111e-06,-0.207974289781,0.619477747054,0,True,ok,outside_defined_region,"{""C_ZN"": 0.0, ""C_status"": ""outside_defined_region"", ""X"": 0.37086895516475693, ""bracket"": 0.43297213321556083, ""h_blocking"": 0.2018, ""l_used"": 0.0, ""parity_case"": ""odd-A""}",1,1,HF = T_alpha_half_s / Tcalc_s,Qalpha_MeV,T_alpha_half_s
source-row-0159,159,269Ds,,Ds,269,110,159,Xu2022_Unified,xu2022_unified,11.51,,0.03,False,,0.00017,0.00016,6e-05,,alpha,100,,,,-4.81516872613,1.53049274014e-05,1.04561764751,11.1075339034,0,True,ok,outside_defined_region,"{""C_ZN"": 0.0, ""C_status"": ""outside_defined_region"", ""X"": 0.363102864136462, ""bracket"": 0.4431719463759968, ""h_blocking"": 0.2018, ""l_used"": 0.0, ""parity_case"": ""odd-A""}",1,1,HF = T_alpha_half_s / Tcalc_s,Qalpha_MeV,T_alpha_half_s
source-row-0160,160,270Ds,,Ds,270,110,160,Xu2022_Unified,xu2022_unified,11.117,,0.028,False,,0.0002,7e-05,4e-05,,"alpha, SF",100,,,,-4.1736099049,6.70486588292e-05,0.474639900559,2.9829082862,0,True,ok,outside_defined_region,"{""C_ZN"": 0.0, ""C_status"": ""outside_defined_region"", ""X"": 0.3510582759922347, ""bracket"": 0.4593343777197496, ""h_blocking"": 0.0, ""l_used"": 0.0, ""parity_case"": ""even-even""}",1,1,HF = T_alpha_half_s / Tcalc_s,Qalpha_MeV,T_alpha_half_s
source-row-0161,161,271Ds,,Ds,271,110,161,Xu2022_Unified,xu2022_unified,10.87,,0.018,False,,0.00163,0.00044,2e-05,,alpha,100,,,,-3.42135879102,0.0003790017445,0.633546395425,4.30077176069,0,True,ok,outside_defined_region,"{""C_ZN"": 0.0, ""C_status"": ""outside_defined_region"", ""X"": 0.3436029474323962, ""bracket"": 0.4695543510010533, ""h_blocking"": 0.2018, ""l_used"": 0.0, ""parity_case"": ""odd-A""}",1,1,HF = T_alpha_half_s / Tcalc_s,Qalpha_MeV,T_alpha_half_s
source-row-0162,162,273Ds^a,a,Ds,273,110,163,Xu2022_Unified,xu2022_unified,11.0519330855,10.89,0.0202973977695,False,,0.01734,0.03155,0.00683,,alpha,100,,269Hs,269Hs:100% (within alpha branch),-3.87395980803,0.000133671921809,2.11300890117,129.720585784,0,True,ok,outside_defined_region,"{""C_ZN"": 0.0, ""C_status"": ""outside_defined_region"", ""X"": 0.3500519343448246, ""bracket"": 0.4607041191535438, ""h_blocking"": 0.2018, ""l_used"": 0.0, ""parity_case"": ""odd-A""}",1,2,HF = T_alpha_half_s / Tcalc_s,Qalpha_MeV,T_alpha_half_s
source-row-0163,163,273Ds^m,,Ds,273,110,163,Xu2022_Unified,xu2022_unified,11.33,,0.02,False,,0.00016,8e-05,5e-05,,alpha,100,,,,-4.49322323192,3.21200910789e-05,0.697343214574,4.98130592492,0,True,ok,outside_defined_region,"{""C_ZN"": 0.0, ""C_status"": ""outside_defined_region"", ""X"": 0.35885924982025585, ""bracket"": 0.44881810335352074, ""h_blocking"": 0.2018, ""l_used"": 0.0, ""parity_case"": ""odd-A""}",2,2,HF = T_alpha_half_s / Tcalc_s,Qalpha_MeV,T_alpha_half_s
source-row-0164,164,275Ds,,Ds,275,110,165,Xu2022_Unified,xu2022_unified,11.37,,0.02,False,,0.00043,0.00029,0.00012,,alpha,100,,,,-4.61269577054,2.43951913782e-05,1.24616422612,17.6264245414,0,True,ok,outside_defined_region,"{""C_ZN"": 0.0, ""C_status"": ""outside_defined_region"", ""X"": 0.3608407674433287, ""bracket"": 0.44617521647447905, ""h_blocking"": 0.2018, ""l_used"": 0.0, ""parity_case"": ""odd-A""}",1,1,HF = T_alpha_half_s / Tcalc_s,Qalpha_MeV,T_alpha_half_s
source-row-0165,165,276Ds,,Ds,276,110,166,Xu2022_Unified,xu2022_unified,10.904,,0.028,False,,0.000348837209302,0.000232558139535,9.3023255814e-05,,"alpha, SF",43,57,,,-3.78466905054,0.000164184044354,0.327291854016,2.12467180154,0,True,ok,outside_defined_region,"{""C_ZN"": 0.0, ""C_status"": ""outside_defined_region"", ""X"": 0.34639307512263445, ""bracket"": 0.46570986565370387, ""h_blocking"": 0.0, ""l_used"": 0.0, ""parity_case"": ""even-even""}",1,1,HF = T_alpha_half_s / Tcalc_s,Qalpha_MeV,T_alpha_half_s
source-row-0166,166,277Ds,,Ds,277,110,167,Xu2022_Unified,xu2022_unified,10.71,,0.04,False,,0.0035,0.0021,0.0009,,"alpha, SF",100,,,,-3.14130604412,0.000722260652468,0.68537408847,4.84589599065,0,True,ok,outside_defined_region,"{""C_ZN"": 0.0, ""C_status"": ""outside_defined_region"", ""X"": 0.34056466495691734, ""bracket"": 0.47376790461295337, ""h_blocking"": 0.2018, ""l_used"": 0.0, ""parity_case"": ""odd-A""}",1,1,HF = T_alpha_half_s / Tcalc_s,Qalpha_MeV,T_alpha_half_s
source-row-0167,167,279Ds,,Ds,279,110,169,Xu2022_Unified,xu2022_unified,9.827,,0.015,True,,1.43076923077,0.161538461538,0.130769230769,,"alpha, SF",13,87,,,-0.902445363817,0.125185675229,1.05801495573,11.4291769258,0,True,ok,outside_defined_region,"{""C_ZN"": 0.0, ""C_status"": ""outside_defined_region"", ""X"": 0.31309794714331635, ""bracket"": 0.5131978628596443, ""h_blocking"": 0.2018, ""l_used"": 0.0, ""parity_case"": ""odd-A""}",1,1,HF = T_alpha_half_s / Tcalc_s,Qalpha_MeV,T_alpha_half_s
source-row-0169,169,281Ds,,Ds,281,110,171,Xu2022_Unified,xu2022_unified,9.47,,0.21,True,,130,45,27,,"alpha, SF",10,90,,,0.081078482929,1.20525372646,2.03286486938,107.861106044,0,True,ok,outside_defined_region,"{""C_ZN"": 0.0, ""C_status"": ""outside_defined_region"", ""X"": 0.30231008801444503, ""bracket"": 0.5293799716789201, ""h_blocking"": 0.2018, ""l_used"": 0.0, ""parity_case"": ""odd-A""}",1,1,HF = T_alpha_half_s / Tcalc_s,Qalpha_MeV,T_alpha_half_s
source-row-0170,170,272Rg,,Rg,272,111,161,Xu2022_Unified,xu2022_unified,11.197,,0.013,False,,0.0038,0.0014,0.0008,,alpha,100,,,,-3.67595728813,0.00021088355389,1.25574088474,18.0194231835,0,True,ok,outside_defined_region,"{""C_ZN"": 0.0, ""C_status"": ""outside_defined_region"", ""X"": 0.351043128979362, ""bracket"": 0.4593549720396546, ""h_blocking"": 0.4036, ""l_used"": 0.0, ""parity_case"": ""odd-odd""}",1,1,HF = T_alpha_half_s / Tcalc_s,Qalpha_MeV,T_alpha_half_s
source-row-0171,171,274Rg,,Rg,274,111,163,Xu2022_Unified,xu2022_unified,11.48,,0.09,False,,0.012,0.017,0.005,,alpha,100,,,,-4.3320826832,4.65497461299e-05,2.41126392925,257.788731361,0,True,ok,outside_defined_region,"{""C_ZN"": 0.0, ""C_status"": ""outside_defined_region"", ""X"": 0.3606322607765005, ""bracket"": 0.446452781568119, ""h_blocking"": 0.4036, ""l_used"": 0.0, ""parity_case"": ""odd-odd""}",1,1,HF = T_alpha_half_s / Tcalc_s,Qalpha_MeV,T_alpha_half_s
source-row-0172,172,278Rg,,Rg,278,111,167,Xu2022_Unified,xu2022_unified,10.85,,0.1,False,,0.0046,0.0055,0.0016,approx,"alpha, SF",100,,,,-2.97340630954,0.0010631479117,0.636164141224,4.32677330159,0,True,ok,outside_defined_region,"{""C_ZN"": 0.0, ""C_status"": ""outside_defined_region"", ""X"": 0.34218613578569973, ""bracket"": 0.471515676438709, ""h_blocking"": 0.4036, ""l_used"": 0.0, ""parity_case"": ""odd-odd""}",1,1,HF = T_alpha_half_s / Tcalc_s,Qalpha_MeV,T_alpha_half_s
source-row-0173,173,279Rg,,Rg,279,111,168,Xu2022_Unified,xu2022_unified,10.53,,0.17,False,,0.103448275862,0.0689655172414,0.0287356321839,,"alpha, SF",87,13,,,-2.41419980654,0.00385301050824,1.42892306336,26.8486877056,0,True,ok,outside_defined_region,"{""C_ZN"": 0.0, ""C_status"": ""outside_defined_region"", ""X"": 0.33241827599981055, ""bracket"": 0.4852075175350977, ""h_blocking"": 0.2018, ""l_used"": 0.0, ""parity_case"": ""odd-A""}",1,1,HF = T_alpha_half_s / Tcalc_s,Qalpha_MeV,T_alpha_half_s
source-row-0174,174,280Rg,,Rg,280,111,169,Xu2022_Unified,xu2022_unified,10.149,,0.01,False,,3.9,0.3,0.3,,alpha,100,,,,-1.2505368854,0.0561646574685,1.84160149243,69.4386857462,0,True,ok,outside_defined_region,"{""C_ZN"": 0.0, ""C_status"": ""outside_defined_region"", ""X"": 0.32070238262447753, ""bracket"": 0.5020328941844826, ""h_blocking"": 0.4036, ""l_used"": 0.0, ""parity_case"": ""odd-odd""}",1,1,HF = T_alpha_half_s / Tcalc_s,Qalpha_MeV,T_alpha_half_s
source-row-0175,175,281Rg,,Rg,281,111,170,Xu2022_Unified,xu2022_unified,9.9,,0.4,True,,78.5714285714,21.4285714286,7.14285714286,,"alpha, SF",14,88,,,-0.796057594486,0.159934591536,2.69132224397,491.272262096,0,True,ok,outside_defined_region,"{""C_ZN"": 0.0, ""C_status"": ""outside_defined_region"", ""X"": 0.313137523715688, ""bracket"": 0.5131392456020136, ""h_blocking"": 0.2018, ""l_used"": 0.0, ""parity_case"": ""odd-A""}",1,1,HF = T_alpha_half_s / Tcalc_s,Qalpha_MeV,T_alpha_half_s
source-row-0176,176,282Rg,,Rg,282,111,171,Xu2022_Unified,xu2022_unified,9.55,,0.1,True,,100,70,30,approx,"alpha, SF",100,,,,0.383279378294,2.41701518169,1.61672062171,41.3733437662,0,True,ok,outside_defined_region,"{""C_ZN"": 0.0, ""C_status"": ""outside_defined_region"", ""X"": 0.3023589690982591, ""bracket"": 0.5293057175569054, ""h_blocking"": 0.4036, ""l_used"": 0.0, ""parity_case"": ""odd-odd""}",1,1,HF = T_alpha_half_s / Tcalc_s,Qalpha_MeV,T_alpha_half_s
source-row-0177,177,277Cn,,Cn,277,112,165,Xu2022_Unified,xu2022_unified,11.62,,0.06,False,,0.00061,0.00046,0.00018,,alpha,100,,,,-4.58489737784,2.60077404375e-05,1.37022721285,23.454555826,0,True,ok,outside_defined_region,"{""C_ZN"": 0.0, ""C_status"": ""outside_defined_region"", ""X"": 0.3627833222428765, ""bracket"": 0.4435952945238169, ""h_blocking"": 0.2018, ""l_used"": 0.0, ""parity_case"": ""odd-A""}",1,1,HF = T_alpha_half_s / Tcalc_s,Qalpha_MeV,T_alpha_half_s
source-row-0179,179,281Cn,,Cn,281,112,169,Xu2022_Unified,xu2022_unified,10.43,,0.06,False,,0.18,0.1,0.05,,"alpha, SF",100,,,,-1.87022602021,0.0134826102347,1.12549852531,13.3505305625,0,True,ok,outside_defined_region,"{""C_ZN"": 0.0, ""C_status"": ""outside_defined_region"", ""X"": 0.32690234764614706, ""bracket"": 0.4930732195511395, ""h_blocking"": 0.2018, ""l_used"": 0.0, ""parity_case"": ""odd-A""}",1,1,HF = T_alpha_half_s / Tcalc_s,Qalpha_MeV,T_alpha_half_s
source-row-0181,181,283Cn,,Cn,283,112,171,Xu2022_Unified,xu2022_unified,9.667,,0.015,False,,4.23333333333,0.5,0.4,<,"alpha, SF",90,10,,,0.173327672108,1.49048521411,0.453354794128,2.8402383957,0,True,ok,outside_defined_region,"{""C_ZN"": 0.0, ""C_status"": ""outside_defined_region"", ""X"": 0.30357302158870036, ""bracket"": 0.5274642343143526, ""h_blocking"": 0.2018, ""l_used"": 0.0, ""parity_case"": ""odd-A""}",1,1,HF = T_alpha_half_s / Tcalc_s,Qalpha_MeV,T_alpha_half_s
source-row-0182,182,284Cn,,Cn,284,112,172,Xu2022_Unified,xu2022_unified,9.46,,0.01,False,,4.9,1,0.7,,"alpha, SF",2,98,,,0.565324656169,3.67556964464,0.12487142386,1.33312669157,0,True,ok,outside_defined_region,"{""C_ZN"": 0.0, ""C_status"": ""outside_defined_region"", ""X"": 0.2973578103057813, ""bracket"": 0.5369477716750539, ""h_blocking"": 0.0, ""l_used"": 0.0, ""parity_case"": ""even-even""}",1,1,HF = T_alpha_half_s / Tcalc_s,Qalpha_MeV,T_alpha_half_s
source-row-0183,183,285Cn,,Cn,285,112,173,Xu2022_Unified,xu2022_unified,9.32,,0.02,False,,33,10,6,,alpha,100,,,,1.17582133295,14.9906799794,0.342692606923,2.20136778621,0,True,ok,outside_defined_region,"{""C_ZN"": 0.0, ""C_status"": ""outside_defined_region"", ""X"": 0.29323749144845035, ""bracket"": 0.5433128963582303, ""h_blocking"": 0.2018, ""l_used"": 0.0, ""parity_case"": ""odd-A""}",1,1,HF = T_alpha_half_s / Tcalc_s,Qalpha_MeV,T_alpha_half_s
source-row-0184,184,286Cn,,Cn,286,112,174,Xu2022_Unified,xu2022_unified,9.24,,0.76,True,,8.4,40.5,3.9,,"(alpha, SF)",100,,,,1.20514313783,16.0377388666,-0.280863851765,0.523764607335,0,True,ok,outside_defined_region,"{""C_ZN"": 0.0, ""C_status"": ""outside_defined_region"", ""X"": 0.29099769190286406, ""bracket"": 0.5467995742534646, ""h_blocking"": 0.0, ""l_used"": 0.0, ""parity_case"": ""even-even""}",1,1,HF = T_alpha_half_s / Tcalc_s,Qalpha_MeV,T_alpha_half_s
source-row-0185,185,278Nh,,Nh,278,113,165,Xu2022_Unified,xu2022_unified,11.99,,0.08,False,,0.002,0.0027,0.0007,,alpha,100,,,,-4.87943862408,1.31996183985e-05,2.18046861975,151.519531824,0,True,ok,outside_defined_region,"{""C_ZN"": 0.0, ""C_status"": ""outside_defined_region"", ""X"": 0.3713260121390699, ""bracket"": 0.43237713176011083, ""h_blocking"": 0.4036, ""l_used"": 0.0, ""parity_case"": ""odd-odd""}",1,1,HF = T_alpha_half_s / Tcalc_s,Qalpha_MeV,T_alpha_half_s
source-row-0186,186,282Nh,,Nh,282,113,169,Xu2022_Unified,xu2022_unified,10.78,,0.08,False,,0.061,0.073,0.022,,alpha,100,,,,-2.2381645934,0.0057787699612,1.02349442841,10.5558796093,0,True,ok,outside_defined_region,"{""C_ZN"": 0.0, ""C_status"": ""outside_defined_region"", ""X"": 0.33515196063377795, ""bracket"": 0.48134542006914754, ""h_blocking"": 0.4036, ""l_used"": 0.0, ""parity_case"": ""odd-odd""}",1,1,HF = T_alpha_half_s / Tcalc_s,Qalpha_MeV,T_alpha_half_s
source-row-0187,187,283Nh,,Nh,283,113,170,Xu2022_Unified,xu2022_unified,10.35,,0.04,False,,0.123,0.08,0.035,,alpha,100,,,,-1.36875729538,0.0427801895611,0.45866240682,2.87516257553,0,True,ok,outside_defined_region,"{""C_ZN"": 0.0, ""C_status"": ""outside_defined_region"", ""X"": 0.32209316647863523, ""bracket"": 0.5000119879542845, ""h_blocking"": 0.2018, ""l_used"": 0.0, ""parity_case"": ""odd-A""}",1,1,HF = T_alpha_half_s / Tcalc_s,Qalpha_MeV,T_alpha_half_s
source-row-0188,188,284Nh,,Nh,284,113,171,Xu2022_Unified,xu2022_unified,10.28,,0.04,False,,0.9,0.07,0.06,,alpha,100,,,,-0.999270272192,0.10016816728,0.953512781632,8.98489035428,0,True,ok,outside_defined_region,"{""C_ZN"": 0.0, ""C_status"": ""outside_defined_region"", ""X"": 0.320221903409117, ""bracket"": 0.5027325639466638, ""h_blocking"": 0.4036, ""l_used"": 0.0, ""parity_case"": ""odd-odd""}",1,1,HF = T_alpha_half_s / Tcalc_s,Qalpha_MeV,T_alpha_half_s
source-row-0189,189,285Nh,,Nh,285,113,172,Xu2022_Unified,xu2022_unified,10.01,,0.04,False,,2.56097560976,0.731707317073,0.365853658537,,"alpha, SF",82,18,,,-0.487480430869,0.325476449002,0.89588587322,7.86838991763,0,True,ok,outside_defined_region,"{""C_ZN"": 0.0, ""C_status"": ""outside_defined_region"", ""X"": 0.3121097724876161, ""bracket"": 0.5146632091021481, ""h_blocking"": 0.2018, ""l_used"": 0.0, ""parity_case"": ""odd-A""}",1,1,HF = T_alpha_half_s / Tcalc_s,Qalpha_MeV,T_alpha_half_s
source-row-0190,190,286Nh,,Nh,286,113,173,Xu2022_Unified,xu2022_unified,9.79,,0.05,False,,9.5,6.3,2.7,,alpha,100,,,,0.317016827874,2.07499391695,0.660706777415,4.57832667478,0,True,ok,outside_defined_region,"{""C_ZN"": 0.0, ""C_status"": ""outside_defined_region"", ""X"": 0.305541334591274, ""bracket"": 0.5244898906134623, ""h_blocking"": 0.4036, ""l_used"": 0.0, ""parity_case"": ""odd-odd""}",1,1,HF = T_alpha_half_s / Tcalc_s,Qalpha_MeV,T_alpha_half_s
source-row-0191,191,284Fl,,Fl,284,114,170,Xu2022_Unified,xu2022_unified,10.721,,0.017,False,,0.0104166666667,0.005,0.0025,,"alpha, SF",24,76,,,-2.21024021834,0.0061625404319,0.227968985297,1.69032021482,0,True,ok,outside_defined_region,"{""C_ZN"": 0.0, ""C_status"": ""outside_defined_region"", ""X"": 0.3309772720398962, ""bracket"": 0.4872529289224314, ""h_blocking"": 0.0, ""l_used"": 0.0, ""parity_case"": ""even-even""}",1,1,HF = T_alpha_half_s / Tcalc_s,Qalpha_MeV,T_alpha_half_s
source-row-0192,192,285Fl,,Fl,285,114,171,Xu2022_Unified,xu2022_unified,10.56,,0.07,False,,0.1,0.06,0.03,,alpha,100,,,,-1.6184092471,0.0240763558113,0.618409247099,4.15345249023,0,True,ok,outside_defined_region,"{""C_ZN"": 0.0, ""C_status"": ""outside_defined_region"", ""X"": 0.3263188516118561, ""bracket"": 0.49391104965950905, ""h_blocking"": 0.2018, ""l_used"": 0.0, ""parity_case"": ""odd-A""}",1,1,HF = T_alpha_half_s / Tcalc_s,Qalpha_MeV,T_alpha_half_s
source-row-0193,193,286Fl,,Fl,286,114,172,Xu2022_Unified,xu2022_unified,10.335,,0.01,False,,0.2625,0.0425,0.0325,,"alpha, SF",40,60,,,-1.2511693065,0.0560829298243,0.670298614244,4.68056859409,0,True,ok,outside_defined_region,"{""C_ZN"": 0.0, ""C_status"": ""outside_defined_region"", ""X"": 0.31967061498895627, ""bracket"": 0.5035362973511874, ""h_blocking"": 0.0, ""l_used"": 0.0, ""parity_case"": ""even-even""}",1,1,HF = T_alpha_half_s / Tcalc_s,Qalpha_MeV,T_alpha_half_s
source-row-0194,194,287Fl,,Fl,287,114,173,Xu2022_Unified,xu2022_unified,10.157,,0.015,False,,0.514285714286,0.0642857142857,0.0514285714286,<,alpha,70,,,,-0.58756286053,0.258486067531,0.298767321283,1.98960709642,0,True,ok,outside_defined_region,"{""C_ZN"": 0.0, ""C_status"": ""outside_defined_region"", ""X"": 0.3144635460815583, ""bracket"": 0.5111783724670942, ""h_blocking"": 0.2018, ""l_used"": 0.0, ""parity_case"": ""odd-A""}",1,1,HF = T_alpha_half_s / Tcalc_s,Qalpha_MeV,T_alpha_half_s
source-row-0195,195,288Fl,,Fl,288,114,174,Xu2022_Unified,xu2022_unified,10.076,,0.012,False,,0.64,0.14,0.1,,"alpha, SF",100,,,,-0.583593993846,0.26085910876,0.38977396783,2.45343167445,0,True,ok,outside_defined_region,"{""C_ZN"": 0.0, ""C_status"": ""outside_defined_region"", ""X"": 0.31225131222185337, ""bracket"": 0.514453115565189, ""h_blocking"": 0.0, ""l_used"": 0.0, ""parity_case"": ""even-even""}",1,1,HF = T_alpha_half_s / Tcalc_s,Qalpha_MeV,T_alpha_half_s
source-row-0196,196,289Fl,,Fl,289,114,175,Xu2022_Unified,xu2022_unified,9.95,,0.07,False,,2.4,0.8,0.5,,alpha,100,,,,-0.0466957749148,0.89805766733,0.426907016626,2.67243417356,0,True,ok,outside_defined_region,"{""C_ZN"": 0.0, ""C_status"": ""outside_defined_region"", ""X"": 0.30863778989222407, ""bracket"": 0.5198386100542107, ""h_blocking"": 0.2018, ""l_used"": 0.0, ""parity_case"": ""odd-A""}",1,1,HF = T_alpha_half_s / Tcalc_s,Qalpha_MeV,T_alpha_half_s
source-row-0197,197,290Fl,,Fl,290,114,176,Xu2022_Unified,xu2022_unified,9.86,,0.03,False,,0.46,,,<,(alpha),100,,,,-0.00933705391444,0.978730102725,-0.327905114404,0.4699967833,0,True,ok,outside_defined_region,"{""C_ZN"": 0.0, ""C_status"": ""outside_defined_region"", ""X"": 0.3061339520100034, ""bracket"": 0.5235970796074632, ""h_blocking"": 0.0, ""l_used"": 0.0, ""parity_case"": ""even-even""}",1,1,HF = T_alpha_half_s / Tcalc_s,Qalpha_MeV,T_alpha_half_s
source-row-0198,198,286Mc,,Mc,286,115,171,Xu2022_Unified,xu2022_unified,10.86,,0.02,False,,0.02,0.098,0.009,,alpha,100,,,,-1.86583365151,0.0136196625863,0.166863647171,1.46846516008,0,True,ok,outside_defined_region,"{""C_ZN"": 0.0, ""C_status"": ""outside_defined_region"", ""X"": 0.33293667657660175, ""bracket"": 0.48447330514363307, ""h_blocking"": 0.4036, ""l_used"": 0.0, ""parity_case"": ""odd-odd""}",1,1,HF = T_alpha_half_s / Tcalc_s,Qalpha_MeV,T_alpha_half_s
source-row-0199,199,287Mc,,Mc,287,115,172,Xu2022_Unified,xu2022_unified,10.76,,0.07,False,,0.038,0.022,0.01,,alpha,100,,,,-1.83561991925,0.0146009152705,0.41540351587,2.60257657113,0,True,ok,outside_defined_region,"{""C_ZN"": 0.0, ""C_status"": ""outside_defined_region"", ""X"": 0.3301845178082926, ""bracket"": 0.48838103215118484, ""h_blocking"": 0.2018, ""l_used"": 0.0, ""parity_case"": ""odd-A""}",1,1,HF = T_alpha_half_s / Tcalc_s,Qalpha_MeV,T_alpha_half_s
source-row-0200,200,288Mc,,Mc,288,115,173,Xu2022_Unified,xu2022_unified,10.65,,0.05,False,,0.193,0.015,0.013,,alpha,100,,,,-1.37252054239,0.0424110922738,0.658077851394,4.55069628375,0,True,ok,outside_defined_region,"{""C_ZN"": 0.0, ""C_status"": ""outside_defined_region"", ""X"": 0.3271186462690866, ""bracket"": 0.49276292292016705, ""h_blocking"": 0.4036, ""l_used"": 0.0, ""parity_case"": ""odd-odd""}",1,1,HF = T_alpha_half_s / Tcalc_s,Qalpha_MeV,T_alpha_half_s
source-row-0201,201,289Mc,,Mc,289,115,174,Xu2022_Unified,xu2022_unified,10.49,,0.05,False,,0.25,0.051,0.035,,"alpha, SF",100,,,,-1.17826080635,0.0663344593225,0.576200815021,3.76878024715,0,True,ok,outside_defined_region,"{""C_ZN"": 0.0, ""C_status"": ""outside_defined_region"", ""X"": 0.3225084418451339, ""bracket"": 0.4994098111968807, ""h_blocking"": 0.2018, ""l_used"": 0.0, ""parity_case"": ""odd-A""}",1,1,HF = T_alpha_half_s / Tcalc_s,Qalpha_MeV,T_alpha_half_s
source-row-0202,202,290Mc,,Mc,290,115,175,Xu2022_Unified,xu2022_unified,10.41,,0.04,False,,0.65,0.49,0.2,,alpha,100,,,,-0.782694055345,0.1649323871,0.595607411988,3.9410088669,0,True,ok,outside_defined_region,"{""C_ZN"": 0.0, ""C_status"": ""outside_defined_region"", ""X"": 0.3203501205617613, ""bracket"": 0.5025457796985042, ""h_blocking"": 0.4036, ""l_used"": 0.0, ""parity_case"": ""odd-odd""}",1,1,HF = T_alpha_half_s / Tcalc_s,Qalpha_MeV,T_alpha_half_s
source-row-0203,203,288Lv,,Lv,288,116,172,Xu2022_Unified,xu2022_unified,11.24,,0.015,False,,0.002,0.0023,0.0007,,alpha,100,,,,-2.90454121537,0.00124583000002,0.205571211036,1.6053554658,0,True,ok,outside_defined_region,"{""C_ZN"": 0.0, ""C_status"": ""outside_defined_region"", ""X"": 0.3422122848194483, ""bracket"": 0.4714794218202129, ""h_blocking"": 0.0, ""l_used"": 0.0, ""parity_case"": ""even-even""}",1,1,HF = T_alpha_half_s / Tcalc_s,Qalpha_MeV,T_alpha_half_s
source-row-0204,204,289Lv,,Lv,289,116,173,Xu2022_Unified,xu2022_unified,11.057,,0.015,False,,0.0024,0.0044,0.0009,,alpha,100,,,,-2.28290330373,0.00521310768757,-0.336885454563,0.460377982546,0,True,ok,outside_defined_region,"{""C_ZN"": 0.0, ""C_status"": ""outside_defined_region"", ""X"": 0.33695856545701497, ""bracket"": 0.47880606008214766, ""h_blocking"": 0.2018, ""l_used"": 0.0, ""parity_case"": ""odd-A""}",1,1,HF = T_alpha_half_s / Tcalc_s,Qalpha_MeV,T_alpha_half_s
source-row-0205,205,290Lv,,Lv,290,116,174,Xu2022_Unified,xu2022_unified,11,,0.06,False,,0.0083,0.0035,0.0019,,"alpha, SF",100,,,,-2.36267324324,0.00433837168303,0.281751335621,1.91316019152,0,True,ok,outside_defined_region,"{""C_ZN"": 0.0, ""C_status"": ""outside_defined_region"", ""X"": 0.3355370172559021, ""bracket"": 0.48080332265286485, ""h_blocking"": 0.0, ""l_used"": 0.0, ""parity_case"": ""even-even""}",1,1,HF = T_alpha_half_s / Tcalc_s,Qalpha_MeV,T_alpha_half_s
source-row-0206,206,291Lv,,Lv,291,116,175,Xu2022_Unified,xu2022_unified,10.89,,0.09,False,,0.019,0.017,0.006,approx,"alpha, SF",100,,,,-1.90687010722,0.012391671526,0.185623708173,1.53328789907,0,True,ok,outside_defined_region,"{""C_ZN"": 0.0, ""C_status"": ""outside_defined_region"", ""X"": 0.3324932734520478, ""bracket"": 0.4851012453544655, ""h_blocking"": 0.2018, ""l_used"": 0.0, ""parity_case"": ""odd-A""}",1,1,HF = T_alpha_half_s / Tcalc_s,Qalpha_MeV,T_alpha_half_s
source-row-0207,207,292Lv,,Lv,292,116,176,Xu2022_Unified,xu2022_unified,10.791,,0.012,False,,0.013,0.007,0.004,approx,"alpha, SF",100,,,,-1.87779604249,0.0132496363116,-0.00826060520746,0.981159006505,0,True,ok,outside_defined_region,"{""C_ZN"": 0.0, ""C_status"": ""outside_defined_region"", ""X"": 0.3297786842718555, ""bracket"": 0.488959323186379, ""h_blocking"": 0.0, ""l_used"": 0.0, ""parity_case"": ""even-even""}",1,1,HF = T_alpha_half_s / Tcalc_s,Qalpha_MeV,T_alpha_half_s
source-row-0208,208,293Lv,,Lv,293,116,177,Xu2022_Unified,xu2022_unified,10.68,,0.06,False,,0.057,0.043,0.017,,alpha,100,,,,-1.41067503914,0.03884409082,0.166549894812,1.46740466302,0,True,ok,outside_defined_region,"{""C_ZN"": 0.0, ""C_status"": ""outside_defined_region"", ""X"": 0.326690668353857, ""bracket"": 0.4933770371019325, ""h_blocking"": 0.2018, ""l_used"": 0.0, ""parity_case"": ""odd-A""}",1,1,HF = T_alpha_half_s / Tcalc_s,Qalpha_MeV,T_alpha_half_s
source-row-0209,209,293Ts,,Ts,293,117,176,Xu2022_Unified,xu2022_unified,11.32,,0.05,False,,0.022,0.008,0.004,,alpha,100,,,,-2.66448591866,0.0021652800841,1.00690859948,10.1603483824,0,True,ok,outside_defined_region,"{""C_ZN"": 0.0, ""C_status"": ""outside_defined_region"", ""X"": 0.34325661431141946, ""bracket"": 0.47003321882564914, ""h_blocking"": 0.2018, ""l_used"": 0.0, ""parity_case"": ""odd-A""}",1,1,HF = T_alpha_half_s / Tcalc_s,Qalpha_MeV,T_alpha_half_s
source-row-0210,210,294Ts,,Ts,294,117,177,Xu2022_Unified,xu2022_unified,11.18,,0.04,False,,0.051,0.038,0.016,,alpha,100,,,,-2.14704548863,0.00712778368779,0.85461566473,7.15509928947,0,True,ok,outside_defined_region,"{""C_ZN"": 0.0, ""C_status"": ""outside_defined_region"", ""X"": 0.3393263393930191, ""bracket"": 0.4754934258638548, ""h_blocking"": 0.4036, ""l_used"": 0.0, ""parity_case"": ""odd-odd""}",1,1,HF = T_alpha_half_s / Tcalc_s,Qalpha_MeV,T_alpha_half_s
source-row-0211,211,294Og,,Og,294,118,176,Xu2022_Unified,xu2022_unified,11.87,,0.03,False,,0.00058,0.00044,0.00018,,"alpha, SF",100,,,,-3.82782196389,0.00014865449165,0.591249957456,3.90166481727,0,True,ok,outside_defined_region,"{""C_ZN"": 0.0, ""C_status"": ""outside_defined_region"", ""X"": 0.3571628983317197, ""bracket"": 0.4510897028758842, ""h_blocking"": 0.0, ""l_used"": 0.0, ""parity_case"": ""even-even""}",1,1,HF = T_alpha_half_s / Tcalc_s,Qalpha_MeV,T_alpha_half_s
source-row-0002,2,240Es,,Es,240,99,141,E. Rurarz,e_rurarz,8.26,,0.06,False,,8.57142857143,2.42857142857,2.42857142857,,"alpha, EC, SF",70,,,,0.29025521956,1.95099079146,0.64279799081,4.3933721312,,False,ok,within_implemented_formula,"{""N_interval"": ""(127,185]"", ""Z_interval"": ""(83,115]"", ""parameter_set"": ""target"", ""x"": 0.2812970633936152}",1,1,HF = T_alpha_half_s / Tcalc_s,Qalpha_MeV,T_alpha_half_s
source-row-0003,3,241Es,,Es,241,99,142,E. Rurarz,e_rurarz,8.259,,0.017,False,,4.3,2.4,1.2,,"alpha, EC",100,,,,0.28587702543,1.93142133945,0.34759143015,2.22633969718,,False,ok,within_implemented_formula,"{""N_interval"": ""(127,185]"", ""Z_interval"": ""(83,115]"", ""parameter_set"": ""target"", ""x"": 0.2815786364945462}",1,1,HF = T_alpha_half_s / Tcalc_s,Qalpha_MeV,T_alpha_half_s
source-row-0004,4,242Es,,Es,242,99,143,E. Rurarz,e_rurarz,8.16,,0.02,False,,31.2280701754,2.80701754386,2.80701754386,,"alpha, EC",57,,,,0.605180635172,4.02884570397,0.889364511464,7.75112090907,,False,ok,within_implemented_formula,"{""N_interval"": ""(127,185]"", ""Z_interval"": ""(83,115]"", ""parameter_set"": ""target"", ""x"": 0.27851434400967495}",1,1,HF = T_alpha_half_s / Tcalc_s,Qalpha_MeV,T_alpha_half_s
source-row-0005,5,243Es,,Es,243,99,144,E. Rurarz,e_rurarz,8.072,,0.01,False,,36.0655737705,1.6393442623,1.6393442623,,"alpha, EC, SF",61,1,,,0.894279276986,7.83933596287,0.662813568825,4.60059039966,,False,ok,within_implemented_formula,"{""N_interval"": ""(127,185]"", ""Z_interval"": ""(83,115]"", ""parameter_set"": ""target"", ""x"": 0.2758175129429678}",1,1,HF = T_alpha_half_s / Tcalc_s,Qalpha_MeV,T_alpha_half_s
source-row-0006,6,244Es,,Es,244,99,145,E. Rurarz,e_rurarz,7.94,,0.1,True,,925,100,100,,"alpha, EC",4,,,,1.34192369783,21.9747375978,1.62421803491,42.0937904665,,False,ok,within_implemented_formula,"{""N_interval"": ""(127,185]"", ""Z_interval"": ""(83,115]"", ""parameter_set"": ""target"", ""x"": 0.2716080157231026}",1,1,HF = T_alpha_half_s / Tcalc_s,Qalpha_MeV,T_alpha_half_s
source-row-0007,7,245Es,,Es,245,99,146,E. Rurarz,e_rurarz,7.909,,0.003,False,,124.444444444,6.66666666667,6.66666666667,,"alpha, EC",54,,,,1.44471878938,27.843177074,0.650256723852,4.46947717617,,False,ok,within_implemented_formula,"{""N_interval"": ""(127,185]"", ""Z_interval"": ""(83,115]"", ""parameter_set"": ""target"", ""x"": 0.2708464733855199}",1,1,HF = T_alpha_half_s / Tcalc_s,Qalpha_MeV,T_alpha_half_s
source-row-0008,8,246Es,,Es,246,99,147,E. Rurarz,e_rurarz,7.64,,0.1,True,,4545.45454545,303.03030303,303.03030303,,"alpha, EC",9.9,,,,2.41034116527,257.24157815,1.24723615391,17.6699839044,,False,ok,within_implemented_formula,"{""N_interval"": ""(127,185]"", ""Z_interval"": ""(83,115]"", ""parameter_set"": ""target"", ""x"": 0.2619224027400532}",1,1,HF = T_alpha_half_s / Tcalc_s,Qalpha_MeV,T_alpha_half_s
source-row-0009,9,247Es,,Es,247,99,148,E. Rurarz,e_rurarz,7.464,,0.02,False,,3900,222.857142857,222.857142857,,"alpha, EC",7,,,,3.07182327263,1179.8404257,0.519241334401,3.30553176094,,False,ok,within_implemented_formula,"{""N_interval"": ""(127,185]"", ""Z_interval"": ""(83,115]"", ""parameter_set"": ""target"", ""x"": 0.2561691099755204}",1,1,HF = T_alpha_half_s / Tcalc_s,Qalpha_MeV,T_alpha_half_s
source-row-0010,10,248Es,,Es,248,99,149,E. Rurarz,e_rurarz,7.16,,0.05,True,,480000,40000,40000,,"alpha, EC",0.3,,,,4.28016391177,19061.8001421,1.4010773256,25.1812523697,,False,ok,within_implemented_formula,"{""N_interval"": ""(127,185]"", ""Z_interval"": ""(83,115]"", ""parameter_set"": ""target"", ""x"": 0.24600400057498245}",1,1,HF = T_alpha_half_s / Tcalc_s,Qalpha_MeV,T_alpha_half_s
source-row-0011,11,249Es,,Es,249,99,150,E. Rurarz,e_rurarz,6.94,,0.03,True,,1075789.47368,6315.78947368,6315.78947368,,"alpha, EC",0.57,,,,5.20770256249,161325.330126,0.824024728017,6.6684473718,,False,ok,within_implemented_formula,"{""N_interval"": ""(127,185]"", ""Z_interval"": ""(83,115]"", ""parameter_set"": ""target"", ""x"": 0.2387046222091936}",1,1,HF = T_alpha_half_s / Tcalc_s,Qalpha_MeV,T_alpha_half_s
source-row-0013,13,251Es,,Es,251,99,152,E. Rurarz,e_rurarz,6.5971,,0.001,False,,23760000,9531233.70818,9531233.70818,,"EC, alpha",0.5,,,,6.75389889207,5674124.9095,0.621947544238,4.18742984671,,False,ok,within_implemented_formula,"{""N_interval"": ""(127,185]"", ""Z_interval"": ""(83,115]"", ""parameter_set"": ""target"", ""x"": 0.22740158054236426}",1,1,HF = T_alpha_half_s / Tcalc_s,Qalpha_MeV,T_alpha_half_s
source-row-0014,14,252Es,,Es,252,99,153,E. Rurarz,e_rurarz,6.7386,,0.0005,False,,46268307.6923,210461.538462,210461.538462,,"alpha, EC",78,,,,6.09969702305,1258047.45367,1.565586592,36.7778715796,,False,ok,within_implemented_formula,"{""N_interval"": ""(127,185]"", ""Z_interval"": ""(83,115]"", ""parameter_set"": ""target"", ""x"": 0.23252891208520066}",1,1,HF = T_alpha_half_s / Tcalc_s,Qalpha_MeV,T_alpha_half_s
source-row-0015,15,253Es,,Es,253,99,154,E. Rurarz,e_rurarz,6.73924,,5e-05,False,,1768608,1728,1728,,"alpha, EC; beta^-, SF",100,,,,6.09724919336,1250976.62085,0.15038239178,1.41378181696,,False,ok,within_implemented_formula,"{""N_interval"": ""(127,185]"", ""Z_interval"": ""(83,115]"", ""parameter_set"": ""target"", ""x"": 0.23280018586346923}",1,1,HF = T_alpha_half_s / Tcalc_s,Qalpha_MeV,T_alpha_half_s
source-row-0016,16,254Es,,Es,254,99,155,E. Rurarz,e_rurarz,6.6172,,0.0005,False,,23820480,43200,43200,,"alpha,; beta^-, SF; beta^-, SF",100,3e-06,,,6.66207254967,4592747.29096,0.714877958913,5.18654271418,,False,ok,within_implemented_formula,"{""N_interval"": ""(127,185]"", ""Z_interval"": ""(83,115]"", ""parameter_set"": ""target"", ""x"": 0.2288284608297969}",1,1,HF = T_alpha_half_s / Tcalc_s,Qalpha_MeV,T_alpha_half_s
source-row-0017,17,255Es,,Es,255,99,156,E. Rurarz,e_rurarz,6.4363,,0.0013,False,,42984000,2509716.44613,2509716.44613,,"beta^-, alpha, SF",8,0.0041,,,7.53125564739,33982525.1814,0.102051180173,1.26488540126,,False,ok,within_implemented_formula,"{""N_interval"": ""(127,185]"", ""Z_interval"": ""(83,115]"", ""parameter_set"": ""target"", ""x"": 0.22280950281221926}",1,1,HF = T_alpha_half_s / Tcalc_s,Qalpha_MeV,T_alpha_half_s
source-row-0020,20,241Fm,,Fm,241,100,141,E. Rurarz,e_rurarz,8.86,,0.32,True,,0.00521428571429,0.000428571428571,0.000428571428571,>,"alpha, EC, SF",14,78,,,-1.2029949997,0.0626621079306,-1.07981017586,0.0832127403065,,False,ok,within_implemented_formula,"{""N_interval"": ""(127,185]"", ""Z_interval"": ""(83,115]"", ""parameter_set"": ""target"", ""x"": 0.2989865252453635}",1,1,HF = T_alpha_half_s / Tcalc_s,Qalpha_MeV,T_alpha_half_s
source-row-0022,22,243Fm,,Fm,243,100,143,E. Rurarz,e_rurarz,8.69,,0.05,False,,0.253846153846,0.00989010989011,0.00989010989011,,"alpha, EC, SF",91,9,,,-0.709942823106,0.195010132279,0.114513410677,1.30170751068,,False,ok,within_implemented_formula,"{""N_interval"": ""(127,185]"", ""Z_interval"": ""(83,115]"", ""parameter_set"": ""target"", ""x"": 0.29390442166549}",1,1,HF = T_alpha_half_s / Tcalc_s,Qalpha_MeV,T_alpha_half_s
source-row-0023,23,244Fm,,Fm,244,100,144,E. Rurarz,e_rurarz,8.55,,0.2,True,,0.321,0.008,0.008,>,"alpha, EC, SF",1,97,,,-0.285368230435,0.518360344192,-0.20812673716,0.619260334238,,False,ok,within_implemented_formula,"{""N_interval"": ""(127,185]"", ""Z_interval"": ""(83,115]"", ""parameter_set"": ""target"", ""x"": 0.28949019153852257}",1,1,HF = T_alpha_half_s / Tcalc_s,Qalpha_MeV,T_alpha_half_s
source-row-0024,24,245Fm,,Fm,245,100,145,E. Rurarz,e_rurarz,8.373,,0.025,False,,5.4,0.6,0.6,,"alpha, EC, SF",100,0.3,,,0.270911745187,1.86600045448,0.461482014636,2.89388997041,,False,ok,within_implemented_formula,"{""N_interval"": ""(127,185]"", ""Z_interval"": ""(83,115]"", ""parameter_set"": ""target"", ""x"": 0.28381043502587466}",1,1,HF = T_alpha_half_s / Tcalc_s,Qalpha_MeV,T_alpha_half_s
source-row-0025,25,246Fm,,Fm,246,100,146,E. Rurarz,e_rurarz,8.379,,0.005,False,,1.6452991453,0.042735042735,0.042735042735,,"alpha, SF, EC",93.6,6.4,,,0.245317600602,1.75920965792,-0.0290727285035,0.935249040891,,False,ok,within_implemented_formula,"{""N_interval"": ""(127,185]"", ""Z_interval"": ""(83,115]"", ""parameter_set"": ""target"", ""x"": 0.2843263674246899}",1,1,HF = T_alpha_half_s / Tcalc_s,Qalpha_MeV,T_alpha_half_s
source-row-0026,26,247Fm,,Fm,247,100,147,E. Rurarz,e_rurarz,8.258,,0.01,False,,48.4375,1.5625,1.5625,,"alpha, EC",64,,,,0.635591437134,4.32107134648,1.04959028272,11.2096043125,,False,ok,within_implemented_formula,"{""N_interval"": ""(127,185]"", ""Z_interval"": ""(83,115]"", ""parameter_set"": ""target"", ""x"": 0.28052764492318394}",1,1,HF = T_alpha_half_s / Tcalc_s,Qalpha_MeV,T_alpha_half_s
source-row-0027,27,248Fm,,Fm,248,100,148,E. Rurarz,e_rurarz,7.995,,0.008,False,,34.8484848485,1.21212121212,1.21212121212,approx,"alpha, EC, SF",99,0.1,,,1.52500122212,33.4966381767,0.0171826783517,1.04035768201,,False,ok,within_implemented_formula,"{""N_interval"": ""(127,185]"", ""Z_interval"": ""(83,115]"", ""parameter_set"": ""target"", ""x"": 0.27189002466353257}",1,1,HF = T_alpha_half_s / Tcalc_s,Qalpha_MeV,T_alpha_half_s
source-row-0028,28,249Fm,,Fm,249,100,149,E. Rurarz,e_rurarz,7.709,,0.006,False,,615.384615385,38.4615384615,38.4615384615,,"alpha, EC",15.6,,,,2.54952053535,354.421888506,0.239626099337,1.73630533367,,False,ok,within_implemented_formula,"{""N_interval"": ""(127,185]"", ""Z_interval"": ""(83,115]"", ""parameter_set"": ""target"", ""x"": 0.2624490846662873}",1,1,HF = T_alpha_half_s / Tcalc_s,Qalpha_MeV,T_alpha_half_s
source-row-0029,29,250Fm,,Fm,250,100,150,E. Rurarz,e_rurarz,7.557,,0.008,False,,1860,66,66,,"alpha, EC, SF",100,0.0069,,,3.1185599557,1313.89286943,0.150952988517,1.41564053149,,False,ok,within_implemented_formula,"{""N_interval"": ""(127,185]"", ""Z_interval"": ""(83,115]"", ""parameter_set"": ""target"", ""x"": 0.25755314398654583}",1,1,HF = T_alpha_half_s / Tcalc_s,Qalpha_MeV,T_alpha_half_s
source-row-0030,30,251Fm,,Fm,251,100,151,E. Rurarz,e_rurarz,7.4245,,0.001,False,,1060000,16000,16000,,"alpha, EC",1.8,,,,3.63044404771,4270.15901338,2.39486181756,248.234315556,,False,ok,within_implemented_formula,"{""N_interval"": ""(127,185]"", ""Z_interval"": ""(83,115]"", ""parameter_set"": ""target"", ""x"": 0.2533105523012245}",1,1,HF = T_alpha_half_s / Tcalc_s,Qalpha_MeV,T_alpha_half_s
source-row-0031,31,252Fm,,Fm,252,100,152,E. Rurarz,e_rurarz,7.1527,,0.002,False,,91368,432,432,,"alpha, SF; beta^-, SF",100,0.0023,,,4.73210112287,53963.6258955,0.22869299566,1.69314049017,,False,ok,within_implemented_formula,"{""N_interval"": ""(127,185]"", ""Z_interval"": ""(83,115]"", ""parameter_set"": ""target"", ""x"": 0.24429970965138106}",1,1,HF = T_alpha_half_s / Tcalc_s,Qalpha_MeV,T_alpha_half_s
source-row-0032,32,253Fm,,Fm,253,100,153,E. Rurarz,e_rurarz,7.1979,,0.001,False,,2160000,86400,86400,,"alpha, EC",12,,,,4.54292950531,34908.3647616,1.79152424584,61.8762870949,,False,ok,within_implemented_formula,"{""N_interval"": ""(127,185]"", ""Z_interval"": ""(83,115]"", ""parameter_set"": ""target"", ""x"": 0.246106943702467}",1,1,HF = T_alpha_half_s / Tcalc_s,Qalpha_MeV,T_alpha_half_s
source-row-0033,33,254Fm,,Fm,254,100,154,E. Rurarz,e_rurarz,7.3073,,0.001,False,,11671.0026016,7.20432259356,7.20432259356,,"alpha, SF; beta^-, SF",99.94,0.06,,,4.09413204167,12420.2987345,-0.0270238758001,0.939671649698,,False,ok,within_implemented_formula,"{""N_interval"": ""(127,185]"", ""Z_interval"": ""(83,115]"", ""parameter_set"": ""target"", ""x"": 0.25011421463590366}",1,1,HF = T_alpha_half_s / Tcalc_s,Qalpha_MeV,T_alpha_half_s
source-row-0034,34,255Fm,,Fm,255,100,155,E. Rurarz,e_rurarz,7.2406,,0.0005,False,,97452,252,252,,"alpha, SF",100,2.4e-05,,,4.36585326094,23219.5212454,0.622937495598,4.1969857591,,False,ok,within_implemented_formula,"{""N_interval"": ""(127,185]"", ""Z_interval"": ""(83,115]"", ""parameter_set"": ""target"", ""x"": 0.24809479071990118}",1,1,HF = T_alpha_half_s / Tcalc_s,Qalpha_MeV,T_alpha_half_s
source-row-0035,35,256Fm,,Fm,256,100,156,E. Rurarz,e_rurarz,7.0253,,0.0019,False,,116370.37037,4400.72058885,4400.72058885,,"SF, alpha",8.1,91.9,,,5.27308621493,187536.676369,-0.207243798382,0.620520596951,,False,ok,within_implemented_formula,"{""N_interval"": ""(127,185]"", ""Z_interval"": ""(83,115]"", ""parameter_set"": ""target"", ""x"": 0.24097273329379543}",1,1,HF = T_alpha_half_s / Tcalc_s,Qalpha_MeV,T_alpha_half_s
source-row-0036,36,257Fm,,Fm,257,100,157,E. Rurarz,e_rurarz,6.8637,,0.0009,False,,8701473.0935,17316.3643652,17316.3643652,,"alpha , SF",99.79,0.21,,,5.98519393044,966482.356967,0.954398851172,9.00324049453,,False,ok,within_implemented_formula,"{""N_interval"": ""(127,185]"", ""Z_interval"": ""(83,115]"", ""parameter_set"": ""target"", ""x"": 0.23567828117533318}",1,1,HF = T_alpha_half_s / Tcalc_s,Qalpha_MeV,T_alpha_half_s
source-row-0039,39,244Md,,Md,244,101,143,E. Rurarz,e_rurarz,8.95,,0.08,False,,0.3,0.19,0.09,approx,"alpha, EC",100,,,,-1.12812677582,0.0744514609344,0.605248030543,4.02947096316,,False,ok,within_implemented_formula,"{""N_interval"": ""(127,185]"", ""Z_interval"": ""(83,115]"", ""parameter_set"": ""target"", ""x"": 0.29997264693536313}",1,1,HF = T_alpha_half_s / Tcalc_s,Qalpha_MeV,T_alpha_half_s
source-row-0041,41,247Md,,Md,247,101,146,E. Rurarz,e_rurarz,8.764,,0.01,False,,1.21040952189,0.121040952189,0.121040952189,,"alpha, SF",99.14,0.86,,,-0.593766737489,0.254819853981,0.676699068968,4.75005971073,,False,ok,within_implemented_formula,"{""N_interval"": ""(127,185]"", ""Z_interval"": ""(83,115]"", ""parameter_set"": ""target"", ""x"": 0.2947094332162321}",1,1,HF = T_alpha_half_s / Tcalc_s,Qalpha_MeV,T_alpha_half_s
source-row-0042,42,248Md,,Md,248,101,147,E. Rurarz,e_rurarz,8.5,,0.03,False,,35,15,15,,"alpha, EC",20,,,,0.223510331726,1.67305543738,1.32055771262,20.9198088827,,False,ok,within_implemented_formula,"{""N_interval"": ""(127,185]"", ""Z_interval"": ""(83,115]"", ""parameter_set"": ""target"", ""x"": 0.28614397956389737}",1,1,HF = T_alpha_half_s / Tcalc_s,Qalpha_MeV,T_alpha_half_s
source-row-0043,43,249Md,,Md,249,101,148,E. Rurarz,e_rurarz,8.441,,0.018,True,,34.1333333333,1.2,1.2,,"alpha, EC",75,,,,0.407850927142,2.55770779549,1.12532777478,13.3452825978,,False,ok,within_implemented_formula,"{""N_interval"": ""(127,185]"", ""Z_interval"": ""(83,115]"", ""parameter_set"": ""target"", ""x"": 0.28446693805282935}",1,1,HF = T_alpha_half_s / Tcalc_s,Qalpha_MeV,T_alpha_half_s
source-row-0044,44,250Md,,Md,250,101,149,E. Rurarz,e_rurarz,8.155,,0.028,False,,762.857142857,64.2857142857,64.2857142857,,"alpha, EC",7,,,,1.35499843054,22.646361236,1.52744478648,33.6856387174,,False,ok,within_implemented_formula,"{""N_interval"": ""(127,185]"", ""Z_interval"": ""(83,115]"", ""parameter_set"": ""target"", ""x"": 0.2751264091792712}",1,1,HF = T_alpha_half_s / Tcalc_s,Qalpha_MeV,T_alpha_half_s
source-row-0045,45,251Md,,Md,251,101,150,E. Rurarz,e_rurarz,7.963,,0.004,False,,2526,138,138,>,"alpha, EC",10,,,,2.02126885383,105.01923583,1.38116449239,24.0527364348,,False,ok,within_implemented_formula,"{""N_interval"": ""(127,185]"", ""Z_interval"": ""(83,115]"", ""parameter_set"": ""target"", ""x"": 0.268938926529101}",1,1,HF = T_alpha_half_s / Tcalc_s,Qalpha_MeV,T_alpha_half_s
source-row-0047,47,253Md,,Md,253,101,152,E. Rurarz,e_rurarz,7.573,,0.008,False,,51428.5714286,102857.142857,25714.2857143,approx,"alpha, EC",0.7,,,,3.4618308112,2896.21508476,1.24937364955,17.7571657917,,False,ok,within_implemented_formula,"{""N_interval"": ""(127,185]"", ""Z_interval"": ""(83,115]"", ""parameter_set"": ""target"", ""x"": 0.2563166960404988}",1,1,HF = T_alpha_half_s / Tcalc_s,Qalpha_MeV,T_alpha_half_s
source-row-0049,49,255Md,,Md,255,101,154,E. Rurarz,e_rurarz,7.9056,,0.0017,False,,23142.8571429,1714.28571429,1714.28571429,,"alpha, EC",7,,,,2.2160370757,164.451210913,2.14837989883,140.727800144,,False,ok,within_implemented_formula,"{""N_interval"": ""(127,185]"", ""Z_interval"": ""(83,115]"", ""parameter_set"": ""target"", ""x"": 0.2681444466995377}",1,1,HF = T_alpha_half_s / Tcalc_s,Qalpha_MeV,T_alpha_half_s
source-row-0050,50,256Md,,Md,256,101,155,E. Rurarz,e_rurarz,7.74,,0.11,True,,50673.9130435,978.260869565,978.260869565,,"alpha, EC, SF",9.2,3,,,2.82274603231,664.884230025,1.88203840953,76.2146412189,,False,ok,within_implemented_formula,"{""N_interval"": ""(127,185]"", ""Z_interval"": ""(83,115]"", ""parameter_set"": ""target"", ""x"": 0.26280575481087287}",1,1,HF = T_alpha_half_s / Tcalc_s,Qalpha_MeV,T_alpha_half_s
source-row-0051,51,257Md,,Md,257,101,156,E. Rurarz,e_rurarz,7.5571,,0.0009,False,,132480,1200,1200,,"alpha, EC, SF",15,1,,,3.51901632356,3303.8195867,1.60313399588,40.0990418887,,False,ok,within_implemented_formula,"{""N_interval"": ""(127,185]"", ""Z_interval"": ""(83,115]"", ""parameter_set"": ""target"", ""x"": 0.25686641196655696}",1,1,HF = T_alpha_half_s / Tcalc_s,Qalpha_MeV,T_alpha_half_s
source-row-0052,52,258Md,,Md,258,101,157,E. Rurarz,e_rurarz,7.2713,,0.0019,False,,4449600,25056,25056,,"alpha, EC",100,,,,4.66497776311,46235.7347023,1.98334320841,96.2372508764,,False,ok,within_implemented_formula,"{""N_interval"": ""(127,185]"", ""Z_interval"": ""(83,115]"", ""parameter_set"": ""target"", ""x"": 0.2474120036129748}",1,1,HF = T_alpha_half_s / Tcalc_s,Qalpha_MeV,T_alpha_half_s
source-row-0053,53,259Md,,Md,259,101,158,E. Rurarz,e_rurarz,7.05,,0.1,True,,445846.153846,16615.3846154,16615.3846154,>,"alpha, SF",1.3,100,,,5.60473275785,402469.299514,0.0444522666457,1.10777680281,,False,ok,within_implemented_formula,"{""N_interval"": ""(127,185]"", ""Z_interval"": ""(83,115]"", ""parameter_set"": ""target"", ""x"": 0.24013347120835038}",1,1,HF = T_alpha_half_s / Tcalc_s,Qalpha_MeV,T_alpha_half_s
source-row-0054,54,260Md,,Md,260,101,159,E. Rurarz,e_rurarz,6.94,,0.3,True,,54950400,864000,864000,>,"alpha, EC, beta^-, SF",5,100,,,6.09151253666,1234560.95238,1.64845832147,44.5100745281,,False,ok,within_implemented_formula,"{""N_interval"": ""(127,185]"", ""Z_interval"": ""(83,115]"", ""parameter_set"": ""target"", ""x"": 0.2366335227664809}",1,1,HF = T_alpha_half_s / Tcalc_s,Qalpha_MeV,T_alpha_half_s
source-row-0055,55,249No,,No,249,102,147,E. Rurarz,e_rurarz,9.276,,0.02,False,,0.0381,0.0025,0.0025,,alpha,100,,,,-1.74232668369,0.0180997808413,0.323251659371,2.10499786346,,False,ok,within_implemented_formula,"{""N_interval"": ""(127,185]"", ""Z_interval"": ""(83,115]"", ""parameter_set"": ""target"", ""x"": 0.3094808866490066}",1,1,HF = T_alpha_half_s / Tcalc_s,Qalpha_MeV,T_alpha_half_s
source-row-0056,56,250No,,No,250,102,148,E. Rurarz,e_rurarz,8.95,,0.2,True,,0.00023,1e-05,1e-05,>,"alpha, SF",2,100,,,-0.806556277725,0.156114672483,-2.83171588626,0.00147327599861,,False,ok,within_implemented_formula,"{""N_interval"": ""(127,185]"", ""Z_interval"": ""(83,115]"", ""parameter_set"": ""target"", ""x"": 0.2989279642590967}",1,1,HF = T_alpha_half_s / Tcalc_s,Qalpha_MeV,T_alpha_half_s
source-row-0057,57,251No,,No,251,102,149,E. Rurarz,e_rurarz,8.752,,0.004,False,,0.888888888889,0.111111111111,0.111111111111,,"alpha, EC, SF",90,0.0014,,,-0.211780262548,0.61407262533,0.160627740101,1.4475305562,,False,ok,within_implemented_formula,"{""N_interval"": ""(127,185]"", ""Z_interval"": ""(83,115]"", ""parameter_set"": ""target"", ""x"": 0.29263040941012997}",1,1,HF = T_alpha_half_s / Tcalc_s,Qalpha_MeV,T_alpha_half_s
source-row-0058,58,252No,,No,252,102,150,E. Rurarz,e_rurarz,8.549,,0.005,False,,3.64940828402,0.0236686390533,0.0236686390533,,"alpha, EC, SF",67.6,31,,,0.422575401772,2.64591203544,0.139647051777,1.37926289126,,False,ok,within_implemented_formula,"{""N_interval"": ""(127,185]"", ""Z_interval"": ""(83,115]"", ""parameter_set"": ""target"", ""x"": 0.28615038425398287}",1,1,HF = T_alpha_half_s / Tcalc_s,Qalpha_MeV,T_alpha_half_s
source-row-0059,59,253No,,No,253,102,151,E. Rurarz,e_rurarz,8.415,,0.004,False,,171.272727273,2.18181818182,2.18181818182,,"alpha, EC",55,,,,0.854218948619,7.1485662866,1.37946926468,23.9590318403,,False,ok,within_implemented_formula,"{""N_interval"": ""(127,185]"", ""Z_interval"": ""(83,115]"", ""parameter_set"": ""target"", ""x"": 0.2819669810126752}",1,1,HF = T_alpha_half_s / Tcalc_s,Qalpha_MeV,T_alpha_half_s
source-row-0060,60,254No,,No,254,102,152,E. Rurarz,e_rurarz,8.226,,0.008,False,,56.8888888889,0.444444444444,0.444444444444,,"alpha, EC, SF",90,0.17,,,1.48526801438,30.5680696607,0.269759437154,1.86105598163,,False,ok,within_implemented_formula,"{""N_interval"": ""(127,185]"", ""Z_interval"": ""(83,115]"", ""parameter_set"": ""target"", ""x"": 0.2759282825397951}",1,1,HF = T_alpha_half_s / Tcalc_s,Qalpha_MeV,T_alpha_half_s
source-row-0061,61,255No,,No,255,102,153,E. Rurarz,e_rurarz,8.4282,,0.003,False,,704,36,36,,"alpha, EC",30,,,,0.803648312874,6.36280059296,2.04392434627,110.643102784,,False,ok,within_implemented_formula,"{""N_interval"": ""(127,185]"", ""Z_interval"": ""(83,115]"", ""parameter_set"": ""target"", ""x"": 0.28301144447180643}",1,1,HF = T_alpha_half_s / Tcalc_s,Qalpha_MeV,T_alpha_half_s
source-row-0062,62,256No,,No,256,102,154,E. Rurarz,e_rurarz,8.582,,0.005,False,,2.92609351433,0.0502765208648,0.0502765208648,,"alpha, SF",99.45,0.55,,,0.301598948647,2.00262184233,0.164689252879,1.46113132918,,False,ok,within_implemented_formula,"{""N_interval"": ""(127,185]"", ""Z_interval"": ""(83,115]"", ""parameter_set"": ""target"", ""x"": 0.28848126587972117}",1,1,HF = T_alpha_half_s / Tcalc_s,Qalpha_MeV,T_alpha_half_s
source-row-0063,63,257No,,No,257,102,155,E. Rurarz,e_rurarz,8.477,,0.006,False,,28.8235294118,0.588235294118,0.588235294118,,"alpha, EC, SF",85,1.5,,,0.638008480154,4.34518708621,0.821738678497,6.63343806375,,False,ok,within_implemented_formula,"{""N_interval"": ""(127,185]"", ""Z_interval"": ""(83,115]"", ""parameter_set"": ""target"", ""x"": 0.2852525450897961}",1,1,HF = T_alpha_half_s / Tcalc_s,Qalpha_MeV,T_alpha_half_s
source-row-0065,65,259No,,No,259,102,157,E. Rurarz,e_rurarz,7.854,,0.005,False,,4640,400,400,,"alpha, EC, SF",75,10,,,2.79919568822,629.789895196,0.867322292333,7.36753643619,,False,ok,within_implemented_formula,"{""N_interval"": ""(127,185]"", ""Z_interval"": ""(83,115]"", ""parameter_set"": ""target"", ""x"": 0.26484371631796877}",1,1,HF = T_alpha_half_s / Tcalc_s,Qalpha_MeV,T_alpha_half_s
source-row-0068,68,251Lr,,Lr,251,103,148,E. Rurarz,e_rurarz,9.438,,0.019,False,,0.0244,0.007,0.0045,,alpha,100,,,,-1.85627028811,0.0139229002571,0.243660114452,1.75250842493,,False,ok,within_implemented_formula,"{""N_interval"": ""(127,185]"", ""Z_interval"": ""(83,115]"", ""parameter_set"": ""target"", ""x"": 0.31244296115771075}",1,1,HF = T_alpha_half_s / Tcalc_s,Qalpha_MeV,T_alpha_half_s
source-row-0069,69,252Lr,,Lr,252,103,149,E. Rurarz,e_rurarz,9.164,,0.017,False,,0.585714285714,0.1,0.0714285714286,approx,"alpha, EC, SF",70,10,,,-1.08732514392,0.0817852256169,0.855010960621,7.16161484298,,False,ok,within_implemented_formula,"{""N_interval"": ""(127,185]"", ""Z_interval"": ""(83,115]"", ""parameter_set"": ""target"", ""x"": 0.30369855327917444}",1,1,HF = T_alpha_half_s / Tcalc_s,Qalpha_MeV,T_alpha_half_s
source-row-0070,70,253Lr,,Lr,253,103,150,E. Rurarz,e_rurarz,8.918,,0.02,False,,0.638383838384,0.0464646464646,0.0464646464646,,"alpha, EC, SF",99,1,,,-0.363423722812,0.433088126369,0.168505606497,1.47402756971,,False,ok,within_implemented_formula,"{""N_interval"": ""(127,185]"", ""Z_interval"": ""(83,115]"", ""parameter_set"": ""target"", ""x"": 0.2958627082321217}",1,1,HF = T_alpha_half_s / Tcalc_s,Qalpha_MeV,T_alpha_half_s
source-row-0071,71,254Lr,,Lr,254,103,151,E. Rurarz,e_rurarz,8.822,,0.008,False,,16.7364016736,1.25523012552,1.25523012552,,"alpha, EC, SF",71.7,0.1,,,-0.0744445767619,0.84247189808,1.29810666714,19.8658278238,,False,ok,within_implemented_formula,"{""N_interval"": ""(127,185]"", ""Z_interval"": ""(83,115]"", ""parameter_set"": ""target"", ""x"": 0.29299026614069273}",1,1,HF = T_alpha_half_s / Tcalc_s,Qalpha_MeV,T_alpha_half_s
source-row-0072,72,255Lr,,Lr,255,103,152,E. Rurarz,e_rurarz,8.556,,0.007,False,,31.1935807422,1.10330992979,1.10330992979,,"alpha, EC, SF",99.7,0.1,,,0.763712188295,5.8037966609,0.730353042421,5.37468532493,,False,ok,within_implemented_formula,"{""N_interval"": ""(127,185]"", ""Z_interval"": ""(83,115]"", ""parameter_set"": ""target"", ""x"": 0.2844582718531182}",1,1,HF = T_alpha_half_s / Tcalc_s,Qalpha_MeV,T_alpha_half_s
source-row-0073,73,256Lr,,Lr,256,103,153,E. Rurarz,e_rurarz,8.85,,0.12,False,,32.8235294118,1.17647058824,1.17647058824,,"alpha, EC, SF",85,0.03,,,-0.169015707795,0.677616998754,1.68520098535,48.4396487575,,False,ok,within_implemented_formula,"{""N_interval"": ""(127,185]"", ""Z_interval"": ""(83,115]"", ""parameter_set"": ""target"", ""x"": 0.2945445571130379}",1,1,HF = T_alpha_half_s / Tcalc_s,Qalpha_MeV,T_alpha_half_s
source-row-0074,74,257Lr,,Lr,257,103,154,E. Rurarz,e_rurarz,9.07,,0.03,False,,6,0.4,0.4,,"alpha, EC, SF",100,0.03,,,-0.836096885429,0.145848885416,1.61424813581,41.1384700191,,False,ok,within_implemented_formula,"{""N_interval"": ""(127,185]"", ""Z_interval"": ""(83,115]"", ""parameter_set"": ""target"", ""x"": 0.30218524720524503}",1,1,HF = T_alpha_half_s / Tcalc_s,Qalpha_MeV,T_alpha_half_s
source-row-0075,75,258Lr,,Lr,258,103,155,E. Rurarz,e_rurarz,8.904,,0.019,False,,3.96303901437,24.6406570842,23.613963039,,"alpha, SF",97.4,2.6,,,-0.341324194692,0.455696617869,0.939352542485,8.69666102177,,False,ok,within_implemented_formula,"{""N_interval"": ""(127,185]"", ""Z_interval"": ""(83,115]"", ""parameter_set"": ""target"", ""x"": 0.2969666468956725}",1,1,HF = T_alpha_half_s / Tcalc_s,Qalpha_MeV,T_alpha_half_s
source-row-0076,76,259Lr,,Lr,259,103,156,E. Rurarz,e_rurarz,8.58,,0.07,True,,7.94871794872,0.384615384615,0.384615384615,,"alpha, SF",78,22,,,0.674179132706,4.72257792465,0.226117954101,1.68313113633,,False,ok,within_implemented_formula,"{""N_interval"": ""(127,185]"", ""Z_interval"": ""(83,115]"", ""parameter_set"": ""target"", ""x"": 0.2864604636104163}",1,1,HF = T_alpha_half_s / Tcalc_s,Qalpha_MeV,T_alpha_half_s
source-row-0077,77,260Lr,,Lr,260,103,157,E. Rurarz,e_rurarz,8.4,,0.14,True,,225,37.5,37.5,,"alpha, EC",80,,,,1.26584010837,18.443362758,1.08634240974,12.1995106289,,False,ok,within_implemented_formula,"{""N_interval"": ""(127,185]"", ""Z_interval"": ""(83,115]"", ""parameter_set"": ""target"", ""x"": 0.2807436264624726}",1,1,HF = T_alpha_half_s / Tcalc_s,Qalpha_MeV,T_alpha_half_s
source-row-0084,84,254Rf,,Rf,254,104,150,E. Rurarz,e_rurarz,9.21,,0.2,True,,0.00152666666667,6.66666666667e-05,6.66666666667e-05,>,"alpha, SF",1.5,100,,,-0.875949573034,0.133060890918,-1.94030620368,0.0114734438958,,False,ok,within_implemented_formula,"{""N_interval"": ""(127,185]"", ""Z_interval"": ""(83,115]"", ""parameter_set"": ""target"", ""x"": 0.30287747150254246}",1,1,HF = T_alpha_half_s / Tcalc_s,Qalpha_MeV,T_alpha_half_s
source-row-0085,85,255Rf,,Rf,255,104,151,E. Rurarz,e_rurarz,9.055,,0.004,False,,3.40816326531,0.0408163265306,0.0408163265306,,"alpha, EC, SF",49,51,,,-0.423545077603,0.377098602024,0.956065468722,9.03785706712,,False,ok,within_implemented_formula,"{""N_interval"": ""(127,185]"", ""Z_interval"": ""(83,115]"", ""parameter_set"": ""target"", ""x"": 0.2980968920040386}",1,1,HF = T_alpha_half_s / Tcalc_s,Qalpha_MeV,T_alpha_half_s
source-row-0086,86,256Rf,,Rf,256,104,152,E. Rurarz,e_rurarz,8.926,,0.015,False,,2.12903225806,0.0161290322581,0.0161290322581,,"alpha, SF",0.31,99.69,,,-0.0372132139265,0.917881857985,0.365395455634,2.3195057616,,False,ok,within_implemented_formula,"{""N_interval"": ""(127,185]"", ""Z_interval"": ""(83,115]"", ""parameter_set"": ""target"", ""x"": 0.2941614893052937}",1,1,HF = T_alpha_half_s / Tcalc_s,Qalpha_MeV,T_alpha_half_s
source-row-0087,87,257Rf,,Rf,257,104,153,E. Rurarz,e_rurarz,9.083,,0.008,False,,5.59910414334,0.223964165733,0.223964165733,,"alpha, EC, SF",89.3,1.3,,,-0.515999876682,0.304789585508,1.26411842213,18.3703919345,,False,ok,within_implemented_formula,"{""N_interval"": ""(127,185]"", ""Z_interval"": ""(83,115]"", ""parameter_set"": ""target"", ""x"": 0.299651521539323}",1,1,HF = T_alpha_half_s / Tcalc_s,Qalpha_MeV,T_alpha_half_s
source-row-0088,88,258Rf,,Rf,258,104,154,E. Rurarz,e_rurarz,9.196,,0.008,False,,0.255102040816,0.0839212982756,0.0839212982756,,"SF, alpha",4.9,95.1,,,-0.853590874098,0.140090642112,0.260304807078,1.82097845345,,False,ok,within_implemented_formula,"{""N_interval"": ""(127,185]"", ""Z_interval"": ""(83,115]"", ""parameter_set"": ""target"", ""x"": 0.3036985291586432}",1,1,HF = T_alpha_half_s / Tcalc_s,Qalpha_MeV,T_alpha_half_s
source-row-0089,89,259Rf,,Rf,259,104,155,E. Rurarz,e_rurarz,9.13,,0.07,True,,2.94117647059,0.470588235294,0.352941176471,,"alpha, EC, SF",85,3,,,-0.663119290626,0.217210447017,1.13164037358,13.5406768458,,False,ok,within_implemented_formula,"{""N_interval"": ""(127,185]"", ""Z_interval"": ""(83,115]"", ""parameter_set"": ""target"", ""x"": 0.3018348499806587}",1,1,HF = T_alpha_half_s / Tcalc_s,Qalpha_MeV,T_alpha_half_s
source-row-0090,90,260Rf,,Rf,260,104,156,E. Rurarz,e_rurarz,8.9,,0.2,True,,1.085,0.04,0.04,approx,"SF, alpha (unobserved)",2,98,,,0.0291259487184,1.06936495827,0.00630378946611,1.01462086597,,False,ok,within_implemented_formula,"{""N_interval"": ""(127,185]"", ""Z_interval"": ""(83,115]"", ""parameter_set"": ""target"", ""x"": 0.2945383354658223}",1,1,HF = T_alpha_half_s / Tcalc_s,Qalpha_MeV,T_alpha_half_s
source-row-0091,91,261Rf^a,a,Rf,261,104,157,E. Rurarz,e_rurarz,8.40887159533,8.28,,False,,68,,,,alpha,100,,257No,257No:100% (within alpha branch),1.61558689762,41.2654796611,0.216922015086,1.64786646268,,False,ok,within_implemented_formula,"{""N_interval"": ""(127,185]"", ""Z_interval"": ""(83,115]"", ""parameter_set"": ""target"", ""x"": 0.2785743397187222}",1,2,HF = T_alpha_half_s / Tcalc_s,Qalpha_MeV,T_alpha_half_s
source-row-0092,92,261Rf^b,b,Rf,261,104,157,E. Rurarz,e_rurarz,8.64245136187,8.51,,False,,14.4444444444,,,,"alpha, SF",18,82,257No,257No:100% (within alpha branch),0.841599962061,6.94384410581,0.318100880807,2.08017982897,,False,ok,within_implemented_formula,"{""N_interval"": ""(127,185]"", ""Z_interval"": ""(83,115]"", ""parameter_set"": ""target"", ""x"": 0.28631251582202005}",2,2,HF = T_alpha_half_s / Tcalc_s,Qalpha_MeV,T_alpha_half_s
source-row-0097,97,255Db,,Db,255,105,150,E. Rurarz,e_rurarz,9.34,,0.2,True,,0.0325,0.005,0.00375,,"alpha, SF",8,92,,,-0.903222708574,0.124961805494,-0.584893930447,0.260079468854,,False,ok,within_implemented_formula,"{""N_interval"": ""(127,185]"", ""Z_interval"": ""(83,115]"", ""parameter_set"": ""target"", ""x"": 0.3044940542149727}",1,1,HF = T_alpha_half_s / Tcalc_s,Qalpha_MeV,T_alpha_half_s
source-row-0098,98,256Db,,Db,256,105,151,E. Rurarz,e_rurarz,9.34,,0.03,False,,2.71428571429,0.571428571429,0.428571428571,approx,"alpha, EC, SF",70,0.02,,,-0.908461356517,0.123463516801,1.34211691746,21.9845164355,,False,ok,within_implemented_formula,"{""N_interval"": ""(127,185]"", ""Z_interval"": ""(83,115]"", ""parameter_set"": ""target"", ""x"": 0.3048166995853362}",1,1,HF = T_alpha_half_s / Tcalc_s,Qalpha_MeV,T_alpha_half_s
source-row-0099,99,257Db,,Db,257,105,152,E. Rurarz,e_rurarz,9.206,,0.02,False,,2.44680851064,0.212765957447,0.212765957447,<=,"alpha, SF",94,6,,,-0.522895777978,0.29998823446,0.911495760396,8.15634824826,,False,ok,within_implemented_formula,"{""N_interval"": ""(127,185]"", ""Z_interval"": ""(83,115]"", ""parameter_set"": ""target"", ""x"": 0.3007607025860567}",1,1,HF = T_alpha_half_s / Tcalc_s,Qalpha_MeV,T_alpha_half_s
source-row-0100,100,258Db,,Db,258,105,153,E. Rurarz,e_rurarz,9.437,,0.01,False,,3.390625,0.5625,0.5625,,"alpha, SF",64,36,,,-1.19498496731,0.0638285579457,1.72526472717,53.1208147125,,False,ok,within_implemented_formula,"{""N_interval"": ""(127,185]"", ""Z_interval"": ""(83,115]"", ""parameter_set"": ""target"", ""x"": 0.30863176899026573}",1,1,HF = T_alpha_half_s / Tcalc_s,Qalpha_MeV,T_alpha_half_s
source-row-0101,101,259Db,,Db,259,105,154,E. Rurarz,e_rurarz,9.62,,0.05,False,,0.51,0.16,0.16,,alpha,100,,,,-1.70985013558,0.019505175596,1.41742031168,26.146906368,,False,ok,within_implemented_formula,"{""N_interval"": ""(127,185]"", ""Z_interval"": ""(83,115]"", ""parameter_set"": ""target"", ""x"": 0.3149463820276922}",1,1,HF = T_alpha_half_s / Tcalc_s,Qalpha_MeV,T_alpha_half_s
source-row-0102,102,260Db,,Db,260,105,155,E. Rurarz,e_rurarz,9.5,,0.04,True,,1.68888888889,0.144444444444,0.144444444444,,"alpha, EC, SF",90,10,,,-1.38099346846,0.0415916865602,1.60859454696,40.6064054758,,False,ok,within_implemented_formula,"{""N_interval"": ""(127,185]"", ""Z_interval"": ""(83,115]"", ""parameter_set"": ""target"", ""x"": 0.31134247525513453}",1,1,HF = T_alpha_half_s / Tcalc_s,Qalpha_MeV,T_alpha_half_s
source-row-0103,103,261Db,,Db,261,105,156,E. Rurarz,e_rurarz,9.22,,0.1,True,,5.61643835616,1.91780821918,1.09589041096,,"alpha, SF",73,27,,,-0.579352894771,0.263419005151,1.32881389137,21.321310332,,False,ok,within_implemented_formula,"{""N_interval"": ""(127,185]"", ""Z_interval"": ""(83,115]"", ""parameter_set"": ""target"", ""x"": 0.30248041286613214}",1,1,HF = T_alpha_half_s / Tcalc_s,Qalpha_MeV,T_alpha_half_s
source-row-0104,104,262Db,,Db,262,105,157,E. Rurarz,e_rurarz,9.05,,0.1,True,,70.8333333333,8.33333333333,8.33333333333,,"alpha, EC, SF",48,52,,,-0.0731350207434,0.84501609156,1.92337270041,83.8248336816,,False,ok,within_implemented_formula,"{""N_interval"": ""(127,185]"", ""Z_interval"": ""(83,115]"", ""parameter_set"": ""target"", ""x"": 0.2972109772665825}",1,1,HF = T_alpha_half_s / Tcalc_s,Qalpha_MeV,T_alpha_half_s
source-row-0105,105,263Db,,Db,263,105,158,E. Rurarz,e_rurarz,8.83,,0.15,True,,72.972972973,27.027027027,18.9189189189,,"alpha, EC, SF",37,56,,,0.607592806668,4.05128509925,1.25556923342,18.0123025621,,False,ok,within_implemented_formula,"{""N_interval"": ""(127,185]"", ""Z_interval"": ""(83,115]"", ""parameter_set"": ""target"", ""x"": 0.2902854549310469}",1,1,HF = T_alpha_half_s / Tcalc_s,Qalpha_MeV,T_alpha_half_s
source-row-0108,108,268Db,,Db,268,105,163,E. Rurarz,e_rurarz,7.7,,,False,,112941.176471,42352.9411765,28235.2941176,,"alpha, EC, SF",51,49,,,4.61439848653,41152.7144309,0.438453820791,2.74444050733,,False,ok,within_implemented_formula,"{""N_interval"": ""(127,185]"", ""Z_interval"": ""(83,115]"", ""parameter_set"": ""target"", ""x"": 0.2544326640041482}",1,1,HF = T_alpha_half_s / Tcalc_s,Qalpha_MeV,T_alpha_half_s
source-row-0109,109,270Db,,Db,270,105,165,E. Rurarz,e_rurarz,8.019,,0.03,False,,21176.4705882,40235.2941176,8470.58823529,,"alpha, SF",17,83,,,3.39566067709,2486.91348406,0.930192902302,8.51516175532,,False,ok,within_implemented_formula,"{""N_interval"": ""(127,185]"", ""Z_interval"": ""(83,115]"", ""parameter_set"": ""target"", ""x"": 0.2655084916591039}",1,1,HF = T_alpha_half_s / Tcalc_s,Qalpha_MeV,T_alpha_half_s
source-row-0110,110,257Sg,,Sg,257,106,151,E. Rurarz,e_rurarz,9.45,,0.07,False,,0.126,0.037,0.023,approx,"alpha, SF",10,90,,,-0.877617302057,0.132550905211,-0.0220121528254,0.950578193336,,False,ok,within_implemented_formula,"{""N_interval"": ""(127,185]"", ""Z_interval"": ""(83,115]"", ""parameter_set"": ""target"", ""x"": 0.30576362182495764}",1,1,HF = T_alpha_half_s / Tcalc_s,Qalpha_MeV,T_alpha_half_s
source-row-0112,112,259Sg,,Sg,259,106,153,E. Rurarz,e_rurarz,9.765,,0.008,False,,0.402,0.056,0.056,,"alpha, EC, SF^r",100,,,,-1.7636135749,0.0172340133529,1.36783962798,23.3259654479,,False,ok,within_implemented_formula,"{""N_interval"": ""(127,185]"", ""Z_interval"": ""(83,115]"", ""parameter_set"": ""target"", ""x"": 0.3166195189424504}",1,1,HF = T_alpha_half_s / Tcalc_s,Qalpha_MeV,T_alpha_half_s
source-row-0113,113,260Sg,,Sg,260,106,154,E. Rurarz,e_rurarz,9.901,,0.01,False,,0.00697183098592,0.000464788732394,0.000464788732394,,"alpha, SF",71,29,,,-2.13268817791,0.00736735881709,-0.0239649718718,0.946313483434,,False,ok,within_implemented_formula,"{""N_interval"": ""(127,185]"", ""Z_interval"": ""(83,115]"", ""parameter_set"": ""target"", ""x"": 0.3213643626443441}",1,1,HF = T_alpha_half_s / Tcalc_s,Qalpha_MeV,T_alpha_half_s
source-row-0114,114,261Sg,,Sg,261,106,155,E. Rurarz,e_rurarz,9.55645914397,9.41,0.0101556420233,False,,0.187563710499,0.00515389899459,0.00515389899459,,"alpha, EC, SF",98.1,0.6,257Rf,"g.s. (1/2+), 98.1(4)%",-1.19710997313,0.0635170072136,0.470258788762,2.95296832656,,False,ok,within_implemented_formula,"{""N_interval"": ""(127,185]"", ""Z_interval"": ""(83,115]"", ""parameter_set"": ""target"", ""x"": 0.3105040212151895}",1,1,HF = T_alpha_half_s / Tcalc_s,Qalpha_MeV,T_alpha_half_s
source-row-0115,115,262Sg,,Sg,262,106,156,E. Rurarz,e_rurarz,9.6,,0.015,False,,0.141666666667,0.0383333333333,0.025,,"alpha, SF",6,94,,,-1.32276270526,0.0475595015952,0.474030380595,2.97872479557,,False,ok,within_implemented_formula,"{""N_interval"": ""(127,185]"", ""Z_interval"": ""(83,115]"", ""parameter_set"": ""target"", ""x"": 0.312242046665105}",1,1,HF = T_alpha_half_s / Tcalc_s,Qalpha_MeV,T_alpha_half_s
source-row-0116,116,263Sg,,Sg,263,106,157,E. Rurarz,e_rurarz,9.4,,0.06,False,,1.08045977011,0.16091954023,0.16091954023,,"alpha, SF",87,13,,,-0.758057620923,0.17455905377,0.791666221904,6.18965185006,,False,ok,within_implemented_formula,"{""N_interval"": ""(127,185]"", ""Z_interval"": ""(83,115]"", ""parameter_set"": ""target"", ""x"": 0.3060527675148528}",1,1,HF = T_alpha_half_s / Tcalc_s,Qalpha_MeV,T_alpha_half_s
source-row-0118,118,265Sg^a,a,Sg,265,106,159,E. Rurarz,e_rurarz,8.9754789272,8.84,,False,,8.5,,,,alpha,100,,261Rf,261Rf^a:91%; 261Rf^b:9%,0.512631382487,3.25560256882,0.416787543227,2.61088379811,,False,ok,within_implemented_formula,"{""N_interval"": ""(127,185]"", ""Z_interval"": ""(83,115]"", ""parameter_set"": ""target"", ""x"": 0.29283155447537657}",1,2,HF = T_alpha_half_s / Tcalc_s,Qalpha_MeV,T_alpha_half_s
source-row-0119,119,265Sg^b,b,Sg,265,106,159,E. Rurarz,e_rurarz,8.82318007663,8.69,,False,,14.4,,,,alpha,100,,261Rf,261Rf^a:20%; 261Rf^b:80%,0.994635074031,9.87722788978,0.163727418064,1.45789893285,,False,ok,within_implemented_formula,"{""N_interval"": ""(127,185]"", ""Z_interval"": ""(83,115]"", ""parameter_set"": ""target"", ""x"": 0.28786269325690295}",2,2,HF = T_alpha_half_s / Tcalc_s,Qalpha_MeV,T_alpha_half_s
source-row-0121,121,267Sg,,Sg,267,106,161,E. Rurarz,e_rurarz,8.4,,0.02,False,,3458.82352941,3988.23529412,1588.23529412,,"alpha, SF",17,83,,,2.40839993285,256.094312121,1.13052847184,13.5060536908,,False,ok,within_implemented_formula,"{""N_interval"": ""(127,185]"", ""Z_interval"": ""(83,115]"", ""parameter_set"": ""target"", ""x"": 0.2746154413862207}",1,1,HF = T_alpha_half_s / Tcalc_s,Qalpha_MeV,T_alpha_half_s
source-row-0123,123,269Sg,,Sg,269,106,163,E. Rurarz,e_rurarz,8.58,,0.07,False,,186,222,66,,alpha,100,,,,1.79388691306,62.2138264062,0.475626031157,2.98968912128,,False,ok,within_implemented_formula,"{""N_interval"": ""(127,185]"", ""Z_interval"": ""(83,115]"", ""parameter_set"": ""target"", ""x"": 0.28106846131035995}",1,1,HF = T_alpha_half_s / Tcalc_s,Qalpha_MeV,T_alpha_half_s
source-row-0124,124,271Sg,,Sg,271,106,165,E. Rurarz,e_rurarz,8.629,,0.016,False,,42.4657534247,17.8082191781,9.58904109589,,"alpha, SF",73,27,,,1.63217344191,42.8719701748,-0.00413460819182,0.990524887275,,False,ok,within_implemented_formula,"{""N_interval"": ""(127,185]"", ""Z_interval"": ""(83,115]"", ""parameter_set"": ""target"", ""x"": 0.2832424112576535}",1,1,HF = T_alpha_half_s / Tcalc_s,Qalpha_MeV,T_alpha_half_s
source-row-0125,125,260Bh,,Bh,260,107,153,E. Rurarz,e_rurarz,10.4,,0.06,False,,0.035,0.019,0.009,approx,"alpha, EC, SF",100,,,,-3.07874916361,0.000834162834725,1.62281720796,41.9582347031,,False,ok,within_implemented_formula,"{""N_interval"": ""(127,185]"", ""Z_interval"": ""(83,115]"", ""parameter_set"": ""target"", ""x"": 0.33434592430406024}",1,1,HF = T_alpha_half_s / Tcalc_s,Qalpha_MeV,T_alpha_half_s
source-row-0126,126,261Bh,,Bh,261,107,154,E. Rurarz,e_rurarz,10.16,,,False,approx,0.0118,0.0039,0.0024,approx,"alpha, SF",100,,,,-2.48003078979,0.00331107646409,0.551912797092,3.56379568034,,False,ok,within_implemented_formula,"{""N_interval"": ""(127,185]"", ""Z_interval"": ""(83,115]"", ""parameter_set"": ""target"", ""x"": 0.32697004695398196}",1,1,HF = T_alpha_half_s / Tcalc_s,Qalpha_MeV,T_alpha_half_s
source-row-0127,127,262Bh,,Bh,262,107,155,E. Rurarz,e_rurarz,10.08,,,False,approx,0.096,0.018,0.013,approx,"alpha, SF",100,,,,-2.27805285071,0.00527165705009,1.26032408375,18.2105928151,,False,ok,within_implemented_formula,"{""N_interval"": ""(127,185]"", ""Z_interval"": ""(83,115]"", ""parameter_set"": ""target"", ""x"": 0.3247317285317092}",1,2,HF = T_alpha_half_s / Tcalc_s,Qalpha_MeV,T_alpha_half_s
source-row-0128,128,262Bh,,Bh,262,107,155,E. Rurarz,e_rurarz,10.55,,,False,approx,0.021,0.008,0.005,approx,"alpha, SF",100,,,,-3.45555776243,0.000350301694055,1.77777705717,59.9483255616,,False,ok,within_implemented_formula,"{""N_interval"": ""(127,185]"", ""Z_interval"": ""(83,115]"", ""parameter_set"": ""target"", ""x"": 0.3398729896834854}",2,2,HF = T_alpha_half_s / Tcalc_s,Qalpha_MeV,T_alpha_half_s
source-row-0129,129,264Bh,,Bh,264,107,157,E. Rurarz,e_rurarz,9.86,,0.15,True,,1.1511627907,0.267441860465,0.209302325581,,"alpha, SF",86,14,,,-1.70281766518,0.0198235912764,1.76395440853,58.0703453097,,False,ok,within_implemented_formula,"{""N_interval"": ""(127,185]"", ""Z_interval"": ""(83,115]"", ""parameter_set"": ""target"", ""x"": 0.31829960896465204}",1,1,HF = T_alpha_half_s / Tcalc_s,Qalpha_MeV,T_alpha_half_s
source-row-0130,130,265Bh,,Bh,265,107,158,E. Rurarz,e_rurarz,9.66,,0.21,True,,0.94,0.7,0.31,,alpha,100,,,,-1.15625786385,0.0697817949222,1.12938571745,13.4705620721,,False,ok,within_implemented_formula,"{""N_interval"": ""(127,185]"", ""Z_interval"": ""(83,115]"", ""parameter_set"": ""target"", ""x"": 0.3121629871725968}",1,1,HF = T_alpha_half_s / Tcalc_s,Qalpha_MeV,T_alpha_half_s
source-row-0131,131,266Bh,,Bh,266,107,159,E. Rurarz,e_rurarz,9.43,,0.08,True,,10,2.7,1.6,,"alpha, EC, SF",100,,,,-0.502479832392,0.314427242944,1.50247983239,31.803859953,,False,ok,within_implemented_formula,"{""N_interval"": ""(127,185]"", ""Z_interval"": ""(83,115]"", ""parameter_set"": ""target"", ""x"": 0.3050418852047119}",1,1,HF = T_alpha_half_s / Tcalc_s,Qalpha_MeV,T_alpha_half_s
source-row-0132,132,267Bh,,Bh,267,107,160,E. Rurarz,e_rurarz,9.23,,0.2,True,,16,7,4,,alpha,100,,,,0.0885453458693,1.22615492217,1.11557463679,13.0489220495,,False,ok,within_implemented_formula,"{""N_interval"": ""(127,185]"", ""Z_interval"": ""(83,115]"", ""parameter_set"": ""target"", ""x"": 0.29887625226242737}",1,1,HF = T_alpha_half_s / Tcalc_s,Qalpha_MeV,T_alpha_half_s
source-row-0133,133,270Bh,,Bh,270,107,163,E. Rurarz,e_rurarz,9.06,,0.1,False,,144,264,54,approx,alpha,100,,,,0.607912334354,4.05426688725,1.55045015774,35.5181353385,,False,ok,within_implemented_formula,"{""N_interval"": ""(127,185]"", ""Z_interval"": ""(83,115]"", ""parameter_set"": ""target"", ""x"": 0.2942620968609583}",1,1,HF = T_alpha_half_s / Tcalc_s,Qalpha_MeV,T_alpha_half_s
source-row-0134,134,271Bh,,Bh,271,107,164,E. Rurarz,e_rurarz,9.42,,0.09,False,,2.9,2.2,0.9,,alpha,100,,,,-0.479453189032,0.33154830423,0.941851186931,8.74684009237,,False,ok,within_implemented_formula,"{""N_interval"": ""(127,185]"", ""Z_interval"": ""(83,115]"", ""parameter_set"": ""target"", ""x"": 0.3062617479936405}",1,1,HF = T_alpha_half_s / Tcalc_s,Qalpha_MeV,T_alpha_half_s
source-row-0135,135,272Bh,,Bh,272,107,165,E. Rurarz,e_rurarz,9.3,,0.05,False,,8.8,0.7,0.7,,alpha,100,,,,-0.124490202523,0.750774991056,1.06897287467,11.7212215442,,False,ok,within_implemented_formula,"{""N_interval"": ""(127,185]"", ""Z_interval"": ""(83,115]"", ""parameter_set"": ""target"", ""x"": 0.30266277348572906}",1,1,HF = T_alpha_half_s / Tcalc_s,Qalpha_MeV,T_alpha_half_s
source-row-0136,136,274Bh,,Bh,274,107,167,E. Rurarz,e_rurarz,8.94,,0.06,False,,44,34,13,,alpha,100,,,,0.990363884777,9.78056367363,0.65308879171,4.49871821996,,False,ok,within_implemented_formula,"{""N_interval"": ""(127,185]"", ""Z_interval"": ""(83,115]"", ""parameter_set"": ""target"", ""x"": 0.29152611526328015}",1,1,HF = T_alpha_half_s / Tcalc_s,Qalpha_MeV,T_alpha_half_s
source-row-0137,137,263Hs,,Hs,263,108,155,E. Rurarz,e_rurarz,10.73,,0.08,False,,0.00074,0.00048,0.00021,,"alpha, SF",100,,,,-3.5741902355,0.000266569074711,0.443421955229,2.77601593809,,False,ok,within_implemented_formula,"{""N_interval"": ""(127,185]"", ""Z_interval"": ""(83,115]"", ""parameter_set"": ""target"", ""x"": 0.342764356006799}",1,1,HF = T_alpha_half_s / Tcalc_s,Qalpha_MeV,T_alpha_half_s
source-row-0138,138,264Hs,,Hs,264,108,156,E. Rurarz,e_rurarz,10.591,,0.02,False,,0.0009,0.000485714285714,0.000228571428571,,"alpha, SF",70,30,,,-3.24590502922,0.000567668728675,0.200147538656,1.58543170433,,False,ok,within_implemented_formula,"{""N_interval"": ""(127,185]"", ""Z_interval"": ""(83,115]"", ""parameter_set"": ""target"", ""x"": 0.3386722335787689}",1,1,HF = T_alpha_half_s / Tcalc_s,Qalpha_MeV,T_alpha_half_s
source-row-0139,139,265Hs,,Hs,265,108,157,E. Rurarz,e_rurarz,10.47,,0.015,False,,0.0019,0.0002,0.0001,,"alpha, SF",100,,,,-2.95412834205,0.00111140323854,0.232881943,1.70955053405,,False,ok,within_implemented_formula,"{""N_interval"": ""(127,185]"", ""Z_interval"": ""(83,115]"", ""parameter_set"": ""target"", ""x"": 0.3351462751945332}",1,1,HF = T_alpha_half_s / Tcalc_s,Qalpha_MeV,T_alpha_half_s
source-row-0140,140,266Hs,,Hs,266,108,158,E. Rurarz,e_rurarz,10.346,,0.016,False,,0.000973684210526,0.000631578947368,0.000276315789474,,"alpha, SF",76,24,,,-2.64834930569,0.00224724640482,-0.363232566859,0.433278793299,,False,ok,within_implemented_formula,"{""N_interval"": ""(127,185]"", ""Z_interval"": ""(83,115]"", ""parameter_set"": ""target"", ""x"": 0.331515387617234}",1,1,HF = T_alpha_half_s / Tcalc_s,Qalpha_MeV,T_alpha_half_s
source-row-0141,141,267Hs,,Hs,267,108,159,E. Rurarz,e_rurarz,10.038,,0.013,False,,0.06625,0.015,0.01,<,"alpha, SF",80,,,,-1.85419405976,0.0139896207192,0.675379942369,4.73565376286,,False,ok,within_implemented_formula,"{""N_interval"": ""(127,185]"", ""Z_interval"": ""(83,115]"", ""parameter_set"": ""target"", ""x"": 0.3219736514667878}",1,1,HF = T_alpha_half_s / Tcalc_s,Qalpha_MeV,T_alpha_half_s
source-row-0142,142,268Hs,,Hs,268,108,160,E. Rurarz,e_rurarz,9.623,,0.016,False,,0.4,1.8,0.2,approx,alpha,100,,,,-0.714977081837,0.192762663333,0.317037073164,2.07509064817,,False,ok,within_implemented_formula,"{""N_interval"": ""(127,185]"", ""Z_interval"": ""(83,115]"", ""parameter_set"": ""target"", ""x"": 0.30897545840275364}",1,1,HF = T_alpha_half_s / Tcalc_s,Qalpha_MeV,T_alpha_half_s
source-row-0143,143,269Hs,,Hs,269,108,161,E. Rurarz,e_rurarz,9.34,,0.04,False,,13,10,4,,alpha,100,,,,0.11016411774,1.28873646683,1.00377923457,10.0873998172,,False,ok,within_implemented_formula,"{""N_interval"": ""(127,185]"", ""Z_interval"": ""(83,115]"", ""parameter_set"": ""target"", ""x"": 0.3001920444412535}",1,1,HF = T_alpha_half_s / Tcalc_s,Qalpha_MeV,T_alpha_half_s
source-row-0144,144,270Hs,,Hs,270,108,162,E. Rurarz,e_rurarz,9.07,,0.04,False,,7.6,4.9,2.2,,"alpha, SF",100,,,,0.937930953818,8.66824053032,-0.0571173615368,0.876763856912,,False,ok,within_implemented_formula,"{""N_interval"": ""(127,185]"", ""Z_interval"": ""(83,115]"", ""parameter_set"": ""target"", ""x"": 0.29180776786364865}",1,1,HF = T_alpha_half_s / Tcalc_s,Qalpha_MeV,T_alpha_half_s
source-row-0146,146,272Hs,,Hs,272,108,164,E. Rurarz,e_rurarz,9.772,,0.021,False,,0.16,0.19,0.06,,alpha,100,,,,-1.14048666437,0.0723624621858,0.344606647029,2.21109115371,,False,ok,within_implemented_formula,"{""N_interval"": ""(127,185]"", ""Z_interval"": ""(83,115]"", ""parameter_set"": ""target"", ""x"": 0.3150234990492668}",1,1,HF = T_alpha_half_s / Tcalc_s,Qalpha_MeV,T_alpha_half_s
source-row-0147,147,273Hs,,Hs,273,108,165,E. Rurarz,e_rurarz,9.65,,0.06,False,,0.51,0.3,0.13,,"alpha, SF",100,,,,-0.797535768747,0.159391159982,0.505105944845,3.19967556582,,False,ok,within_implemented_formula,"{""N_interval"": ""(127,185]"", ""Z_interval"": ""(83,115]"", ""parameter_set"": ""target"", ""x"": 0.31140063941264884}",1,1,HF = T_alpha_half_s / Tcalc_s,Qalpha_MeV,T_alpha_half_s
source-row-0148,148,275Hs,,Hs,275,108,167,E. Rurarz,e_rurarz,9.45,,0.05,False,,0.168539325843,0.303370786517,0.0674157303371,<,"alpha, SF",89,11,,,-0.217459172028,0.606095176784,-0.555839575561,0.278074025827,,False,ok,within_implemented_formula,"{""N_interval"": ""(127,185]"", ""Z_interval"": ""(83,115]"", ""parameter_set"": ""target"", ""x"": 0.30555183296237737}",1,1,HF = T_alpha_half_s / Tcalc_s,Qalpha_MeV,T_alpha_half_s
source-row-0150,150,266Mt,,Mt,266,109,157,E. Rurarz,e_rurarz,10.996,,0.025,False,,0.0017,0.0006,0.0004,approx,"alpha, SF",100,,,,-3.89920410052,0.000126123466694,1.1296530219,13.478855637,,False,ok,within_implemented_formula,"{""N_interval"": ""(127,185]"", ""Z_interval"": ""(83,115]"", ""parameter_set"": ""target"", ""x"": 0.3490503164682772}",1,1,HF = T_alpha_half_s / Tcalc_s,Qalpha_MeV,T_alpha_half_s
source-row-0151,151,268Mt,,Mt,268,109,159,E. Rurarz,e_rurarz,10.77,,0.15,False,,0.021,0.008,0.005,,alpha,100,,,,-3.37787306796,0.000418915984565,1.70009236269,50.1293833937,,False,ok,within_implemented_formula,"{""N_interval"": ""(127,185]"", ""Z_interval"": ""(83,115]"", ""parameter_set"": ""target"", ""x"": 0.3425715481325909}",1,1,HF = T_alpha_half_s / Tcalc_s,Qalpha_MeV,T_alpha_half_s
source-row-0152,152,270Mt,,Mt,270,109,161,E. Rurarz,e_rurarz,10.181,,0.05,False,,0.48,0.66,0.18,approx,alpha,100,,,,-1.90874027051,0.0123384251122,1.58998150788,38.9028579931,,False,ok,within_implemented_formula,"{""N_interval"": ""(127,185]"", ""Z_interval"": ""(83,115]"", ""parameter_set"": ""target"", ""x"": 0.3244905746269405}",1,1,HF = T_alpha_half_s / Tcalc_s,Qalpha_MeV,T_alpha_half_s
source-row-0153,153,274Mt,,Mt,274,109,165,E. Rurarz,e_rurarz,10.6,,0.23,True,,0.64,0.76,0.23,approx,"alpha, SF",100,,,,-2.98343184261,0.00103888663061,2.7896118166,616.044119871,,False,ok,within_implemented_formula,"{""N_interval"": ""(127,185]"", ""Z_interval"": ""(83,115]"", ""parameter_set"": ""target"", ""x"": 0.3391964773338674}",1,1,HF = T_alpha_half_s / Tcalc_s,Qalpha_MeV,T_alpha_half_s
source-row-0154,154,275Mt,,Mt,275,109,166,E. Rurarz,e_rurarz,10.48,,0.05,False,,0.02,0.013,0.006,,alpha,100,,,,-2.68657877417,0.00205788558868,0.987608769838,9.7187132803,,False,ok,within_implemented_formula,"{""N_interval"": ""(127,185]"", ""Z_interval"": ""(83,115]"", ""parameter_set"": ""target"", ""x"": 0.3356884934987349}",1,1,HF = T_alpha_half_s / Tcalc_s,Qalpha_MeV,T_alpha_half_s
source-row-0155,155,276Mt,,Mt,276,109,167,E. Rurarz,e_rurarz,10.1,,0.01,False,,0.62,0.06,0.04,,alpha,100,,,,-1.70264017854,0.0198316943994,1.49503186804,31.2630876371,,False,ok,within_implemented_formula,"{""N_interval"": ""(127,185]"", ""Z_interval"": ""(83,115]"", ""parameter_set"": ""target"", ""x"": 0.3238357353596536}",1,1,HF = T_alpha_half_s / Tcalc_s,Qalpha_MeV,T_alpha_half_s
source-row-0157,157,278Mt,,Mt,278,109,169,E. Rurarz,e_rurarz,9.58,,0.03,False,,4.5,3.5,1.3,,"alpha, SF",100,,,,-0.248388837796,0.564431394962,0.901601351571,7.97262526529,,False,ok,within_implemented_formula,"{""N_interval"": ""(127,185]"", ""Z_interval"": ""(83,115]"", ""parameter_set"": ""target"", ""x"": 0.30776622827838424}",1,1,HF = T_alpha_half_s / Tcalc_s,Qalpha_MeV,T_alpha_half_s
source-row-0158,158,267Ds,,Ds,267,110,157,E. Rurarz,e_rurarz,11.78,,0.05,False,,2.8e-06,1.33e-05,1e-07,uncertain,alpha ?,100,,,,-5.31841757299,4.80377244888e-06,-0.23442439567,0.582875236036,,False,ok,within_implemented_formula,"{""N_interval"": ""(127,185]"", ""Z_interval"": ""(83,115]"", ""parameter_set"": ""target"", ""x"": 0.37085192851751175}",1,1,HF = T_alpha_half_s / Tcalc_s,Qalpha_MeV,T_alpha_half_s
source-row-0159,159,269Ds,,Ds,269,110,159,E. Rurarz,e_rurarz,11.51,,0.03,False,,0.00017,0.00016,6e-05,,alpha,100,,,,-4.75751089241,1.74778942607e-05,0.987959813791,9.72657217534,,False,ok,within_implemented_formula,"{""N_interval"": ""(127,185]"", ""Z_interval"": ""(83,115]"", ""parameter_set"": ""target"", ""x"": 0.36308619412819787}",1,1,HF = T_alpha_half_s / Tcalc_s,Qalpha_MeV,T_alpha_half_s
source-row-0160,160,270Ds,,Ds,270,110,160,E. Rurarz,e_rurarz,11.117,,0.028,False,,0.0002,7e-05,4e-05,,"alpha, SF",100,,,,-3.8874121041,0.000129594895521,0.188442099769,1.54327066044,,False,ok,within_implemented_formula,"{""N_interval"": ""(127,185]"", ""Z_interval"": ""(83,115]"", ""parameter_set"": ""target"", ""x"": 0.35104215899593627}",1,1,HF = T_alpha_half_s / Tcalc_s,Qalpha_MeV,T_alpha_half_s
source-row-0161,161,271Ds,,Ds,271,110,161,E. Rurarz,e_rurarz,10.87,,0.018,False,,0.00163,0.00044,2e-05,,alpha,100,,,,-3.31400450473,0.000485283466517,0.526192109138,3.35886159835,,False,ok,within_implemented_formula,"{""N_interval"": ""(127,185]"", ""Z_interval"": ""(83,115]"", ""parameter_set"": ""target"", ""x"": 0.34358717275354006}",1,1,HF = T_alpha_half_s / Tcalc_s,Qalpha_MeV,T_alpha_half_s
source-row-0162,162,273Ds^a,a,Ds,273,110,163,E. Rurarz,e_rurarz,11.0519330855,10.89,0.0202973977695,False,,0.01734,0.03155,0.00683,,alpha,100,,269Hs,269Hs:100% (within alpha branch),-3.74821411144,0.000178560703604,1.98726320458,97.1098323987,,False,ok,within_implemented_formula,"{""N_interval"": ""(127,185]"", ""Z_interval"": ""(83,115]"", ""parameter_set"": ""target"", ""x"": 0.35003586368694617}",1,2,HF = T_alpha_half_s / Tcalc_s,Qalpha_MeV,T_alpha_half_s
source-row-0163,163,273Ds^m,,Ds,273,110,163,E. Rurarz,e_rurarz,11.33,,0.02,False,,0.00016,8e-05,5e-05,,alpha,100,,,,-4.37984350627,4.17019625309e-05,0.583963488922,3.83674988632,,False,ok,within_implemented_formula,"{""N_interval"": ""(127,185]"", ""Z_interval"": ""(83,115]"", ""parameter_set"": ""target"", ""x"": 0.35884277482422083}",2,2,HF = T_alpha_half_s / Tcalc_s,Qalpha_MeV,T_alpha_half_s
source-row-0164,164,275Ds,,Ds,275,110,165,E. Rurarz,e_rurarz,11.37,,0.02,False,,0.00043,0.00029,0.00012,,alpha,100,,,,-4.47518103572,3.34825837866e-05,1.10864949129,12.8424975426,,False,ok,within_implemented_formula,"{""N_interval"": ""(127,185]"", ""Z_interval"": ""(83,115]"", ""parameter_set"": ""target"", ""x"": 0.36082420157056283}",1,1,HF = T_alpha_half_s / Tcalc_s,Qalpha_MeV,T_alpha_half_s
source-row-0165,165,276Ds,,Ds,276,110,166,E. Rurarz,e_rurarz,10.904,,0.028,False,,0.000348837209302,0.000232558139535,9.3023255814e-05,,"alpha, SF",43,57,,,-3.40849559308,0.000390395143951,-0.0488816034481,0.893549048207,,False,ok,within_implemented_formula,"{""N_interval"": ""(127,185]"", ""Z_interval"": ""(83,115]"", ""parameter_set"": ""target"", ""x"": 0.34637717257489725}",1,1,HF = T_alpha_half_s / Tcalc_s,Qalpha_MeV,T_alpha_half_s
source-row-0166,166,277Ds,,Ds,277,110,167,E. Rurarz,e_rurarz,10.71,,0.04,False,,0.0035,0.0021,0.0009,,"alpha, SF",100,,,,-2.94176515,0.00114349652722,0.48583319435,3.06078760772,,False,ok,within_implemented_formula,"{""N_interval"": ""(127,185]"", ""Z_interval"": ""(83,115]"", ""parameter_set"": ""target"", ""x"": 0.34054903002908016}",1,1,HF = T_alpha_half_s / Tcalc_s,Qalpha_MeV,T_alpha_half_s
source-row-0167,167,279Ds,,Ds,279,110,169,E. Rurarz,e_rurarz,9.827,,0.015,True,,1.43076923077,0.161538461538,0.130769230769,,"alpha, SF",13,87,,,-0.615081352684,0.242615558146,0.770650944595,5.89726908571,,False,ok,within_implemented_formula,"{""N_interval"": ""(127,185]"", ""Z_interval"": ""(83,115]"", ""parameter_set"": ""target"", ""x"": 0.3130835732602365}",1,1,HF = T_alpha_half_s / Tcalc_s,Qalpha_MeV,T_alpha_half_s
source-row-0169,169,281Ds,,Ds,281,110,171,E. Rurarz,e_rurarz,9.47,,0.21,True,,130,45,27,,"alpha, SF",10,90,,,0.431798120369,2.7027017346,1.68214523194,48.1000172294,,False,ok,within_implemented_formula,"{""N_interval"": ""(127,185]"", ""Z_interval"": ""(83,115]"", ""parameter_set"": ""target"", ""x"": 0.3022962094629503}",1,1,HF = T_alpha_half_s / Tcalc_s,Qalpha_MeV,T_alpha_half_s
source-row-0170,170,272Rg,,Rg,272,111,161,E. Rurarz,e_rurarz,11.197,,0.013,False,,0.0038,0.0014,0.0008,,alpha,100,,,,-3.77244277731,0.000168871835055,1.35222637393,22.5022722041,,False,ok,within_implemented_formula,"{""N_interval"": ""(127,185]"", ""Z_interval"": ""(83,115]"", ""parameter_set"": ""target"", ""x"": 0.351027012770612}",1,1,HF = T_alpha_half_s / Tcalc_s,Qalpha_MeV,T_alpha_half_s
source-row-0171,171,274Rg,,Rg,274,111,163,E. Rurarz,e_rurarz,11.48,,0.09,False,,0.012,0.017,0.005,,alpha,100,,,,-4.41529082871,3.84334323353e-05,2.49447207476,312.228163629,,False,ok,within_implemented_formula,"{""N_interval"": ""(127,185]"", ""Z_interval"": ""(83,115]"", ""parameter_set"": ""target"", ""x"": 0.36061570442948704}",1,1,HF = T_alpha_half_s / Tcalc_s,Qalpha_MeV,T_alpha_half_s
source-row-0172,172,278Rg,,Rg,278,111,167,E. Rurarz,e_rurarz,10.85,,0.1,False,,0.0046,0.0055,0.0016,approx,"alpha, SF",100,,,,-2.97002790409,0.00107145046069,0.632785735767,4.29324562241,,False,ok,within_implemented_formula,"{""N_interval"": ""(127,185]"", ""Z_interval"": ""(83,115]"", ""parameter_set"": ""target"", ""x"": 0.3421704264616558}",1,1,HF = T_alpha_half_s / Tcalc_s,Qalpha_MeV,T_alpha_half_s
source-row-0173,173,279Rg,,Rg,279,111,168,E. Rurarz,e_rurarz,10.53,,0.17,False,,0.103448275862,0.0689655172414,0.0287356321839,,"alpha, SF",87,13,,,-2.17477891459,0.0066868423666,1.18950217141,15.4704223893,,False,ok,within_implemented_formula,"{""N_interval"": ""(127,185]"", ""Z_interval"": ""(83,115]"", ""parameter_set"": ""target"", ""x"": 0.33240301514781073}",1,1,HF = T_alpha_half_s / Tcalc_s,Qalpha_MeV,T_alpha_half_s
source-row-0174,174,280Rg,,Rg,280,111,169,E. Rurarz,e_rurarz,10.149,,0.01,False,,3.9,0.3,0.3,,alpha,100,,,,-1.17184213338,0.0673221328659,1.76290674041,57.9304284338,,False,ok,within_implemented_formula,"{""N_interval"": ""(127,185]"", ""Z_interval"": ""(83,115]"", ""parameter_set"": ""target"", ""x"": 0.32068765967307816}",1,1,HF = T_alpha_half_s / Tcalc_s,Qalpha_MeV,T_alpha_half_s
source-row-0175,175,281Rg,,Rg,281,111,170,E. Rurarz,e_rurarz,9.9,,0.4,True,,78.5714285714,21.4285714286,7.14285714286,,"alpha, SF",14,88,,,-0.480509085652,0.330743192678,2.37577373513,237.560228935,,False,ok,within_implemented_formula,"{""N_interval"": ""(127,185]"", ""Z_interval"": ""(83,115]"", ""parameter_set"": ""target"", ""x"": 0.31312314809469455}",1,1,HF = T_alpha_half_s / Tcalc_s,Qalpha_MeV,T_alpha_half_s
source-row-0176,176,282Rg,,Rg,282,111,171,E. Rurarz,e_rurarz,9.55,,0.1,True,,100,70,30,approx,"alpha, SF",100,,,,0.542485295026,3.48726776237,1.45751470497,28.6757446844,,False,ok,within_implemented_formula,"{""N_interval"": ""(127,185]"", ""Z_interval"": ""(83,115]"", ""parameter_set"": ""target"", ""x"": 0.30234508834060336}",1,1,HF = T_alpha_half_s / Tcalc_s,Qalpha_MeV,T_alpha_half_s
source-row-0177,177,277Cn,,Cn,277,112,165,E. Rurarz,e_rurarz,11.62,,0.06,False,,0.00061,0.00046,0.00018,,alpha,100,,,,-4.43472449468,3.67515368921e-05,1.22005432969,16.5979453265,,False,ok,within_implemented_formula,"{""N_interval"": ""(127,185]"", ""Z_interval"": ""(83,115]"", ""parameter_set"": ""target"", ""x"": 0.3627666672823142}",1,1,HF = T_alpha_half_s / Tcalc_s,Qalpha_MeV,T_alpha_half_s
source-row-0179,179,281Cn,,Cn,281,112,169,E. Rurarz,e_rurarz,10.43,,0.06,False,,0.18,0.1,0.05,,"alpha, SF",100,,,,-1.59340121002,0.0255034415456,0.848673715124,7.057870981,,False,ok,within_implemented_formula,"{""N_interval"": ""(127,185]"", ""Z_interval"": ""(83,115]"", ""parameter_set"": ""target"", ""x"": 0.3268873401050646}",1,1,HF = T_alpha_half_s / Tcalc_s,Qalpha_MeV,T_alpha_half_s
source-row-0181,181,283Cn,,Cn,283,112,171,E. Rurarz,e_rurarz,9.667,,0.015,False,,4.23333333333,0.5,0.4,<,"alpha, SF",90,10,,,0.541864757106,3.48228856803,0.0848177091306,1.21567562556,,False,ok,within_implemented_formula,"{""N_interval"": ""(127,185]"", ""Z_interval"": ""(83,115]"", ""parameter_set"": ""target"", ""x"": 0.30355908513394936}",1,1,HF = T_alpha_half_s / Tcalc_s,Qalpha_MeV,T_alpha_half_s
source-row-0182,182,284Cn,,Cn,284,112,172,E. Rurarz,e_rurarz,9.46,,0.01,False,,4.9,1,0.7,,"alpha, SF",2,98,,,1.17258830111,14.8794987451,-0.482392221081,0.329312168638,,False,ok,within_implemented_formula,"{""N_interval"": ""(127,185]"", ""Z_interval"": ""(83,115]"", ""parameter_set"": ""target"", ""x"": 0.2973441592163917}",1,1,HF = T_alpha_half_s / Tcalc_s,Qalpha_MeV,T_alpha_half_s
source-row-0183,183,285Cn,,Cn,285,112,173,E. Rurarz,e_rurarz,9.32,,0.02,False,,33,10,6,,alpha,100,,,,1.61419355507,41.1333001928,-0.0956796151949,0.802269690137,,False,ok,within_implemented_formula,"{""N_interval"": ""(127,185]"", ""Z_interval"": ""(83,115]"", ""parameter_set"": ""target"", ""x"": 0.29322402955075183}",1,1,HF = T_alpha_half_s / Tcalc_s,Qalpha_MeV,T_alpha_half_s
source-row-0184,184,286Cn,,Cn,286,112,174,E. Rurarz,e_rurarz,9.24,,0.76,True,,8.4,40.5,3.9,,"(alpha, SF)",100,,,,1.87391126938,74.8016657761,-0.949631983317,0.112296964417,,False,ok,within_implemented_formula,"{""N_interval"": ""(127,185]"", ""Z_interval"": ""(83,115]"", ""parameter_set"": ""target"", ""x"": 0.2909843328653502}",1,1,HF = T_alpha_half_s / Tcalc_s,Qalpha_MeV,T_alpha_half_s
source-row-0185,185,278Nh,,Nh,278,113,165,E. Rurarz,e_rurarz,11.99,,0.08,False,,0.002,0.0027,0.0007,,alpha,100,,,,-4.93614763367,1.15838350939e-05,2.23717762933,172.654391555,,False,ok,within_implemented_formula,"{""N_interval"": ""(127,185]"", ""Z_interval"": ""(83,115]"", ""parameter_set"": ""target"", ""x"": 0.37130896504089556}",1,1,HF = T_alpha_half_s / Tcalc_s,Qalpha_MeV,T_alpha_half_s
source-row-0186,186,282Nh,,Nh,282,113,169,E. Rurarz,e_rurarz,10.78,,0.08,False,,0.061,0.073,0.022,,alpha,100,,,,-2.17096812846,0.00674577531062,0.956297963468,9.04269667921,,False,ok,within_implemented_formula,"{""N_interval"": ""(127,185]"", ""Z_interval"": ""(83,115]"", ""parameter_set"": ""target"", ""x"": 0.3351365744087314}",1,1,HF = T_alpha_half_s / Tcalc_s,Qalpha_MeV,T_alpha_half_s
source-row-0187,187,283Nh,,Nh,283,113,170,E. Rurarz,e_rurarz,10.35,,0.04,False,,0.123,0.08,0.035,,alpha,100,,,,-1.05384070294,0.0883403869158,0.143745814377,1.3923416491,,False,ok,within_implemented_formula,"{""N_interval"": ""(127,185]"", ""Z_interval"": ""(83,115]"", ""parameter_set"": ""target"", ""x"": 0.3220783797995795}",1,1,HF = T_alpha_half_s / Tcalc_s,Qalpha_MeV,T_alpha_half_s
source-row-0188,188,284Nh,,Nh,284,113,171,E. Rurarz,e_rurarz,10.28,,0.04,False,,0.9,0.07,0.06,,alpha,100,,,,-0.863462224303,0.136942349807,0.817704733743,6.57210863745,,False,ok,within_implemented_formula,"{""N_interval"": ""(127,185]"", ""Z_interval"": ""(83,115]"", ""parameter_set"": ""target"", ""x"": 0.32020720267593816}",1,1,HF = T_alpha_half_s / Tcalc_s,Qalpha_MeV,T_alpha_half_s
source-row-0189,189,285Nh,,Nh,285,113,172,E. Rurarz,e_rurarz,10.01,,0.04,False,,2.56097560976,0.731707317073,0.365853658537,,"alpha, SF",82,18,,,-0.110573405802,0.775222901704,0.518978848152,3.30353451134,,False,ok,within_implemented_formula,"{""N_interval"": ""(127,185]"", ""Z_interval"": ""(83,115]"", ""parameter_set"": ""target"", ""x"": 0.31209544420439705}",1,1,HF = T_alpha_half_s / Tcalc_s,Qalpha_MeV,T_alpha_half_s
source-row-0190,190,286Nh,,Nh,286,113,173,E. Rurarz,e_rurarz,9.79,,0.05,False,,9.5,6.3,2.7,,alpha,100,,,,0.529788291108,3.3867901741,0.447935314181,2.80501581487,,False,ok,within_implemented_formula,"{""N_interval"": ""(127,185]"", ""Z_interval"": ""(83,115]"", ""parameter_set"": ""target"", ""x"": 0.3055273078884361}",1,1,HF = T_alpha_half_s / Tcalc_s,Qalpha_MeV,T_alpha_half_s
source-row-0191,191,284Fl,,Fl,284,114,170,E. Rurarz,e_rurarz,10.721,,0.017,False,,0.0104166666667,0.005,0.0025,,"alpha, SF",24,76,,,-1.70370866017,0.0197829630498,-0.278562572868,0.526547344827,,False,ok,within_implemented_formula,"{""N_interval"": ""(127,185]"", ""Z_interval"": ""(83,115]"", ""parameter_set"": ""target"", ""x"": 0.33096207754972323}",1,1,HF = T_alpha_half_s / Tcalc_s,Qalpha_MeV,T_alpha_half_s
source-row-0192,192,285Fl,,Fl,285,114,171,E. Rurarz,e_rurarz,10.56,,0.07,False,,0.1,0.06,0.03,,alpha,100,,,,-1.28517840652,0.0518586961616,0.28517840652,1.92831689575,,False,ok,within_implemented_formula,"{""N_interval"": ""(127,185]"", ""Z_interval"": ""(83,115]"", ""parameter_set"": ""target"", ""x"": 0.32630387102060976}",1,1,HF = T_alpha_half_s / Tcalc_s,Qalpha_MeV,T_alpha_half_s
source-row-0193,193,286Fl,,Fl,286,114,172,E. Rurarz,e_rurarz,10.335,,0.01,False,,0.2625,0.0425,0.0325,,"alpha, SF",40,60,,,-0.681276179138,0.208316572262,0.10040548688,1.26010137912,,False,ok,within_implemented_formula,"{""N_interval"": ""(127,185]"", ""Z_interval"": ""(83,115]"", ""parameter_set"": ""target"", ""x"": 0.319655939643218}",1,1,HF = T_alpha_half_s / Tcalc_s,Qalpha_MeV,T_alpha_half_s
source-row-0194,194,287Fl,,Fl,287,114,173,E. Rurarz,e_rurarz,10.157,,0.015,False,,0.514285714286,0.0642857142857,0.0514285714286,<,alpha,70,,,,-0.186466873239,0.650928259923,-0.102328666008,0.790080483442,,False,ok,within_implemented_formula,"{""N_interval"": ""(127,185]"", ""Z_interval"": ""(83,115]"", ""parameter_set"": ""target"", ""x"": 0.314449109818994}",1,1,HF = T_alpha_half_s / Tcalc_s,Qalpha_MeV,T_alpha_half_s
source-row-0195,195,288Fl,,Fl,288,114,174,E. Rurarz,e_rurarz,10.076,,0.012,False,,0.64,0.14,0.1,,"alpha, SF",100,,,,0.0454451424292,1.11031227824,-0.239265168445,0.576414412902,,False,ok,within_implemented_formula,"{""N_interval"": ""(127,185]"", ""Z_interval"": ""(83,115]"", ""parameter_set"": ""target"", ""x"": 0.3122369775557405}",1,1,HF = T_alpha_half_s / Tcalc_s,Qalpha_MeV,T_alpha_half_s
source-row-0196,196,289Fl,,Fl,289,114,175,E. Rurarz,e_rurarz,9.95,,0.07,False,,2.4,0.8,0.5,,alpha,100,,,,0.411651876761,2.58019112315,-0.031440635049,0.930163652786,,False,ok,within_implemented_formula,"{""N_interval"": ""(127,185]"", ""Z_interval"": ""(83,115]"", ""parameter_set"": ""target"", ""x"": 0.30862362115129277}",1,1,HF = T_alpha_half_s / Tcalc_s,Qalpha_MeV,T_alpha_half_s
source-row-0197,197,290Fl,,Fl,290,114,176,E. Rurarz,e_rurarz,9.86,,0.03,False,,0.46,,,<,(alpha),100,,,,0.679707706311,4.78308067768,-1.01694987463,0.0961723272089,,False,ok,within_implemented_formula,"{""N_interval"": ""(127,185]"", ""Z_interval"": ""(83,115]"", ""parameter_set"": ""target"", ""x"": 0.30611989825068814}",1,1,HF = T_alpha_half_s / Tcalc_s,Qalpha_MeV,T_alpha_half_s
source-row-0198,198,286Mc,,Mc,286,115,171,E. Rurarz,e_rurarz,10.86,,0.02,False,,0.02,0.098,0.009,,alpha,100,,,,-1.73987184438,0.0182023791194,0.0409018400481,1.0987574684,,False,ok,within_implemented_formula,"{""N_interval"": ""(127,185]"", ""Z_interval"": ""(83,115]"", ""parameter_set"": ""target"", ""x"": 0.3329213922163614}",1,1,HF = T_alpha_half_s / Tcalc_s,Qalpha_MeV,T_alpha_half_s
source-row-0199,199,287Mc,,Mc,287,115,172,E. Rurarz,e_rurarz,10.76,,0.07,False,,0.038,0.022,0.01,,alpha,100,,,,-1.48335841693,0.0328580346361,0.0631420135442,1.15649035071,,False,ok,within_implemented_formula,"{""N_interval"": ""(127,185]"", ""Z_interval"": ""(83,115]"", ""parameter_set"": ""target"", ""x"": 0.33016935983385276}",1,1,HF = T_alpha_half_s / Tcalc_s,Qalpha_MeV,T_alpha_half_s
source-row-0200,200,288Mc,,Mc,288,115,173,E. Rurarz,e_rurarz,10.65,,0.05,False,,0.193,0.015,0.013,,alpha,100,,,,-1.19589471149,0.063694992162,0.481452020501,3.03006552712,,False,ok,within_implemented_formula,"{""N_interval"": ""(127,185]"", ""Z_interval"": ""(83,115]"", ""parameter_set"": ""target"", ""x"": 0.32710362908135976}",1,1,HF = T_alpha_half_s / Tcalc_s,Qalpha_MeV,T_alpha_half_s
source-row-0201,201,289Mc,,Mc,289,115,174,E. Rurarz,e_rurarz,10.49,,0.05,False,,0.25,0.051,0.035,,"alpha, SF",100,,,,-0.768527741634,0.170401046796,0.166467750306,1.46712713743,,False,ok,within_implemented_formula,"{""N_interval"": ""(127,185]"", ""Z_interval"": ""(83,115]"", ""parameter_set"": ""target"", ""x"": 0.3224936363394235}",1,1,HF = T_alpha_half_s / Tcalc_s,Qalpha_MeV,T_alpha_half_s
source-row-0202,202,290Mc,,Mc,290,115,175,E. Rurarz,e_rurarz,10.41,,0.04,False,,0.65,0.49,0.2,,alpha,100,,,,-0.549028151611,0.282469686795,0.361941508254,2.30113187498,,False,ok,within_implemented_formula,"{""N_interval"": ""(127,185]"", ""Z_interval"": ""(83,115]"", ""parameter_set"": ""target"", ""x"": 0.3203354141776395}",1,1,HF = T_alpha_half_s / Tcalc_s,Qalpha_MeV,T_alpha_half_s
source-row-0203,203,288Lv,,Lv,288,116,172,E. Rurarz,e_rurarz,11.24,,0.015,False,,0.002,0.0023,0.0007,,alpha,100,,,,-2.58771217487,0.00258397212976,-0.111257829465,0.774002156203,,False,ok,within_implemented_formula,"{""N_interval"": ""(127,185]"", ""Z_interval"": ""(115,121]"", ""parameter_set"": ""target"", ""x"": 0.34219657472104165}",1,1,HF = T_alpha_half_s / Tcalc_s,Qalpha_MeV,T_alpha_half_s
source-row-0204,204,289Lv,,Lv,289,116,173,E. Rurarz,e_rurarz,11.057,,0.015,False,,0.0024,0.0044,0.0009,,alpha,100,,,,-2.14191169868,0.00721254110598,-0.477877059606,0.332753736129,,False,ok,within_implemented_formula,"{""N_interval"": ""(127,185]"", ""Z_interval"": ""(115,121]"", ""parameter_set"": ""target"", ""x"": 0.3369430965845214}",1,1,HF = T_alpha_half_s / Tcalc_s,Qalpha_MeV,T_alpha_half_s
source-row-0205,205,290Lv,,Lv,290,116,174,E. Rurarz,e_rurarz,11,,0.06,False,,0.0083,0.0035,0.0019,,"alpha, SF",100,,,,-1.99873740285,0.0100291146748,-0.0821845047702,0.82759049718,,False,ok,within_implemented_formula,"{""N_interval"": ""(127,185]"", ""Z_interval"": ""(115,121]"", ""parameter_set"": ""target"", ""x"": 0.33552161368354133}",1,1,HF = T_alpha_half_s / Tcalc_s,Qalpha_MeV,T_alpha_half_s
source-row-0206,206,291Lv,,Lv,291,116,175,E. Rurarz,e_rurarz,10.89,,0.09,False,,0.019,0.017,0.006,approx,"alpha, SF",100,,,,-1.72024449786,0.0190438828907,-0.00100190118715,0.997695696255,,False,ok,within_implemented_formula,"{""N_interval"": ""(127,185]"", ""Z_interval"": ""(115,121]"", ""parameter_set"": ""target"", ""x"": 0.3324780096496038}",1,1,HF = T_alpha_half_s / Tcalc_s,Qalpha_MeV,T_alpha_half_s
source-row-0207,207,292Lv,,Lv,292,116,176,E. Rurarz,e_rurarz,10.791,,0.012,False,,0.013,0.007,0.004,approx,"alpha, SF",100,,,,-1.46455007118,0.0343123077771,-0.421506576509,0.378872796445,,False,ok,within_implemented_formula,"{""N_interval"": ""(127,185]"", ""Z_interval"": ""(115,121]"", ""parameter_set"": ""target"", ""x"": 0.3297635451279326}",1,1,HF = T_alpha_half_s / Tcalc_s,Qalpha_MeV,T_alpha_half_s
source-row-0208,208,293Lv,,Lv,293,116,177,E. Rurarz,e_rurarz,10.68,,0.06,False,,0.057,0.043,0.017,,alpha,100,,,,-1.17279916154,0.0671739425429,-0.0713259827914,0.848543316682,,False,ok,within_implemented_formula,"{""N_interval"": ""(127,185]"", ""Z_interval"": ""(115,121]"", ""parameter_set"": ""target"", ""x"": 0.326675671010489}",1,1,HF = T_alpha_half_s / Tcalc_s,Qalpha_MeV,T_alpha_half_s
source-row-0209,209,293Ts,,Ts,293,117,176,E. Rurarz,e_rurarz,11.32,,0.05,False,,0.022,0.008,0.004,,alpha,100,,,,-2.42619212731,0.00374807154819,0.768614808135,5.86968517467,,False,ok,within_implemented_formula,"{""N_interval"": ""(127,185]"", ""Z_interval"": ""(115,121]"", ""parameter_set"": ""target"", ""x"": 0.3432408564774596}",1,1,HF = T_alpha_half_s / Tcalc_s,Qalpha_MeV,T_alpha_half_s
source-row-0210,210,294Ts,,Ts,294,117,177,E. Rurarz,e_rurarz,11.18,,0.04,False,,0.051,0.038,0.016,,alpha,100,,,,-2.08330460197,0.00825458792852,0.790874778068,6.17838230589,,False,ok,within_implemented_formula,"{""N_interval"": ""(127,185]"", ""Z_interval"": ""(115,121]"", ""parameter_set"": ""target"", ""x"": 0.3393107620260548}",1,1,HF = T_alpha_half_s / Tcalc_s,Qalpha_MeV,T_alpha_half_s
source-row-0211,211,294Og,,Og,294,118,176,E. Rurarz,e_rurarz,11.87,,0.03,False,,0.00058,0.00044,0.00018,,"alpha, SF",100,,,,-3.36816587437,0.000428384871896,0.13159386793,1.3539226944,,False,ok,within_implemented_formula,"{""N_interval"": ""(127,185]"", ""Z_interval"": ""(115,121]"", ""parameter_set"": ""target"", ""x"": 0.35714650214643306}",1,1,HF = T_alpha_half_s / Tcalc_s,Qalpha_MeV,T_alpha_half_s
