1779235200,2026/05/20-08:00:00.110,13.14611003
1779235200,2026/05/20-08:00:00.380,14.38997938
1779235201,2026/05/20-08:00:00.580,13.19213867
1779235201,2026/05/20-08:00:00.780,14.24696181
1779235201,2026/05/20-08:00:00.980,14.2086046
1779235201,2026/05/20-08:00:01.180,14.82177192
1779235201,2026/05/20-08:00:01.440,14.77848307
1779235202,2026/05/20-08:00:01.660,13.39159614
1779235202,2026/05/20-08:00:01.860,13.63653429
1779235202,2026/05/20-08:00:02.060,14.61464301
1779235202,2026/05/20-08:00:02.260,14.69519314
1779235202,2026/05/20-08:00:02.460,12.67705621
1779235203,2026/05/20-08:00:02.720,14.03216146
1779235203,2026/05/20-08:00:02.900,13.82284071
1779235203,2026/05/20-08:00:03.100,14.41189779
1779235203,2026/05/20-08:00:03.300,14.74944119
1779235204,2026/05/20-08:00:03.500,14.07161458
1779235204,2026/05/20-08:00:03.700,12.7663737
1779235204,2026/05/20-08:00:03.950,13.82886827
1779235204,2026/05/20-08:00:04.140,13.38063694
1779235204,2026/05/20-08:00:04.340,13.49461263
1779235205,2026/05/20-08:00:04.540,14.89903429
1779235205,2026/05/20-08:00:04.740,14.94232313
1779235205,2026/05/20-08:00:04.940,13.15158963
1779235205,2026/05/20-08:00:05.200,12.79267578
1779235205,2026/05/20-08:00:05.420,13.86174588
1779235206,2026/05/20-08:00:05.620,14.40477431
1779235206,2026/05/20-08:00:05.820,13.04254557
1779235206,2026/05/20-08:00:06.020,14.58066949
1779235206,2026/05/20-08:00:06.220,14.18997396
1779235206,2026/05/20-08:00:06.470,14.57792969
1779235207,2026/05/20-08:00:06.660,14.05846354
1779235207,2026/05/20-08:00:06.860,14.42998047
1779235207,2026/05/20-08:00:07.060,13.14172635
1779235207,2026/05/20-08:00:07.260,14.58669705
1779235207,2026/05/20-08:00:07.460,14.12915039
1779235208,2026/05/20-08:00:07.740,14.1784668
1779235208,2026/05/20-08:00:07.940,14.12860243
1779235208,2026/05/20-08:00:08.140,13.77188043
1779235208,2026/05/20-08:00:08.340,13.54612088
1779235209,2026/05/20-08:00:08.540,14.9757487
1779235209,2026/05/20-08:00:08.740,14.43326823
1779235209,2026/05/20-08:00:09.020,14.25518121
1779235209,2026/05/20-08:00:09.220,13.65516493
1779235209,2026/05/20-08:00:09.420,14.12367079
1779235210,2026/05/20-08:00:09.620,14.63272569
1779235210,2026/05/20-08:00:09.820,12.84199219
1779235210,2026/05/20-08:00:10.020,14.43052843
1779235210,2026/05/20-08:00:10.270,13.31981337
1779235210,2026/05/20-08:00:10.460,13.62064345
1779235211,2026/05/20-08:00:10.660,13.7214681
1779235211,2026/05/20-08:00:10.860,15.00917426
1779235211,2026/05/20-08:00:11.060,14.98889974
1779235211,2026/05/20-08:00:11.260,14.12750651
1779235212,2026/05/20-08:00:11.530,14.62888997
1779235212,2026/05/20-08:00:11.740,13.87818468
1779235212,2026/05/20-08:00:11.940,13.83708767
1779235212,2026/05/20-08:00:12.140,14.57409397
1779235212,2026/05/20-08:00:12.340,14.3801161
1779235213,2026/05/20-08:00:12.540,15.44809028
1779235213,2026/05/20-08:00:12.800,13.69735786
1779235213,2026/05/20-08:00:13.020,14.20476888
1779235213,2026/05/20-08:00:13.220,13.53680556
1779235213,2026/05/20-08:00:13.420,14.56806641
1779235214,2026/05/20-08:00:13.620,14.59710829
1779235214,2026/05/20-08:00:13.820,13.7077691
1779235214,2026/05/20-08:00:14.100,14.44641927
1779235214,2026/05/20-08:00:14.300,13.87489692
1779235215,2026/05/20-08:00:14.500,14.40422635
1779235215,2026/05/20-08:00:14.700,15.57795681
1779235215,2026/05/20-08:00:14.900,13.80256619
1779235215,2026/05/20-08:00:15.120,13.28857964
1779235215,2026/05/20-08:00:15.380,14.28203125
1779235216,2026/05/20-08:00:15.580,14.11764323
1779235216,2026/05/20-08:00:15.780,13.34118381
1779235216,2026/05/20-08:00:15.980,15.29520942
1779235216,2026/05/20-08:00:16.180,12.71705729
1779235216,2026/05/20-08:00:16.410,14.01955838
1779235217,2026/05/20-08:00:16.660,13.37460938
1779235217,2026/05/20-08:00:16.860,13.05734049
1779235217,2026/05/20-08:00:17.060,14.58669705
1779235217,2026/05/20-08:00:17.260,13.54283312
1779235217,2026/05/20-08:00:17.460,13.64420573
1779235218,2026/05/20-08:00:17.720,13.75872938
1779235218,2026/05/20-08:00:17.940,12.6058214
1779235218,2026/05/20-08:00:18.140,13.62338325
1779235218,2026/05/20-08:00:18.340,15.27931858
1779235219,2026/05/20-08:00:18.540,13.65132921
1779235219,2026/05/20-08:00:18.740,13.89352756
1779235219,2026/05/20-08:00:19.000,13.29844293
1779235219,2026/05/20-08:00:19.220,14.05736762
1779235219,2026/05/20-08:00:19.420,14.55875109
1779235220,2026/05/20-08:00:19.620,13.70722114
1779235220,2026/05/20-08:00:19.820,15.30836046
1779235220,2026/05/20-08:00:20.020,13.20474175
1779235220,2026/05/20-08:00:20.300,13.80311415
1779235221,2026/05/20-08:00:20.500,12.01402452
1779235221,2026/05/20-08:00:20.700,13.86777344
1779235221,2026/05/20-08:00:20.900,12.93021376
1779235221,2026/05/20-08:00:21.100,11.60743815
1779235221,2026/05/20-08:00:21.310,15.00698242
1779235222,2026/05/20-08:00:21.580,12.21896159
1779235222,2026/05/20-08:00:21.780,13.61680773
1779235222,2026/05/20-08:00:21.980,13.83982747
1779235222,2026/05/20-08:00:22.180,14.56971029
1779235222,2026/05/20-08:00:22.380,13.85626628
1779235223,2026/05/20-08:00:22.660,14.45463867
1779235223,2026/05/20-08:00:22.860,14.27435981
1779235223,2026/05/20-08:00:23.060,13.88037652
1779235223,2026/05/20-08:00:23.260,14.01133898
1779235223,2026/05/20-08:00:23.460,13.9066786
1779235224,2026/05/20-08:00:23.660,14.15380859
1779235224,2026/05/20-08:00:23.920,14.96369358
1779235224,2026/05/20-08:00:24.140,13.13295898
1779235224,2026/05/20-08:00:24.340,14.63546549
1779235225,2026/05/20-08:00:24.540,13.599273
1779235225,2026/05/20-08:00:24.740,14.3855957
1779235225,2026/05/20-08:00:24.940,14.55381944
1779235225,2026/05/20-08:00:25.190,15.39932183
1779235225,2026/05/20-08:00:25.380,13.52749023
1779235226,2026/05/20-08:00:25.580,13.12747938
1779235226,2026/05/20-08:00:25.780,14.86889648
1779235226,2026/05/20-08:00:25.980,13.7488661
1779235226,2026/05/20-08:00:26.180,13.14227431
1779235226,2026/05/20-08:00:26.440,13.62776693
1779235227,2026/05/20-08:00:26.660,13.48146159
1779235227,2026/05/20-08:00:26.860,13.11706814
1779235227,2026/05/20-08:00:27.060,13.53461372
1779235227,2026/05/20-08:00:27.260,14.69793294
1779235227,2026/05/20-08:00:27.460,14.98177626
1779235228,2026/05/20-08:00:27.700,13.51214735
1779235228,2026/05/20-08:00:27.900,13.00144857
1779235228,2026/05/20-08:00:28.100,12.65678168
1779235228,2026/05/20-08:00:28.300,13.58228624
1779235229,2026/05/20-08:00:28.500,13.36419813
1779235229,2026/05/20-08:00:28.700,14.5160102
1779235229,2026/05/20-08:00:28.950,14.22394748
1779235229,2026/05/20-08:00:29.140,13.22556424
1779235229,2026/05/20-08:00:29.340,13.7324273
1779235230,2026/05/20-08:00:29.540,14.63327365
1779235230,2026/05/20-08:00:29.740,15.17082248
1779235230,2026/05/20-08:00:29.940,13.32638889
1779235230,2026/05/20-08:00:30.190,13.82284071
1779235230,2026/05/20-08:00:30.380,14.64532878
1779235231,2026/05/20-08:00:30.580,14.43819987
1779235231,2026/05/20-08:00:30.780,13.90613064
1779235231,2026/05/20-08:00:30.980,13.52749023
1779235231,2026/05/20-08:00:31.180,13.98229709
1779235231,2026/05/20-08:00:31.430,13.86722548
1779235232,2026/05/20-08:00:31.620,12.652398
1779235232,2026/05/20-08:00:31.820,13.80694987
1779235232,2026/05/20-08:00:32.020,13.66064453
1779235232,2026/05/20-08:00:32.220,13.91873372
1779235232,2026/05/20-08:00:32.420,13.10720486
1779235233,2026/05/20-08:00:32.670,13.54666884
1779235233,2026/05/20-08:00:32.860,14.3307997
1779235233,2026/05/20-08:00:33.060,13.54940864
1779235233,2026/05/20-08:00:33.260,13.9094184
1779235233,2026/05/20-08:00:33.460,14.62834201
1779235234,2026/05/20-08:00:33.660,14.81136068
1779235234,2026/05/20-08:00:33.920,13.64146593
1779235234,2026/05/20-08:00:34.140,14.10832791
1779235234,2026/05/20-08:00:34.340,13.27488064
1779235235,2026/05/20-08:00:34.540,14.3855957
1779235235,2026/05/20-08:00:34.740,12.67048069
1779235235,2026/05/20-08:00:34.940,14.78451063
1779235235,2026/05/20-08:00:35.220,13.21405707
1779235235,2026/05/20-08:00:35.420,14.77957899
1779235236,2026/05/20-08:00:35.620,15.5932997
1779235236,2026/05/20-08:00:35.820,14.08531359
1779235236,2026/05/20-08:00:36.020,13.45789931
1779235236,2026/05/20-08:00:36.220,14.21024848
1779235237,2026/05/20-08:00:36.500,14.48203668
1779235237,2026/05/20-08:00:36.700,12.1378635
1779235237,2026/05/20-08:00:36.900,12.65020616
1779235237,2026/05/20-08:00:37.100,15.0223253
1779235237,2026/05/20-08:00:37.300,13.58064236
1779235238,2026/05/20-08:00:37.500,13.88640408
1779235238,2026/05/20-08:00:37.780,14.79546984
1779235238,2026/05/20-08:00:37.980,12.14498698
1779235238,2026/05/20-08:00:38.180,15.66837023
1779235238,2026/05/20-08:00:38.380,14.67546658
1779235239,2026/05/20-08:00:38.580,14.66341146
1779235239,2026/05/20-08:00:38.790,13.3866645
1779235239,2026/05/20-08:00:39.060,16.45633681
1779235239,2026/05/20-08:00:39.260,14.3225803
1779235239,2026/05/20-08:00:39.460,14.57792969
1779235240,2026/05/20-08:00:39.660,15.41850043
1779235240,2026/05/20-08:00:39.860,13.74119466
1779235240,2026/05/20-08:00:40.140,15.0168457
1779235240,2026/05/20-08:00:40.340,14.86834852
1779235241,2026/05/20-08:00:40.540,15.38781467
1779235241,2026/05/20-08:00:40.740,13.40967882
1779235241,2026/05/20-08:00:40.940,14.98725586
1779235241,2026/05/20-08:00:41.140,13.53077799
1779235241,2026/05/20-08:00:41.400,14.40039063
1779235242,2026/05/20-08:00:41.620,13.78119575
1779235242,2026/05/20-08:00:41.820,12.94226888
1779235242,2026/05/20-08:00:42.020,13.10830078
1779235242,2026/05/20-08:00:42.220,14.8699924
1779235242,2026/05/20-08:00:42.420,13.31816949
1779235243,2026/05/20-08:00:42.670,13.50118815
1779235243,2026/05/20-08:00:42.860,14.35381402
1779235243,2026/05/20-08:00:43.060,13.81188151
1779235243,2026/05/20-08:00:43.260,14.3938151
1779235243,2026/05/20-08:00:43.460,13.16912435
1779235244,2026/05/20-08:00:43.660,13.55708008
1779235244,2026/05/20-08:00:43.880,13.51324327
1779235244,2026/05/20-08:00:44.100,14.97684462
1779235244,2026/05/20-08:00:44.300,14.34230686
1779235245,2026/05/20-08:00:44.500,13.20693359
1779235245,2026/05/20-08:00:44.700,14.0453125
1779235245,2026/05/20-08:00:44.900,14.45847439
1779235245,2026/05/20-08:00:45.120,13.86722548
1779235245,2026/05/20-08:00:45.340,13.71105686
1779235246,2026/05/20-08:00:45.540,13.40474718
1779235246,2026/05/20-08:00:45.740,14.27216797
1779235246,2026/05/20-08:00:45.940,12.97788628
1779235246,2026/05/20-08:00:46.140,13.22227648
1779235246,2026/05/20-08:00:46.350,13.558176
1779235247,2026/05/20-08:00:46.620,14.63053385
1779235247,2026/05/20-08:00:46.820,13.97736545
1779235247,2026/05/20-08:00:47.020,14.05846354
1779235247,2026/05/20-08:00:47.220,14.01188694
1779235247,2026/05/20-08:00:47.420,15.0086263
1779235248,2026/05/20-08:00:47.670,14.99657118
1779235248,2026/05/20-08:00:47.900,13.6940701
1779235248,2026/05/20-08:00:48.100,13.81297743
1779235248,2026/05/20-08:00:48.300,13.63434245
1779235249,2026/05/20-08:00:48.500,14.74670139
1779235249,2026/05/20-08:00:48.700,13.95161133
1779235249,2026/05/20-08:00:48.980,13.79325087
1779235249,2026/05/20-08:00:49.180,13.69626194
1779235249,2026/05/20-08:00:49.380,15.40206163
1779235250,2026/05/20-08:00:49.580,13.65078125
1779235250,2026/05/20-08:00:49.780,13.47269423
1779235250,2026/05/20-08:00:50.000,14.01133898
1779235250,2026/05/20-08:00:50.260,13.79325087
1779235250,2026/05/20-08:00:50.460,14.30614149
1779235251,2026/05/20-08:00:50.660,13.77845595
1779235251,2026/05/20-08:00:50.860,14.62724609
1779235251,2026/05/20-08:00:51.060,14.72807075
1779235251,2026/05/20-08:00:51.290,13.90777452
1779235252,2026/05/20-08:00:51.540,13.04309353
1779235252,2026/05/20-08:00:51.740,14.12147895
1779235252,2026/05/20-08:00:51.940,14.83053928
1779235252,2026/05/20-08:00:52.140,13.51488715
1779235252,2026/05/20-08:00:52.340,14.55053168
1779235253,2026/05/20-08:00:52.620,14.80368924
1779235253,2026/05/20-08:00:52.820,14.26723633
1779235253,2026/05/20-08:00:53.020,14.31600477
1779235253,2026/05/20-08:00:53.220,14.20970052
1779235253,2026/05/20-08:00:53.420,13.4277615
1779235254,2026/05/20-08:00:53.620,14.43436415
1779235254,2026/05/20-08:00:53.870,14.1675076
1779235254,2026/05/20-08:00:54.060,10.82549913
1779235254,2026/05/20-08:00:54.260,14.3883355
1779235254,2026/05/20-08:00:54.460,13.42337782
1779235255,2026/05/20-08:00:54.660,13.77352431
1779235255,2026/05/20-08:00:54.860,15.01300998
1779235255,2026/05/20-08:00:55.110,14.32915582
1779235255,2026/05/20-08:00:55.300,13.41241862
1779235256,2026/05/20-08:00:55.500,15.06287435
1779235256,2026/05/20-08:00:55.700,13.14227431
1779235256,2026/05/20-08:00:55.900,13.86667752
1779235256,2026/05/20-08:00:56.100,13.85900608
1779235256,2026/05/20-08:00:56.360,14.52368164
1779235257,2026/05/20-08:00:56.580,14.43107639
1779235257,2026/05/20-08:00:56.780,14.04312066
1779235257,2026/05/20-08:00:56.980,13.92366536
1779235257,2026/05/20-08:00:57.180,13.55379232
1779235257,2026/05/20-08:00:57.380,13.87270508
1779235258,2026/05/20-08:00:57.630,14.42998047
1779235258,2026/05/20-08:00:57.820,13.68749457
1779235258,2026/05/20-08:00:58.020,13.78886719
1779235258,2026/05/20-08:00:58.220,13.68311089
1779235258,2026/05/20-08:00:58.420,14.25024957
1779235259,2026/05/20-08:00:58.620,13.18337131
1779235259,2026/05/20-08:00:58.900,14.66779514
1779235259,2026/05/20-08:00:59.100,14.21024848
1779235259,2026/05/20-08:00:59.300,14.0453125
1779235260,2026/05/20-08:00:59.500,14.87492405
1779235260,2026/05/20-08:00:59.700,13.49132487
1779235260,2026/05/20-08:00:59.910,14.61519097
1779235260,2026/05/20-08:01:00.180,13.17569987
1779235260,2026/05/20-08:01:00.380,15.22616645
1779235261,2026/05/20-08:01:00.580,13.5746148
1779235261,2026/05/20-08:01:00.780,12.90062391
1779235261,2026/05/20-08:01:00.980,14.03380534
1779235261,2026/05/20-08:01:01.220,14.44861111
1779235261,2026/05/20-08:01:01.460,12.89843207
1779235262,2026/05/20-08:01:01.660,14.18285048
1779235262,2026/05/20-08:01:01.860,15.36808811
1779235262,2026/05/20-08:01:02.060,13.19159071
1779235262,2026/05/20-08:01:02.260,14.84423828
1779235262,2026/05/20-08:01:02.480,14.04750434
1779235263,2026/05/20-08:01:02.740,14.72533095
1779235263,2026/05/20-08:01:02.940,13.57297092
1779235263,2026/05/20-08:01:03.140,14.37025282
1779235263,2026/05/20-08:01:03.340,12.25731879
1779235264,2026/05/20-08:01:03.540,14.37080078
1779235264,2026/05/20-08:01:03.790,13.11652018
1779235264,2026/05/20-08:01:04.020,14.57409397
1779235264,2026/05/20-08:01:04.220,13.11268446
1779235264,2026/05/20-08:01:04.420,13.96805013
1779235265,2026/05/20-08:01:04.620,13.76475694
1779235265,2026/05/20-08:01:04.820,13.87763672
1779235265,2026/05/20-08:01:05.080,14.26942817
1779235265,2026/05/20-08:01:05.300,14.48916016
1779235266,2026/05/20-08:01:05.500,13.81352539
1779235266,2026/05/20-08:01:05.700,13.86612956
1779235266,2026/05/20-08:01:05.900,14.78341471
1779235266,2026/05/20-08:01:06.100,13.84749891
1779235266,2026/05/20-08:01:06.350,14.87547201
1779235267,2026/05/20-08:01:06.580,13.74393446
1779235267,2026/05/20-08:01:06.780,13.72311198
1779235267,2026/05/20-08:01:06.980,14.11435547
1779235267,2026/05/20-08:01:07.180,13.13076714
1779235267,2026/05/20-08:01:07.380,13.87270508
1779235268,2026/05/20-08:01:07.630,14.23107096
1779235268,2026/05/20-08:01:07.820,14.72752279
1779235268,2026/05/20-08:01:08.020,13.71708442
1779235268,2026/05/20-08:01:08.220,14.75820855
1779235268,2026/05/20-08:01:08.420,14.09024523
1779235269,2026/05/20-08:01:08.620,13.70119358
1779235269,2026/05/20-08:01:08.880,15.34014214
1779235269,2026/05/20-08:01:09.100,14.03051758
1779235269,2026/05/20-08:01:09.300,14.69245334
1779235270,2026/05/20-08:01:09.500,14.30066189
1779235270,2026/05/20-08:01:09.700,13.61680773
1779235270,2026/05/20-08:01:09.900,13.35981445
1779235270,2026/05/20-08:01:10.160,-13.25570204
1779235270,2026/05/20-08:01:10.380,13.76475694
1779235271,2026/05/20-08:01:10.580,14.11599935
1779235271,2026/05/20-08:01:10.780,14.60258789
1779235271,2026/05/20-08:01:10.980,14.15654839
1779235271,2026/05/20-08:01:11.180,14.12147895
1779235271,2026/05/20-08:01:11.440,14.30723741
1779235272,2026/05/20-08:01:11.660,14.60368381
1779235272,2026/05/20-08:01:11.860,14.67327474
1779235272,2026/05/20-08:01:12.060,14.67820638
1779235272,2026/05/20-08:01:12.260,14.18065864
1779235272,2026/05/20-08:01:12.460,14.41518555
1779235273,2026/05/20-08:01:12.740,13.64037001
1779235273,2026/05/20-08:01:12.940,13.2726888
1779235273,2026/05/20-08:01:13.140,14.85738932
1779235273,2026/05/20-08:01:13.340,12.97788628
1779235274,2026/05/20-08:01:13.540,14.44039171
1779235274,2026/05/20-08:01:13.750,14.34669054
1779235274,2026/05/20-08:01:14.020,14.22065972
1779235274,2026/05/20-08:01:14.220,14.34340278
1779235274,2026/05/20-08:01:14.420,14.1866862
1779235275,2026/05/20-08:01:14.620,14.01353082
1779235275,2026/05/20-08:01:14.820,14.78999023
1779235275,2026/05/20-08:01:15.040,13.81407335
1779235275,2026/05/20-08:01:15.300,14.98506402
1779235276,2026/05/20-08:01:15.500,14.15216471
1779235276,2026/05/20-08:01:15.700,13.23542752
1779235276,2026/05/20-08:01:15.900,12.80801866
1779235276,2026/05/20-08:01:16.100,14.2332628
1779235276,2026/05/20-08:01:16.350,14.19600152
1779235277,2026/05/20-08:01:16.580,14.00202365
1779235277,2026/05/20-08:01:16.780,14.56423069
1779235277,2026/05/20-08:01:16.980,14.12531467
1779235277,2026/05/20-08:01:17.180,14.2195638
1779235277,2026/05/20-08:01:17.380,14.14778103
1779235278,2026/05/20-08:01:17.630,13.56968316
1779235278,2026/05/20-08:01:17.820,13.25789388
1779235278,2026/05/20-08:01:18.020,13.40693902
1779235278,2026/05/20-08:01:18.220,14.40477431
1779235278,2026/05/20-08:01:18.420,13.04583333
1779235279,2026/05/20-08:01:18.620,13.52803819
1779235279,2026/05/20-08:01:18.910,13.72585178
1779235279,2026/05/20-08:01:19.100,14.62121853
1779235279,2026/05/20-08:01:19.300,13.34556749
1779235280,2026/05/20-08:01:19.500,12.5948622
1779235280,2026/05/20-08:01:19.700,13.5526964
1779235280,2026/05/20-08:01:19.900,14.25956489
1779235280,2026/05/20-08:01:20.150,14.58834093
1779235280,2026/05/20-08:01:20.340,13.61680773
1779235281,2026/05/20-08:01:20.540,14.50614692
1779235281,2026/05/20-08:01:20.740,14.0727105
1779235281,2026/05/20-08:01:20.940,14.25572917
1779235281,2026/05/20-08:01:21.140,14.19380968
1779235281,2026/05/20-08:01:21.400,14.89793837
1779235282,2026/05/20-08:01:21.620,13.69461806
1779235282,2026/05/20-08:01:21.820,14.65574002
1779235282,2026/05/20-08:01:22.020,13.86777344
1779235282,2026/05/20-08:01:22.220,13.81297743
1779235282,2026/05/20-08:01:22.420,15.18506944
1779235283,2026/05/20-08:01:22.700,13.47105035
1779235283,2026/05/20-08:01:22.900,13.5499566
1779235283,2026/05/20-08:01:23.100,14.11051975
1779235283,2026/05/20-08:01:23.300,15.3379503
1779235284,2026/05/20-08:01:23.500,14.06668294
1779235284,2026/05/20-08:01:23.720,14.10449219
1779235284,2026/05/20-08:01:23.980,13.03323025
1779235284,2026/05/20-08:01:24.180,14.15874023
1779235284,2026/05/20-08:01:24.380,13.78119575
1779235285,2026/05/20-08:01:24.580,12.46773546
1779235285,2026/05/20-08:01:24.780,13.52749023
1779235285,2026/05/20-08:01:25.040,13.78612739
1779235285,2026/05/20-08:01:25.260,14.82122396
1779235285,2026/05/20-08:01:25.460,13.2206326
1779235286,2026/05/20-08:01:25.660,15.08260091
1779235286,2026/05/20-08:01:25.860,14.69683702
1779235286,2026/05/20-08:01:26.060,15.1664388
1779235286,2026/05/20-08:01:26.320,14.16202799
1779235287,2026/05/20-08:01:26.500,13.1367947
1779235287,2026/05/20-08:01:26.700,13.14063043
1779235287,2026/05/20-08:01:26.900,14.43436415
1779235287,2026/05/20-08:01:27.100,13.62831489
1779235287,2026/05/20-08:01:27.300,11.77894965
1779235288,2026/05/20-08:01:27.550,13.99928385
1779235288,2026/05/20-08:01:27.780,13.42721354
1779235288,2026/05/20-08:01:27.980,14.26066081
1779235288,2026/05/20-08:01:28.180,14.11051975
1779235288,2026/05/20-08:01:28.380,14.14997287
1779235289,2026/05/20-08:01:28.580,14.07928602
1779235289,2026/05/20-08:01:28.830,14.83382704
1779235289,2026/05/20-08:01:29.020,14.52806532
1779235289,2026/05/20-08:01:29.220,15.41411675
1779235289,2026/05/20-08:01:29.420,13.81516927
1779235290,2026/05/20-08:01:29.620,12.69623481
1779235290,2026/05/20-08:01:29.820,14.7987576
1779235290,2026/05/20-08:01:30.070,13.21570095
1779235290,2026/05/20-08:01:30.260,14.46998155
1779235290,2026/05/20-08:01:30.460,14.8590332
1779235291,2026/05/20-08:01:30.660,13.91380208
1779235291,2026/05/20-08:01:30.860,14.77190755
1779235291,2026/05/20-08:01:31.060,15.12643772
1779235291,2026/05/20-08:01:31.340,14.40148655
1779235292,2026/05/20-08:01:31.540,14.10613607
1779235292,2026/05/20-08:01:31.740,13.42885742
1779235292,2026/05/20-08:01:31.940,15.16863064
1779235292,2026/05/20-08:01:32.140,13.4085829
1779235292,2026/05/20-08:01:32.350,14.37299262
1779235293,2026/05/20-08:01:32.620,12.9324056
1779235293,2026/05/20-08:01:32.820,13.54064128
1779235293,2026/05/20-08:01:33.020,13.69461806
1779235293,2026/05/20-08:01:33.220,13.11158854
1779235293,2026/05/20-08:01:33.420,14.62505425
1779235294,2026/05/20-08:01:33.640,14.03325738
1779235294,2026/05/20-08:01:33.900,13.79544271
1779235294,2026/05/20-08:01:34.100,14.19106988
1779235294,2026/05/20-08:01:34.300,13.55872396
1779235295,2026/05/20-08:01:34.500,13.52201063
1779235295,2026/05/20-08:01:34.700,12.98062609
1779235295,2026/05/20-08:01:34.910,13.84804688
1779235295,2026/05/20-08:01:35.180,13.60146484
1779235295,2026/05/20-08:01:35.380,14.51984592
1779235296,2026/05/20-08:01:35.580,14.1675076
1779235296,2026/05/20-08:01:35.780,14.89355469
1779235296,2026/05/20-08:01:35.980,14.43710395
1779235296,2026/05/20-08:01:36.240,13.21241319
1779235296,2026/05/20-08:01:36.460,14.14394531
1779235297,2026/05/20-08:01:36.660,14.52642144
1779235297,2026/05/20-08:01:36.860,13.00364041
1779235297,2026/05/20-08:01:37.060,13.61735569
1779235297,2026/05/20-08:01:37.260,14.69683702
1779235298,2026/05/20-08:01:37.520,15.03218859
1779235298,2026/05/20-08:01:37.740,14.12915039
1779235298,2026/05/20-08:01:37.940,14.64313694
1779235298,2026/05/20-08:01:38.140,14.74724935
1779235298,2026/05/20-08:01:38.340,13.44858398
1779235299,2026/05/20-08:01:38.540,14.34559462
1779235299,2026/05/20-08:01:38.790,14.1839464
1779235299,2026/05/20-08:01:39.020,14.66779514
1779235299,2026/05/20-08:01:39.220,14.3938151
1779235299,2026/05/20-08:01:39.420,13.47652995
1779235300,2026/05/20-08:01:39.620,14.53683268
1779235300,2026/05/20-08:01:39.820,14.75437283
1779235300,2026/05/20-08:01:40.090,13.10172526
1779235300,2026/05/20-08:01:40.300,13.50831163
1779235301,2026/05/20-08:01:40.500,13.87982856
1779235301,2026/05/20-08:01:40.700,15.60590278
1779235301,2026/05/20-08:01:40.900,12.78062066
1779235301,2026/05/20-08:01:41.100,15.15438368
1779235301,2026/05/20-08:01:41.380,15.35658095
1779235302,2026/05/20-08:01:41.580,14.6847819
1779235302,2026/05/20-08:01:41.780,13.25953776
1779235302,2026/05/20-08:01:41.980,14.25353733
1779235302,2026/05/20-08:01:42.180,14.34285482
1779235302,2026/05/20-08:01:42.380,14.79437391
1779235303,2026/05/20-08:01:42.660,12.7691135
1779235303,2026/05/20-08:01:42.860,14.5160102
1779235303,2026/05/20-08:01:43.060,13.22008464
1779235303,2026/05/20-08:01:43.260,14.10887587
1779235303,2026/05/20-08:01:43.460,14.25189345
1779235304,2026/05/20-08:01:43.660,14.22394748
1779235304,2026/05/20-08:01:43.940,13.99983181
1779235304,2026/05/20-08:01:44.140,12.81240234
1779235304,2026/05/20-08:01:44.340,13.87215712
1779235305,2026/05/20-08:01:44.540,13.82119683
1779235305,2026/05/20-08:01:44.740,13.17405599
1779235305,2026/05/20-08:01:44.950,15.27274306
1779235305,2026/05/20-08:01:45.220,14.60094401
1779235305,2026/05/20-08:01:45.420,14.67820638
1779235306,2026/05/20-08:01:45.620,13.00638021
1779235306,2026/05/20-08:01:45.820,14.31162109
1779235306,2026/05/20-08:01:46.020,12.48691406
1779235306,2026/05/20-08:01:46.240,13.79544271
1779235307,2026/05/20-08:01:46.500,13.31488173
1779235307,2026/05/20-08:01:46.700,13.18008355
1779235307,2026/05/20-08:01:46.900,13.62995877
1779235307,2026/05/20-08:01:47.100,14.10065647
1779235307,2026/05/20-08:01:47.300,15.12369792
1779235308,2026/05/20-08:01:47.560,14.22723524
1779235308,2026/05/20-08:01:47.780,13.62941081
1779235308,2026/05/20-08:01:47.980,14.39600694
1779235308,2026/05/20-08:01:48.180,13.63708225
1779235308,2026/05/20-08:01:48.380,14.83108724
1779235309,2026/05/20-08:01:48.580,14.6902615
1779235309,2026/05/20-08:01:48.810,15.02451714
1779235309,2026/05/20-08:01:49.020,14.31545681
1779235309,2026/05/20-08:01:49.220,14.74560547
1779235309,2026/05/20-08:01:49.420,14.63930122
1779235310,2026/05/20-08:01:49.620,14.4803928
1779235310,2026/05/20-08:01:49.820,13.0984375
1779235310,2026/05/20-08:01:50.050,13.82010091
1779235310,2026/05/20-08:01:50.300,13.61790365
1779235311,2026/05/20-08:01:50.500,14.52368164
1779235311,2026/05/20-08:01:50.700,12.69568685
1779235311,2026/05/20-08:01:50.900,13.98668077
1779235311,2026/05/20-08:01:51.100,14.18175456
1779235311,2026/05/20-08:01:51.360,13.44803602
1779235312,2026/05/20-08:01:51.580,12.84034831
1779235312,2026/05/20-08:01:51.780,15.14945204
1779235312,2026/05/20-08:01:51.980,12.6195204
1779235312,2026/05/20-08:01:52.180,13.02391493
1779235312,2026/05/20-08:01:52.380,13.57406684
1779235313,2026/05/20-08:01:52.640,12.70938585
1779235313,2026/05/20-08:01:52.860,13.1093967
1779235313,2026/05/20-08:01:53.060,13.65023329
1779235313,2026/05/20-08:01:53.260,13.27378472
1779235313,2026/05/20-08:01:53.460,14.491352
1779235314,2026/05/20-08:01:53.660,13.48913303
1779235314,2026/05/20-08:01:53.940,14.19380968
1779235314,2026/05/20-08:01:54.140,13.68749457
1779235314,2026/05/20-08:01:54.340,14.67765842
1779235315,2026/05/20-08:01:54.540,14.52916124
1779235315,2026/05/20-08:01:54.740,14.13024631
1779235315,2026/05/20-08:01:54.950,14.33463542
1779235315,2026/05/20-08:01:55.220,13.66119249
1779235315,2026/05/20-08:01:55.420,14.08421766
1779235316,2026/05/20-08:01:55.620,12.65623372
1779235316,2026/05/20-08:01:55.820,14.31381293
1779235316,2026/05/20-08:01:56.020,13.3976237
1779235316,2026/05/20-08:01:56.240,13.10227322
1779235317,2026/05/20-08:01:56.500,13.93352865
1779235317,2026/05/20-08:01:56.700,13.68694661
1779235317,2026/05/20-08:01:56.900,14.38997938
1779235317,2026/05/20-08:01:57.100,14.70286458
1779235317,2026/05/20-08:01:57.300,13.87708876
1779235318,2026/05/20-08:01:57.530,14.46285807
1779235318,2026/05/20-08:01:57.780,13.79270291
1779235318,2026/05/20-08:01:57.980,14.36203342
1779235318,2026/05/20-08:01:58.180,15.39329427
1779235318,2026/05/20-08:01:58.380,14.82560764
1779235319,2026/05/20-08:01:58.580,14.77848307
1779235319,2026/05/20-08:01:58.850,13.69516602
1779235319,2026/05/20-08:01:59.060,13.84311523
1779235319,2026/05/20-08:01:59.260,12.96692708
1779235319,2026/05/20-08:01:59.460,12.98884549
1779235320,2026/05/20-08:01:59.660,13.08090278
1779235320,2026/05/20-08:01:59.860,13.02007921
1779235320,2026/05/20-08:02:00.110,14.91492513
1779235320,2026/05/20-08:02:00.340,13.72201606
1779235321,2026/05/20-08:02:00.540,15.67604167
1779235321,2026/05/20-08:02:00.740,13.84475911
1779235321,2026/05/20-08:02:00.940,14.52094184
1779235321,2026/05/20-08:02:01.140,14.23216688
1779235321,2026/05/20-08:02:01.400,13.36365017
1779235322,2026/05/20-08:02:01.620,14.61683485
1779235322,2026/05/20-08:02:01.820,13.58064236
1779235322,2026/05/20-08:02:02.020,14.20805664
1779235322,2026/05/20-08:02:02.220,14.8425944
1779235322,2026/05/20-08:02:02.420,14.44093967
1779235323,2026/05/20-08:02:02.670,13.84969076
1779235323,2026/05/20-08:02:02.860,13.42063802
1779235323,2026/05/20-08:02:03.060,13.34721137
1779235323,2026/05/20-08:02:03.260,14.10668403
1779235323,2026/05/20-08:02:03.460,14.60039605
1779235324,2026/05/20-08:02:03.660,12.97733832
1779235324,2026/05/20-08:02:03.940,14.54833984
1779235324,2026/05/20-08:02:04.140,13.46776259
1779235324,2026/05/20-08:02:04.340,12.38225369
1779235325,2026/05/20-08:02:04.540,14.67272678
1779235325,2026/05/20-08:02:04.740,14.07764214
1779235325,2026/05/20-08:02:04.950,15.59494358
1779235325,2026/05/20-08:02:05.220,13.81736111
1779235325,2026/05/20-08:02:05.420,14.71656359
1779235326,2026/05/20-08:02:05.620,15.83659397
1779235326,2026/05/20-08:02:05.820,13.2233724
1779235326,2026/05/20-08:02:06.020,13.0819987
1779235326,2026/05/20-08:02:06.250,13.65132921
1779235327,2026/05/20-08:02:06.500,13.40255534
1779235327,2026/05/20-08:02:06.700,13.86941732
1779235327,2026/05/20-08:02:06.900,13.77352431
1779235327,2026/05/20-08:02:07.100,14.08860135
1779235327,2026/05/20-08:02:07.300,13.39159614
1779235328,2026/05/20-08:02:07.560,14.63382161
1779235328,2026/05/20-08:02:07.780,13.66009657
1779235328,2026/05/20-08:02:07.980,14.48422852
1779235328,2026/05/20-08:02:08.180,15.1253418
1779235328,2026/05/20-08:02:08.380,14.53464084
1779235329,2026/05/20-08:02:08.580,14.14065755
1779235329,2026/05/20-08:02:08.830,13.98174913
1779235329,2026/05/20-08:02:09.020,13.51707899
1779235329,2026/05/20-08:02:09.220,15.32315538
1779235329,2026/05/20-08:02:09.420,14.1866862
1779235330,2026/05/20-08:02:09.620,13.52475043
1779235330,2026/05/20-08:02:09.820,13.50447591
1779235330,2026/05/20-08:02:10.100,13.95818685
1779235330,2026/05/20-08:02:10.300,15.00643446
1779235331,2026/05/20-08:02:10.500,13.35871853
1779235331,2026/05/20-08:02:10.700,15.00533854
1779235331,2026/05/20-08:02:10.900,13.08802626
1779235331,2026/05/20-08:02:11.100,13.69461806
1779235331,2026/05/20-08:02:11.420,13.81571723
1779235332,2026/05/20-08:02:11.620,14.69464518
1779235332,2026/05/20-08:02:11.820,14.44258355
1779235332,2026/05/20-08:02:12.020,13.95983073
1779235332,2026/05/20-08:02:12.220,13.0984375
1779235332,2026/05/20-08:02:12.450,14.6519043
1779235333,2026/05/20-08:02:12.700,15.2995931
1779235333,2026/05/20-08:02:12.900,13.35926649
1779235333,2026/05/20-08:02:13.100,15.34452582
1779235333,2026/05/20-08:02:13.300,13.03651801
1779235334,2026/05/20-08:02:13.500,14.02668186
1779235334,2026/05/20-08:02:13.710,14.61135525
1779235334,2026/05/20-08:02:13.940,14.3664171
1779235334,2026/05/20-08:02:14.140,14.00421549
1779235334,2026/05/20-08:02:14.340,13.92476128
1779235335,2026/05/20-08:02:14.540,14.3280599
1779235335,2026/05/20-08:02:14.740,13.68256293
1779235335,2026/05/20-08:02:14.980,15.1664388
1779235335,2026/05/20-08:02:15.220,14.17956272
1779235335,2026/05/20-08:02:15.420,14.48970812
1779235336,2026/05/20-08:02:15.620,14.48368056
1779235336,2026/05/20-08:02:15.820,12.89569227
1779235336,2026/05/20-08:02:16.020,14.02229818
1779235336,2026/05/20-08:02:16.240,14.50285916
1779235337,2026/05/20-08:02:16.500,15.75275608
1779235337,2026/05/20-08:02:16.700,14.50833876
1779235337,2026/05/20-08:02:16.900,14.33189562
1779235337,2026/05/20-08:02:17.100,13.7406467
1779235337,2026/05/20-08:02:17.300,14.68697374
1779235338,2026/05/20-08:02:17.550,14.52806532
1779235338,2026/05/20-08:02:17.740,14.31984049
1779235338,2026/05/20-08:02:17.940,13.71434462
1779235338,2026/05/20-08:02:18.140,13.79489475
1779235338,2026/05/20-08:02:18.340,14.26340061
1779235339,2026/05/20-08:02:18.540,13.73352322
1779235339,2026/05/20-08:02:18.800,14.64149306
1779235339,2026/05/20-08:02:19.020,13.64420573
1779235339,2026/05/20-08:02:19.220,14.76259223
1779235339,2026/05/20-08:02:19.420,14.91766493
1779235340,2026/05/20-08:02:19.620,13.54338108
1779235340,2026/05/20-08:02:19.820,14.2003852
1779235340,2026/05/20-08:02:20.100,14.0233941
1779235340,2026/05/20-08:02:20.300,14.02175022
1779235341,2026/05/20-08:02:20.500,12.82774523
1779235341,2026/05/20-08:02:20.700,13.26282552
1779235341,2026/05/20-08:02:20.900,13.28693576
1779235341,2026/05/20-08:02:21.130,13.20693359
1779235341,2026/05/20-08:02:21.380,13.63434245
1779235342,2026/05/20-08:02:21.580,13.74174262
1779235342,2026/05/20-08:02:21.780,14.15271267
1779235342,2026/05/20-08:02:21.980,13.32529297
1779235342,2026/05/20-08:02:22.180,14.09024523
1779235342,2026/05/20-08:02:22.390,14.34943034
1779235343,2026/05/20-08:02:22.660,13.27652452
1779235343,2026/05/20-08:02:22.860,14.41573351
1779235343,2026/05/20-08:02:23.060,14.30778537
1779235343,2026/05/20-08:02:23.260,15.45521376
1779235343,2026/05/20-08:02:23.460,14.58834093
1779235344,2026/05/20-08:02:23.720,14.76861979
1779235344,2026/05/20-08:02:23.940,14.45683051
1779235344,2026/05/20-08:02:24.140,13.49516059
1779235344,2026/05/20-08:02:24.340,12.71650933
1779235345,2026/05/20-08:02:24.540,13.5417372
1779235345,2026/05/20-08:02:24.740,13.66228841
1779235345,2026/05/20-08:02:25.010,14.32751194
1779235345,2026/05/20-08:02:25.220,14.24312609
1779235345,2026/05/20-08:02:25.420,13.15542535
1779235346,2026/05/20-08:02:25.620,13.23761936
1779235346,2026/05/20-08:02:25.820,13.85023872
1779235346,2026/05/20-08:02:26.020,13.35762261
1779235346,2026/05/20-08:02:26.270,14.09901259
1779235346,2026/05/20-08:02:26.460,13.87325304
1779235347,2026/05/20-08:02:26.660,14.38504774
1779235347,2026/05/20-08:02:26.860,14.23929036
1779235347,2026/05/20-08:02:27.060,14.05736762
1779235347,2026/05/20-08:02:27.260,14.51984592
1779235348,2026/05/20-08:02:27.510,12.3395128
1779235348,2026/05/20-08:02:27.700,14.40313043
1779235348,2026/05/20-08:02:27.900,14.9702691
1779235348,2026/05/20-08:02:28.100,14.97191298
1779235348,2026/05/20-08:02:28.300,14.18339844
1779235349,2026/05/20-08:02:28.500,15.23055013
1779235349,2026/05/20-08:02:28.760,14.56971029
1779235349,2026/05/20-08:02:28.940,13.47324219
1779235349,2026/05/20-08:02:29.140,14.13572591
1779235349,2026/05/20-08:02:29.340,14.19600152
1779235350,2026/05/20-08:02:29.540,14.02942166
1779235350,2026/05/20-08:02:29.740,14.45080295
1779235350,2026/05/20-08:02:30.000,13.76092122
1779235350,2026/05/20-08:02:30.220,14.28531901
1779235350,2026/05/20-08:02:30.420,15.00807834
1779235351,2026/05/20-08:02:30.620,13.4277615
1779235351,2026/05/20-08:02:30.820,14.1675076
1779235351,2026/05/20-08:02:31.020,13.87325304
1779235351,2026/05/20-08:02:31.300,14.08805339
1779235352,2026/05/20-08:02:31.500,13.63324653
1779235352,2026/05/20-08:02:31.700,14.06065538
1779235352,2026/05/20-08:02:31.900,12.95815972
1779235352,2026/05/20-08:02:32.100,13.79160699
1779235352,2026/05/20-08:02:32.300,14.3390191
1779235353,2026/05/20-08:02:32.580,14.21518012
1779235353,2026/05/20-08:02:32.780,13.81626519
1779235353,2026/05/20-08:02:32.980,13.64858941
1779235353,2026/05/20-08:02:33.180,14.54779188
1779235353,2026/05/20-08:02:33.380,14.85026584
1779235354,2026/05/20-08:02:33.610,13.51543511
1779235354,2026/05/20-08:02:33.860,15.36644423
1779235354,2026/05/20-08:02:34.060,14.34066298
1779235354,2026/05/20-08:02:34.260,14.7149197
1779235354,2026/05/20-08:02:34.460,13.13186306
1779235355,2026/05/20-08:02:34.660,13.56255968
1779235355,2026/05/20-08:02:34.870,14.06613498
1779235355,2026/05/20-08:02:35.140,14.16695964
1779235355,2026/05/20-08:02:35.340,14.59710829
1779235356,2026/05/20-08:02:35.540,13.49570855
1779235356,2026/05/20-08:02:35.740,15.19054905
1779235356,2026/05/20-08:02:35.940,15.08095703
1779235356,2026/05/20-08:02:36.190,13.48146159
1779235356,2026/05/20-08:02:36.420,14.60587565
1779235357,2026/05/20-08:02:36.620,14.43929579
1779235357,2026/05/20-08:02:36.820,13.28967556
1779235357,2026/05/20-08:02:37.020,13.94010417
1779235357,2026/05/20-08:02:37.220,14.16257595
1779235357,2026/05/20-08:02:37.470,13.93517253
1779235358,2026/05/20-08:02:37.660,13.18611111
1779235358,2026/05/20-08:02:37.860,15.54124349
1779235358,2026/05/20-08:02:38.060,13.80640191
1779235358,2026/05/20-08:02:38.260,13.8491428
1779235358,2026/05/20-08:02:38.460,14.61190321
1779235359,2026/05/20-08:02:38.700,13.29953885
1779235359,2026/05/20-08:02:38.900,14.22339952
1779235359,2026/05/20-08:02:39.100,13.25625
1779235359,2026/05/20-08:02:39.300,13.03158637
1779235360,2026/05/20-08:02:39.500,13.36200629
1779235360,2026/05/20-08:02:39.700,13.26611328
1779235360,2026/05/20-08:02:39.980,13.03049045
1779235360,2026/05/20-08:02:40.180,14.56149089
1779235360,2026/05/20-08:02:40.380,13.42337782
1779235361,2026/05/20-08:02:40.580,14.75985243
1779235361,2026/05/20-08:02:40.780,14.80533312
1779235361,2026/05/20-08:02:40.980,13.74448242
1779235361,2026/05/20-08:02:41.260,14.0590115
1779235361,2026/05/20-08:02:41.460,14.47600911
1779235362,2026/05/20-08:02:41.660,13.20474175
1779235362,2026/05/20-08:02:41.860,13.62831489
1779235362,2026/05/20-08:02:42.060,13.6913303
1779235362,2026/05/20-08:02:42.290,14.58505317
1779235363,2026/05/20-08:02:42.540,14.23929036
1779235363,2026/05/20-08:02:42.740,12.9461046
1779235363,2026/05/20-08:02:42.940,12.91213108
1779235363,2026/05/20-08:02:43.140,13.26666124
1779235363,2026/05/20-08:02:43.340,12.90281576
1779235364,2026/05/20-08:02:43.560,15.43329536
1779235364,2026/05/20-08:02:43.820,14.72587891
1779235364,2026/05/20-08:02:44.020,15.15767144
1779235364,2026/05/20-08:02:44.220,15.24753689
1779235364,2026/05/20-08:02:44.420,13.77023655
1779235365,2026/05/20-08:02:44.620,13.78119575
1779235365,2026/05/20-08:02:44.830,13.03323025
1779235365,2026/05/20-08:02:45.060,13.72859158
1779235365,2026/05/20-08:02:45.260,13.88804796
1779235365,2026/05/20-08:02:45.460,14.18449436
1779235366,2026/05/20-08:02:45.660,14.39491102
1779235366,2026/05/20-08:02:45.860,14.53299696
1779235366,2026/05/20-08:02:46.070,13.27378472
1779235366,2026/05/20-08:02:46.300,14.0507921
1779235367,2026/05/20-08:02:46.500,13.77626411
1779235367,2026/05/20-08:02:46.700,12.9707628
1779235367,2026/05/20-08:02:46.900,13.84421115
1779235367,2026/05/20-08:02:47.100,13.87544488
1779235367,2026/05/20-08:02:47.350,13.7324273
1779235368,2026/05/20-08:02:47.580,14.0343533
1779235368,2026/05/20-08:02:47.780,14.203125
1779235368,2026/05/20-08:02:47.980,14.25572917
1779235368,2026/05/20-08:02:48.180,13.52420247
1779235368,2026/05/20-08:02:48.380,13.45187174
1779235369,2026/05/20-08:02:48.630,15.09246419
1779235369,2026/05/20-08:02:48.860,14.14997287
1779235369,2026/05/20-08:02:49.060,14.11435547
1779235369,2026/05/20-08:02:49.260,14.09956055
1779235369,2026/05/20-08:02:49.460,14.21463216
1779235370,2026/05/20-08:02:49.660,14.55765516
1779235370,2026/05/20-08:02:49.920,14.62615017
1779235370,2026/05/20-08:02:50.140,15.4902832
1779235370,2026/05/20-08:02:50.340,14.1784668
1779235371,2026/05/20-08:02:50.540,15.33466254
1779235371,2026/05/20-08:02:50.740,13.80366211
1779235371,2026/05/20-08:02:50.940,13.53187391
1779235371,2026/05/20-08:02:51.190,13.79215495
1779235371,2026/05/20-08:02:51.380,13.37460938
1779235372,2026/05/20-08:02:51.580,13.90339084
1779235372,2026/05/20-08:02:51.780,14.13682183
1779235372,2026/05/20-08:02:51.980,15.0058865
1779235372,2026/05/20-08:02:52.180,14.10065647
1779235372,2026/05/20-08:02:52.440,14.26778429
1779235373,2026/05/20-08:02:52.620,14.34504666
1779235373,2026/05/20-08:02:52.820,13.76749674
1779235373,2026/05/20-08:02:53.020,13.94120009
1779235373,2026/05/20-08:02:53.220,13.95709093
1779235373,2026/05/20-08:02:53.420,14.15764431
1779235374,2026/05/20-08:02:53.670,14.76752387
1779235374,2026/05/20-08:02:53.860,13.63379449
1779235374,2026/05/20-08:02:54.060,13.87873264
1779235374,2026/05/20-08:02:54.260,13.32858073
1779235374,2026/05/20-08:02:54.460,13.88311632
1779235375,2026/05/20-08:02:54.660,14.53628472
1779235375,2026/05/20-08:02:54.910,15.54946289
1779235375,2026/05/20-08:02:55.100,14.14778103
1779235375,2026/05/20-08:02:55.300,13.57077908
1779235376,2026/05/20-08:02:55.500,14.38888346
1779235376,2026/05/20-08:02:55.700,12.98829753
1779235376,2026/05/20-08:02:55.900,13.38885634
1779235376,2026/05/20-08:02:56.140,13.48529731
1779235376,2026/05/20-08:02:56.340,13.26008572
1779235377,2026/05/20-08:02:56.540,14.82725152
1779235377,2026/05/20-08:02:56.740,14.55546332
1779235377,2026/05/20-08:02:56.940,14.23709852
1779235377,2026/05/20-08:02:57.140,12.92747396
1779235377,2026/05/20-08:02:57.380,14.91492513
1779235378,2026/05/20-08:02:57.580,13.79873047
1779235378,2026/05/20-08:02:57.780,15.6426161
1779235378,2026/05/20-08:02:57.980,14.24915365
1779235378,2026/05/20-08:02:58.180,14.81355252
1779235378,2026/05/20-08:02:58.380,14.20696072
1779235379,2026/05/20-08:02:58.640,13.81955295
1779235379,2026/05/20-08:02:58.820,14.73738607
1779235379,2026/05/20-08:02:59.020,14.68259006
1779235379,2026/05/20-08:02:59.220,14.57190213
1779235379,2026/05/20-08:02:59.420,14.2223036
1779235380,2026/05/20-08:02:59.620,13.58338216
1779235380,2026/05/20-08:02:59.860,13.94393989
1779235380,2026/05/20-08:03:00.100,14.27929145
1779235380,2026/05/20-08:03:00.300,13.22282444
1779235381,2026/05/20-08:03:00.500,15.15602756
1779235381,2026/05/20-08:03:00.700,14.03818902
1779235381,2026/05/20-08:03:00.900,14.67327474
1779235381,2026/05/20-08:03:01.160,15.08314887
1779235381,2026/05/20-08:03:01.380,14.11106771
1779235382,2026/05/20-08:03:01.580,13.40255534
1779235382,2026/05/20-08:03:01.780,14.04147678
1779235382,2026/05/20-08:03:01.980,14.98068034
1779235382,2026/05/20-08:03:02.180,14.29134657
1779235382,2026/05/20-08:03:02.460,14.62724609
1779235383,2026/05/20-08:03:02.660,14.1647678
1779235383,2026/05/20-08:03:02.860,14.74779731
1779235383,2026/05/20-08:03:03.060,14.51272244
1779235383,2026/05/20-08:03:03.260,14.09572483
1779235383,2026/05/20-08:03:03.460,14.5242296
1779235384,2026/05/20-08:03:03.740,14.10065647
1779235384,2026/05/20-08:03:03.940,14.13682183
1779235384,2026/05/20-08:03:04.140,14.12202691
1779235384,2026/05/20-08:03:04.340,13.8929796
1779235385,2026/05/20-08:03:04.540,14.43162435
1779235385,2026/05/20-08:03:04.760,13.98339301
1779235385,2026/05/20-08:03:05.020,13.35104709
1779235385,2026/05/20-08:03:05.220,14.67985026
1779235385,2026/05/20-08:03:05.420,15.24096137
1779235386,2026/05/20-08:03:05.620,14.22833116
1779235386,2026/05/20-08:03:05.820,14.14504123
1779235386,2026/05/20-08:03:06.050,14.46340603
1779235386,2026/05/20-08:03:06.300,13.81297743
1779235387,2026/05/20-08:03:06.500,12.07539605
1779235387,2026/05/20-08:03:06.700,13.95873481
1779235387,2026/05/20-08:03:06.900,14.14778103
1779235387,2026/05/20-08:03:07.100,13.94229601
1779235387,2026/05/20-08:03:07.370,14.9620497
1779235388,2026/05/20-08:03:07.580,11.79867622
1779235388,2026/05/20-08:03:07.780,13.89462348
1779235388,2026/05/20-08:03:07.980,14.63546549
1779235388,2026/05/20-08:03:08.180,14.0398329
1779235388,2026/05/20-08:03:08.380,14.79985352
1779235389,2026/05/20-08:03:08.660,15.25849609
1779235389,2026/05/20-08:03:08.860,12.43266602
1779235389,2026/05/20-08:03:09.060,13.84092339
1779235389,2026/05/20-08:03:09.260,14.68313802
1779235389,2026/05/20-08:03:09.460,13.5910536
1779235390,2026/05/20-08:03:09.660,15.06287435
1779235390,2026/05/20-08:03:09.910,13.59872504
1779235390,2026/05/20-08:03:10.100,14.04586046
1779235390,2026/05/20-08:03:10.300,14.25518121
1779235391,2026/05/20-08:03:10.500,14.52587348
1779235391,2026/05/20-08:03:10.700,13.67215169
1779235391,2026/05/20-08:03:10.900,13.54831272
1779235391,2026/05/20-08:03:11.150,14.14887695
1779235391,2026/05/20-08:03:11.340,14.31545681
1779235392,2026/05/20-08:03:11.540,14.22668728
1779235392,2026/05/20-08:03:11.740,13.31323785
1779235392,2026/05/20-08:03:11.940,12.77678494
1779235392,2026/05/20-08:03:12.140,14.25737305
1779235392,2026/05/20-08:03:12.390,13.269949
1779235393,2026/05/20-08:03:12.580,14.08202582
1779235393,2026/05/20-08:03:12.780,13.96750217
1779235393,2026/05/20-08:03:12.980,13.80640191
1779235393,2026/05/20-08:03:13.180,13.04309353
1779235393,2026/05/20-08:03:13.380,14.3718967
1779235394,2026/05/20-08:03:13.630,13.67215169
1779235394,2026/05/20-08:03:13.820,13.88804796
1779235394,2026/05/20-08:03:14.020,13.78557943
1779235394,2026/05/20-08:03:14.220,13.33680013
1779235394,2026/05/20-08:03:14.420,14.79546984
1779235395,2026/05/20-08:03:14.620,14.87437609
1779235395,2026/05/20-08:03:14.880,14.11983507
1779235395,2026/05/20-08:03:15.100,12.47485894
1779235395,2026/05/20-08:03:15.300,14.30449761
1779235396,2026/05/20-08:03:15.500,14.1784668
1779235396,2026/05/20-08:03:15.700,12.45677626
1779235396,2026/05/20-08:03:15.900,14.41518555
1779235396,2026/05/20-08:03:16.180,13.04802517
1779235396,2026/05/20-08:03:16.380,14.56477865
1779235397,2026/05/20-08:03:16.580,14.51929796
1779235397,2026/05/20-08:03:16.780,13.29405924
1779235397,2026/05/20-08:03:16.980,14.1812066
1779235397,2026/05/20-08:03:17.180,14.25518121
1779235398,2026/05/20-08:03:17.500,14.54779188
1779235398,2026/05/20-08:03:17.700,14.97355686
1779235398,2026/05/20-08:03:17.900,13.93955621
1779235398,2026/05/20-08:03:18.100,13.48584527
1779235398,2026/05/20-08:03:18.300,14.861773
1779235399,2026/05/20-08:03:18.510,14.47710503
1779235399,2026/05/20-08:03:18.780,15.1198622
1779235399,2026/05/20-08:03:18.980,14.61299913
1779235399,2026/05/20-08:03:19.180,13.50995551
1779235399,2026/05/20-08:03:19.380,15.11767036
1779235400,2026/05/20-08:03:19.580,13.914898
1779235400,2026/05/20-08:03:19.820,14.43655599
1779235400,2026/05/20-08:03:20.060,13.52584635
1779235400,2026/05/20-08:03:20.260,14.89793837
1779235400,2026/05/20-08:03:20.460,14.17791884
1779235401,2026/05/20-08:03:20.660,14.62834201
1779235401,2026/05/20-08:03:20.860,13.35214301
1779235401,2026/05/20-08:03:21.120,13.95325521
1779235401,2026/05/20-08:03:21.340,14.48751628
1779235402,2026/05/20-08:03:21.540,14.70012478
1779235402,2026/05/20-08:03:21.740,14.92972005
1779235402,2026/05/20-08:03:21.940,14.21572808
1779235402,2026/05/20-08:03:22.140,13.5828342
1779235402,2026/05/20-08:03:22.380,13.4085829
1779235403,2026/05/20-08:03:22.580,13.38830838
1779235403,2026/05/20-08:03:22.780,14.30942925
1779235403,2026/05/20-08:03:22.980,14.71711155
1779235403,2026/05/20-08:03:23.180,14.45792643
1779235403,2026/05/20-08:03:23.380,14.19928928
1779235404,2026/05/20-08:03:23.660,12.96966688
1779235404,2026/05/20-08:03:23.860,13.83379991
1779235404,2026/05/20-08:03:24.060,14.83875868
1779235404,2026/05/20-08:03:24.260,13.27433268
1779235404,2026/05/20-08:03:24.460,12.67212457
1779235405,2026/05/20-08:03:24.670,13.48200955
1779235405,2026/05/20-08:03:24.940,13.76475694
1779235405,2026/05/20-08:03:25.140,14.09353299
1779235405,2026/05/20-08:03:25.340,12.9789822
1779235406,2026/05/20-08:03:25.540,13.5883138
1779235406,2026/05/20-08:03:25.740,14.54176432
1779235406,2026/05/20-08:03:25.960,14.26011285
1779235406,2026/05/20-08:03:26.180,14.55984701
1779235406,2026/05/20-08:03:26.380,13.52529839
1779235407,2026/05/20-08:03:26.580,14.00640734
1779235407,2026/05/20-08:03:26.780,14.06010742
1779235407,2026/05/20-08:03:26.980,14.74505751
1779235407,2026/05/20-08:03:27.190,14.3527181
1779235407,2026/05/20-08:03:27.460,14.57518989
1779235408,2026/05/20-08:03:27.660,14.04750434
1779235408,2026/05/20-08:03:27.860,13.7159885
1779235408,2026/05/20-08:03:28.060,13.55214844
1779235408,2026/05/20-08:03:28.260,14.25244141
1779235409,2026/05/20-08:03:28.520,14.96040582
1779235409,2026/05/20-08:03:28.740,14.02558594
1779235409,2026/05/20-08:03:28.940,13.85791016
1779235409,2026/05/20-08:03:29.140,13.30830621
1779235409,2026/05/20-08:03:29.340,14.55820313
1779235410,2026/05/20-08:03:29.540,13.97078993
1779235410,2026/05/20-08:03:29.790,14.17737088
1779235410,2026/05/20-08:03:30.020,13.71544054
1779235410,2026/05/20-08:03:30.220,13.55488824
1779235410,2026/05/20-08:03:30.420,14.33737522
1779235411,2026/05/20-08:03:30.620,15.19274089
1779235411,2026/05/20-08:03:30.820,14.48422852
1779235411,2026/05/20-08:03:31.070,14.26614041
1779235411,2026/05/20-08:03:31.300,14.4995714
1779235412,2026/05/20-08:03:31.500,13.41625434
1779235412,2026/05/20-08:03:31.700,13.38721246
1779235412,2026/05/20-08:03:31.900,14.68423394
1779235412,2026/05/20-08:03:32.100,13.90722656
1779235412,2026/05/20-08:03:32.360,14.6847819
1779235413,2026/05/20-08:03:32.540,13.558176
1779235413,2026/05/20-08:03:32.740,13.65790473
1779235413,2026/05/20-08:03:32.940,14.22120768
1779235413,2026/05/20-08:03:33.140,13.63105469
1779235413,2026/05/20-08:03:33.340,15.24096137
1779235414,2026/05/20-08:03:33.600,13.20912543
1779235414,2026/05/20-08:03:33.820,14.07983398
1779235414,2026/05/20-08:03:34.020,14.36477322
1779235414,2026/05/20-08:03:34.220,14.19709744
1779235414,2026/05/20-08:03:34.420,13.53844944
1779235415,2026/05/20-08:03:34.620,13.97955729
1779235415,2026/05/20-08:03:34.900,14.76094835
1779235415,2026/05/20-08:03:35.100,14.1812066
1779235415,2026/05/20-08:03:35.300,14.62943793
1779235416,2026/05/20-08:03:35.500,13.914898
1779235416,2026/05/20-08:03:35.700,12.97240668
1779235416,2026/05/20-08:03:35.900,13.11925998
1779235416,2026/05/20-08:03:36.180,15.0031467
1779235416,2026/05/20-08:03:36.380,14.20970052
1779235417,2026/05/20-08:03:36.580,13.61845161
1779235417,2026/05/20-08:03:36.780,13.74941406
1779235417,2026/05/20-08:03:36.980,14.11545139
1779235417,2026/05/20-08:03:37.220,15.32534722
1779235417,2026/05/20-08:03:37.460,12.91158312
1779235418,2026/05/20-08:03:37.660,13.23104384
1779235418,2026/05/20-08:03:37.860,13.35543077
1779235418,2026/05/20-08:03:38.060,13.64530165
1779235418,2026/05/20-08:03:38.260,15.20479601
1779235419,2026/05/20-08:03:38.510,14.65354818
1779235419,2026/05/20-08:03:38.740,14.0069553
1779235419,2026/05/20-08:03:38.940,13.05514865
1779235419,2026/05/20-08:03:39.140,14.71327582
1779235419,2026/05/20-08:03:39.340,13.66009657
1779235420,2026/05/20-08:03:39.540,14.95602214
1779235420,2026/05/20-08:03:39.800,13.7379069
1779235420,2026/05/20-08:03:40.020,12.57951931
1779235420,2026/05/20-08:03:40.220,15.33904622
1779235420,2026/05/20-08:03:40.420,14.48696832
1779235421,2026/05/20-08:03:40.620,13.78229167
1779235421,2026/05/20-08:03:40.820,14.33847114
1779235421,2026/05/20-08:03:41.100,14.25024957
1779235421,2026/05/20-08:03:41.300,13.18501519
1779235422,2026/05/20-08:03:41.500,15.06397027
1779235422,2026/05/20-08:03:41.700,14.93793945
1779235422,2026/05/20-08:03:41.900,13.75818142
1779235422,2026/05/20-08:03:42.100,14.80862088
1779235422,2026/05/20-08:03:42.380,13.69790582
1779235423,2026/05/20-08:03:42.580,14.29792209
1779235423,2026/05/20-08:03:42.780,14.8453342
1779235423,2026/05/20-08:03:42.980,14.67765842
1779235423,2026/05/20-08:03:43.180,14.47272135
1779235423,2026/05/20-08:03:43.380,12.98720161
1779235424,2026/05/20-08:03:43.620,12.88034939
1779235424,2026/05/20-08:03:43.820,14.68259006
1779235424,2026/05/20-08:03:44.020,14.10942383
1779235424,2026/05/20-08:03:44.220,13.06391602
1779235424,2026/05/20-08:03:44.420,14.65026042
1779235425,2026/05/20-08:03:44.620,14.92369249
1779235425,2026/05/20-08:03:44.870,13.61899957
1779235425,2026/05/20-08:03:45.060,13.63598633
1779235425,2026/05/20-08:03:45.260,14.08476563
1779235425,2026/05/20-08:03:45.460,14.82177192
1779235426,2026/05/20-08:03:45.660,14.87437609
1779235426,2026/05/20-08:03:45.860,14.08750543
1779235426,2026/05/20-08:03:46.140,13.40419922
1779235426,2026/05/20-08:03:46.340,13.7625651
1779235427,2026/05/20-08:03:46.540,13.70448134
1779235427,2026/05/20-08:03:46.740,14.00421549
1779235427,2026/05/20-08:03:46.940,14.39491102
1779235427,2026/05/20-08:03:47.150,14.49737956
1779235427,2026/05/20-08:03:47.420,13.14172635
1779235428,2026/05/20-08:03:47.620,14.57190213
1779235428,2026/05/20-08:03:47.820,13.20474175
1779235428,2026/05/20-08:03:48.020,13.34830729
1779235428,2026/05/20-08:03:48.220,13.01843533
1779235428,2026/05/20-08:03:48.480,14.35490994
1779235429,2026/05/20-08:03:48.700,14.62067057
1779235429,2026/05/20-08:03:48.900,14.71053602
1779235429,2026/05/20-08:03:49.100,13.83544379
1779235429,2026/05/20-08:03:49.300,13.74448242
1779235430,2026/05/20-08:03:49.500,13.61078016
1779235430,2026/05/20-08:03:49.760,14.50285916
1779235430,2026/05/20-08:03:49.980,12.67048069
1779235430,2026/05/20-08:03:50.180,13.13898655
1779235430,2026/05/20-08:03:50.380,13.91818576
1779235431,2026/05/20-08:03:50.580,13.99161241
1779235431,2026/05/20-08:03:50.780,14.91547309
1779235431,2026/05/20-08:03:51.030,14.62505425
1779235431,2026/05/20-08:03:51.220,14.54505208
1779235431,2026/05/20-08:03:51.420,14.84369032
1779235432,2026/05/20-08:03:51.620,13.0765191
1779235432,2026/05/20-08:03:51.820,13.79653863
1779235432,2026/05/20-08:03:52.020,13.49242079
1779235432,2026/05/20-08:03:52.270,13.45954319
1779235432,2026/05/20-08:03:52.460,14.14778103
1779235433,2026/05/20-08:03:52.660,13.60365668
1779235433,2026/05/20-08:03:52.860,14.37847222
1779235433,2026/05/20-08:03:53.060,13.58502604
1779235433,2026/05/20-08:03:53.260,13.56310764
1779235434,2026/05/20-08:03:53.510,14.12038303
1779235434,2026/05/20-08:03:53.700,14.26230469
1779235434,2026/05/20-08:03:53.900,13.4496799
1779235434,2026/05/20-08:03:54.100,14.01901042
1779235434,2026/05/20-08:03:54.300,13.32584093
1779235435,2026/05/20-08:03:54.500,12.70281033
1779235435,2026/05/20-08:03:54.780,13.45899523
1779235435,2026/05/20-08:03:54.980,13.97517361
1779235435,2026/05/20-08:03:55.180,16.10125868
1779235435,2026/05/20-08:03:55.380,12.44746094
1779235436,2026/05/20-08:03:55.580,14.30942925
1779235436,2026/05/20-08:03:55.790,14.44915907
1779235436,2026/05/20-08:03:56.060,14.23435872
1779235436,2026/05/20-08:03:56.260,14.97081706
1779235436,2026/05/20-08:03:56.460,14.00421549
1779235437,2026/05/20-08:03:56.660,16.03221571
1779235437,2026/05/20-08:03:56.860,13.36419813
1779235437,2026/05/20-08:03:57.060,15.13849284
1779235437,2026/05/20-08:03:57.340,14.03544922
1779235438,2026/05/20-08:03:57.540,13.30337457
1779235438,2026/05/20-08:03:57.740,13.02007921
1779235438,2026/05/20-08:03:57.940,13.92750109
1779235438,2026/05/20-08:03:58.140,14.57299805
1779235438,2026/05/20-08:03:58.370,15.55877821
1779235439,2026/05/20-08:03:58.660,13.86064996
1779235439,2026/05/20-08:03:58.860,14.27655165
1779235439,2026/05/20-08:03:59.060,14.73683811
1779235439,2026/05/20-08:03:59.260,14.03764106
1779235439,2026/05/20-08:03:59.460,12.68143989
1779235440,2026/05/20-08:03:59.730,13.46447483
1779235440,2026/05/20-08:03:59.940,14.83766276
1779235440,2026/05/20-08:04:00.140,13.0682997
1779235440,2026/05/20-08:04:00.340,14.12147895
1779235441,2026/05/20-08:04:00.540,12.81075846
1779235441,2026/05/20-08:04:00.740,13.66557617
1779235441,2026/05/20-08:04:00.990,14.9675293
1779235441,2026/05/20-08:04:01.180,13.6968099
1779235441,2026/05/20-08:04:01.380,13.98503689
1779235442,2026/05/20-08:04:01.580,13.44639214
1779235442,2026/05/20-08:04:01.780,14.78341471
1779235442,2026/05/20-08:04:01.980,15.0168457
1779235442,2026/05/20-08:04:02.240,13.79818251
1779235442,2026/05/20-08:04:02.460,13.50611979
1779235443,2026/05/20-08:04:02.660,13.48694119
1779235443,2026/05/20-08:04:02.860,13.37077365
1779235443,2026/05/20-08:04:03.060,14.87328016
1779235443,2026/05/20-08:04:03.260,14.67272678
1779235444,2026/05/20-08:04:03.510,13.09898546
1779235444,2026/05/20-08:04:03.700,13.98010525
1779235444,2026/05/20-08:04:03.900,14.05024414
1779235444,2026/05/20-08:04:04.100,14.39052734
1779235444,2026/05/20-08:04:04.300,14.54450412
1779235445,2026/05/20-08:04:04.500,14.21518012
1779235445,2026/05/20-08:04:04.770,12.51814779
1779235445,2026/05/20-08:04:04.980,13.76640082
1779235445,2026/05/20-08:04:05.180,13.31104601
1779235445,2026/05/20-08:04:05.380,14.60587565
1779235446,2026/05/20-08:04:05.580,12.81733398
1779235446,2026/05/20-08:04:05.780,14.50285916
1779235446,2026/05/20-08:04:06.030,13.70283746
1779235446,2026/05/20-08:04:06.260,14.37573242
1779235446,2026/05/20-08:04:06.460,13.44036458
1779235447,2026/05/20-08:04:06.660,15.61960178
1779235447,2026/05/20-08:04:06.860,13.26063368
1779235447,2026/05/20-08:04:07.060,13.3839247
1779235447,2026/05/20-08:04:07.340,13.77023655
1779235448,2026/05/20-08:04:07.540,14.08531359
1779235448,2026/05/20-08:04:07.740,14.35929362
1779235448,2026/05/20-08:04:07.940,14.62341037
1779235448,2026/05/20-08:04:08.140,13.76640082
1779235448,2026/05/20-08:04:08.340,14.70834418
1779235449,2026/05/20-08:04:08.620,13.9203776
1779235449,2026/05/20-08:04:08.820,12.9461046
1779235449,2026/05/20-08:04:09.020,14.48642036
1779235449,2026/05/20-08:04:09.220,13.34556749
1779235449,2026/05/20-08:04:09.420,14.70067274
1779235450,2026/05/20-08:04:09.630,14.97081706
1779235450,2026/05/20-08:04:09.900,14.47326931
1779235450,2026/05/20-08:04:10.100,14.52532552
1779235450,2026/05/20-08:04:10.300,13.97626953
1779235451,2026/05/20-08:04:10.500,14.43600803
1779235451,2026/05/20-08:04:10.700,14.175727
1779235451,2026/05/20-08:04:10.920,14.55655924
1779235451,2026/05/20-08:04:11.180,13.70557726
1779235451,2026/05/20-08:04:11.380,14.12860243
1779235452,2026/05/20-08:04:11.580,15.0004069
1779235452,2026/05/20-08:04:11.780,14.13079427
1779235452,2026/05/20-08:04:11.980,13.91161024
1779235452,2026/05/20-08:04:12.240,12.72308485
1779235452,2026/05/20-08:04:12.460,13.08364258
1779235453,2026/05/20-08:04:12.660,13.80037435
1779235453,2026/05/20-08:04:12.860,12.84966363
1779235453,2026/05/20-08:04:13.060,14.00147569
1779235453,2026/05/20-08:04:13.260,13.558176
1779235454,2026/05/20-08:04:13.540,12.74500326
1779235454,2026/05/20-08:04:13.740,13.78777127
1779235454,2026/05/20-08:04:13.940,14.44477539
1779235454,2026/05/20-08:04:14.140,12.41293945
1779235454,2026/05/20-08:04:14.340,13.65900065
1779235455,2026/05/20-08:04:14.540,13.6102322
1779235455,2026/05/20-08:04:14.820,14.45025499
1779235455,2026/05/20-08:04:15.020,11.67428928
1779235455,2026/05/20-08:04:15.220,13.68201497
1779235455,2026/05/20-08:04:15.420,14.0672309
1779235456,2026/05/20-08:04:15.620,14.820676
1779235456,2026/05/20-08:04:15.820,13.0984375
1779235456,2026/05/20-08:04:16.080,15.02287326
1779235456,2026/05/20-08:04:16.300,14.62121853
1779235457,2026/05/20-08:04:16.500,14.32203234
1779235457,2026/05/20-08:04:16.700,13.40803494
1779235457,2026/05/20-08:04:16.900,14.90560981
1779235457,2026/05/20-08:04:17.100,13.45351563
1779235457,2026/05/20-08:04:17.350,13.40255534
1779235458,2026/05/20-08:04:17.540,13.55708008
1779235458,2026/05/20-08:04:17.740,12.72089301
1779235458,2026/05/20-08:04:17.940,15.02451714
1779235458,2026/05/20-08:04:18.140,14.79711372
1779235458,2026/05/20-08:04:18.340,14.80094944
1779235459,2026/05/20-08:04:18.620,13.62721897
1779235459,2026/05/20-08:04:18.820,13.52091471
1779235459,2026/05/20-08:04:19.020,13.03597005
1779235459,2026/05/20-08:04:19.220,13.84037543
1779235459,2026/05/20-08:04:19.420,13.70831706
1779235460,2026/05/20-08:04:19.630,13.96311849
1779235460,2026/05/20-08:04:19.860,13.18063151
1779235460,2026/05/20-08:04:20.060,14.38723958
1779235460,2026/05/20-08:04:20.260,14.24750977
1779235460,2026/05/20-08:04:20.460,13.53077799
1779235461,2026/05/20-08:04:20.660,14.3390191
1779235461,2026/05/20-08:04:20.870,13.9203776
1779235461,2026/05/20-08:04:21.140,13.45899523
1779235461,2026/05/20-08:04:21.340,14.98068034
1779235462,2026/05/20-08:04:21.540,14.62450629
1779235462,2026/05/20-08:04:21.740,14.41354167
1779235462,2026/05/20-08:04:21.940,15.10506727
1779235462,2026/05/20-08:04:22.160,13.96037869
1779235462,2026/05/20-08:04:22.420,13.95051541
1779235463,2026/05/20-08:04:22.620,13.92695313
1779235463,2026/05/20-08:04:22.820,14.58669705
1779235463,2026/05/20-08:04:23.020,14.15600043
1779235463,2026/05/20-08:04:23.220,14.6738227
1779235464,2026/05/20-08:04:23.500,14.82999132
1779235464,2026/05/20-08:04:23.700,14.42011719
1779235464,2026/05/20-08:04:23.900,14.18065864
1779235464,2026/05/20-08:04:24.100,13.98942057
1779235464,2026/05/20-08:04:24.300,13.92859701
1779235465,2026/05/20-08:04:24.500,12.4754069
1779235465,2026/05/20-08:04:24.780,14.20531684
1779235465,2026/05/20-08:04:24.980,14.02668186
1779235465,2026/05/20-08:04:25.180,14.08202582
1779235465,2026/05/20-08:04:25.380,14.3444987
1779235466,2026/05/20-08:04:25.580,13.14063043
1779235466,2026/05/20-08:04:25.790,14.25572917
1779235466,2026/05/20-08:04:26.060,13.74667426
1779235466,2026/05/20-08:04:26.260,14.24531793
1779235466,2026/05/20-08:04:26.460,14.49573568
1779235467,2026/05/20-08:04:26.660,14.48696832
1779235467,2026/05/20-08:04:26.860,13.7269477
1779235467,2026/05/20-08:04:27.080,14.24422201
1779235467,2026/05/20-08:04:27.340,14.46833767
1779235468,2026/05/20-08:04:27.540,12.97953016
1779235468,2026/05/20-08:04:27.740,13.59488932
1779235468,2026/05/20-08:04:27.940,14.07161458
1779235468,2026/05/20-08:04:28.140,13.32364909
1779235468,2026/05/20-08:04:28.400,13.78996311
1779235469,2026/05/20-08:04:28.620,14.30888129
1779235469,2026/05/20-08:04:28.820,13.51817491
1779235469,2026/05/20-08:04:29.020,15.27109918
1779235469,2026/05/20-08:04:29.220,13.79379883
1779235469,2026/05/20-08:04:29.420,13.99161241
1779235470,2026/05/20-08:04:29.670,14.10065647
1779235470,2026/05/20-08:04:29.900,14.57080621
1779235470,2026/05/20-08:04:30.100,12.30170356
1779235470,2026/05/20-08:04:30.300,14.68806966
1779235471,2026/05/20-08:04:30.500,14.72916667
1779235471,2026/05/20-08:04:30.700,15.17520616
1779235471,2026/05/20-08:04:30.910,14.6573839
1779235471,2026/05/20-08:04:31.140,13.38173286
1779235471,2026/05/20-08:04:31.340,14.7094401
1779235472,2026/05/20-08:04:31.540,13.60913628
1779235472,2026/05/20-08:04:31.740,14.78012695
1779235472,2026/05/20-08:04:31.940,12.21457791
1779235472,2026/05/20-08:04:32.200,13.96914605
1779235472,2026/05/20-08:04:32.420,13.48255751
1779235473,2026/05/20-08:04:32.620,14.91054145
1779235473,2026/05/20-08:04:32.820,14.50998264
1779235473,2026/05/20-08:04:33.020,15.16972656
1779235473,2026/05/20-08:04:33.220,14.14613715
1779235473,2026/05/20-08:04:33.470,14.37518446
1779235474,2026/05/20-08:04:33.660,13.35433485
1779235474,2026/05/20-08:04:33.860,14.10065647
1779235474,2026/05/20-08:04:34.060,13.63160265
1779235474,2026/05/20-08:04:34.260,14.29025065
1779235474,2026/05/20-08:04:34.460,13.74229058
1779235475,2026/05/20-08:04:34.730,13.80804579
1779235475,2026/05/20-08:04:34.940,14.81958008
1779235475,2026/05/20-08:04:35.140,13.31268989
1779235475,2026/05/20-08:04:35.340,15.52809245
1779235476,2026/05/20-08:04:35.540,14.66231554
1779235476,2026/05/20-08:04:35.740,13.98832465
1779235476,2026/05/20-08:04:36.030,13.98120117
1779235476,2026/05/20-08:04:36.220,12.10005425
1779235476,2026/05/20-08:04:36.420,14.22339952
1779235477,2026/05/20-08:04:36.620,12.87486979
1779235477,2026/05/20-08:04:36.820,13.87708876
1779235477,2026/05/20-08:04:37.020,14.52532552
1779235477,2026/05/20-08:04:37.250,15.39932183
1779235478,2026/05/20-08:04:37.500,14.42614475
1779235478,2026/05/20-08:04:37.700,12.47157118
1779235478,2026/05/20-08:04:37.900,14.89848633
1779235478,2026/05/20-08:04:38.100,13.14665799
1779235478,2026/05/20-08:04:38.300,13.21076931
1779235479,2026/05/20-08:04:38.570,13.49461263
1779235479,2026/05/20-08:04:38.780,14.71382378
1779235479,2026/05/20-08:04:38.980,13.81078559
1779235479,2026/05/20-08:04:39.180,14.3992947
1779235479,2026/05/20-08:04:39.380,13.64639757
1779235480,2026/05/20-08:04:39.580,13.92859701
1779235480,2026/05/20-08:04:39.830,15.3187717
1779235480,2026/05/20-08:04:40.060,14.23983832
1779235480,2026/05/20-08:04:40.260,14.81300456
1779235480,2026/05/20-08:04:40.460,14.14339735
1779235481,2026/05/20-08:04:40.660,14.42011719
1779235481,2026/05/20-08:04:40.860,13.15104167
1779235481,2026/05/20-08:04:41.120,13.70064562
1779235481,2026/05/20-08:04:41.340,14.49354384
1779235482,2026/05/20-08:04:41.540,13.46940647
1779235482,2026/05/20-08:04:41.740,14.92095269
1779235482,2026/05/20-08:04:41.940,14.60094401
1779235482,2026/05/20-08:04:42.140,14.46998155
1779235482,2026/05/20-08:04:42.400,13.67653537
1779235483,2026/05/20-08:04:42.580,14.77081163
1779235483,2026/05/20-08:04:42.780,14.4968316
1779235483,2026/05/20-08:04:42.980,14.30449761
1779235483,2026/05/20-08:04:43.180,13.30501845
1779235483,2026/05/20-08:04:43.380,14.00257161
1779235484,2026/05/20-08:04:43.630,14.91985677
1779235484,2026/05/20-08:04:43.820,14.81410048
1779235484,2026/05/20-08:04:44.020,14.6656033
1779235484,2026/05/20-08:04:44.220,13.33406033
1779235484,2026/05/20-08:04:44.420,14.08038194
1779235485,2026/05/20-08:04:44.620,14.20641276
1779235485,2026/05/20-08:04:44.900,14.09901259
1779235485,2026/05/20-08:04:45.100,13.29022352
1779235485,2026/05/20-08:04:45.300,12.25019531
1779235486,2026/05/20-08:04:45.500,14.14010959
1779235486,2026/05/20-08:04:45.700,13.76585286
1779235486,2026/05/20-08:04:45.900,14.28257921
1779235486,2026/05/20-08:04:46.180,12.60910916
1779235486,2026/05/20-08:04:46.380,10.95865343
1779235487,2026/05/20-08:04:46.580,15.1253418
1779235487,2026/05/20-08:04:46.780,14.99109158
1779235487,2026/05/20-08:04:46.980,14.31655273
1779235487,2026/05/20-08:04:47.200,14.47436523
1779235487,2026/05/20-08:04:47.460,13.90996636
1779235488,2026/05/20-08:04:47.660,13.36912977
1779235488,2026/05/20-08:04:47.860,13.94503581
1779235488,2026/05/20-08:04:48.060,14.27983941
1779235488,2026/05/20-08:04:48.260,14.50340712
1779235488,2026/05/20-08:04:48.490,13.84311523
1779235489,2026/05/20-08:04:48.740,15.32370334
1779235489,2026/05/20-08:04:48.940,15.16698676
1779235489,2026/05/20-08:04:49.140,14.99602322
1779235489,2026/05/20-08:04:49.340,15.29466146
1779235490,2026/05/20-08:04:49.540,13.89900716
1779235490,2026/05/20-08:04:49.800,13.72201606
1779235490,2026/05/20-08:04:50.020,13.75927734
1779235490,2026/05/20-08:04:50.220,13.51324327
1779235490,2026/05/20-08:04:50.420,13.7516059
1779235491,2026/05/20-08:04:50.620,15.18780924
1779235491,2026/05/20-08:04:50.820,14.05736762
1779235491,2026/05/20-08:04:51.030,14.15106879
1779235491,2026/05/20-08:04:51.260,14.12367079
1779235491,2026/05/20-08:04:51.460,13.87599284
1779235492,2026/05/20-08:04:51.660,14.3883355
1779235492,2026/05/20-08:04:51.860,15.42671984
1779235492,2026/05/20-08:04:52.060,14.97684462
1779235492,2026/05/20-08:04:52.310,13.90503472
1779235493,2026/05/20-08:04:52.540,13.95928277
1779235493,2026/05/20-08:04:52.740,13.97407769
1779235493,2026/05/20-08:04:52.940,15.26178385
1779235493,2026/05/20-08:04:53.140,15.14561632
1779235493,2026/05/20-08:04:53.340,15.21191949
1779235494,2026/05/20-08:04:53.600,14.53573676
1779235494,2026/05/20-08:04:53.820,13.66228841
1779235494,2026/05/20-08:04:54.020,15.03438043
1779235494,2026/05/20-08:04:54.220,15.15657552
1779235494,2026/05/20-08:04:54.420,14.0535319
1779235495,2026/05/20-08:04:54.620,13.60530056
1779235495,2026/05/20-08:04:54.870,13.81626519
1779235495,2026/05/20-08:04:55.060,14.31162109
1779235495,2026/05/20-08:04:55.260,14.44093967
1779235495,2026/05/20-08:04:55.460,14.38997938
1779235496,2026/05/20-08:04:55.660,13.8847602
1779235496,2026/05/20-08:04:55.860,13.82777235
1779235496,2026/05/20-08:04:56.130,14.59984809
1779235496,2026/05/20-08:04:56.340,13.99161241
1779235497,2026/05/20-08:04:56.540,14.29518229
1779235497,2026/05/20-08:04:56.740,13.0847385
1779235497,2026/05/20-08:04:56.940,13.54831272
1779235497,2026/05/20-08:04:57.140,12.56910807
1779235497,2026/05/20-08:04:57.390,13.58995768
1779235498,2026/05/20-08:04:57.620,15.0278049
1779235498,2026/05/20-08:04:57.820,13.81955295
1779235498,2026/05/20-08:04:58.020,13.23104384
1779235498,2026/05/20-08:04:58.220,13.80640191
1779235498,2026/05/20-08:04:58.420,13.87873264
1779235499,2026/05/20-08:04:58.680,15.1664388
1779235499,2026/05/20-08:04:58.860,14.88478733
1779235499,2026/05/20-08:04:59.060,14.9784885
1779235499,2026/05/20-08:04:59.260,15.51329753
1779235499,2026/05/20-08:04:59.460,13.84969076
1779235500,2026/05/20-08:04:59.660,14.03599718
1779235500,2026/05/20-08:04:59.940,14.35929362
1779235500,2026/05/20-08:05:00.140,14.44751519
1779235500,2026/05/20-08:05:00.340,13.67105577
1779235501,2026/05/20-08:05:00.540,15.39000651
1779235501,2026/05/20-08:05:00.740,13.50885959
1779235501,2026/05/20-08:05:00.950,13.92695313
1779235501,2026/05/20-08:05:01.220,15.30562066
1779235501,2026/05/20-08:05:01.420,15.56316189
1779235502,2026/05/20-08:05:01.620,13.04966905
1779235502,2026/05/20-08:05:01.820,12.12361654
1779235502,2026/05/20-08:05:02.020,12.44855686
1779235502,2026/05/20-08:05:02.230,12.44088542
1779235503,2026/05/20-08:05:02.500,14.74779731
1779235503,2026/05/20-08:05:02.700,14.3362793
1779235503,2026/05/20-08:05:02.900,13.33351237
1779235503,2026/05/20-08:05:03.100,14.1647678
1779235503,2026/05/20-08:05:03.300,14.44696723
1779235504,2026/05/20-08:05:03.560,13.41625434
1779235504,2026/05/20-08:05:03.780,14.38997938
1779235504,2026/05/20-08:05:03.980,14.12476671
1779235504,2026/05/20-08:05:04.180,14.43600803
1779235504,2026/05/20-08:05:04.380,14.19874132
1779235505,2026/05/20-08:05:04.580,12.54390191
1779235505,2026/05/20-08:05:04.840,14.17353516
1779235505,2026/05/20-08:05:05.060,12.19211155
1779235505,2026/05/20-08:05:05.260,13.99818793
1779235505,2026/05/20-08:05:05.460,14.15052083
1779235506,2026/05/20-08:05:05.660,15.16479492
1779235506,2026/05/20-08:05:05.860,13.7570855
1779235506,2026/05/20-08:05:06.110,14.57683377
1779235506,2026/05/20-08:05:06.300,14.42724067
1779235507,2026/05/20-08:05:06.500,13.90996636
1779235507,2026/05/20-08:05:06.700,13.07487522
1779235507,2026/05/20-08:05:06.900,14.41025391
1779235507,2026/05/20-08:05:07.100,13.33844401
1779235507,2026/05/20-08:05:07.360,14.61793077
1779235508,2026/05/20-08:05:07.540,12.92089844
1779235508,2026/05/20-08:05:07.740,14.94889865
1779235508,2026/05/20-08:05:07.940,13.63215061
1779235508,2026/05/20-08:05:08.140,15.0086263
1779235508,2026/05/20-08:05:08.340,14.87108832
1779235509,2026/05/20-08:05:08.610,13.71434462
1779235509,2026/05/20-08:05:08.820,13.34282769
1779235509,2026/05/20-08:05:09.020,14.00585938
1779235509,2026/05/20-08:05:09.220,13.78393555
1779235509,2026/05/20-08:05:09.420,13.30392253
1779235510,2026/05/20-08:05:09.620,14.9976671
1779235510,2026/05/20-08:05:09.870,13.52968207
1779235510,2026/05/20-08:05:10.060,12.83267687
1779235510,2026/05/20-08:05:10.260,14.40970595
1779235510,2026/05/20-08:05:10.460,14.60697157
1779235511,2026/05/20-08:05:10.660,15.04917535
1779235511,2026/05/20-08:05:10.860,13.52036675
1779235511,2026/05/20-08:05:11.140,14.37299262
1779235511,2026/05/20-08:05:11.340,15.09958767
1779235512,2026/05/20-08:05:11.540,13.32036133
1779235512,2026/05/20-08:05:11.740,13.45406359
1779235512,2026/05/20-08:05:11.940,15.08424479
1779235512,2026/05/20-08:05:12.160,13.92256944
1779235512,2026/05/20-08:05:12.420,13.78941515
1779235513,2026/05/20-08:05:12.620,14.48916016
1779235513,2026/05/20-08:05:12.820,13.97407769
1779235513,2026/05/20-08:05:13.020,14.10010851
1779235513,2026/05/20-08:05:13.220,13.41077474
1779235513,2026/05/20-08:05:13.470,14.189426
1779235514,2026/05/20-08:05:13.700,13.18720703
1779235514,2026/05/20-08:05:13.900,13.13186306
1779235514,2026/05/20-08:05:14.100,14.73464627
1779235514,2026/05/20-08:05:14.300,13.52968207
1779235515,2026/05/20-08:05:14.500,13.09898546
1779235515,2026/05/20-08:05:14.760,14.70012478
1779235515,2026/05/20-08:05:14.980,14.5379286
1779235515,2026/05/20-08:05:15.180,13.20748155
1779235515,2026/05/20-08:05:15.380,14.75382487
1779235516,2026/05/20-08:05:15.580,13.42392578
1779235516,2026/05/20-08:05:15.780,14.56971029
1779235516,2026/05/20-08:05:16.050,14.57135417
1779235516,2026/05/20-08:05:16.260,12.47047526
1779235516,2026/05/20-08:05:16.460,13.48474935
1779235517,2026/05/20-08:05:16.660,14.27107205
1779235517,2026/05/20-08:05:16.860,13.38885634
1779235517,2026/05/20-08:05:17.060,14.68094618
1779235517,2026/05/20-08:05:17.310,13.89900716
1779235518,2026/05/20-08:05:17.500,14.04312066
1779235518,2026/05/20-08:05:17.700,14.3362793
1779235518,2026/05/20-08:05:17.900,12.40417209
1779235518,2026/05/20-08:05:18.100,14.50669488
1779235518,2026/05/20-08:05:18.300,14.31655273
1779235519,2026/05/20-08:05:18.580,15.23548177
1779235519,2026/05/20-08:05:18.780,15.22890625
1779235519,2026/05/20-08:05:18.980,14.30614149
1779235519,2026/05/20-08:05:19.180,13.85078668
1779235519,2026/05/20-08:05:19.380,14.48148872
1779235520,2026/05/20-08:05:19.580,13.66502821
1779235520,2026/05/20-08:05:19.820,15.31274414
1779235520,2026/05/20-08:05:20.020,13.9066786
1779235520,2026/05/20-08:05:20.220,12.75377062
1779235520,2026/05/20-08:05:20.420,15.57905273
1779235521,2026/05/20-08:05:20.620,13.92530924
1779235521,2026/05/20-08:05:20.820,14.23381076
1779235521,2026/05/20-08:05:21.100,12.67924805
1779235521,2026/05/20-08:05:21.300,13.36365017
1779235522,2026/05/20-08:05:21.500,13.75763346
1779235522,2026/05/20-08:05:21.700,13.2315918
1779235522,2026/05/20-08:05:21.900,13.66995985
1779235522,2026/05/20-08:05:22.100,14.43546007
1779235522,2026/05/20-08:05:22.380,14.28805881
1779235523,2026/05/20-08:05:22.580,13.92804905
1779235523,2026/05/20-08:05:22.780,13.33186849
1779235523,2026/05/20-08:05:22.980,13.17022027
1779235523,2026/05/20-08:05:23.180,13.23652344
1779235523,2026/05/20-08:05:23.390,14.93136393
1779235524,2026/05/20-08:05:23.660,13.52639431
1779235524,2026/05/20-08:05:23.860,14.78615451
1779235524,2026/05/20-08:05:24.060,14.80040148
1779235524,2026/05/20-08:05:24.260,12.85185547
1779235524,2026/05/20-08:05:24.460,14.18997396
1779235525,2026/05/20-08:05:24.670,13.65900065
1779235525,2026/05/20-08:05:24.940,13.49844835
1779235525,2026/05/20-08:05:25.140,14.2140842
1779235525,2026/05/20-08:05:25.340,13.68311089
1779235526,2026/05/20-08:05:25.540,14.92204861
1779235526,2026/05/20-08:05:25.740,14.51655816
1779235526,2026/05/20-08:05:25.960,14.0535319
1779235526,2026/05/20-08:05:26.220,13.73187934
1779235526,2026/05/20-08:05:26.420,15.26397569
1779235527,2026/05/20-08:05:26.620,14.216824
1779235527,2026/05/20-08:05:26.820,14.04202474
1779235527,2026/05/20-08:05:27.020,13.81845703
1779235527,2026/05/20-08:05:27.240,14.98287218
1779235528,2026/05/20-08:05:27.500,14.42724067
1779235528,2026/05/20-08:05:27.700,14.83875868
1779235528,2026/05/20-08:05:27.900,13.82010091
1779235528,2026/05/20-08:05:28.100,13.56201172
1779235528,2026/05/20-08:05:28.300,14.79546984
1779235529,2026/05/20-08:05:28.580,14.15983615
1779235529,2026/05/20-08:05:28.780,14.82451172
1779235529,2026/05/20-08:05:28.980,14.37847222
1779235529,2026/05/20-08:05:29.180,14.10120443
1779235529,2026/05/20-08:05:29.380,14.10339627
1779235530,2026/05/20-08:05:29.580,13.68859049
1779235530,2026/05/20-08:05:29.830,12.84801975
1779235530,2026/05/20-08:05:30.020,13.37460938
1779235530,2026/05/20-08:05:30.220,13.21405707
1779235530,2026/05/20-08:05:30.420,13.99216037
1779235531,2026/05/20-08:05:30.620,13.50118815
1779235531,2026/05/20-08:05:30.820,14.83821072
1779235531,2026/05/20-08:05:31.100,14.46724175
1779235531,2026/05/20-08:05:31.300,13.93791233
1779235532,2026/05/20-08:05:31.500,13.96640625
1779235532,2026/05/20-08:05:31.700,14.7012207
1779235532,2026/05/20-08:05:31.900,13.67434353
1779235532,2026/05/20-08:05:32.100,14.99109158
1779235532,2026/05/20-08:05:32.350,14.0836697
1779235533,2026/05/20-08:05:32.540,13.95544705
1779235533,2026/05/20-08:05:32.740,14.34504666
1779235533,2026/05/20-08:05:32.940,13.66831597
1779235533,2026/05/20-08:05:33.140,14.80040148
1779235533,2026/05/20-08:05:33.340,14.63656141
1779235534,2026/05/20-08:05:33.600,13.25405816
1779235534,2026/05/20-08:05:33.820,13.12419162
1779235534,2026/05/20-08:05:34.020,15.3105523
1779235534,2026/05/20-08:05:34.220,15.59713542
1779235534,2026/05/20-08:05:34.420,12.22334527
1779235535,2026/05/20-08:05:34.620,14.1949056
1779235535,2026/05/20-08:05:34.870,13.23268772
1779235535,2026/05/20-08:05:35.100,13.12145182
1779235535,2026/05/20-08:05:35.300,14.07106662
1779235536,2026/05/20-08:05:35.500,12.95870768
1779235536,2026/05/20-08:05:35.700,14.18887804
1779235536,2026/05/20-08:05:35.900,14.66998698
1779235536,2026/05/20-08:05:36.160,14.01736654
1779235536,2026/05/20-08:05:36.380,15.08862847
1779235537,2026/05/20-08:05:36.580,14.43710395
1779235537,2026/05/20-08:05:36.780,13.81297743
1779235537,2026/05/20-08:05:36.980,14.74779731
1779235537,2026/05/20-08:05:37.180,14.60532769
1779235537,2026/05/20-08:05:37.450,13.77790799
1779235538,2026/05/20-08:05:37.660,14.58943685
1779235538,2026/05/20-08:05:37.860,14.44641927
1779235538,2026/05/20-08:05:38.060,13.95489909
1779235538,2026/05/20-08:05:38.260,14.05462782
1779235538,2026/05/20-08:05:38.460,13.6995497
1779235539,2026/05/20-08:05:38.740,14.23161892
1779235539,2026/05/20-08:05:38.940,13.19159071
1779235539,2026/05/20-08:05:39.140,14.38449978
1779235539,2026/05/20-08:05:39.340,14.29956597
1779235540,2026/05/20-08:05:39.540,14.00914714
1779235540,2026/05/20-08:05:39.740,14.74450955
1779235540,2026/05/20-08:05:40.060,12.63705512
1779235540,2026/05/20-08:05:40.260,13.80859375
1779235540,2026/05/20-08:05:40.460,12.67870009
1779235541,2026/05/20-08:05:40.660,13.17843967
1779235541,2026/05/20-08:05:40.860,14.30504557
1779235541,2026/05/20-08:05:41.080,14.27271593
1779235541,2026/05/20-08:05:41.300,14.42395291
1779235542,2026/05/20-08:05:41.500,14.1866862
1779235542,2026/05/20-08:05:41.700,13.50447591
1779235542,2026/05/20-08:05:41.900,14.70067274
1779235542,2026/05/20-08:05:42.100,13.38228082
1779235542,2026/05/20-08:05:42.320,13.79325087
1779235543,2026/05/20-08:05:42.540,14.22559136
1779235543,2026/05/20-08:05:42.740,14.20805664
1779235543,2026/05/20-08:05:42.940,13.79599067
1779235543,2026/05/20-08:05:43.140,13.98065321
1779235543,2026/05/20-08:05:43.340,14.78341471
1779235544,2026/05/20-08:05:43.550,14.47381727
1779235544,2026/05/20-08:05:43.780,13.85571832
1779235544,2026/05/20-08:05:43.980,13.20364583
1779235544,2026/05/20-08:05:44.180,13.76420898
1779235544,2026/05/20-08:05:44.380,14.90396593
1779235545,2026/05/20-08:05:44.580,14.26504449
1779235545,2026/05/20-08:05:44.800,13.2343316
1779235545,2026/05/20-08:05:45.020,13.63379449
1779235545,2026/05/20-08:05:45.220,13.83270399
1779235545,2026/05/20-08:05:45.420,15.06287435
1779235546,2026/05/20-08:05:45.620,14.98342014
1779235546,2026/05/20-08:05:45.820,14.95492622
1779235546,2026/05/20-08:05:46.060,13.07323134
1779235546,2026/05/20-08:05:46.300,14.66231554
1779235547,2026/05/20-08:05:46.500,14.29408637
1779235547,2026/05/20-08:05:46.700,13.46666667
1779235547,2026/05/20-08:05:46.900,12.9598036
1779235547,2026/05/20-08:05:47.100,13.59708116
1779235547,2026/05/20-08:05:47.350,13.77571615
1779235548,2026/05/20-08:05:47.540,15.06835395
1779235548,2026/05/20-08:05:47.740,13.83489583
1779235548,2026/05/20-08:05:47.940,13.90887044
1779235548,2026/05/20-08:05:48.140,15.451926
1779235548,2026/05/20-08:05:48.340,14.03325738
1779235549,2026/05/20-08:05:48.600,13.10282118
1779235549,2026/05/20-08:05:48.820,14.92259657
1779235549,2026/05/20-08:05:49.020,14.46833767
1779235549,2026/05/20-08:05:49.220,14.83218316
1779235549,2026/05/20-08:05:49.420,13.77407227
1779235550,2026/05/20-08:05:49.620,14.95109049
1779235550,2026/05/20-08:05:49.880,13.17241211
1779235550,2026/05/20-08:05:50.060,14.27052409
1779235550,2026/05/20-08:05:50.260,13.4414605
1779235550,2026/05/20-08:05:50.460,14.62067057
1779235551,2026/05/20-08:05:50.660,13.25241428
1779235551,2026/05/20-08:05:50.860,14.47381727
1779235551,2026/05/20-08:05:51.140,14.82779948
1779235551,2026/05/20-08:05:51.340,14.25901693
1779235552,2026/05/20-08:05:51.540,12.9570638
1779235552,2026/05/20-08:05:51.740,14.04476454
1779235552,2026/05/20-08:05:51.940,14.24203016
1779235552,2026/05/20-08:05:52.140,14.21627604
1779235552,2026/05/20-08:05:52.420,14.99602322
1779235553,2026/05/20-08:05:52.620,14.42066515
1779235553,2026/05/20-08:05:52.820,13.81462131
1779235553,2026/05/20-08:05:53.020,13.64913737
1779235553,2026/05/20-08:05:53.220,13.37132161
1779235553,2026/05/20-08:05:53.450,14.77683919
1779235554,2026/05/20-08:05:53.700,14.69354926
1779235554,2026/05/20-08:05:53.900,14.62505425
1779235554,2026/05/20-08:05:54.100,13.48146159
1779235554,2026/05/20-08:05:54.300,14.58888889
1779235555,2026/05/20-08:05:54.500,13.37077365
1779235555,2026/05/20-08:05:54.710,12.76144206
1779235555,2026/05/20-08:05:54.940,13.34282769
1779235555,2026/05/20-08:05:55.140,14.99328342
1779235555,2026/05/20-08:05:55.340,14.29353841
1779235556,2026/05/20-08:05:55.540,13.95380317
1779235556,2026/05/20-08:05:55.740,13.76420898
1779235556,2026/05/20-08:05:55.950,13.68694661
1779235556,2026/05/20-08:05:56.220,14.98780382
1779235556,2026/05/20-08:05:56.420,13.71818034
1779235557,2026/05/20-08:05:56.620,14.08750543
1779235557,2026/05/20-08:05:56.820,14.19161784
1779235557,2026/05/20-08:05:57.020,13.75324978
1779235557,2026/05/20-08:05:57.270,14.8562934
1779235558,2026/05/20-08:05:57.500,13.74941406
1779235558,2026/05/20-08:05:57.700,14.34504666
1779235558,2026/05/20-08:05:57.900,13.54009332
1779235558,2026/05/20-08:05:58.100,14.09408095
1779235558,2026/05/20-08:05:58.300,12.15211046
1779235559,2026/05/20-08:05:58.570,14.28531901
1779235559,2026/05/20-08:05:58.780,14.04914822
1779235559,2026/05/20-08:05:58.980,14.14997287
1779235559,2026/05/20-08:05:59.180,13.89900716
1779235559,2026/05/20-08:05:59.380,14.0233941
1779235560,2026/05/20-08:05:59.580,13.34721137
1779235560,2026/05/20-08:05:59.860,13.48200955
1779235560,2026/05/20-08:06:00.060,13.79160699
1779235560,2026/05/20-08:06:00.260,14.21737196
1779235560,2026/05/20-08:06:00.460,14.73738607
1779235561,2026/05/20-08:06:00.660,13.65571289
1779235561,2026/05/20-08:06:00.860,14.9867079
1779235561,2026/05/20-08:06:01.140,13.2233724
1779235561,2026/05/20-08:06:01.340,15.38123915
1779235562,2026/05/20-08:06:01.540,14.48970812
1779235562,2026/05/20-08:06:01.740,14.31984049
1779235562,2026/05/20-08:06:01.940,14.5516276
1779235562,2026/05/20-08:06:02.150,14.64039714
1779235562,2026/05/20-08:06:02.420,13.82229275
1779235563,2026/05/20-08:06:02.620,14.08860135
1779235563,2026/05/20-08:06:02.820,14.38614366
1779235563,2026/05/20-08:06:03.020,14.20915256
1779235563,2026/05/20-08:06:03.220,14.59217665
1779235563,2026/05/20-08:06:03.430,13.914898
1779235564,2026/05/20-08:06:03.700,14.0672309
1779235564,2026/05/20-08:06:03.900,15.10287543
1779235564,2026/05/20-08:06:04.100,13.64804145
1779235564,2026/05/20-08:06:04.300,14.11545139
1779235565,2026/05/20-08:06:04.500,14.04969618
1779235565,2026/05/20-08:06:04.750,14.42833659
1779235565,2026/05/20-08:06:04.980,15.51000977
1779235565,2026/05/20-08:06:05.180,13.15980903
1779235565,2026/05/20-08:06:05.380,14.2360026
1779235566,2026/05/20-08:06:05.580,13.78612739
1779235566,2026/05/20-08:06:05.780,13.7488661
1779235566,2026/05/20-08:06:06.050,13.66448025
1779235566,2026/05/20-08:06:06.260,13.75872938
1779235566,2026/05/20-08:06:06.460,14.62231445
1779235567,2026/05/20-08:06:06.660,12.80308702
1779235567,2026/05/20-08:06:06.860,13.93572049
1779235567,2026/05/20-08:06:07.060,13.49790039
1779235567,2026/05/20-08:06:07.340,12.34170464
1779235568,2026/05/20-08:06:07.540,13.74009874
1779235568,2026/05/20-08:06:07.740,13.16638455
1779235568,2026/05/20-08:06:07.940,13.45844727
1779235568,2026/05/20-08:06:08.140,14.21791992
1779235568,2026/05/20-08:06:08.340,13.8820204
1779235569,2026/05/20-08:06:08.590,14.15435655
1779235569,2026/05/20-08:06:08.780,15.39110243
1779235569,2026/05/20-08:06:08.980,15.03876411
1779235569,2026/05/20-08:06:09.180,14.03051758
1779235569,2026/05/20-08:06:09.380,14.39162326
1779235570,2026/05/20-08:06:09.580,11.54825846
1779235570,2026/05/20-08:06:09.830,14.10558811
1779235570,2026/05/20-08:06:10.020,13.42009006
1779235570,2026/05/20-08:06:10.220,13.65352105
1779235570,2026/05/20-08:06:10.420,13.98394097
1779235571,2026/05/20-08:06:10.620,14.58560113
1779235571,2026/05/20-08:06:10.820,14.62341037
1779235571,2026/05/20-08:06:11.080,14.16093207
1779235571,2026/05/20-08:06:11.300,13.70612522
1779235572,2026/05/20-08:06:11.500,14.13791775
1779235572,2026/05/20-08:06:11.700,14.28257921
1779235572,2026/05/20-08:06:11.900,14.06065538
1779235572,2026/05/20-08:06:12.100,14.80862088
1779235572,2026/05/20-08:06:12.350,14.38997938
1779235573,2026/05/20-08:06:12.540,13.68913845
1779235573,2026/05/20-08:06:12.740,14.27929145
1779235573,2026/05/20-08:06:12.940,13.91708984
1779235573,2026/05/20-08:06:13.140,13.92640516
1779235573,2026/05/20-08:06:13.340,14.806977
1779235574,2026/05/20-08:06:13.610,14.3691569
1779235574,2026/05/20-08:06:13.820,15.01465386
1779235574,2026/05/20-08:06:14.020,14.59930013
1779235574,2026/05/20-08:06:14.220,14.31600477
1779235574,2026/05/20-08:06:14.420,14.19545356
1779235575,2026/05/20-08:06:14.620,13.36310221
1779235575,2026/05/20-08:06:14.880,14.3992947
1779235575,2026/05/20-08:06:15.100,14.77574327
1779235575,2026/05/20-08:06:15.300,12.86829427
1779235576,2026/05/20-08:06:15.500,13.48529731
1779235576,2026/05/20-08:06:15.700,14.18285048
1779235576,2026/05/20-08:06:15.900,14.1729872
1779235576,2026/05/20-08:06:16.160,13.94667969
1779235576,2026/05/20-08:06:16.340,13.10227322
1779235577,2026/05/20-08:06:16.540,13.57242296
1779235577,2026/05/20-08:06:16.740,15.26178385
1779235577,2026/05/20-08:06:16.940,14.87930773
1779235577,2026/05/20-08:06:17.140,14.5571072
1779235577,2026/05/20-08:06:17.390,13.66722005
1779235578,2026/05/20-08:06:17.620,15.45028212
1779235578,2026/05/20-08:06:17.820,13.30282661
1779235578,2026/05/20-08:06:18.020,13.71160482
1779235578,2026/05/20-08:06:18.220,14.32696398
1779235578,2026/05/20-08:06:18.420,15.05794271
1779235579,2026/05/20-08:06:18.710,14.14339735
1779235579,2026/05/20-08:06:18.900,13.37186957
1779235579,2026/05/20-08:06:19.100,13.56803928
1779235579,2026/05/20-08:06:19.300,13.5800944
1779235580,2026/05/20-08:06:19.500,14.99876302
1779235580,2026/05/20-08:06:19.700,14.24038628
1779235580,2026/05/20-08:06:19.950,13.72859158
1779235580,2026/05/20-08:06:20.140,14.34669054
1779235580,2026/05/20-08:06:20.340,14.71930339
1779235581,2026/05/20-08:06:20.540,14.00750326
1779235581,2026/05/20-08:06:20.740,13.34721137
1779235581,2026/05/20-08:06:20.940,13.81297743
1779235581,2026/05/20-08:06:21.220,13.81571723
1779235581,2026/05/20-08:06:21.420,15.28096246
1779235582,2026/05/20-08:06:21.620,14.63601345
1779235582,2026/05/20-08:06:21.820,14.3801161
1779235582,2026/05/20-08:06:22.020,14.34614258
1779235582,2026/05/20-08:06:22.220,13.53570964
1779235583,2026/05/20-08:06:22.500,14.42778863
1779235583,2026/05/20-08:06:22.700,13.93791233
1779235583,2026/05/20-08:06:22.900,13.89517144
1779235583,2026/05/20-08:06:23.100,13.92695313
1779235583,2026/05/20-08:06:23.300,13.01898329
1779235584,2026/05/20-08:06:23.530,14.66121962
1779235584,2026/05/20-08:06:23.780,14.02777778
1779235584,2026/05/20-08:06:23.980,14.06668294
1779235584,2026/05/20-08:06:24.180,14.82396376
1779235584,2026/05/20-08:06:24.380,15.32863498
1779235585,2026/05/20-08:06:24.580,13.09953342
1779235585,2026/05/20-08:06:24.790,13.91270616
1779235585,2026/05/20-08:06:25.020,15.09082031
1779235585,2026/05/20-08:06:25.220,13.90832248
1779235585,2026/05/20-08:06:25.420,14.2058648
1779235586,2026/05/20-08:06:25.620,13.78448351
1779235586,2026/05/20-08:06:25.820,13.66009657
1779235586,2026/05/20-08:06:26.080,13.86886936
1779235586,2026/05/20-08:06:26.300,14.11928711
1779235587,2026/05/20-08:06:26.500,13.59324544
1779235587,2026/05/20-08:06:26.700,14.45957031
1779235587,2026/05/20-08:06:26.900,13.33625217
1779235587,2026/05/20-08:06:27.100,13.78229167
1779235587,2026/05/20-08:06:27.380,13.6047526
1779235588,2026/05/20-08:06:27.580,14.54943576
1779235588,2026/05/20-08:06:27.780,14.08421766
1779235588,2026/05/20-08:06:27.980,14.08805339
1779235588,2026/05/20-08:06:28.180,14.69957682
1779235588,2026/05/20-08:06:28.390,14.30778537
1779235589,2026/05/20-08:06:28.660,14.00914714
1779235589,2026/05/20-08:06:28.860,14.51162652
1779235589,2026/05/20-08:06:29.060,13.65680881
1779235589,2026/05/20-08:06:29.260,14.67601454
1779235589,2026/05/20-08:06:29.460,13.4222819
1779235590,2026/05/20-08:06:29.680,13.6020128
1779235590,2026/05/20-08:06:29.940,13.98284505
1779235590,2026/05/20-08:06:30.140,13.83599175
1779235590,2026/05/20-08:06:30.340,13.88092448
1779235591,2026/05/20-08:06:30.540,15.0113661
1779235591,2026/05/20-08:06:30.740,12.83322483
1779235591,2026/05/20-08:06:31.000,14.91328125
1779235591,2026/05/20-08:06:31.220,14.00311957
1779235591,2026/05/20-08:06:31.420,15.39274631
1779235592,2026/05/20-08:06:31.620,13.25734592
1779235592,2026/05/20-08:06:31.820,14.77464735
1779235592,2026/05/20-08:06:32.020,12.98446181
1779235592,2026/05/20-08:06:32.280,14.63162977
1779235593,2026/05/20-08:06:32.500,13.92914497
1779235593,2026/05/20-08:06:32.700,13.68968641
1779235593,2026/05/20-08:06:32.900,12.86281467
1779235593,2026/05/20-08:06:33.100,13.38063694
1779235593,2026/05/20-08:06:33.300,14.45792643
1779235594,2026/05/20-08:06:33.580,14.24257813
1779235594,2026/05/20-08:06:33.780,14.66724718
1779235594,2026/05/20-08:06:33.980,13.74996202
1779235594,2026/05/20-08:06:34.180,13.8984592
1779235594,2026/05/20-08:06:34.380,14.34614258
1779235595,2026/05/20-08:06:34.580,12.81623806
1779235595,2026/05/20-08:06:34.860,13.86174588
1779235595,2026/05/20-08:06:35.060,15.01465386
1779235595,2026/05/20-08:06:35.260,14.08531359
1779235595,2026/05/20-08:06:35.460,13.58228624
1779235596,2026/05/20-08:06:35.660,13.67872721
1779235596,2026/05/20-08:06:35.870,14.98287218
1779235596,2026/05/20-08:06:36.140,13.7570855
1779235596,2026/05/20-08:06:36.340,14.32641602
1779235597,2026/05/20-08:06:36.540,14.71382378
1779235597,2026/05/20-08:06:36.740,13.63653429
1779235597,2026/05/20-08:06:36.940,12.92911784
1779235597,2026/05/20-08:06:37.170,14.75656467
1779235597,2026/05/20-08:06:37.420,13.62995877
1779235598,2026/05/20-08:06:37.620,13.03268229
1779235598,2026/05/20-08:06:37.820,12.90117188
1779235598,2026/05/20-08:06:38.020,14.34504666
1779235598,2026/05/20-08:06:38.220,14.71327582
1779235598,2026/05/20-08:06:38.450,14.36860894
1779235599,2026/05/20-08:06:38.700,12.46115994
1779235599,2026/05/20-08:06:38.900,13.4414605
1779235599,2026/05/20-08:06:39.100,14.15216471
1779235599,2026/05/20-08:06:39.300,14.6464247
1779235600,2026/05/20-08:06:39.500,14.99437934
1779235600,2026/05/20-08:06:39.720,13.99380425
1779235600,2026/05/20-08:06:39.980,15.95714518
1779235600,2026/05/20-08:06:40.180,13.05076497
1779235600,2026/05/20-08:06:40.380,14.15271267
1779235601,2026/05/20-08:06:40.580,15.16534288
1779235601,2026/05/20-08:06:40.780,13.78283963
1779235601,2026/05/20-08:06:41.010,14.40751411
1779235601,2026/05/20-08:06:41.260,14.31107313
1779235601,2026/05/20-08:06:41.460,13.73845486
1779235602,2026/05/20-08:06:41.660,14.60697157
1779235602,2026/05/20-08:06:41.860,13.70338542
1779235602,2026/05/20-08:06:42.060,14.43929579
1779235602,2026/05/20-08:06:42.310,14.96314562
1779235603,2026/05/20-08:06:42.540,13.81955295
1779235603,2026/05/20-08:06:42.740,14.06503906
1779235603,2026/05/20-08:06:42.940,14.16312391
1779235603,2026/05/20-08:06:43.140,14.79108615
1779235603,2026/05/20-08:06:43.340,14.44915907
1779235604,2026/05/20-08:06:43.600,14.62231445
1779235604,2026/05/20-08:06:43.820,14.09901259
1779235604,2026/05/20-08:06:44.020,13.87818468
1779235604,2026/05/20-08:06:44.220,14.94287109
1779235604,2026/05/20-08:06:44.420,14.51162652
1779235605,2026/05/20-08:06:44.620,14.90889757
1779235605,2026/05/20-08:06:44.880,12.43650174
1779235605,2026/05/20-08:06:45.060,13.85517036
1779235605,2026/05/20-08:06:45.260,14.12750651
1779235605,2026/05/20-08:06:45.460,14.7067003
1779235606,2026/05/20-08:06:45.660,13.36091037
1779235606,2026/05/20-08:06:45.860,13.48584527
1779235606,2026/05/20-08:06:46.140,14.96807726
1779235606,2026/05/20-08:06:46.340,12.54444987
1779235607,2026/05/20-08:06:46.540,14.41080187
1779235607,2026/05/20-08:06:46.740,14.05024414
1779235607,2026/05/20-08:06:46.940,13.77023655
1779235607,2026/05/20-08:06:47.150,14.49847548
1779235607,2026/05/20-08:06:47.420,14.0781901
1779235608,2026/05/20-08:06:47.620,13.03542209
1779235608,2026/05/20-08:06:47.820,14.28696289
1779235608,2026/05/20-08:06:48.020,13.93024089
1779235608,2026/05/20-08:06:48.220,14.27819553
1779235608,2026/05/20-08:06:48.440,13.52968207
1779235609,2026/05/20-08:06:48.700,13.47379015
1779235609,2026/05/20-08:06:48.900,13.65790473
1779235609,2026/05/20-08:06:49.100,14.0836697
1779235609,2026/05/20-08:06:49.300,14.16093207
1779235610,2026/05/20-08:06:49.500,14.10723199
1779235610,2026/05/20-08:06:49.720,13.6995497
1779235610,2026/05/20-08:06:49.940,13.76311306
1779235610,2026/05/20-08:06:50.140,13.82393663
1779235610,2026/05/20-08:06:50.340,14.18833008
1779235611,2026/05/20-08:06:50.540,14.76752387
1779235611,2026/05/20-08:06:50.740,14.30942925
1779235611,2026/05/20-08:06:50.990,14.5214898
1779235611,2026/05/20-08:06:51.220,13.64475369
1779235611,2026/05/20-08:06:51.420,13.98448893
1779235612,2026/05/20-08:06:51.620,15.51548937
1779235612,2026/05/20-08:06:51.820,14.90287001
1779235612,2026/05/20-08:06:52.020,14.46231011
1779235612,2026/05/20-08:06:52.280,14.16202799
1779235613,2026/05/20-08:06:52.500,15.07766927
1779235613,2026/05/20-08:06:52.700,13.67105577
1779235613,2026/05/20-08:06:52.900,13.80147027
1779235613,2026/05/20-08:06:53.100,13.35269097
1779235613,2026/05/20-08:06:53.300,14.32586806
1779235614,2026/05/20-08:06:53.560,14.76478407
1779235614,2026/05/20-08:06:53.780,15.46452908
1779235614,2026/05/20-08:06:53.980,13.7105089
1779235614,2026/05/20-08:06:54.180,13.82338867
1779235614,2026/05/20-08:06:54.380,14.36203342
1779235615,2026/05/20-08:06:54.580,15.35274523
1779235615,2026/05/20-08:06:54.840,13.85900608
1779235615,2026/05/20-08:06:55.060,13.11158854
1779235615,2026/05/20-08:06:55.260,14.87108832
1779235615,2026/05/20-08:06:55.460,14.90780165
1779235616,2026/05/20-08:06:55.660,13.78448351
1779235616,2026/05/20-08:06:55.860,14.11764323
1779235616,2026/05/20-08:06:56.140,14.90944553
1779235616,2026/05/20-08:06:56.340,14.79656576
1779235617,2026/05/20-08:06:56.540,12.98939345
1779235617,2026/05/20-08:06:56.740,13.52803819
1779235617,2026/05/20-08:06:56.940,13.25186632
1779235617,2026/05/20-08:06:57.140,12.90993924
1779235617,2026/05/20-08:06:57.420,14.57190213
1779235618,2026/05/20-08:06:57.620,14.58779297
1779235618,2026/05/20-08:06:57.820,14.61080729
1779235618,2026/05/20-08:06:58.020,14.75930447
1779235618,2026/05/20-08:06:58.220,12.89459635
1779235618,2026/05/20-08:06:58.430,15.52754449
1779235619,2026/05/20-08:06:58.740,14.74341363
1779235619,2026/05/20-08:06:58.940,13.81900499
1779235619,2026/05/20-08:06:59.140,14.63108181
1779235619,2026/05/20-08:06:59.340,14.09791667
1779235620,2026/05/20-08:06:59.540,13.80475803
1779235620,2026/05/20-08:06:59.770,14.58121745
1779235620,2026/05/20-08:07:00.020,13.40091146
1779235620,2026/05/20-08:07:00.220,14.65135634
1779235620,2026/05/20-08:07:00.420,14.59984809
1779235621,2026/05/20-08:07:00.620,14.05024414
1779235621,2026/05/20-08:07:00.820,13.67489149
1779235621,2026/05/20-08:07:01.030,14.34943034
1779235621,2026/05/20-08:07:01.260,14.49792752
1779235621,2026/05/20-08:07:01.460,13.51269531
1779235622,2026/05/20-08:07:01.660,13.89681532
1779235622,2026/05/20-08:07:01.860,13.86612956
1779235622,2026/05/20-08:07:02.060,14.13682183
1779235622,2026/05/20-08:07:02.280,14.45792643
1779235623,2026/05/20-08:07:02.540,14.58888889
1779235623,2026/05/20-08:07:02.740,14.24203016
1779235623,2026/05/20-08:07:02.940,13.44036458
1779235623,2026/05/20-08:07:03.140,13.61516385
1779235623,2026/05/20-08:07:03.340,13.51707899
1779235624,2026/05/20-08:07:03.560,14.02942166
1779235624,2026/05/20-08:07:03.820,13.38721246
1779235624,2026/05/20-08:07:04.020,13.65900065
1779235624,2026/05/20-08:07:04.220,14.10504015
1779235624,2026/05/20-08:07:04.420,13.90174696
1779235625,2026/05/20-08:07:04.620,13.81462131
1779235625,2026/05/20-08:07:04.870,14.82725152
1779235625,2026/05/20-08:07:05.100,14.13134223
1779235625,2026/05/20-08:07:05.300,14.65245226
1779235626,2026/05/20-08:07:05.500,14.2140842
1779235626,2026/05/20-08:07:05.700,13.571875
1779235626,2026/05/20-08:07:05.900,14.63108181
1779235626,2026/05/20-08:07:06.150,14.2113444
1779235626,2026/05/20-08:07:06.380,12.89952799
1779235627,2026/05/20-08:07:06.580,13.74557834
1779235627,2026/05/20-08:07:06.780,13.11925998
1779235627,2026/05/20-08:07:06.980,13.21076931
1779235627,2026/05/20-08:07:07.180,13.7187283
1779235627,2026/05/20-08:07:07.400,13.58995768
1779235628,2026/05/20-08:07:07.660,14.29079861
1779235628,2026/05/20-08:07:07.860,11.97292752
1779235628,2026/05/20-08:07:08.060,14.52532552
1779235628,2026/05/20-08:07:08.260,14.52313368
1779235628,2026/05/20-08:07:08.460,14.6382053
1779235629,2026/05/20-08:07:08.750,14.63436957
1779235629,2026/05/20-08:07:08.940,14.36477322
1779235629,2026/05/20-08:07:09.140,13.05514865
1779235629,2026/05/20-08:07:09.340,14.39545898
1779235630,2026/05/20-08:07:09.540,13.61625977
1779235630,2026/05/20-08:07:09.740,15.61631402
1779235630,2026/05/20-08:07:10.000,13.55324436
1779235630,2026/05/20-08:07:10.180,14.13189019
1779235630,2026/05/20-08:07:10.380,13.59324544
1779235631,2026/05/20-08:07:10.580,13.59488932
1779235631,2026/05/20-08:07:10.780,13.11432834
1779235631,2026/05/20-08:07:10.980,15.35219727
1779235631,2026/05/20-08:07:11.240,14.02394206
1779235631,2026/05/20-08:07:11.460,13.36748589
1779235632,2026/05/20-08:07:11.660,14.2003852
1779235632,2026/05/20-08:07:11.860,13.37789714
1779235632,2026/05/20-08:07:12.060,13.03542209
1779235632,2026/05/20-08:07:12.260,12.9515842
1779235633,2026/05/20-08:07:12.520,14.16969944
1779235633,2026/05/20-08:07:12.700,14.11380751
1779235633,2026/05/20-08:07:12.900,14.29408637
1779235633,2026/05/20-08:07:13.100,13.07980686
1779235633,2026/05/20-08:07:13.300,14.0151747
1779235634,2026/05/20-08:07:13.500,13.30392253
1779235634,2026/05/20-08:07:13.730,13.95215929
1779235634,2026/05/20-08:07:13.980,14.11819119
1779235634,2026/05/20-08:07:14.180,13.73297526
1779235634,2026/05/20-08:07:14.380,14.08586155
1779235635,2026/05/20-08:07:14.580,14.57847765
1779235635,2026/05/20-08:07:14.780,14.48916016
1779235635,2026/05/20-08:07:15.040,14.59108073
1779235635,2026/05/20-08:07:15.220,14.63491753
1779235635,2026/05/20-08:07:15.420,14.56532661
1779235636,2026/05/20-08:07:15.620,12.90117188
1779235636,2026/05/20-08:07:15.820,14.07216254
1779235636,2026/05/20-08:07:16.020,14.47546115
1779235636,2026/05/20-08:07:16.230,13.79599067
1779235637,2026/05/20-08:07:16.500,14.58669705
1779235637,2026/05/20-08:07:16.700,14.29025065
1779235637,2026/05/20-08:07:16.900,14.74779731
1779235637,2026/05/20-08:07:17.100,13.84475911
1779235637,2026/05/20-08:07:17.300,14.32641602
1779235638,2026/05/20-08:07:17.560,14.58724501
1779235638,2026/05/20-08:07:17.780,14.58505317
1779235638,2026/05/20-08:07:17.980,15.05958659
1779235638,2026/05/20-08:07:18.180,14.29737413
1779235638,2026/05/20-08:07:18.380,14.34285482
1779235639,2026/05/20-08:07:18.580,14.32093641
1779235639,2026/05/20-08:07:18.830,13.60968424
1779235639,2026/05/20-08:07:19.020,14.56368273
1779235639,2026/05/20-08:07:19.220,13.71982422
1779235639,2026/05/20-08:07:19.420,14.71163194
1779235640,2026/05/20-08:07:19.620,13.39707574
1779235640,2026/05/20-08:07:19.820,14.62560221
1779235640,2026/05/20-08:07:20.080,13.50502387
1779235640,2026/05/20-08:07:20.300,14.35710178
1779235641,2026/05/20-08:07:20.500,13.78777127
1779235641,2026/05/20-08:07:20.700,13.77352431
1779235641,2026/05/20-08:07:20.900,13.7625651
1779235641,2026/05/20-08:07:21.100,13.59324544
1779235641,2026/05/20-08:07:21.310,15.37027995
1779235642,2026/05/20-08:07:21.540,13.20419379
1779235642,2026/05/20-08:07:21.740,13.01843533
1779235642,2026/05/20-08:07:21.940,12.75486654
1779235642,2026/05/20-08:07:22.140,14.33025174
1779235642,2026/05/20-08:07:22.340,14.3746365
1779235643,2026/05/20-08:07:22.630,12.50718859
1779235643,2026/05/20-08:07:22.820,13.42885742
1779235643,2026/05/20-08:07:23.020,13.95325521
1779235643,2026/05/20-08:07:23.220,13.62338325
1779235643,2026/05/20-08:07:23.420,14.12038303
1779235644,2026/05/20-08:07:23.620,14.68916558
1779235644,2026/05/20-08:07:23.880,14.11819119
1779235644,2026/05/20-08:07:24.060,14.12147895
1779235644,2026/05/20-08:07:24.260,13.78996311
1779235644,2026/05/20-08:07:24.460,13.89188368
1779235645,2026/05/20-08:07:24.660,14.66615126
1779235645,2026/05/20-08:07:24.860,13.49844835
1779235645,2026/05/20-08:07:25.110,13.56749132
1779235645,2026/05/20-08:07:25.300,13.22172852
1779235646,2026/05/20-08:07:25.500,13.04090169
1779235646,2026/05/20-08:07:25.700,13.860102
1779235646,2026/05/20-08:07:25.900,13.52201063
1779235646,2026/05/20-08:07:26.100,14.25353733
1779235646,2026/05/20-08:07:26.350,13.80037435
1779235647,2026/05/20-08:07:26.540,13.17296007
1779235647,2026/05/20-08:07:26.740,14.16421984
1779235647,2026/05/20-08:07:26.940,13.00473633
1779235647,2026/05/20-08:07:27.140,13.94941949
1779235647,2026/05/20-08:07:27.340,14.11161567
1779235648,2026/05/20-08:07:27.600,13.09734158
1779235648,2026/05/20-08:07:27.780,14.48368056
1779235648,2026/05/20-08:07:27.980,14.44093967
1779235648,2026/05/20-08:07:28.180,12.76472982
1779235648,2026/05/20-08:07:28.380,14.63656141
1779235649,2026/05/20-08:07:28.580,14.20696072
1779235649,2026/05/20-08:07:28.840,13.60256076
1779235649,2026/05/20-08:07:29.060,13.62831489
1779235649,2026/05/20-08:07:29.260,15.47877604
1779235649,2026/05/20-08:07:29.460,13.4442003
1779235650,2026/05/20-08:07:29.660,14.53683268
1779235650,2026/05/20-08:07:29.860,14.67437066
1779235650,2026/05/20-08:07:30.110,14.70615234
1779235650,2026/05/20-08:07:30.300,13.47707791
1779235651,2026/05/20-08:07:30.500,13.860102
1779235651,2026/05/20-08:07:30.700,13.63817817
1779235651,2026/05/20-08:07:30.900,14.97684462
1779235651,2026/05/20-08:07:31.100,13.79653863
1779235651,2026/05/20-08:07:31.380,14.33847114
1779235652,2026/05/20-08:07:31.580,14.58614909
1779235652,2026/05/20-08:07:31.780,13.63050673
1779235652,2026/05/20-08:07:31.980,14.82505968
1779235652,2026/05/20-08:07:32.180,14.07161458
1779235652,2026/05/20-08:07:32.400,14.27819553
1779235653,2026/05/20-08:07:32.660,14.15326063
1779235653,2026/05/20-08:07:32.860,13.65571289
1779235653,2026/05/20-08:07:33.060,14.08147786
1779235653,2026/05/20-08:07:33.260,14.13408203
1779235653,2026/05/20-08:07:33.460,14.0535319
1779235654,2026/05/20-08:07:33.680,12.93898112
1779235654,2026/05/20-08:07:33.940,13.51214735
1779235654,2026/05/20-08:07:34.140,14.30340169
1779235654,2026/05/20-08:07:34.340,13.97407769
1779235655,2026/05/20-08:07:34.540,14.43765191
1779235655,2026/05/20-08:07:34.740,14.57245009
1779235655,2026/05/20-08:07:35.000,13.81955295
1779235655,2026/05/20-08:07:35.220,13.64420573
1779235655,2026/05/20-08:07:35.420,13.08145074
1779235656,2026/05/20-08:07:35.620,14.04750434
1779235656,2026/05/20-08:07:35.820,13.7214681
1779235656,2026/05/20-08:07:36.020,14.82725152
1779235656,2026/05/20-08:07:36.270,13.63324653
1779235657,2026/05/20-08:07:36.500,14.42614475
1779235657,2026/05/20-08:07:36.700,13.93243273
1779235657,2026/05/20-08:07:36.900,14.61628689
1779235657,2026/05/20-08:07:37.100,13.19761827
1779235657,2026/05/20-08:07:37.300,14.32915582
1779235658,2026/05/20-08:07:37.570,13.33077257
1779235658,2026/05/20-08:07:37.780,13.56749132
1779235658,2026/05/20-08:07:37.980,13.86886936
1779235658,2026/05/20-08:07:38.180,14.09188911
1779235658,2026/05/20-08:07:38.380,14.50833876
1779235659,2026/05/20-08:07:38.580,13.65352105
1779235659,2026/05/20-08:07:38.860,14.21791992
1779235659,2026/05/20-08:07:39.060,13.27981228
1779235659,2026/05/20-08:07:39.260,14.70998806
1779235659,2026/05/20-08:07:39.460,13.95325521
1779235660,2026/05/20-08:07:39.660,13.93517253
1779235660,2026/05/20-08:07:39.860,14.3581977
1779235660,2026/05/20-08:07:40.120,13.51872287
1779235660,2026/05/20-08:07:40.300,14.35490994
1779235661,2026/05/20-08:07:40.500,14.25408529
1779235661,2026/05/20-08:07:40.700,13.24693468
1779235661,2026/05/20-08:07:40.900,13.67817925
1779235661,2026/05/20-08:07:41.100,13.36036241
1779235661,2026/05/20-08:07:41.350,14.31929253
1779235662,2026/05/20-08:07:41.540,15.19548069
1779235662,2026/05/20-08:07:41.740,13.5800944
1779235662,2026/05/20-08:07:41.940,13.80530599
1779235662,2026/05/20-08:07:42.140,14.62505425
1779235662,2026/05/20-08:07:42.340,14.53354492
1779235663,2026/05/20-08:07:42.620,13.34721137
1779235663,2026/05/20-08:07:42.820,14.41080187
1779235663,2026/05/20-08:07:43.020,13.29405924
1779235663,2026/05/20-08:07:43.220,14.8562934
1779235663,2026/05/20-08:07:43.420,13.56475152
1779235664,2026/05/20-08:07:43.630,13.54064128
1779235664,2026/05/20-08:07:43.900,14.11873915
1779235664,2026/05/20-08:07:44.100,15.64645182
1779235664,2026/05/20-08:07:44.300,14.65080838
1779235665,2026/05/20-08:07:44.500,14.90780165
1779235665,2026/05/20-08:07:44.700,14.62505425
1779235665,2026/05/20-08:07:44.930,13.89900716
1779235665,2026/05/20-08:07:45.180,13.571875
1779235665,2026/05/20-08:07:45.380,14.14558919
1779235666,2026/05/20-08:07:45.580,13.21734484
1779235666,2026/05/20-08:07:45.780,14.45957031
1779235666,2026/05/20-08:07:45.980,14.95547418
1779235666,2026/05/20-08:07:46.260,14.10777995
1779235666,2026/05/20-08:07:46.460,15.42781576
1779235667,2026/05/20-08:07:46.660,13.95161133
1779235667,2026/05/20-08:07:46.860,14.12969835
1779235667,2026/05/20-08:07:47.060,13.07816298
1779235667,2026/05/20-08:07:47.260,13.41187066
1779235668,2026/05/20-08:07:47.540,13.34666341
1779235668,2026/05/20-08:07:47.740,14.5516276
1779235668,2026/05/20-08:07:47.940,13.27323676
1779235668,2026/05/20-08:07:48.140,13.29241536
1779235668,2026/05/20-08:07:48.340,14.18723416
1779235669,2026/05/20-08:07:48.550,14.25627713
1779235669,2026/05/20-08:07:48.820,12.92199436
1779235669,2026/05/20-08:07:49.020,12.90993924
1779235669,2026/05/20-08:07:49.220,13.96421441
1779235669,2026/05/20-08:07:49.420,14.16860352
1779235670,2026/05/20-08:07:49.620,15.41685655
1779235670,2026/05/20-08:07:49.840,14.72368707
1779235670,2026/05/20-08:07:50.100,13.46721463
1779235670,2026/05/20-08:07:50.300,13.99051649
1779235671,2026/05/20-08:07:50.500,13.92804905
1779235671,2026/05/20-08:07:50.700,14.31929253
1779235671,2026/05/20-08:07:50.900,15.76535916
1779235671,2026/05/20-08:07:51.120,13.57297092
1779235671,2026/05/20-08:07:51.380,14.04312066
1779235672,2026/05/20-08:07:51.580,14.18504232
1779235672,2026/05/20-08:07:51.780,13.51269531
1779235672,2026/05/20-08:07:51.980,13.52639431
1779235672,2026/05/20-08:07:52.180,13.15432943
1779235672,2026/05/20-08:07:52.400,14.93410373
1779235673,2026/05/20-08:07:52.660,14.49463976
1779235673,2026/05/20-08:07:52.860,12.36800673
1779235673,2026/05/20-08:07:53.060,13.70338542
1779235673,2026/05/20-08:07:53.260,15.01191406
1779235673,2026/05/20-08:07:53.460,14.08421766
1779235674,2026/05/20-08:07:53.720,13.95709093
1779235674,2026/05/20-08:07:53.940,15.20150825
1779235674,2026/05/20-08:07:54.140,14.34395074
1779235674,2026/05/20-08:07:54.340,12.97185872
1779235675,2026/05/20-08:07:54.540,13.84749891
1779235675,2026/05/20-08:07:54.740,15.09684787
1779235675,2026/05/20-08:07:55.010,15.25192057
1779235675,2026/05/20-08:07:55.220,14.45518663
1779235675,2026/05/20-08:07:55.420,13.914898
1779235676,2026/05/20-08:07:55.620,13.37954102
1779235676,2026/05/20-08:07:55.820,14.92533637
1779235676,2026/05/20-08:07:56.020,14.80642904
1779235676,2026/05/20-08:07:56.270,14.43819987
1779235677,2026/05/20-08:07:56.500,13.12528754
1779235677,2026/05/20-08:07:56.700,14.29901801
1779235677,2026/05/20-08:07:56.900,15.72864583
1779235677,2026/05/20-08:07:57.100,14.2332628
1779235677,2026/05/20-08:07:57.300,14.24422201
1779235678,2026/05/20-08:07:57.580,13.96311849
1779235678,2026/05/20-08:07:57.780,12.14115126
1779235678,2026/05/20-08:07:57.980,12.85240343
1779235678,2026/05/20-08:07:58.180,14.74560547
1779235678,2026/05/20-08:07:58.380,12.6551378
1779235679,2026/05/20-08:07:58.590,13.71270074
1779235679,2026/05/20-08:07:58.860,13.58721788
1779235679,2026/05/20-08:07:59.060,13.68968641
1779235679,2026/05/20-08:07:59.260,13.27049696
1779235679,2026/05/20-08:07:59.460,13.38447266
1779235680,2026/05/20-08:07:59.660,13.02446289
1779235680,2026/05/20-08:07:59.870,14.8288954
1779235680,2026/05/20-08:08:00.140,13.56036784
1779235680,2026/05/20-08:08:00.340,13.90284288
1779235681,2026/05/20-08:08:00.540,13.02939453
1779235681,2026/05/20-08:08:00.740,13.72256402
1779235681,2026/05/20-08:08:00.940,14.26285265
1779235681,2026/05/20-08:08:01.150,13.63379449
1779235681,2026/05/20-08:08:01.420,14.69902886
1779235682,2026/05/20-08:08:01.620,14.99876302
1779235682,2026/05/20-08:08:01.820,13.17241211
1779235682,2026/05/20-08:08:02.020,14.27874349
1779235682,2026/05/20-08:08:02.220,14.09627279
1779235682,2026/05/20-08:08:02.450,14.93793945
1779235683,2026/05/20-08:08:02.700,13.39159614
1779235683,2026/05/20-08:08:02.900,14.40367839
1779235683,2026/05/20-08:08:03.100,14.7149197
1779235683,2026/05/20-08:08:03.300,13.81352539
1779235684,2026/05/20-08:08:03.500,14.8672526
1779235684,2026/05/20-08:08:03.710,12.32471788
1779235684,2026/05/20-08:08:03.940,13.72859158
1779235684,2026/05/20-08:08:04.140,14.16148003
1779235684,2026/05/20-08:08:04.340,14.81464844
1779235685,2026/05/20-08:08:04.540,13.63817817
1779235685,2026/05/20-08:08:04.740,14.47820095
1779235685,2026/05/20-08:08:04.970,15.07383355
1779235685,2026/05/20-08:08:05.220,14.77738715
1779235685,2026/05/20-08:08:05.420,14.5379286
1779235686,2026/05/20-08:08:05.620,14.79218207
1779235686,2026/05/20-08:08:05.820,13.03432617
1779235686,2026/05/20-08:08:06.020,15.05301107
1779235686,2026/05/20-08:08:06.230,15.15054796
1779235686,2026/05/20-08:08:06.460,13.60913628
1779235687,2026/05/20-08:08:06.660,14.19819336
1779235687,2026/05/20-08:08:06.860,12.56965603
1779235687,2026/05/20-08:08:07.060,14.12312283
1779235687,2026/05/20-08:08:07.260,13.51653103
1779235687,2026/05/20-08:08:07.490,13.39050022
1779235688,2026/05/20-08:08:07.740,15.59768338
1779235688,2026/05/20-08:08:07.940,13.62009549
1779235688,2026/05/20-08:08:08.140,14.13791775
1779235688,2026/05/20-08:08:08.340,13.74996202
1779235689,2026/05/20-08:08:08.540,13.82667643
1779235689,2026/05/20-08:08:08.800,13.80421007
1779235689,2026/05/20-08:08:09.020,13.86338976
1779235689,2026/05/20-08:08:09.220,13.83106011
1779235689,2026/05/20-08:08:09.420,14.94615885
1779235690,2026/05/20-08:08:09.620,14.68587782
1779235690,2026/05/20-08:08:09.820,14.68971354
1779235690,2026/05/20-08:08:10.030,14.44970703
1779235690,2026/05/20-08:08:10.300,14.63162977
1779235691,2026/05/20-08:08:10.500,14.46559787
1779235691,2026/05/20-08:08:10.700,13.82503255
1779235691,2026/05/20-08:08:10.900,13.38228082
1779235691,2026/05/20-08:08:11.100,13.66448025
1779235691,2026/05/20-08:08:11.370,13.46611871
1779235692,2026/05/20-08:08:11.580,14.5516276
1779235692,2026/05/20-08:08:11.780,14.62395833
1779235692,2026/05/20-08:08:11.980,13.74941406
1779235692,2026/05/20-08:08:12.180,13.53132595
1779235692,2026/05/20-08:08:12.380,14.35436198
1779235693,2026/05/20-08:08:12.660,15.70453559
1779235693,2026/05/20-08:08:12.860,15.12862956
1779235693,2026/05/20-08:08:13.060,13.83927951
1779235693,2026/05/20-08:08:13.260,14.32477214
1779235693,2026/05/20-08:08:13.460,14.13956163
1779235694,2026/05/20-08:08:13.670,13.92476128
1779235694,2026/05/20-08:08:13.940,14.25189345
1779235694,2026/05/20-08:08:14.140,14.26833225
1779235694,2026/05/20-08:08:14.340,14.14997287
1779235695,2026/05/20-08:08:14.540,14.2086046
1779235695,2026/05/20-08:08:14.740,15.17301432
1779235695,2026/05/20-08:08:14.970,14.52806532
1779235695,2026/05/20-08:08:15.220,13.37022569
1779235695,2026/05/20-08:08:15.420,14.51162652
1779235696,2026/05/20-08:08:15.620,12.80911458
1779235696,2026/05/20-08:08:15.820,14.54286024
1779235696,2026/05/20-08:08:16.020,14.63382161
1779235696,2026/05/20-08:08:16.260,14.28860677
1779235697,2026/05/20-08:08:16.500,14.6601237
1779235697,2026/05/20-08:08:16.700,14.33737522
1779235697,2026/05/20-08:08:16.900,14.68806966
1779235697,2026/05/20-08:08:17.100,14.50066732
1779235697,2026/05/20-08:08:17.300,13.26118164
1779235698,2026/05/20-08:08:17.540,13.90503472
1779235698,2026/05/20-08:08:17.780,14.26559245
1779235698,2026/05/20-08:08:17.980,15.42343207
1779235698,2026/05/20-08:08:18.180,14.85684136
1779235698,2026/05/20-08:08:18.380,13.80640191
1779235699,2026/05/20-08:08:18.580,13.5499566
1779235699,2026/05/20-08:08:18.840,12.69459093
1779235699,2026/05/20-08:08:19.060,14.05024414
1779235699,2026/05/20-08:08:19.260,14.18997396
1779235699,2026/05/20-08:08:19.460,14.10175239
1779235700,2026/05/20-08:08:19.660,14.38669162
1779235700,2026/05/20-08:08:19.860,13.75379774
1779235700,2026/05/20-08:08:20.080,14.11106771
1779235700,2026/05/20-08:08:20.300,14.81355252
1779235701,2026/05/20-08:08:20.500,14.28093533
1779235701,2026/05/20-08:08:20.700,14.505051
1779235701,2026/05/20-08:08:20.900,14.91054145
1779235701,2026/05/20-08:08:21.100,13.49351671
1779235701,2026/05/20-08:08:21.310,13.65078125
1779235702,2026/05/20-08:08:21.580,13.20309787
1779235702,2026/05/20-08:08:21.780,14.16257595
1779235702,2026/05/20-08:08:21.980,13.47598199
1779235702,2026/05/20-08:08:22.180,14.20476888
1779235702,2026/05/20-08:08:22.380,14.76149631
1779235703,2026/05/20-08:08:22.630,14.00037977
1779235703,2026/05/20-08:08:22.860,13.81242947
1779235703,2026/05/20-08:08:23.060,13.39597982
1779235703,2026/05/20-08:08:23.260,13.99654405
1779235703,2026/05/20-08:08:23.460,13.7570855
1779235704,2026/05/20-08:08:23.660,14.62121853
1779235704,2026/05/20-08:08:23.950,14.28093533
1779235704,2026/05/20-08:08:24.140,14.29573025
1779235704,2026/05/20-08:08:24.340,13.39543186
1779235705,2026/05/20-08:08:24.540,14.37025282
1779235705,2026/05/20-08:08:24.740,13.98996853
1779235705,2026/05/20-08:08:24.940,14.30614149
1779235705,2026/05/20-08:08:25.200,13.91161024
1779235705,2026/05/20-08:08:25.420,12.52965495
1779235706,2026/05/20-08:08:25.620,15.44699436
1779235706,2026/05/20-08:08:25.820,13.86503364
1779235706,2026/05/20-08:08:26.020,14.08805339
1779235706,2026/05/20-08:08:26.220,14.21737196
1779235706,2026/05/20-08:08:26.480,14.58943685
1779235707,2026/05/20-08:08:26.700,14.52313368
1779235707,2026/05/20-08:08:26.900,11.24962023
1779235707,2026/05/20-08:08:27.100,13.47926975
1779235707,2026/05/20-08:08:27.300,13.69571398
1779235708,2026/05/20-08:08:27.500,14.63217773
1779235708,2026/05/20-08:08:27.780,13.96366645
1779235708,2026/05/20-08:08:27.980,13.6913303
1779235708,2026/05/20-08:08:28.180,13.62557509
1779235708,2026/05/20-08:08:28.380,14.45244683
1779235709,2026/05/20-08:08:28.580,13.2206326
1779235709,2026/05/20-08:08:28.790,14.35217014
1779235709,2026/05/20-08:08:29.060,13.81516927
1779235709,2026/05/20-08:08:29.260,15.03876411
1779235709,2026/05/20-08:08:29.460,15.05081923
1779235710,2026/05/20-08:08:29.660,14.4858724
1779235710,2026/05/20-08:08:29.860,13.76366102
1779235710,2026/05/20-08:08:30.080,14.37408854
1779235710,2026/05/20-08:08:30.340,13.16912435
1779235711,2026/05/20-08:08:30.540,13.83379991
1779235711,2026/05/20-08:08:30.740,14.07599826
1779235711,2026/05/20-08:08:30.940,15.36589627
1779235711,2026/05/20-08:08:31.140,13.50557183
1779235711,2026/05/20-08:08:31.400,13.73845486
1779235712,2026/05/20-08:08:31.620,14.04586046
1779235712,2026/05/20-08:08:31.820,14.10832791
1779235712,2026/05/20-08:08:32.020,14.0781901
1779235712,2026/05/20-08:08:32.220,12.87158203
1779235712,2026/05/20-08:08:32.420,13.75653754
1779235713,2026/05/20-08:08:32.680,13.6995497
1779235713,2026/05/20-08:08:32.900,14.68587782
1779235713,2026/05/20-08:08:33.100,15.02342122
1779235713,2026/05/20-08:08:33.300,14.33792318
1779235714,2026/05/20-08:08:33.500,13.61132813
1779235714,2026/05/20-08:08:33.700,13.15487739
1779235714,2026/05/20-08:08:33.950,13.39597982
1779235714,2026/05/20-08:08:34.140,12.78719618
1779235714,2026/05/20-08:08:34.340,14.45244683
1779235715,2026/05/20-08:08:34.540,14.51491428
1779235715,2026/05/20-08:08:34.740,13.98887261
1779235715,2026/05/20-08:08:34.940,14.41956923
1779235715,2026/05/20-08:08:35.200,14.83218316
1779235715,2026/05/20-08:08:35.420,13.34721137
1779235716,2026/05/20-08:08:35.620,14.35436198
1779235716,2026/05/20-08:08:35.820,14.31984049
1779235716,2026/05/20-08:08:36.020,13.70174154
1779235716,2026/05/20-08:08:36.220,13.21186523
1779235716,2026/05/20-08:08:36.470,14.59930013
1779235717,2026/05/20-08:08:36.660,14.12367079
1779235717,2026/05/20-08:08:36.860,12.81788194
1779235717,2026/05/20-08:08:37.060,14.03270942
1779235717,2026/05/20-08:08:37.260,13.04857313
1779235717,2026/05/20-08:08:37.460,13.56255968
1779235718,2026/05/20-08:08:37.740,12.58390299
1779235718,2026/05/20-08:08:37.940,12.66445313
1779235718,2026/05/20-08:08:38.140,13.67379557
1779235718,2026/05/20-08:08:38.340,13.99818793
1779235719,2026/05/20-08:08:38.540,14.44587131
1779235719,2026/05/20-08:08:38.740,14.13462999
1779235719,2026/05/20-08:08:38.990,14.57957357
1779235719,2026/05/20-08:08:39.180,14.1784668
1779235719,2026/05/20-08:08:39.380,13.3839247
1779235720,2026/05/20-08:08:39.580,14.82231988
1779235720,2026/05/20-08:08:39.780,13.50611979
1779235720,2026/05/20-08:08:39.980,13.21241319
1779235720,2026/05/20-08:08:40.270,14.00531141
1779235720,2026/05/20-08:08:40.460,14.11928711
1779235721,2026/05/20-08:08:40.660,14.02722982
1779235721,2026/05/20-08:08:40.860,14.11654731
1779235721,2026/05/20-08:08:41.060,13.13295898
1779235721,2026/05/20-08:08:41.260,15.04095595
1779235722,2026/05/20-08:08:41.530,14.5105306
1779235722,2026/05/20-08:08:41.740,12.89295247
1779235722,2026/05/20-08:08:41.940,14.10449219
1779235722,2026/05/20-08:08:42.140,13.68749457
1779235722,2026/05/20-08:08:42.340,13.36858181
1779235723,2026/05/20-08:08:42.540,14.17353516
1779235723,2026/05/20-08:08:42.790,14.86560872
1779235723,2026/05/20-08:08:42.980,15.13246528
1779235723,2026/05/20-08:08:43.180,13.76914063
1779235723,2026/05/20-08:08:43.380,14.10394423
1779235724,2026/05/20-08:08:43.580,14.47107747
1779235724,2026/05/20-08:08:43.780,13.8792806
1779235724,2026/05/20-08:08:44.040,13.54776476
1779235724,2026/05/20-08:08:44.220,14.71820747
1779235724,2026/05/20-08:08:44.420,12.82336155
1779235725,2026/05/20-08:08:44.620,14.36586914
1779235725,2026/05/20-08:08:44.820,14.57409397
1779235725,2026/05/20-08:08:45.020,12.91706272
1779235725,2026/05/20-08:08:45.280,14.5077908
1779235725,2026/05/20-08:08:45.460,14.20202908
1779235726,2026/05/20-08:08:45.660,14.12257487
1779235726,2026/05/20-08:08:45.860,15.36480035
1779235726,2026/05/20-08:08:46.060,13.36310221
1779235726,2026/05/20-08:08:46.260,12.99542101
1779235727,2026/05/20-08:08:46.540,14.75930447
1779235727,2026/05/20-08:08:46.740,13.16912435
1779235727,2026/05/20-08:08:46.940,13.43817274
1779235727,2026/05/20-08:08:47.140,14.19654948
1779235727,2026/05/20-08:08:47.340,14.00476345
1779235728,2026/05/20-08:08:47.540,14.45847439
1779235728,2026/05/20-08:08:47.820,14.44696723
1779235728,2026/05/20-08:08:48.020,13.39543186
1779235728,2026/05/20-08:08:48.220,13.85243056
1779235728,2026/05/20-08:08:48.420,13.75818142
1779235729,2026/05/20-08:08:48.620,14.6984809
1779235729,2026/05/20-08:08:48.830,13.28255208
1779235729,2026/05/20-08:08:49.100,13.84640299
1779235729,2026/05/20-08:08:49.300,13.19049479
1779235730,2026/05/20-08:08:49.500,13.66886393
1779235730,2026/05/20-08:08:49.700,12.9735026
1779235730,2026/05/20-08:08:49.900,13.57132704
1779235730,2026/05/20-08:08:50.120,14.04969618
1779235730,2026/05/20-08:08:50.380,13.44748806
1779235731,2026/05/20-08:08:50.580,13.34392361
1779235731,2026/05/20-08:08:50.780,14.07161458
1779235731,2026/05/20-08:08:50.980,13.96092665
1779235731,2026/05/20-08:08:51.180,14.74176975
1779235731,2026/05/20-08:08:51.460,13.79215495
1779235732,2026/05/20-08:08:51.660,14.85464952
1779235732,2026/05/20-08:08:51.860,13.36419813
1779235732,2026/05/20-08:08:52.060,13.41241862
1779235732,2026/05/20-08:08:52.260,14.48422852
1779235732,2026/05/20-08:08:52.460,13.31159397
1779235733,2026/05/20-08:08:52.740,13.88585612
1779235733,2026/05/20-08:08:52.940,15.02561306
1779235733,2026/05/20-08:08:53.140,13.66009657
1779235733,2026/05/20-08:08:53.340,13.37186957
1779235734,2026/05/20-08:08:53.540,14.16257595
1779235734,2026/05/20-08:08:53.740,13.13076714
1779235734,2026/05/20-08:08:54.060,15.00533854
1779235734,2026/05/20-08:08:54.260,14.38778754
1779235734,2026/05/20-08:08:54.460,14.55765516
1779235735,2026/05/20-08:08:54.660,13.86448568
1779235735,2026/05/20-08:08:54.860,14.19052192
1779235735,2026/05/20-08:08:55.070,13.84311523
1779235735,2026/05/20-08:08:55.340,14.3609375
1779235736,2026/05/20-08:08:55.540,14.94177517
1779235736,2026/05/20-08:08:55.740,12.94007704
1779235736,2026/05/20-08:08:55.940,14.30340169
1779235736,2026/05/20-08:08:56.140,14.10558811
1779235736,2026/05/20-08:08:56.400,13.41899414
1779235737,2026/05/20-08:08:56.620,14.10504015
1779235737,2026/05/20-08:08:56.820,14.84040256
1779235737,2026/05/20-08:08:57.020,14.59491645
1779235737,2026/05/20-08:08:57.220,15.07931315
1779235737,2026/05/20-08:08:57.420,14.83492296
1779235738,2026/05/20-08:08:57.680,14.14832899
1779235738,2026/05/20-08:08:57.860,13.51488715
1779235738,2026/05/20-08:08:58.060,14.14613715
1779235738,2026/05/20-08:08:58.260,14.09134115
1779235738,2026/05/20-08:08:58.460,13.73900282
1779235739,2026/05/20-08:08:58.660,14.18723416
1779235739,2026/05/20-08:08:58.890,14.18778212
1779235739,2026/05/20-08:08:59.140,14.31764865
1779235739,2026/05/20-08:08:59.340,14.88259549
1779235740,2026/05/20-08:08:59.540,13.53023003
1779235740,2026/05/20-08:08:59.740,13.83489583
1779235740,2026/05/20-08:08:59.940,14.52916124
1779235740,2026/05/20-08:09:00.220,14.73135851
1779235740,2026/05/20-08:09:00.420,14.99109158
1779235741,2026/05/20-08:09:00.620,13.99983181
1779235741,2026/05/20-08:09:00.820,13.61516385
1779235741,2026/05/20-08:09:01.020,13.74229058
1779235741,2026/05/20-08:09:01.220,14.9730089
1779235741,2026/05/20-08:09:01.480,14.45080295
1779235742,2026/05/20-08:09:01.700,13.89681532
1779235742,2026/05/20-08:09:01.900,14.10668403
1779235742,2026/05/20-08:09:02.100,14.38669162
1779235742,2026/05/20-08:09:02.300,14.59546441
1779235743,2026/05/20-08:09:02.500,13.14282227
1779235743,2026/05/20-08:09:02.790,14.12367079
1779235743,2026/05/20-08:09:02.980,14.58340929
1779235743,2026/05/20-08:09:03.180,14.71053602
1779235743,2026/05/20-08:09:03.380,14.91492513
1779235744,2026/05/20-08:09:03.580,14.79053819
1779235744,2026/05/20-08:09:03.780,14.67765842
1779235744,2026/05/20-08:09:04.030,14.189426
1779235744,2026/05/20-08:09:04.220,14.42066515
1779235744,2026/05/20-08:09:04.420,14.59382053
1779235745,2026/05/20-08:09:04.620,14.29573025
1779235745,2026/05/20-08:09:04.820,13.84475911
1779235745,2026/05/20-08:09:05.020,13.21460503
1779235745,2026/05/20-08:09:05.300,15.44261068
1779235746,2026/05/20-08:09:05.500,14.73409831
1779235746,2026/05/20-08:09:05.700,14.4858724
1779235746,2026/05/20-08:09:05.900,11.12852105
1779235746,2026/05/20-08:09:06.100,14.46395399
1779235746,2026/05/20-08:09:06.310,13.56694336
1779235747,2026/05/20-08:09:06.580,13.80092231
1779235747,2026/05/20-08:09:06.780,13.57023112
1779235747,2026/05/20-08:09:06.980,12.81514214
1779235747,2026/05/20-08:09:07.180,14.76149631
1779235747,2026/05/20-08:09:07.380,13.62173937
1779235748,2026/05/20-08:09:07.610,14.94889865
1779235748,2026/05/20-08:09:07.860,13.31214193
1779235748,2026/05/20-08:09:08.060,13.9066786
1779235748,2026/05/20-08:09:08.260,14.6601237
1779235748,2026/05/20-08:09:08.460,13.01295573
1779235749,2026/05/20-08:09:08.660,14.67437066
1779235749,2026/05/20-08:09:08.890,14.36751302
1779235749,2026/05/20-08:09:09.140,14.56477865
1779235749,2026/05/20-08:09:09.340,13.94393989
1779235750,2026/05/20-08:09:09.540,14.23655056
1779235750,2026/05/20-08:09:09.740,13.5965332
1779235750,2026/05/20-08:09:09.940,13.35871853
1779235750,2026/05/20-08:09:10.200,14.12367079
1779235750,2026/05/20-08:09:10.420,12.53294271
1779235751,2026/05/20-08:09:10.620,13.15542535
1779235751,2026/05/20-08:09:10.820,14.40587023
1779235751,2026/05/20-08:09:11.020,13.97133789
1779235751,2026/05/20-08:09:11.220,13.37077365
1779235751,2026/05/20-08:09:11.480,14.71601563
1779235752,2026/05/20-08:09:11.700,13.32474501
1779235752,2026/05/20-08:09:11.900,14.57683377
1779235752,2026/05/20-08:09:12.100,13.87763672
1779235752,2026/05/20-08:09:12.300,13.95873481
1779235753,2026/05/20-08:09:12.500,14.8261556
1779235753,2026/05/20-08:09:12.780,14.21518012
1779235753,2026/05/20-08:09:12.980,13.74503038
1779235753,2026/05/20-08:09:13.180,13.35871853
1779235753,2026/05/20-08:09:13.380,15.05794271
1779235754,2026/05/20-08:09:13.580,13.98722873
1779235754,2026/05/20-08:09:13.780,14.28093533
1779235754,2026/05/20-08:09:14.060,15.11767036
1779235754,2026/05/20-08:09:14.260,14.45957031
1779235754,2026/05/20-08:09:14.460,14.79273003
1779235755,2026/05/20-08:09:14.660,13.52255859
1779235755,2026/05/20-08:09:14.860,13.64913737
1779235755,2026/05/20-08:09:15.090,13.91928168
1779235755,2026/05/20-08:09:15.340,13.67215169
1779235756,2026/05/20-08:09:15.540,13.73571506
1779235756,2026/05/20-08:09:15.740,13.52420247
1779235756,2026/05/20-08:09:15.940,13.59543728
1779235756,2026/05/20-08:09:16.140,13.93243273
1779235756,2026/05/20-08:09:16.360,14.46176215
1779235757,2026/05/20-08:09:16.620,15.53357205
1779235757,2026/05/20-08:09:16.820,14.76642795
1779235757,2026/05/20-08:09:17.020,13.77242839
1779235757,2026/05/20-08:09:17.220,14.99109158
1779235757,2026/05/20-08:09:17.420,12.59595812
1779235758,2026/05/20-08:09:17.690,13.68804253
1779235758,2026/05/20-08:09:17.900,14.2250434
1779235758,2026/05/20-08:09:18.100,14.16641168
1779235758,2026/05/20-08:09:18.300,13.44036458
1779235759,2026/05/20-08:09:18.500,14.89410265
1779235759,2026/05/20-08:09:18.700,14.68149414
1779235759,2026/05/20-08:09:18.970,13.93846029
1779235759,2026/05/20-08:09:19.180,13.40803494
1779235759,2026/05/20-08:09:19.380,14.9839681
1779235760,2026/05/20-08:09:19.580,15.17356228
1779235760,2026/05/20-08:09:19.780,13.15542535
1779235760,2026/05/20-08:09:19.980,14.25463325
1779235760,2026/05/20-08:09:20.240,13.57790256
1779235760,2026/05/20-08:09:20.460,14.07106662
1779235761,2026/05/20-08:09:20.660,13.98832465
1779235761,2026/05/20-08:09:20.860,14.86615668
1779235761,2026/05/20-08:09:21.060,13.77242839
1779235761,2026/05/20-08:09:21.260,15.35603299
1779235761,2026/05/20-08:09:21.480,14.22997504
1779235762,2026/05/20-08:09:21.740,13.53735352
1779235762,2026/05/20-08:09:21.940,14.31600477
1779235762,2026/05/20-08:09:22.140,13.89791124
1779235762,2026/05/20-08:09:22.340,14.1976454
1779235763,2026/05/20-08:09:22.540,14.25189345
1779235763,2026/05/20-08:09:22.800,13.63598633
1779235763,2026/05/20-08:09:22.980,13.56968316
1779235763,2026/05/20-08:09:23.180,14.7987576
1779235763,2026/05/20-08:09:23.380,14.42395291
1779235764,2026/05/20-08:09:23.580,14.51272244
1779235764,2026/05/20-08:09:23.780,12.58883464
1779235764,2026/05/20-08:09:24.040,13.77626411
1779235764,2026/05/20-08:09:24.260,13.99928385
1779235764,2026/05/20-08:09:24.460,14.56697049
1779235765,2026/05/20-08:09:24.660,14.60313585
1779235765,2026/05/20-08:09:24.860,14.78286675
1779235765,2026/05/20-08:09:25.060,14.3828559
1779235765,2026/05/20-08:09:25.300,14.17682292
1779235766,2026/05/20-08:09:25.500,14.61245117
1779235766,2026/05/20-08:09:25.700,13.7022895
1779235766,2026/05/20-08:09:25.900,14.55272352
1779235766,2026/05/20-08:09:26.100,13.77242839
1779235766,2026/05/20-08:09:26.300,13.76420898
1779235767,2026/05/20-08:09:26.550,14.54231228
1779235767,2026/05/20-08:09:26.740,13.65078125
1779235767,2026/05/20-08:09:26.940,13.86064996
1779235767,2026/05/20-08:09:27.140,12.94391276
1779235767,2026/05/20-08:09:27.340,14.45244683
1779235768,2026/05/20-08:09:27.540,14.23216688
1779235768,2026/05/20-08:09:27.810,13.40474718
1779235768,2026/05/20-08:09:28.020,12.88528103
1779235768,2026/05/20-08:09:28.220,13.84530707
1779235768,2026/05/20-08:09:28.420,14.86944444
1779235769,2026/05/20-08:09:28.620,13.19049479
1779235769,2026/05/20-08:09:28.820,14.11983507
1779235769,2026/05/20-08:09:29.100,13.61187609
1779235769,2026/05/20-08:09:29.300,14.28422309
1779235770,2026/05/20-08:09:29.500,14.3910753
1779235770,2026/05/20-08:09:29.700,15.16972656
1779235770,2026/05/20-08:09:29.900,13.51433919
1779235770,2026/05/20-08:09:30.110,14.10010851
1779235770,2026/05/20-08:09:30.380,13.9203776
1779235771,2026/05/20-08:09:30.580,13.82338867
1779235771,2026/05/20-08:09:30.780,12.68363173
1779235771,2026/05/20-08:09:30.980,14.54395616
1779235771,2026/05/20-08:09:31.180,14.85026584
1779235771,2026/05/20-08:09:31.410,14.88533529
1779235772,2026/05/20-08:09:31.660,14.15490451
1779235772,2026/05/20-08:09:31.860,13.58995768
1779235772,2026/05/20-08:09:32.060,14.22339952
1779235772,2026/05/20-08:09:32.260,13.75215386
1779235772,2026/05/20-08:09:32.460,14.63546549
1779235773,2026/05/20-08:09:32.730,13.32145725
1779235773,2026/05/20-08:09:32.940,13.89133572
1779235773,2026/05/20-08:09:33.140,14.31052517
1779235773,2026/05/20-08:09:33.340,14.20750868
1779235774,2026/05/20-08:09:33.540,14.68423394
1779235774,2026/05/20-08:09:33.740,14.40313043
1779235774,2026/05/20-08:09:33.990,13.82558051
1779235774,2026/05/20-08:09:34.220,13.59982096
1779235774,2026/05/20-08:09:34.420,13.44200846
1779235775,2026/05/20-08:09:34.620,13.29844293
1779235775,2026/05/20-08:09:34.820,14.12641059
1779235775,2026/05/20-08:09:35.020,15.76700304
1779235775,2026/05/20-08:09:35.280,14.50285916
1779235776,2026/05/20-08:09:35.500,13.22008464
1779235776,2026/05/20-08:09:35.700,14.06010742
1779235776,2026/05/20-08:09:35.900,14.25298937
1779235776,2026/05/20-08:09:36.100,13.9231174
1779235776,2026/05/20-08:09:36.300,13.99216037
1779235777,2026/05/20-08:09:36.560,13.87763672
1779235777,2026/05/20-08:09:36.740,13.36967773
1779235777,2026/05/20-08:09:36.940,11.62552083
1779235777,2026/05/20-08:09:37.140,13.60804036
1779235777,2026/05/20-08:09:37.340,13.62393121
1779235778,2026/05/20-08:09:37.540,13.9176378
1779235778,2026/05/20-08:09:37.800,11.59538303
1779235778,2026/05/20-08:09:37.980,13.19707031
1779235778,2026/05/20-08:09:38.180,13.87873264
1779235778,2026/05/20-08:09:38.380,13.87982856
1779235779,2026/05/20-08:09:38.580,14.29189453
1779235779,2026/05/20-08:09:38.780,14.67820638
1779235779,2026/05/20-08:09:39.030,14.26120877
1779235779,2026/05/20-08:09:39.220,14.41299371
1779235779,2026/05/20-08:09:39.420,13.82667643
1779235780,2026/05/20-08:09:39.620,12.77514106
1779235780,2026/05/20-08:09:39.820,13.89955512
1779235780,2026/05/20-08:09:40.020,14.68642578
1779235780,2026/05/20-08:09:40.280,13.48255751
1779235781,2026/05/20-08:09:40.500,14.37354058
1779235781,2026/05/20-08:09:40.700,13.30556641
1779235781,2026/05/20-08:09:40.900,13.5773546
1779235781,2026/05/20-08:09:41.100,15.12369792
1779235781,2026/05/20-08:09:41.300,15.23493381
1779235782,2026/05/20-08:09:41.550,14.61080729
1779235782,2026/05/20-08:09:41.740,14.23490668
1779235782,2026/05/20-08:09:41.940,14.13846571
1779235782,2026/05/20-08:09:42.140,13.95161133
1779235782,2026/05/20-08:09:42.340,13.5773546
1779235783,2026/05/20-08:09:42.540,14.83108724
1779235783,2026/05/20-08:09:42.800,14.39217122
1779235783,2026/05/20-08:09:42.980,14.07051866
1779235783,2026/05/20-08:09:43.180,13.69078234
1779235783,2026/05/20-08:09:43.380,13.84366319
1779235784,2026/05/20-08:09:43.580,13.09240994
1779235784,2026/05/20-08:09:43.780,13.62502713
1779235784,2026/05/20-08:09:44.040,13.66338433
1779235784,2026/05/20-08:09:44.260,13.61242405
1779235784,2026/05/20-08:09:44.460,14.29134657
1779235785,2026/05/20-08:09:44.660,12.78610026
1779235785,2026/05/20-08:09:44.860,14.03106554
1779235785,2026/05/20-08:09:45.060,14.11490343
1779235785,2026/05/20-08:09:45.340,13.5335178
1779235786,2026/05/20-08:09:45.540,12.68253581
1779235786,2026/05/20-08:09:45.740,13.85517036
1779235786,2026/05/20-08:09:45.940,14.73683811
1779235786,2026/05/20-08:09:46.140,14.15983615
1779235786,2026/05/20-08:09:46.340,13.44858398
1779235787,2026/05/20-08:09:46.620,15.45137804
1779235787,2026/05/20-08:09:46.820,14.16969944
1779235787,2026/05/20-08:09:47.020,12.96363932
1779235787,2026/05/20-08:09:47.220,14.51162652
1779235787,2026/05/20-08:09:47.420,11.85182834
1779235788,2026/05/20-08:09:47.630,14.29079861
1779235788,2026/05/20-08:09:47.900,13.40474718
1779235788,2026/05/20-08:09:48.100,13.70667318
1779235788,2026/05/20-08:09:48.300,14.08421766
1779235789,2026/05/20-08:09:48.500,13.7433865
1779235789,2026/05/20-08:09:48.700,15.08534071
1779235789,2026/05/20-08:09:48.940,14.83766276
1779235789,2026/05/20-08:09:49.180,13.89517144
1779235789,2026/05/20-08:09:49.380,14.52587348
1779235790,2026/05/20-08:09:49.580,14.23819444
1779235790,2026/05/20-08:09:49.780,14.61190321
1779235790,2026/05/20-08:09:49.980,15.41466471
1779235790,2026/05/20-08:09:50.250,13.66009657
1779235790,2026/05/20-08:09:50.460,13.42995334
1779235791,2026/05/20-08:09:50.660,15.25192057
1779235791,2026/05/20-08:09:50.860,14.34340278
1779235791,2026/05/20-08:09:51.060,13.82393663
1779235791,2026/05/20-08:09:51.260,14.05024414
1779235792,2026/05/20-08:09:51.530,13.860102
1779235792,2026/05/20-08:09:51.740,14.90122613
1779235792,2026/05/20-08:09:51.940,14.42450087
1779235792,2026/05/20-08:09:52.140,14.04969618
1779235792,2026/05/20-08:09:52.340,14.15490451
1779235793,2026/05/20-08:09:52.540,13.63598633
1779235793,2026/05/20-08:09:52.800,13.74941406
1779235793,2026/05/20-08:09:53.020,13.51872287
1779235793,2026/05/20-08:09:53.220,14.61793077
1779235793,2026/05/20-08:09:53.420,13.85571832
1779235794,2026/05/20-08:09:53.620,14.94561089
1779235794,2026/05/20-08:09:53.820,14.46833767
1779235794,2026/05/20-08:09:54.070,13.544477
1779235794,2026/05/20-08:09:54.300,14.06010742
1779235795,2026/05/20-08:09:54.500,13.93188477
1779235795,2026/05/20-08:09:54.700,14.40696615
1779235795,2026/05/20-08:09:54.900,14.1784668
1779235795,2026/05/20-08:09:55.100,14.74012587
1779235795,2026/05/20-08:09:55.360,14.38175998
1779235796,2026/05/20-08:09:55.540,15.28699002
1779235796,2026/05/20-08:09:55.740,13.99983181
1779235796,2026/05/20-08:09:55.940,15.56864149
1779235796,2026/05/20-08:09:56.140,13.77955187
1779235796,2026/05/20-08:09:56.340,14.75601671
1779235797,2026/05/20-08:09:56.600,14.88149957
1779235797,2026/05/20-08:09:56.820,13.68146701
1779235797,2026/05/20-08:09:57.020,14.65957574
1779235797,2026/05/20-08:09:57.220,14.77683919
1779235797,2026/05/20-08:09:57.420,13.06172418
1779235798,2026/05/20-08:09:57.620,14.40367839
1779235798,2026/05/20-08:09:57.870,14.72587891
1779235798,2026/05/20-08:09:58.060,15.10287543
1779235798,2026/05/20-08:09:58.260,15.05191515
1779235798,2026/05/20-08:09:58.460,14.14065755
1779235799,2026/05/20-08:09:58.660,13.65297309
1779235799,2026/05/20-08:09:58.860,14.02175022
1779235799,2026/05/20-08:09:59.110,15.30945638
1779235799,2026/05/20-08:09:59.300,13.18117947
1779235800,2026/05/20-08:09:59.500,13.94448785
1779235800,2026/05/20-08:09:59.700,14.19326172
1779235800,2026/05/20-08:09:59.900,14.25956489
1779235800,2026/05/20-08:10:00.100,13.35433485
1779235800,2026/05/20-08:10:00.360,13.30227865
1779235801,2026/05/20-08:10:00.540,13.12145182
1779235801,2026/05/20-08:10:00.740,14.62341037
1779235801,2026/05/20-08:10:00.940,14.41244575
1779235801,2026/05/20-08:10:01.140,14.19380968
1779235801,2026/05/20-08:10:01.340,13.92750109
1779235802,2026/05/20-08:10:01.620,13.18282335
1779235802,2026/05/20-08:10:01.820,13.83927951
1779235802,2026/05/20-08:10:02.020,13.95435113
1779235802,2026/05/20-08:10:02.220,12.26060655
1779235802,2026/05/20-08:10:02.420,14.35107422
1779235803,2026/05/20-08:10:02.650,14.27271593
1779235803,2026/05/20-08:10:02.900,14.3554579
1779235803,2026/05/20-08:10:03.100,14.07764214
1779235803,2026/05/20-08:10:03.300,14.42285699
1779235804,2026/05/20-08:10:03.500,14.81464844
1779235804,2026/05/20-08:10:03.700,15.13958876
1779235804,2026/05/20-08:10:03.930,14.89191081
1779235804,2026/05/20-08:10:04.180,12.3449924
1779235804,2026/05/20-08:10:04.380,14.5571072
1779235805,2026/05/20-08:10:04.580,13.4496799
1779235805,2026/05/20-08:10:04.780,13.75105794
1779235805,2026/05/20-08:10:04.980,14.57573785
1779235805,2026/05/20-08:10:05.210,14.43984375
1779235805,2026/05/20-08:10:05.460,14.5543674
1779235806,2026/05/20-08:10:05.660,14.2003852
1779235806,2026/05/20-08:10:05.860,13.2315918
1779235806,2026/05/20-08:10:06.060,12.43376194
1779235806,2026/05/20-08:10:06.260,13.39378798
1779235806,2026/05/20-08:10:06.490,13.32967665
1779235807,2026/05/20-08:10:06.740,14.06668294
1779235807,2026/05/20-08:10:06.940,14.01353082
1779235807,2026/05/20-08:10:07.140,14.35217014
1779235807,2026/05/20-08:10:07.340,13.45187174
1779235808,2026/05/20-08:10:07.540,14.73902995
1779235808,2026/05/20-08:10:07.760,13.61899957
1779235808,2026/05/20-08:10:07.980,14.35929362
1779235808,2026/05/20-08:10:08.180,15.03657227
1779235808,2026/05/20-08:10:08.380,14.26888021
1779235809,2026/05/20-08:10:08.580,14.8425944
1779235809,2026/05/20-08:10:08.780,15.38617079
1779235809,2026/05/20-08:10:09.010,14.37134874
1779235809,2026/05/20-08:10:09.260,14.22613932
1779235809,2026/05/20-08:10:09.460,13.32693685
1779235810,2026/05/20-08:10:09.660,13.78064779
1779235810,2026/05/20-08:10:09.860,14.11216363
1779235810,2026/05/20-08:10:10.060,14.16531576
1779235810,2026/05/20-08:10:10.330,13.64365777
1779235811,2026/05/20-08:10:10.540,13.99380425
1779235811,2026/05/20-08:10:10.740,14.74396159
1779235811,2026/05/20-08:10:10.940,14.46011827
1779235811,2026/05/20-08:10:11.140,14.16915148
1779235811,2026/05/20-08:10:11.340,13.25460612
1779235812,2026/05/20-08:10:11.590,14.60532769
1779235812,2026/05/20-08:10:11.780,14.72971463
1779235812,2026/05/20-08:10:11.980,14.7121799
1779235812,2026/05/20-08:10:12.180,15.03273655
1779235812,2026/05/20-08:10:12.380,12.61623264
1779235813,2026/05/20-08:10:12.580,14.4886122
1779235813,2026/05/20-08:10:12.830,15.53740777
1779235813,2026/05/20-08:10:13.020,13.42556966
1779235813,2026/05/20-08:10:13.220,14.23490668
1779235813,2026/05/20-08:10:13.420,13.08967014
1779235814,2026/05/20-08:10:13.620,14.18833008
1779235814,2026/05/20-08:10:13.820,14.52258572
1779235814,2026/05/20-08:10:14.100,13.79982639
1779235814,2026/05/20-08:10:14.300,14.95109049
1779235815,2026/05/20-08:10:14.500,14.54176432
1779235815,2026/05/20-08:10:14.700,13.61242405
1779235815,2026/05/20-08:10:14.900,13.70393338
1779235815,2026/05/20-08:10:15.100,12.88199327
1779235815,2026/05/20-08:10:15.350,14.47381727
1779235816,2026/05/20-08:10:15.540,14.92807617
1779235816,2026/05/20-08:10:15.740,13.94777561
1779235816,2026/05/20-08:10:15.940,13.63215061
1779235816,2026/05/20-08:10:16.140,9.588205295
1779235816,2026/05/20-08:10:16.340,14.77081163
1779235817,2026/05/20-08:10:16.590,15.25685221
1779235817,2026/05/20-08:10:16.780,15.58562826
1779235817,2026/05/20-08:10:16.980,14.10668403
1779235817,2026/05/20-08:10:17.180,14.75108507
1779235817,2026/05/20-08:10:17.380,13.41735026
1779235818,2026/05/20-08:10:17.580,12.62280816
1779235818,2026/05/20-08:10:17.830,13.64968533
1779235818,2026/05/20-08:10:18.060,12.55979275
1779235818,2026/05/20-08:10:18.260,14.84040256
1779235818,2026/05/20-08:10:18.460,14.15600043
1779235819,2026/05/20-08:10:18.660,13.43104926
1779235819,2026/05/20-08:10:18.860,13.2617296
1779235819,2026/05/20-08:10:19.130,14.07490234
1779235819,2026/05/20-08:10:19.340,14.82286784
1779235820,2026/05/20-08:10:19.540,15.30178494
1779235820,2026/05/20-08:10:19.740,14.84095052
1779235820,2026/05/20-08:10:19.940,13.03487413
1779235820,2026/05/20-08:10:20.140,11.21126302
1779235820,2026/05/20-08:10:20.400,13.48255751
1779235821,2026/05/20-08:10:20.580,14.43052843
1779235821,2026/05/20-08:10:20.780,14.54779188
1779235821,2026/05/20-08:10:20.980,14.85738932
1779235821,2026/05/20-08:10:21.180,14.83601888
1779235821,2026/05/20-08:10:21.380,14.93081597
1779235822,2026/05/20-08:10:21.640,13.47598199
1779235822,2026/05/20-08:10:21.820,13.89462348
1779235822,2026/05/20-08:10:22.020,12.90171984
1779235822,2026/05/20-08:10:22.220,14.09024523
1779235822,2026/05/20-08:10:22.420,13.66338433
1779235823,2026/05/20-08:10:22.620,12.89021267
1779235823,2026/05/20-08:10:22.900,13.97024197
1779235823,2026/05/20-08:10:23.100,13.00254449
1779235823,2026/05/20-08:10:23.300,14.56313477
1779235824,2026/05/20-08:10:23.500,14.56258681
1779235824,2026/05/20-08:10:23.700,14.09901259
1779235824,2026/05/20-08:10:23.900,15.11054688
1779235824,2026/05/20-08:10:24.150,14.00805122
1779235824,2026/05/20-08:10:24.340,14.59546441
1779235825,2026/05/20-08:10:24.540,13.94448785
1779235825,2026/05/20-08:10:24.740,14.46833767
1779235825,2026/05/20-08:10:24.940,14.11928711
1779235825,2026/05/20-08:10:25.140,14.73464627
1779235825,2026/05/20-08:10:25.420,14.46011827
1779235826,2026/05/20-08:10:25.620,14.54012044
1779235826,2026/05/20-08:10:25.820,14.03654514
1779235826,2026/05/20-08:10:26.020,14.29792209
1779235826,2026/05/20-08:10:26.220,14.07325846
1779235826,2026/05/20-08:10:26.420,14.22011176
1779235827,2026/05/20-08:10:26.670,13.92859701
1779235827,2026/05/20-08:10:26.860,13.85023872
1779235827,2026/05/20-08:10:27.060,15.03986003
1779235827,2026/05/20-08:10:27.260,15.05794271
1779235827,2026/05/20-08:10:27.460,14.84204644
1779235828,2026/05/20-08:10:27.660,13.38721246
1779235828,2026/05/20-08:10:27.940,13.69297418
1779235828,2026/05/20-08:10:28.140,13.45789931
1779235828,2026/05/20-08:10:28.340,14.50450304
1779235829,2026/05/20-08:10:28.540,14.27490777
1779235829,2026/05/20-08:10:28.740,13.53516168
1779235829,2026/05/20-08:10:28.950,13.62557509
1779235829,2026/05/20-08:10:29.220,14.82670356
1779235829,2026/05/20-08:10:29.420,15.34726563
1779235830,2026/05/20-08:10:29.620,13.92530924
1779235830,2026/05/20-08:10:29.820,14.38395182
1779235830,2026/05/20-08:10:30.020,14.44970703
1779235830,2026/05/20-08:10:30.230,14.46833767
1779235831,2026/05/20-08:10:30.500,13.85078668
1779235831,2026/05/20-08:10:30.700,14.53190104
1779235831,2026/05/20-08:10:30.900,12.55212131
1779235831,2026/05/20-08:10:31.100,13.80147027
1779235831,2026/05/20-08:10:31.300,14.10723199
1779235832,2026/05/20-08:10:31.530,14.24257813
1779235832,2026/05/20-08:10:31.780,13.7077691
1779235832,2026/05/20-08:10:31.980,13.66557617
1779235832,2026/05/20-08:10:32.180,12.90884332
1779235832,2026/05/20-08:10:32.380,13.75872938
1779235833,2026/05/20-08:10:32.580,14.32312826
1779235833,2026/05/20-08:10:32.810,13.94941949
1779235833,2026/05/20-08:10:33.060,14.08750543
1779235833,2026/05/20-08:10:33.260,13.01131185
1779235833,2026/05/20-08:10:33.460,14.92150065
1779235834,2026/05/20-08:10:33.660,14.8288954
1779235834,2026/05/20-08:10:33.860,13.88256836
1779235834,2026/05/20-08:10:34.140,13.15926107
1779235834,2026/05/20-08:10:34.340,13.11158854
1779235835,2026/05/20-08:10:34.540,14.28257921
1779235835,2026/05/20-08:10:34.740,14.4803928
1779235835,2026/05/20-08:10:34.940,14.88095161
1779235835,2026/05/20-08:10:35.140,15.36425239
1779235835,2026/05/20-08:10:35.420,14.0727105
1779235836,2026/05/20-08:10:35.620,14.76204427
1779235836,2026/05/20-08:10:35.820,13.34556749
1779235836,2026/05/20-08:10:36.020,14.65793186
1779235836,2026/05/20-08:10:36.220,13.558176
1779235836,2026/05/20-08:10:36.430,14.546148
1779235837,2026/05/20-08:10:36.740,14.36532118
1779235837,2026/05/20-08:10:36.940,13.78503147
1779235837,2026/05/20-08:10:37.140,12.6496582
1779235837,2026/05/20-08:10:37.340,14.72259115
1779235838,2026/05/20-08:10:37.540,13.39817166
1779235838,2026/05/20-08:10:37.780,14.5406684
1779235838,2026/05/20-08:10:38.020,14.0699707
1779235838,2026/05/20-08:10:38.220,15.07986111
1779235838,2026/05/20-08:10:38.420,14.64806858
1779235839,2026/05/20-08:10:38.620,13.77900391
1779235839,2026/05/20-08:10:38.820,13.7543457
1779235839,2026/05/20-08:10:39.070,12.47321506
1779235839,2026/05/20-08:10:39.300,14.40587023
1779235840,2026/05/20-08:10:39.500,12.1652615
1779235840,2026/05/20-08:10:39.700,13.6913303
1779235840,2026/05/20-08:10:39.900,13.50885959
1779235840,2026/05/20-08:10:40.100,13.53023003
1779235840,2026/05/20-08:10:40.360,14.78177083
1779235841,2026/05/20-08:10:40.580,13.13295898
1779235841,2026/05/20-08:10:40.780,14.37354058
1779235841,2026/05/20-08:10:40.980,15.08753255
1779235841,2026/05/20-08:10:41.180,14.28312717
1779235841,2026/05/20-08:10:41.380,14.42998047
1779235842,2026/05/20-08:10:41.640,13.65242513
1779235842,2026/05/20-08:10:41.860,12.83048503
1779235842,2026/05/20-08:10:42.060,13.81352539
1779235842,2026/05/20-08:10:42.260,14.35381402
1779235842,2026/05/20-08:10:42.460,14.26778429
1779235843,2026/05/20-08:10:42.660,13.31926541
1779235843,2026/05/20-08:10:42.940,13.40693902
1779235843,2026/05/20-08:10:43.140,13.16254883
1779235843,2026/05/20-08:10:43.340,14.14997287
1779235844,2026/05/20-08:10:43.540,13.24364692
1779235844,2026/05/20-08:10:43.740,12.78171658
1779235844,2026/05/20-08:10:43.950,14.32477214
1779235844,2026/05/20-08:10:44.220,14.01955838
1779235844,2026/05/20-08:10:44.420,15.60590278
1779235845,2026/05/20-08:10:44.620,14.52587348
1779235845,2026/05/20-08:10:44.820,13.67324761
1779235845,2026/05/20-08:10:45.020,14.22394748
1779235845,2026/05/20-08:10:45.230,13.97024197
1779235846,2026/05/20-08:10:45.500,14.46340603
1779235846,2026/05/20-08:10:45.700,15.3352105
1779235846,2026/05/20-08:10:45.900,14.88149957
1779235846,2026/05/20-08:10:46.100,14.6930013
1779235846,2026/05/20-08:10:46.300,14.77245551
1779235847,2026/05/20-08:10:46.530,14.5379286
1779235847,2026/05/20-08:10:46.780,14.26230469
1779235847,2026/05/20-08:10:46.980,14.216824
1779235847,2026/05/20-08:10:47.180,14.73574219
1779235847,2026/05/20-08:10:47.380,14.41299371
1779235848,2026/05/20-08:10:47.580,15.04588759
1779235848,2026/05/20-08:10:47.870,13.61954753
1779235848,2026/05/20-08:10:48.060,14.14394531
1779235848,2026/05/20-08:10:48.260,15.13684896
1779235848,2026/05/20-08:10:48.460,11.9827908
1779235849,2026/05/20-08:10:48.660,15.47494032
1779235849,2026/05/20-08:10:48.860,14.02503798
1779235849,2026/05/20-08:10:49.120,14.50450304
1779235849,2026/05/20-08:10:49.340,13.83763563
1779235850,2026/05/20-08:10:49.540,14.78889431
1779235850,2026/05/20-08:10:49.740,14.96259766
1779235850,2026/05/20-08:10:49.940,13.65735677
1779235850,2026/05/20-08:10:50.140,13.65900065
1779235850,2026/05/20-08:10:50.410,14.36696506
1779235851,2026/05/20-08:10:50.620,13.30611437
1779235851,2026/05/20-08:10:50.820,13.92202148
1779235851,2026/05/20-08:10:51.020,14.5516276
1779235851,2026/05/20-08:10:51.220,13.99928385
1779235851,2026/05/20-08:10:51.420,14.07983398
1779235852,2026/05/20-08:10:51.680,12.6414388
1779235852,2026/05/20-08:10:51.900,13.62776693
1779235852,2026/05/20-08:10:52.100,13.67050781
1779235852,2026/05/20-08:10:52.300,14.12915039
1779235853,2026/05/20-08:10:52.500,14.65245226
1779235853,2026/05/20-08:10:52.700,13.44310438
1779235853,2026/05/20-08:10:52.960,13.54009332
1779235853,2026/05/20-08:10:53.180,13.15980903
1779235853,2026/05/20-08:10:53.380,14.04860026
1779235854,2026/05/20-08:10:53.580,14.0425727
1779235854,2026/05/20-08:10:53.780,13.67215169
1779235854,2026/05/20-08:10:53.980,14.17737088
1779235854,2026/05/20-08:10:54.260,13.66009657
1779235854,2026/05/20-08:10:54.460,14.3444987
1779235855,2026/05/20-08:10:54.660,14.79492188
1779235855,2026/05/20-08:10:54.860,13.42830946
1779235855,2026/05/20-08:10:55.060,13.90613064
1779235855,2026/05/20-08:10:55.270,12.91706272
1779235856,2026/05/20-08:10:55.540,13.3921441
1779235856,2026/05/20-08:10:55.740,13.81845703
1779235856,2026/05/20-08:10:55.940,14.49189996
1779235856,2026/05/20-08:10:56.140,14.16093207
1779235856,2026/05/20-08:10:56.340,14.71601563
1779235857,2026/05/20-08:10:56.560,13.52584635
1779235857,2026/05/20-08:10:56.820,14.34395074
1779235857,2026/05/20-08:10:57.020,13.30447049
1779235857,2026/05/20-08:10:57.220,14.14668511
1779235857,2026/05/20-08:10:57.420,14.38340386
1779235858,2026/05/20-08:10:57.620,14.34285482
1779235858,2026/05/20-08:10:57.880,13.48639323
1779235858,2026/05/20-08:10:58.100,14.09517687
1779235858,2026/05/20-08:10:58.300,15.29301758
1779235859,2026/05/20-08:10:58.500,13.59817708
1779235859,2026/05/20-08:10:58.700,13.52310655
1779235859,2026/05/20-08:10:58.900,14.34943034
1779235859,2026/05/20-08:10:59.160,14.25956489
1779235859,2026/05/20-08:10:59.340,14.29901801
1779235860,2026/05/20-08:10:59.540,15.11054688
1779235860,2026/05/20-08:10:59.740,13.75379774
1779235860,2026/05/20-08:10:59.940,12.51924371
1779235860,2026/05/20-08:11:00.140,13.92256944
1779235860,2026/05/20-08:11:00.390,13.901199
1779235861,2026/05/20-08:11:00.580,13.60091688
1779235861,2026/05/20-08:11:00.780,15.09684787
1779235861,2026/05/20-08:11:00.980,11.97347548
1779235861,2026/05/20-08:11:01.180,15.00479058
1779235861,2026/05/20-08:11:01.380,14.27764757
1779235862,2026/05/20-08:11:01.630,14.47162543
1779235862,2026/05/20-08:11:01.820,13.02391493
1779235862,2026/05/20-08:11:02.020,12.88582899
1779235862,2026/05/20-08:11:02.220,13.95654297
1779235862,2026/05/20-08:11:02.420,11.13071289
1779235863,2026/05/20-08:11:02.620,13.80366211
1779235863,2026/05/20-08:11:02.900,14.49025608
1779235863,2026/05/20-08:11:03.100,14.92314453
1779235863,2026/05/20-08:11:03.300,14.16969944
1779235864,2026/05/20-08:11:03.500,13.51379123
1779235864,2026/05/20-08:11:03.700,15.57083333
1779235864,2026/05/20-08:11:03.900,13.43762478
1779235864,2026/05/20-08:11:04.180,14.22833116
1779235864,2026/05/20-08:11:04.380,14.95163845
1779235865,2026/05/20-08:11:04.580,13.82338867
1779235865,2026/05/20-08:11:04.780,14.26778429
1779235865,2026/05/20-08:11:04.980,14.64204102
1779235865,2026/05/20-08:11:05.200,14.546148
1779235865,2026/05/20-08:11:05.460,14.76314019
1779235866,2026/05/20-08:11:05.660,14.90999349
1779235866,2026/05/20-08:11:05.860,13.53516168
1779235866,2026/05/20-08:11:06.060,13.7324273
1779235866,2026/05/20-08:11:06.260,14.01298286
1779235866,2026/05/20-08:11:06.490,12.53129883
1779235867,2026/05/20-08:11:06.740,13.08912218
1779235867,2026/05/20-08:11:06.940,15.01520182
1779235867,2026/05/20-08:11:07.140,14.77793511
1779235867,2026/05/20-08:11:07.340,14.5242296
1779235868,2026/05/20-08:11:07.540,13.92859701
1779235868,2026/05/20-08:11:07.790,14.17901476
1779235868,2026/05/20-08:11:08.020,13.73681098
1779235868,2026/05/20-08:11:08.220,14.53354492
1779235868,2026/05/20-08:11:08.420,13.73626302
1779235869,2026/05/20-08:11:08.620,13.4442003
1779235869,2026/05/20-08:11:08.820,13.85681424
1779235869,2026/05/20-08:11:09.090,13.96311849
1779235869,2026/05/20-08:11:09.300,14.2195638
1779235870,2026/05/20-08:11:09.500,12.87212999
1779235870,2026/05/20-08:11:09.700,13.92640516
1779235870,2026/05/20-08:11:09.900,14.15052083
1779235870,2026/05/20-08:11:10.100,13.87818468
1779235870,2026/05/20-08:11:10.350,14.38230794
1779235871,2026/05/20-08:11:10.580,14.29901801
1779235871,2026/05/20-08:11:10.780,13.85626628
1779235871,2026/05/20-08:11:10.980,15.03164063
1779235871,2026/05/20-08:11:11.180,13.98448893
1779235871,2026/05/20-08:11:11.380,14.24257813
1779235872,2026/05/20-08:11:11.660,14.87328016
1779235872,2026/05/20-08:11:11.860,14.14120551
1779235872,2026/05/20-08:11:12.060,13.76037326
1779235872,2026/05/20-08:11:12.260,14.41354167
1779235872,2026/05/20-08:11:12.460,14.33682726
1779235873,2026/05/20-08:11:12.660,13.8984592
1779235873,2026/05/20-08:11:12.910,15.12369792
1779235873,2026/05/20-08:11:13.100,15.10506727
1779235873,2026/05/20-08:11:13.300,13.83653971
1779235874,2026/05/20-08:11:13.500,13.45515951
1779235874,2026/05/20-08:11:13.700,15.52096897
1779235874,2026/05/20-08:11:13.900,14.36038954
1779235874,2026/05/20-08:11:14.180,14.96862522
1779235874,2026/05/20-08:11:14.380,14.37134874
1779235875,2026/05/20-08:11:14.580,13.95489909
1779235875,2026/05/20-08:11:14.780,13.97078993
1779235875,2026/05/20-08:11:14.980,14.50724284
1779235875,2026/05/20-08:11:15.180,14.93903537
1779235875,2026/05/20-08:11:15.460,14.75875651
1779235876,2026/05/20-08:11:15.660,12.67322049
1779235876,2026/05/20-08:11:15.860,13.61132813
1779235876,2026/05/20-08:11:16.060,13.31871745
1779235876,2026/05/20-08:11:16.260,13.31323785
1779235876,2026/05/20-08:11:16.480,14.50998264
1779235877,2026/05/20-08:11:16.740,13.67489149
1779235877,2026/05/20-08:11:16.940,14.5214898
1779235877,2026/05/20-08:11:17.140,13.15926107
1779235877,2026/05/20-08:11:17.340,12.90007595
1779235878,2026/05/20-08:11:17.540,13.73078342
1779235878,2026/05/20-08:11:17.810,13.72804362
1779235878,2026/05/20-08:11:18.020,13.45022786
1779235878,2026/05/20-08:11:18.220,14.87766385
1779235878,2026/05/20-08:11:18.420,15.09465603
1779235879,2026/05/20-08:11:18.620,15.06780599
1779235879,2026/05/20-08:11:18.820,12.96363932
1779235879,2026/05/20-08:11:19.080,13.51105143
1779235879,2026/05/20-08:11:19.260,13.48803711
1779235879,2026/05/20-08:11:19.460,12.78719618
1779235880,2026/05/20-08:11:19.660,14.43929579
1779235880,2026/05/20-08:11:19.860,14.2414822
1779235880,2026/05/20-08:11:20.060,13.82722439
1779235880,2026/05/20-08:11:20.310,14.67437066
1779235881,2026/05/20-08:11:20.500,13.16693251
1779235881,2026/05/20-08:11:20.700,15.05081923
1779235881,2026/05/20-08:11:20.900,13.01131185
1779235881,2026/05/20-08:11:21.100,14.46943359
1779235881,2026/05/20-08:11:21.300,13.76201714
1779235882,2026/05/20-08:11:21.560,13.50064019
1779235882,2026/05/20-08:11:21.780,13.4113227
1779235882,2026/05/20-08:11:21.980,13.83434787
1779235882,2026/05/20-08:11:22.180,14.15380859
1779235882,2026/05/20-08:11:22.380,13.39981554
1779235883,2026/05/20-08:11:22.580,14.3472385
1779235883,2026/05/20-08:11:22.830,14.41737739
1779235883,2026/05/20-08:11:23.020,15.35274523
1779235883,2026/05/20-08:11:23.220,13.81407335
1779235883,2026/05/20-08:11:23.420,14.17243924
1779235884,2026/05/20-08:11:23.620,14.58669705
1779235884,2026/05/20-08:11:23.820,13.06391602
1779235884,2026/05/20-08:11:24.100,13.99216037
1779235884,2026/05/20-08:11:24.300,15.40260959
1779235885,2026/05/20-08:11:24.500,13.92969293
1779235885,2026/05/20-08:11:24.700,14.85958116
1779235885,2026/05/20-08:11:24.900,15.16260308
1779235885,2026/05/20-08:11:25.100,13.7022895
1779235885,2026/05/20-08:11:25.360,14.28148329
1779235886,2026/05/20-08:11:25.580,13.96585829
1779235886,2026/05/20-08:11:25.780,13.24748264
1779235886,2026/05/20-08:11:25.980,14.31162109
1779235886,2026/05/20-08:11:26.180,14.47436523
1779235886,2026/05/20-08:11:26.380,13.34995117
1779235887,2026/05/20-08:11:26.650,14.49244792
1779235887,2026/05/20-08:11:26.860,14.76149631
1779235887,2026/05/20-08:11:27.060,14.09243707
1779235887,2026/05/20-08:11:27.260,13.42721354
1779235887,2026/05/20-08:11:27.460,13.1121365
1779235888,2026/05/20-08:11:27.660,14.81738824
1779235888,2026/05/20-08:11:27.920,13.16090495
1779235888,2026/05/20-08:11:28.140,13.03213433
1779235888,2026/05/20-08:11:28.340,15.07986111
1779235889,2026/05/20-08:11:28.540,14.39710286
1779235889,2026/05/20-08:11:28.740,14.36751302
1779235889,2026/05/20-08:11:28.940,14.6491645
1779235889,2026/05/20-08:11:29.190,10.48959961
1779235889,2026/05/20-08:11:29.380,12.80692274
1779235890,2026/05/20-08:11:29.580,13.69900174
1779235890,2026/05/20-08:11:29.780,13.57023112
1779235890,2026/05/20-08:11:29.980,14.22559136
1779235890,2026/05/20-08:11:30.180,13.58228624
1779235890,2026/05/20-08:11:30.450,13.06117622
1779235891,2026/05/20-08:11:30.660,14.0343533
1779235891,2026/05/20-08:11:30.860,13.23597548
1779235891,2026/05/20-08:11:31.060,13.67489149
1779235891,2026/05/20-08:11:31.260,14.45628255
1779235891,2026/05/20-08:11:31.460,14.01736654
1779235892,2026/05/20-08:11:31.720,11.95594076
1779235892,2026/05/20-08:11:31.940,13.67434353
1779235892,2026/05/20-08:11:32.140,13.32255317
1779235892,2026/05/20-08:11:32.340,14.53409288
1779235893,2026/05/20-08:11:32.540,14.2058648
1779235893,2026/05/20-08:11:32.740,13.84256727
1779235893,2026/05/20-08:11:33.000,13.88640408
1779235893,2026/05/20-08:11:33.180,14.21463216
1779235893,2026/05/20-08:11:33.380,14.12038303
1779235894,2026/05/20-08:11:33.580,15.43767904
1779235894,2026/05/20-08:11:33.780,14.01955838
1779235894,2026/05/20-08:11:33.980,13.48968099
1779235894,2026/05/20-08:11:34.240,13.44803602
1779235894,2026/05/20-08:11:34.460,14.49463976
1779235895,2026/05/20-08:11:34.660,13.79105903
1779235895,2026/05/20-08:11:34.860,13.19433051
1779235895,2026/05/20-08:11:35.060,14.08147786
1779235895,2026/05/20-08:11:35.260,14.43929579
1779235896,2026/05/20-08:11:35.540,13.41789822
1779235896,2026/05/20-08:11:35.740,14.73300239
1779235896,2026/05/20-08:11:35.940,14.13846571
1779235896,2026/05/20-08:11:36.140,13.48036567
1779235896,2026/05/20-08:11:36.340,13.8710612
1779235897,2026/05/20-08:11:36.550,13.57625868
1779235897,2026/05/20-08:11:36.820,13.69790582
1779235897,2026/05/20-08:11:37.020,15.20096029
1779235897,2026/05/20-08:11:37.220,13.50283203
1779235897,2026/05/20-08:11:37.420,14.43765191
1779235898,2026/05/20-08:11:37.620,15.52590061
1779235898,2026/05/20-08:11:37.890,13.94613173
1779235898,2026/05/20-08:11:38.100,14.30888129
1779235898,2026/05/20-08:11:38.300,15.43877496
1779235899,2026/05/20-08:11:38.500,13.50940755
1779235899,2026/05/20-08:11:38.700,14.37299262
1779235899,2026/05/20-08:11:38.900,13.86393772
1779235899,2026/05/20-08:11:39.120,13.4387207
1779235899,2026/05/20-08:11:39.340,15.09410807
1779235900,2026/05/20-08:11:39.540,14.89574653
1779235900,2026/05/20-08:11:39.740,13.94941949
1779235900,2026/05/20-08:11:39.940,14.42559679
1779235900,2026/05/20-08:11:40.140,13.25296224
1779235900,2026/05/20-08:11:40.360,13.81462131
1779235901,2026/05/20-08:11:40.580,14.58998481
1779235901,2026/05/20-08:11:40.780,14.02668186
1779235901,2026/05/20-08:11:40.980,14.67327474
1779235901,2026/05/20-08:11:41.180,15.0004069
1779235901,2026/05/20-08:11:41.380,13.50721571
1779235902,2026/05/20-08:11:41.600,14.65026042
1779235902,2026/05/20-08:11:41.860,13.41241862
1779235902,2026/05/20-08:11:42.060,13.85133464
1779235902,2026/05/20-08:11:42.260,13.7570855
1779235902,2026/05/20-08:11:42.460,14.2140842
1779235903,2026/05/20-08:11:42.660,13.96859809
1779235903,2026/05/20-08:11:42.880,15.10506727
1779235903,2026/05/20-08:11:43.140,13.36967773
1779235903,2026/05/20-08:11:43.340,14.92204861
1779235904,2026/05/20-08:11:43.540,13.61242405
1779235904,2026/05/20-08:11:43.740,14.49463976
1779235904,2026/05/20-08:11:43.940,14.58176541
1779235904,2026/05/20-08:11:44.200,13.23323568
1779235904,2026/05/20-08:11:44.420,14.20915256
1779235905,2026/05/20-08:11:44.620,14.22120768
1779235905,2026/05/20-08:11:44.820,14.64587674
1779235905,2026/05/20-08:11:45.020,13.68913845
1779235905,2026/05/20-08:11:45.220,13.46557075
1779235905,2026/05/20-08:11:45.470,14.57902561
1779235906,2026/05/20-08:11:45.660,13.75324978
1779235906,2026/05/20-08:11:45.860,13.6074924
1779235906,2026/05/20-08:11:46.060,13.5965332
1779235906,2026/05/20-08:11:46.260,13.64091797
1779235906,2026/05/20-08:11:46.460,14.11983507
1779235907,2026/05/20-08:11:46.720,14.44696723
1779235907,2026/05/20-08:11:46.940,14.17463108
1779235907,2026/05/20-08:11:47.140,13.62502713
1779235907,2026/05/20-08:11:47.340,13.97407769
1779235908,2026/05/20-08:11:47.540,14.27052409
1779235908,2026/05/20-08:11:47.740,14.16531576
1779235908,2026/05/20-08:11:48.000,15.00533854
1779235908,2026/05/20-08:11:48.220,14.3444987
1779235908,2026/05/20-08:11:48.420,13.64201389
1779235909,2026/05/20-08:11:48.620,13.2617296
1779235909,2026/05/20-08:11:48.820,14.82999132
1779235909,2026/05/20-08:11:49.020,15.02561306
1779235909,2026/05/20-08:11:49.280,14.47107747
1779235910,2026/05/20-08:11:49.500,14.87328016
1779235910,2026/05/20-08:11:49.700,14.29901801
1779235910,2026/05/20-08:11:49.900,13.76585286
1779235910,2026/05/20-08:11:50.100,14.63491753
1779235910,2026/05/20-08:11:50.300,13.65023329
1779235911,2026/05/20-08:11:50.560,13.47488607
1779235911,2026/05/20-08:11:50.740,12.99651693
1779235911,2026/05/20-08:11:50.940,13.78448351
1779235911,2026/05/20-08:11:51.140,13.73187934
1779235911,2026/05/20-08:11:51.340,14.70724826
1779235912,2026/05/20-08:11:51.540,14.38997938
1779235912,2026/05/20-08:11:51.820,13.93955621
1779235912,2026/05/20-08:11:52.020,14.90067817
1779235912,2026/05/20-08:11:52.220,15.22287869
1779235912,2026/05/20-08:11:52.420,13.28748372
1779235913,2026/05/20-08:11:52.620,15.06287435
1779235913,2026/05/20-08:11:52.820,14.10284831
1779235913,2026/05/20-08:11:53.070,13.29515516
1779235913,2026/05/20-08:11:53.260,14.15983615
1779235913,2026/05/20-08:11:53.460,15.09958767
1779235914,2026/05/20-08:11:53.660,13.22008464
1779235914,2026/05/20-08:11:53.860,13.54666884
1779235914,2026/05/20-08:11:54.060,15.32863498
1779235914,2026/05/20-08:11:54.310,14.13243815
1779235915,2026/05/20-08:11:54.500,14.60258789
1779235915,2026/05/20-08:11:54.700,13.68968641
1779235915,2026/05/20-08:11:54.900,13.99818793
1779235915,2026/05/20-08:11:55.100,13.15268555
1779235915,2026/05/20-08:11:55.300,14.11654731
1779235916,2026/05/20-08:11:55.550,13.96202257
1779235916,2026/05/20-08:11:55.740,12.62390408
1779235916,2026/05/20-08:11:55.940,14.56149089
1779235916,2026/05/20-08:11:56.140,13.83763563
1779235916,2026/05/20-08:11:56.340,13.04309353
1779235917,2026/05/20-08:11:56.540,14.24367405
1779235917,2026/05/20-08:11:56.820,14.10339627
1779235917,2026/05/20-08:11:57.020,13.1203559
1779235917,2026/05/20-08:11:57.220,14.17463108
1779235917,2026/05/20-08:11:57.420,14.57245009
1779235918,2026/05/20-08:11:57.620,15.3187717
1779235918,2026/05/20-08:11:57.830,13.64913737
1779235918,2026/05/20-08:11:58.100,15.46946072
1779235918,2026/05/20-08:11:58.300,13.52310655
1779235919,2026/05/20-08:11:58.500,14.24641385
1779235919,2026/05/20-08:11:58.700,13.93078885
1779235919,2026/05/20-08:11:58.900,14.72916667
1779235919,2026/05/20-08:11:59.150,13.26501736
1779235919,2026/05/20-08:11:59.380,15.57795681
1779235920,2026/05/20-08:11:59.580,13.50885959
1779235920,2026/05/20-08:11:59.780,13.46885851
1779235920,2026/05/20-08:11:59.980,14.80642904
1779235920,2026/05/20-08:12:00.180,14.14010959
1779235920,2026/05/20-08:12:00.390,14.46285807
1779235921,2026/05/20-08:12:00.620,14.65902778
1779235921,2026/05/20-08:12:00.820,13.19926215
1779235921,2026/05/20-08:12:01.020,13.57845052
1779235921,2026/05/20-08:12:01.220,14.68642578
1779235921,2026/05/20-08:12:01.420,13.98394097
1779235922,2026/05/20-08:12:01.660,14.04092882
1779235922,2026/05/20-08:12:01.900,14.60532769
1779235922,2026/05/20-08:12:02.100,13.24693468
1779235922,2026/05/20-08:12:02.300,15.06397027
1779235923,2026/05/20-08:12:02.500,12.66226128
1779235923,2026/05/20-08:12:02.700,15.15383572
1779235923,2026/05/20-08:12:02.970,13.6995497
1779235923,2026/05/20-08:12:03.180,13.61845161
1779235923,2026/05/20-08:12:03.380,13.26556532
1779235924,2026/05/20-08:12:03.580,14.41956923
1779235924,2026/05/20-08:12:03.780,13.75872938
1779235924,2026/05/20-08:12:03.980,13.97791341
1779235924,2026/05/20-08:12:04.260,13.86393772
1779235924,2026/05/20-08:12:04.460,13.18775499
1779235925,2026/05/20-08:12:04.660,13.93791233
1779235925,2026/05/20-08:12:04.860,14.02996962
1779235925,2026/05/20-08:12:05.060,13.62119141
1779235925,2026/05/20-08:12:05.260,12.84254015
1779235926,2026/05/20-08:12:05.510,14.30888129
1779235926,2026/05/20-08:12:05.740,14.15490451
1779235926,2026/05/20-08:12:05.940,13.53735352
1779235926,2026/05/20-08:12:06.140,13.73845486
1779235926,2026/05/20-08:12:06.340,14.62067057
1779235927,2026/05/20-08:12:06.540,14.34121094
1779235927,2026/05/20-08:12:06.790,13.54776476
1779235927,2026/05/20-08:12:07.020,12.8074707
1779235927,2026/05/20-08:12:07.220,14.81026476
1779235927,2026/05/20-08:12:07.420,13.9231174
1779235928,2026/05/20-08:12:07.620,15.16150716
1779235928,2026/05/20-08:12:07.820,13.62393121
1779235928,2026/05/20-08:12:08.090,14.25737305
1779235928,2026/05/20-08:12:08.300,14.78505859
1779235929,2026/05/20-08:12:08.500,13.77681207
1779235929,2026/05/20-08:12:08.700,14.10230035
1779235929,2026/05/20-08:12:08.900,13.62502713
1779235929,2026/05/20-08:12:09.100,14.18778212
1779235929,2026/05/20-08:12:09.360,12.9762424
1779235930,2026/05/20-08:12:09.580,14.74998915
1779235930,2026/05/20-08:12:09.780,12.9433648
1779235930,2026/05/20-08:12:09.980,14.11380751
1779235930,2026/05/20-08:12:10.180,13.93243273
1779235930,2026/05/20-08:12:10.380,15.26013997
1779235931,2026/05/20-08:12:10.640,14.13627387
1779235931,2026/05/20-08:12:10.820,15.10506727
1779235931,2026/05/20-08:12:11.020,13.17624783
1779235931,2026/05/20-08:12:11.220,14.52806532
1779235931,2026/05/20-08:12:11.420,14.23764648
1779235932,2026/05/20-08:12:11.620,14.96369358
1779235932,2026/05/20-08:12:11.880,13.72749566
1779235932,2026/05/20-08:12:12.100,14.10394423
1779235932,2026/05/20-08:12:12.300,13.51927083
1779235933,2026/05/20-08:12:12.500,14.76861979
1779235933,2026/05/20-08:12:12.700,14.42395291
1779235933,2026/05/20-08:12:12.900,13.28529188
1779235933,2026/05/20-08:12:13.180,14.66943902
1779235933,2026/05/20-08:12:13.380,13.35926649
1779235934,2026/05/20-08:12:13.580,14.61573893
1779235934,2026/05/20-08:12:13.780,13.95983073
1779235934,2026/05/20-08:12:13.980,14.13353407
1779235934,2026/05/20-08:12:14.190,13.58886176
1779235934,2026/05/20-08:12:14.460,13.70393338
1779235935,2026/05/20-08:12:14.660,14.26120877
1779235935,2026/05/20-08:12:14.860,14.24531793
1779235935,2026/05/20-08:12:15.060,13.98120117
1779235935,2026/05/20-08:12:15.260,14.80314128
1779235935,2026/05/20-08:12:15.480,13.01185981
1779235936,2026/05/20-08:12:15.740,13.12912326
1779235936,2026/05/20-08:12:15.940,14.33518338
1779235936,2026/05/20-08:12:16.140,14.44422743
1779235936,2026/05/20-08:12:16.340,13.99709201
1779235937,2026/05/20-08:12:16.540,14.32203234
1779235937,2026/05/20-08:12:16.770,14.77464735
1779235937,2026/05/20-08:12:17.020,14.57738173
1779235937,2026/05/20-08:12:17.220,13.22392036
1779235937,2026/05/20-08:12:17.420,14.07216254
1779235938,2026/05/20-08:12:17.620,14.40696615
1779235938,2026/05/20-08:12:17.820,14.91163737
1779235938,2026/05/20-08:12:18.090,14.94177517
1779235938,2026/05/20-08:12:18.300,14.34011502
1779235939,2026/05/20-08:12:18.500,14.16148003
1779235939,2026/05/20-08:12:18.700,13.77736003
1779235939,2026/05/20-08:12:18.900,14.11435547
1779235939,2026/05/20-08:12:19.100,13.28036024
1779235939,2026/05/20-08:12:19.380,13.66064453
1779235940,2026/05/20-08:12:19.580,14.96369358
1779235940,2026/05/20-08:12:19.780,14.5406684
1779235940,2026/05/20-08:12:19.980,13.74283854
1779235940,2026/05/20-08:12:20.180,14.71437174
1779235940,2026/05/20-08:12:20.390,13.07049154
1779235941,2026/05/20-08:12:20.700,13.41077474
1779235941,2026/05/20-08:12:20.900,15.02561306
1779235941,2026/05/20-08:12:21.100,13.89188368
1779235941,2026/05/20-08:12:21.300,13.2398112
1779235942,2026/05/20-08:12:21.500,14.05024414
1779235942,2026/05/20-08:12:21.760,14.49025608
1779235942,2026/05/20-08:12:21.980,14.72313911
1779235942,2026/05/20-08:12:22.180,13.15597331
1779235942,2026/05/20-08:12:22.380,13.1340549
1779235943,2026/05/20-08:12:22.580,14.07928602
1779235943,2026/05/20-08:12:22.780,14.60532769
1779235943,2026/05/20-08:12:23.040,13.99599609
1779235943,2026/05/20-08:12:23.260,13.90174696
1779235943,2026/05/20-08:12:23.460,13.13734266
1779235944,2026/05/20-08:12:23.660,14.55327148
1779235944,2026/05/20-08:12:23.860,14.87930773
1779235944,2026/05/20-08:12:24.060,15.10561523
1779235944,2026/05/20-08:12:24.320,13.70448134
1779235945,2026/05/20-08:12:24.540,14.27709961
1779235945,2026/05/20-08:12:24.740,15.00643446
1779235945,2026/05/20-08:12:24.940,13.49132487
1779235945,2026/05/20-08:12:25.140,13.91161024
1779235945,2026/05/20-08:12:25.340,14.3499783
1779235946,2026/05/20-08:12:25.600,13.48968099
1779235946,2026/05/20-08:12:25.780,14.95437826
1779235946,2026/05/20-08:12:25.980,15.36863607
1779235946,2026/05/20-08:12:26.180,13.52036675
1779235946,2026/05/20-08:12:26.380,14.3636773
1779235947,2026/05/20-08:12:26.580,14.42011719
1779235947,2026/05/20-08:12:26.830,14.57245009
1779235947,2026/05/20-08:12:27.020,14.38997938
1779235947,2026/05/20-08:12:27.220,14.64697266
1779235947,2026/05/20-08:12:27.420,11.95320095
1779235948,2026/05/20-08:12:27.620,14.3307997
1779235948,2026/05/20-08:12:27.820,14.74450955
1779235948,2026/05/20-08:12:28.100,12.13074002
1779235948,2026/05/20-08:12:28.300,12.60472548
1779235949,2026/05/20-08:12:28.500,15.54453125
1779235949,2026/05/20-08:12:28.700,14.13024631
1779235949,2026/05/20-08:12:28.900,13.84475911
1779235949,2026/05/20-08:12:29.100,14.50888672
1779235949,2026/05/20-08:12:29.360,14.33792318
1779235950,2026/05/20-08:12:29.580,14.36586914
1779235950,2026/05/20-08:12:29.780,14.10613607
1779235950,2026/05/20-08:12:29.980,13.87818468
1779235950,2026/05/20-08:12:30.180,14.61683485
1779235950,2026/05/20-08:12:30.380,13.51105143
1779235951,2026/05/20-08:12:30.630,13.62557509
1779235951,2026/05/20-08:12:30.820,13.37954102
1779235951,2026/05/20-08:12:31.020,13.45625543
1779235951,2026/05/20-08:12:31.220,13.55214844
1779235951,2026/05/20-08:12:31.420,13.45296766
1779235952,2026/05/20-08:12:31.620,13.75215386
1779235952,2026/05/20-08:12:31.890,13.77571615
1779235952,2026/05/20-08:12:32.100,12.66664497
1779235952,2026/05/20-08:12:32.300,14.6793023
1779235953,2026/05/20-08:12:32.500,13.4414605
1779235953,2026/05/20-08:12:32.700,14.82944336
1779235953,2026/05/20-08:12:32.900,14.09517687
1779235953,2026/05/20-08:12:33.150,13.21296115
1779235953,2026/05/20-08:12:33.340,13.21844076
1779235954,2026/05/20-08:12:33.540,14.10175239
1779235954,2026/05/20-08:12:33.740,14.29682617
1779235954,2026/05/20-08:12:33.940,14.02996962
1779235954,2026/05/20-08:12:34.140,14.05955946
1779235954,2026/05/20-08:12:34.390,13.7653049
1779235955,2026/05/20-08:12:34.580,11.31373155
1779235955,2026/05/20-08:12:34.780,14.09736871
1779235955,2026/05/20-08:12:34.980,14.46888563
1779235955,2026/05/20-08:12:35.180,14.76094835
1779235955,2026/05/20-08:12:35.380,13.64749349
1779235956,2026/05/20-08:12:35.640,13.42611762
1779235956,2026/05/20-08:12:35.860,14.59053277
1779235956,2026/05/20-08:12:36.060,14.3883355
1779235956,2026/05/20-08:12:36.260,14.6930013
1779235956,2026/05/20-08:12:36.460,14.99547526
1779235957,2026/05/20-08:12:36.660,14.34559462
1779235957,2026/05/20-08:12:36.920,14.73519423
1779235957,2026/05/20-08:12:37.100,14.31052517
1779235957,2026/05/20-08:12:37.300,14.24476997
1779235958,2026/05/20-08:12:37.500,14.45409071
1779235958,2026/05/20-08:12:37.700,15.39274631
1779235958,2026/05/20-08:12:37.900,14.75053711
1779235958,2026/05/20-08:12:38.160,14.61847873
1779235958,2026/05/20-08:12:38.340,13.2726888
1779235959,2026/05/20-08:12:38.540,13.12473958
1779235959,2026/05/20-08:12:38.740,14.22942708
1779235959,2026/05/20-08:12:38.940,12.11046549
1779235959,2026/05/20-08:12:39.140,14.02284614
1779235959,2026/05/20-08:12:39.400,13.80421007
1779235960,2026/05/20-08:12:39.620,14.76149631
1779235960,2026/05/20-08:12:39.820,14.19161784
1779235960,2026/05/20-08:12:40.020,13.41351454
1779235960,2026/05/20-08:12:40.220,14.38395182
1779235960,2026/05/20-08:12:40.420,14.61080729
1779235961,2026/05/20-08:12:40.680,13.94667969
1779235961,2026/05/20-08:12:40.900,14.73190647
1779235961,2026/05/20-08:12:41.100,14.52806532
1779235961,2026/05/20-08:12:41.300,12.25403103
1779235962,2026/05/20-08:12:41.500,12.82007378
1779235962,2026/05/20-08:12:41.700,13.64037001
1779235962,2026/05/20-08:12:41.960,13.63050673
1779235962,2026/05/20-08:12:42.180,14.90122613
1779235962,2026/05/20-08:12:42.380,14.04202474
1779235963,2026/05/20-08:12:42.580,14.19052192
1779235963,2026/05/20-08:12:42.780,13.42611762
1779235963,2026/05/20-08:12:42.980,13.68365885
1779235963,2026/05/20-08:12:43.220,13.51379123
1779235963,2026/05/20-08:12:43.420,14.08202582
1779235964,2026/05/20-08:12:43.620,14.49847548
1779235964,2026/05/20-08:12:43.820,13.61845161
1779235964,2026/05/20-08:12:44.020,14.56094293
1779235964,2026/05/20-08:12:44.220,14.61025933
1779235964,2026/05/20-08:12:44.480,14.43491211
1779235965,2026/05/20-08:12:44.700,13.8792806
1779235965,2026/05/20-08:12:44.900,13.67872721
1779235965,2026/05/20-08:12:45.100,13.21844076
1779235965,2026/05/20-08:12:45.300,13.76859266
1779235966,2026/05/20-08:12:45.500,14.50340712
1779235966,2026/05/20-08:12:45.770,12.69185113
1779235966,2026/05/20-08:12:45.980,14.66395942
1779235966,2026/05/20-08:12:46.180,14.00257161
1779235966,2026/05/20-08:12:46.380,13.58173828
1779235967,2026/05/20-08:12:46.580,14.6601237
1779235967,2026/05/20-08:12:46.780,14.35490994
1779235967,2026/05/20-08:12:47.060,13.72639974
1779235967,2026/05/20-08:12:47.260,14.57792969
1779235967,2026/05/20-08:12:47.460,12.71650933
1779235968,2026/05/20-08:12:47.660,14.38669162
1779235968,2026/05/20-08:12:47.860,13.82722439
1779235968,2026/05/20-08:12:48.070,14.13243815
1779235968,2026/05/20-08:12:48.340,14.54724392
1779235969,2026/05/20-08:12:48.540,14.21298828
1779235969,2026/05/20-08:12:48.740,12.60417752
1779235969,2026/05/20-08:12:48.940,14.38340386
1779235969,2026/05/20-08:12:49.140,14.70560438
1779235969,2026/05/20-08:12:49.360,13.89736328
1779235970,2026/05/20-08:12:49.620,14.39271918
1779235970,2026/05/20-08:12:49.820,13.31104601
1779235970,2026/05/20-08:12:50.020,14.29682617
1779235970,2026/05/20-08:12:50.220,14.42833659
1779235970,2026/05/20-08:12:50.420,13.56146376
1779235971,2026/05/20-08:12:50.690,14.08476563
1779235971,2026/05/20-08:12:50.900,14.07325846
1779235971,2026/05/20-08:12:51.100,14.2195638
1779235971,2026/05/20-08:12:51.300,14.04640842
1779235972,2026/05/20-08:12:51.500,13.32529297
1779235972,2026/05/20-08:12:51.700,14.19380968
1779235972,2026/05/20-08:12:51.960,13.89517144
1779235972,2026/05/20-08:12:52.140,15.6316569
1779235972,2026/05/20-08:12:52.340,13.73845486
1779235973,2026/05/20-08:12:52.540,14.89410265
1779235973,2026/05/20-08:12:52.740,14.67601454
1779235973,2026/05/20-08:12:52.940,13.38282878
1779235973,2026/05/20-08:12:53.200,14.07490234
1779235973,2026/05/20-08:12:53.420,14.48696832
1779235974,2026/05/20-08:12:53.620,13.06446398
1779235974,2026/05/20-08:12:53.820,13.86777344
1779235974,2026/05/20-08:12:54.020,14.77245551
1779235974,2026/05/20-08:12:54.220,14.16805556
1779235975,2026/05/20-08:12:54.500,13.64749349
1779235975,2026/05/20-08:12:54.700,14.36806098
1779235975,2026/05/20-08:12:54.900,13.33460829
1779235975,2026/05/20-08:12:55.100,14.89739041
1779235975,2026/05/20-08:12:55.300,13.63708225
1779235976,2026/05/20-08:12:55.500,14.58121745
1779235976,2026/05/20-08:12:55.780,14.03051758
1779235976,2026/05/20-08:12:55.980,15.30945638
1779235976,2026/05/20-08:12:56.180,12.99432509
1779235976,2026/05/20-08:12:56.380,13.2781684
1779235977,2026/05/20-08:12:56.580,13.17350803
1779235977,2026/05/20-08:12:56.790,13.12912326
1779235977,2026/05/20-08:12:57.060,13.83982747
1779235977,2026/05/20-08:12:57.260,14.63162977
1779235977,2026/05/20-08:12:57.460,14.7039605
1779235978,2026/05/20-08:12:57.660,14.3664171
1779235978,2026/05/20-08:12:57.860,14.8535536
1779235978,2026/05/20-08:12:58.130,13.64584961
1779235978,2026/05/20-08:12:58.340,13.49022895
1779235979,2026/05/20-08:12:58.540,14.53354492
1779235979,2026/05/20-08:12:58.740,15.32589518
1779235979,2026/05/20-08:12:58.940,14.65574002
1779235979,2026/05/20-08:12:59.140,14.93081597
1779235979,2026/05/20-08:12:59.410,14.24696181
1779235980,2026/05/20-08:12:59.620,14.12367079
1779235980,2026/05/20-08:12:59.820,13.35214301
1779235980,2026/05/20-08:13:00.020,13.13076714
1779235980,2026/05/20-08:13:00.220,14.42285699
1779235980,2026/05/20-08:13:00.420,14.40313043
1779235981,2026/05/20-08:13:00.680,15.18123372
1779235981,2026/05/20-08:13:00.900,14.15326063
1779235981,2026/05/20-08:13:01.100,15.00150282
1779235981,2026/05/20-08:13:01.300,13.99106445
1779235982,2026/05/20-08:13:01.500,14.23161892
1779235982,2026/05/20-08:13:01.700,13.57132704
1779235982,2026/05/20-08:13:01.950,14.76697591
1779235982,2026/05/20-08:13:02.180,12.89076063
1779235982,2026/05/20-08:13:02.380,14.02449002
1779235983,2026/05/20-08:13:02.580,15.06616211
1779235983,2026/05/20-08:13:02.780,14.18285048
1779235983,2026/05/20-08:13:02.980,14.44587131
1779235983,2026/05/20-08:13:03.240,13.77188043
1779235983,2026/05/20-08:13:03.460,14.9620497
1779235984,2026/05/20-08:13:03.660,14.9675293
1779235984,2026/05/20-08:13:03.860,13.1340549
1779235984,2026/05/20-08:13:04.060,14.69464518
1779235984,2026/05/20-08:13:04.260,14.0617513
1779235985,2026/05/20-08:13:04.510,13.77736003
1779235985,2026/05/20-08:13:04.700,13.53954536
1779235985,2026/05/20-08:13:04.900,14.5379286
1779235985,2026/05/20-08:13:05.100,13.63050673
1779235985,2026/05/20-08:13:05.300,13.95873481
1779235986,2026/05/20-08:13:05.500,13.97900933
1779235986,2026/05/20-08:13:05.780,13.67653537
1779235986,2026/05/20-08:13:05.980,14.71272786
1779235986,2026/05/20-08:13:06.180,14.00859918
1779235986,2026/05/20-08:13:06.380,13.66831597
1779235987,2026/05/20-08:13:06.580,12.09567057
1779235987,2026/05/20-08:13:06.780,13.8683214
1779235987,2026/05/20-08:13:07.030,14.27381185
1779235987,2026/05/20-08:13:07.220,14.3883355
1779235987,2026/05/20-08:13:07.420,12.79048394
1779235988,2026/05/20-08:13:07.620,14.45847439
1779235988,2026/05/20-08:13:07.820,14.51875
1779235988,2026/05/20-08:13:08.020,14.6546441
1779235988,2026/05/20-08:13:08.290,14.78177083
1779235989,2026/05/20-08:13:08.500,14.0535319
1779235989,2026/05/20-08:13:08.700,14.04914822
1779235989,2026/05/20-08:13:08.900,14.97355686
1779235989,2026/05/20-08:13:09.100,14.31436089
1779235989,2026/05/20-08:13:09.300,13.82010091
1779235990,2026/05/20-08:13:09.580,14.16202799
1779235990,2026/05/20-08:13:09.780,12.89952799
1779235990,2026/05/20-08:13:09.980,14.29299045
1779235990,2026/05/20-08:13:10.180,14.65957574
1779235990,2026/05/20-08:13:10.380,14.91437717
1779235991,2026/05/20-08:13:10.590,14.22175564
1779235991,2026/05/20-08:13:10.860,14.7121799
1779235991,2026/05/20-08:13:11.060,14.35162218
1779235991,2026/05/20-08:13:11.260,14.11051975
1779235991,2026/05/20-08:13:11.460,14.10997179
1779235992,2026/05/20-08:13:11.660,13.7296875
1779235992,2026/05/20-08:13:11.900,13.75050998
1779235992,2026/05/20-08:13:12.140,13.5883138
1779235992,2026/05/20-08:13:12.340,13.65242513
1779235993,2026/05/20-08:13:12.540,9.381076389
1779235993,2026/05/20-08:13:12.740,13.37351345
1779235993,2026/05/20-08:13:12.940,14.59820421
1779235993,2026/05/20-08:13:13.170,12.99268121
1779235993,2026/05/20-08:13:13.420,13.79544271
1779235994,2026/05/20-08:13:13.620,14.21518012
1779235994,2026/05/20-08:13:13.820,13.2480306
1779235994,2026/05/20-08:13:14.020,13.79544271
1779235994,2026/05/20-08:13:14.220,13.7022895
1779235994,2026/05/20-08:13:14.490,13.14117839
1779235995,2026/05/20-08:13:14.700,14.74012587
1779235995,2026/05/20-08:13:14.900,12.97843424
1779235995,2026/05/20-08:13:15.100,14.4803928
1779235995,2026/05/20-08:13:15.300,13.58776584
1779235996,2026/05/20-08:13:15.500,13.64804145
1779235996,2026/05/20-08:13:15.760,15.25356445
1779235996,2026/05/20-08:13:15.980,13.41461046
1779235996,2026/05/20-08:13:16.180,13.83818359
1779235996,2026/05/20-08:13:16.380,13.12747938
1779235997,2026/05/20-08:13:16.580,13.39543186
1779235997,2026/05/20-08:13:16.780,15.16205512
1779235997,2026/05/20-08:13:17.000,14.54505208
1779235997,2026/05/20-08:13:17.220,13.93846029
1779235997,2026/05/20-08:13:17.420,14.89355469
1779235998,2026/05/20-08:13:17.620,14.94725477
1779235998,2026/05/20-08:13:17.820,13.33132053
1779235998,2026/05/20-08:13:18.020,14.32751194
1779235998,2026/05/20-08:13:18.290,14.99711914
1779235999,2026/05/20-08:13:18.500,13.0984375
1779235999,2026/05/20-08:13:18.700,14.94341905
1779235999,2026/05/20-08:13:18.900,13.18611111
1779235999,2026/05/20-08:13:19.100,13.29022352
1779235999,2026/05/20-08:13:19.300,14.25408529
1779236000,2026/05/20-08:13:19.530,13.13953451
1779236000,2026/05/20-08:13:19.780,14.55765516
1779236000,2026/05/20-08:13:19.980,14.01353082
1779236000,2026/05/20-08:13:20.180,14.10887587
1779236000,2026/05/20-08:13:20.380,14.93081597
1779236001,2026/05/20-08:13:20.580,15.26835938
1779236001,2026/05/20-08:13:20.810,14.60971137
1779236001,2026/05/20-08:13:21.060,14.34395074
1779236001,2026/05/20-08:13:21.260,14.05791558
1779236001,2026/05/20-08:13:21.460,14.90013021
1779236002,2026/05/20-08:13:21.660,12.49074978
1779236002,2026/05/20-08:13:21.860,12.40855577
1779236002,2026/05/20-08:13:22.130,14.41299371
1779236002,2026/05/20-08:13:22.340,13.15926107
1779236003,2026/05/20-08:13:22.540,13.61625977
1779236003,2026/05/20-08:13:22.740,13.77078451
1779236003,2026/05/20-08:13:22.940,13.57077908
1779236003,2026/05/20-08:13:23.140,13.37241753
1779236003,2026/05/20-08:13:23.420,13.32967665
1779236004,2026/05/20-08:13:23.620,14.12586263
1779236004,2026/05/20-08:13:23.820,13.88585612
1779236004,2026/05/20-08:13:24.020,13.40200738
1779236004,2026/05/20-08:13:24.220,13.70612522
1779236004,2026/05/20-08:13:24.430,13.38337674
1779236005,2026/05/20-08:13:24.700,13.78393555
1779236005,2026/05/20-08:13:24.900,13.4031033
1779236005,2026/05/20-08:13:25.100,14.62505425
1779236005,2026/05/20-08:13:25.300,14.44313151
1779236006,2026/05/20-08:13:25.500,14.53080512
1779236006,2026/05/20-08:13:25.710,13.63434245
1779236006,2026/05/20-08:13:25.980,14.63382161
1779236006,2026/05/20-08:13:26.180,12.73130425
1779236006,2026/05/20-08:13:26.380,13.57571072
1779236007,2026/05/20-08:13:26.580,14.57409397
1779236007,2026/05/20-08:13:26.780,12.69239909
1779236007,2026/05/20-08:13:27.000,14.37628038
1779236007,2026/05/20-08:13:27.260,14.5132704
1779236007,2026/05/20-08:13:27.460,13.31323785
1779236008,2026/05/20-08:13:27.660,13.76585286
1779236008,2026/05/20-08:13:27.860,14.69135742
1779236008,2026/05/20-08:13:28.060,13.46118707
1779236008,2026/05/20-08:13:28.290,13.92859701
1779236009,2026/05/20-08:13:28.540,15.15054796
1779236009,2026/05/20-08:13:28.740,15.12862956
1779236009,2026/05/20-08:13:28.940,13.4031033
1779236009,2026/05/20-08:13:29.140,13.89626736
1779236009,2026/05/20-08:13:29.340,15.70837131
1779236010,2026/05/20-08:13:29.590,13.73133138
1779236010,2026/05/20-08:13:29.820,13.33406033
1779236010,2026/05/20-08:13:30.020,15.3160319
1779236010,2026/05/20-08:13:30.220,13.19981011
1779236010,2026/05/20-08:13:30.420,14.47491319
1779236011,2026/05/20-08:13:30.620,12.9378852
1779236011,2026/05/20-08:13:30.880,13.70831706
1779236011,2026/05/20-08:13:31.100,14.14723307
1779236011,2026/05/20-08:13:31.300,13.09898546
1779236012,2026/05/20-08:13:31.500,13.15761719
1779236012,2026/05/20-08:13:31.700,14.48094076
1779236012,2026/05/20-08:13:31.900,13.53132595
1779236012,2026/05/20-08:13:32.150,14.09408095
1779236012,2026/05/20-08:13:32.340,15.03986003
1779236013,2026/05/20-08:13:32.540,14.44915907
1779236013,2026/05/20-08:13:32.740,14.97629666
1779236013,2026/05/20-08:13:32.940,13.60310872
1779236013,2026/05/20-08:13:33.140,14.38723958
1779236013,2026/05/20-08:13:33.390,14.7094401
1779236014,2026/05/20-08:13:33.580,14.09024523
1779236014,2026/05/20-08:13:33.780,12.34280056
1779236014,2026/05/20-08:13:33.980,12.31101888
1779236014,2026/05/20-08:13:34.180,13.32967665
1779236014,2026/05/20-08:13:34.380,13.92366536
1779236015,2026/05/20-08:13:34.640,13.86448568
1779236015,2026/05/20-08:13:34.820,14.68368598
1779236015,2026/05/20-08:13:35.020,13.52529839
1779236015,2026/05/20-08:13:35.220,13.89078776
1779236015,2026/05/20-08:13:35.420,15.136301
1779236016,2026/05/20-08:13:35.620,13.94065213
1779236016,2026/05/20-08:13:35.840,14.30066189
1779236016,2026/05/20-08:13:36.060,14.31710069
1779236016,2026/05/20-08:13:36.260,14.24257813
1779236016,2026/05/20-08:13:36.460,12.7608941
1779236017,2026/05/20-08:13:36.660,13.85681424
1779236017,2026/05/20-08:13:36.860,14.07051866
1779236017,2026/05/20-08:13:37.090,14.4803928
1779236017,2026/05/20-08:13:37.340,13.81188151
1779236018,2026/05/20-08:13:37.540,13.87215712
1779236018,2026/05/20-08:13:37.740,14.13901367
1779236018,2026/05/20-08:13:37.940,13.56968316
1779236018,2026/05/20-08:13:38.140,13.8902398
1779236018,2026/05/20-08:13:38.410,14.92314453
1779236019,2026/05/20-08:13:38.620,14.44532335
1779236019,2026/05/20-08:13:38.820,14.61135525
1779236019,2026/05/20-08:13:39.020,14.09408095
1779236019,2026/05/20-08:13:39.220,14.45737847
1779236019,2026/05/20-08:13:39.420,14.848074
1779236020,2026/05/20-08:13:39.690,14.57135417
1779236020,2026/05/20-08:13:39.900,14.22449544
1779236020,2026/05/20-08:13:40.100,13.5937934
1779236020,2026/05/20-08:13:40.300,13.78064779
1779236021,2026/05/20-08:13:40.500,13.12802734
1779236021,2026/05/20-08:13:40.700,11.7000434
1779236021,2026/05/20-08:13:40.950,13.29570313
1779236021,2026/05/20-08:13:41.140,13.32638889
1779236021,2026/05/20-08:13:41.340,14.18887804
1779236022,2026/05/20-08:13:41.540,14.24696181
1779236022,2026/05/20-08:13:41.740,13.65571289
1779236022,2026/05/20-08:13:41.940,13.51707899
1779236022,2026/05/20-08:13:42.220,13.62502713
1779236022,2026/05/20-08:13:42.420,13.99270833
1779236023,2026/05/20-08:13:42.620,14.03325738
1779236023,2026/05/20-08:13:42.820,14.12969835
1779236023,2026/05/20-08:13:43.020,13.28474392
1779236023,2026/05/20-08:13:43.230,14.81026476
1779236024,2026/05/20-08:13:43.500,13.42830946
1779236024,2026/05/20-08:13:43.700,13.17131619
1779236024,2026/05/20-08:13:43.900,14.76642795
1779236024,2026/05/20-08:13:44.100,14.02558594
1779236024,2026/05/20-08:13:44.300,14.01298286
1779236025,2026/05/20-08:13:44.510,14.24860569
1779236025,2026/05/20-08:13:44.780,14.30230577
1779236025,2026/05/20-08:13:44.980,13.05076497
1779236025,2026/05/20-08:13:45.180,12.940625
1779236025,2026/05/20-08:13:45.380,13.87873264
1779236026,2026/05/20-08:13:45.580,13.12802734
1779236026,2026/05/20-08:13:45.790,13.31104601
1779236026,2026/05/20-08:13:46.020,13.99325629
1779236026,2026/05/20-08:13:46.220,14.12805447
1779236026,2026/05/20-08:13:46.420,13.80640191
1779236027,2026/05/20-08:13:46.620,14.98287218
1779236027,2026/05/20-08:13:46.820,13.44091254
1779236027,2026/05/20-08:13:47.030,13.86448568
1779236027,2026/05/20-08:13:47.300,13.20693359
1779236028,2026/05/20-08:13:47.500,14.06284722
1779236028,2026/05/20-08:13:47.700,12.73075629
1779236028,2026/05/20-08:13:47.900,14.60477973
1779236028,2026/05/20-08:13:48.100,15.4848036
1779236028,2026/05/20-08:13:48.360,14.16421984
1779236029,2026/05/20-08:13:48.580,14.4940918
1779236029,2026/05/20-08:13:48.780,13.5746148
1779236029,2026/05/20-08:13:48.980,14.58943685
1779236029,2026/05/20-08:13:49.180,14.15435655
1779236029,2026/05/20-08:13:49.380,14.28970269
1779236030,2026/05/20-08:13:49.640,13.46392687
1779236030,2026/05/20-08:13:49.860,13.35433485
1779236030,2026/05/20-08:13:50.060,13.3811849
1779236030,2026/05/20-08:13:50.260,13.88092448
1779236030,2026/05/20-08:13:50.460,14.08202582
1779236031,2026/05/20-08:13:50.660,14.28422309
1779236031,2026/05/20-08:13:50.950,14.73300239
1779236031,2026/05/20-08:13:51.140,13.14501411
1779236031,2026/05/20-08:13:51.340,13.86941732
1779236032,2026/05/20-08:13:51.540,13.69516602
1779236032,2026/05/20-08:13:51.740,13.06227214
1779236032,2026/05/20-08:13:51.940,13.90010308
1779236032,2026/05/20-08:13:52.190,13.26830512
1779236032,2026/05/20-08:13:52.380,14.2332628
1779236033,2026/05/20-08:13:52.580,13.65790473
1779236033,2026/05/20-08:13:52.780,13.97298177
1779236033,2026/05/20-08:13:52.980,13.17076823
1779236033,2026/05/20-08:13:53.180,13.87708876
1779236033,2026/05/20-08:13:53.460,14.30175781
1779236034,2026/05/20-08:13:53.660,13.89791124
1779236034,2026/05/20-08:13:53.860,13.44310438
1779236034,2026/05/20-08:13:54.060,15.11219076
1779236034,2026/05/20-08:13:54.260,13.09624566
1779236034,2026/05/20-08:13:54.470,13.19871419
1779236035,2026/05/20-08:13:54.740,13.58173828
1779236035,2026/05/20-08:13:54.940,13.70448134
1779236035,2026/05/20-08:13:55.140,14.27271593
1779236035,2026/05/20-08:13:55.340,12.52636719
1779236036,2026/05/20-08:13:55.540,12.77130534
1779236036,2026/05/20-08:13:55.750,13.43926866
1779236036,2026/05/20-08:13:55.980,13.80256619
1779236036,2026/05/20-08:13:56.180,14.1921658
1779236036,2026/05/20-08:13:56.380,12.76692166
1779236037,2026/05/20-08:13:56.580,14.39710286
1779236037,2026/05/20-08:13:56.780,15.19219293
1779236037,2026/05/20-08:13:56.990,13.83434787
1779236037,2026/05/20-08:13:57.260,14.6491645
1779236037,2026/05/20-08:13:57.460,13.48474935
1779236038,2026/05/20-08:13:57.660,13.67763129
1779236038,2026/05/20-08:13:57.860,14.42778863
1779236038,2026/05/20-08:13:58.060,13.77736003
1779236038,2026/05/20-08:13:58.320,13.16035699
1779236039,2026/05/20-08:13:58.540,13.77133247
1779236039,2026/05/20-08:13:58.740,14.06668294
1779236039,2026/05/20-08:13:58.940,14.19052192
1779236039,2026/05/20-08:13:59.140,14.58779297
1779236039,2026/05/20-08:13:59.340,14.43052843
1779236040,2026/05/20-08:13:59.600,15.02999674
1779236040,2026/05/20-08:13:59.820,14.44915907
1779236040,2026/05/20-08:14:00.020,14.21518012
1779236040,2026/05/20-08:14:00.220,13.39597982
1779236040,2026/05/20-08:14:00.420,14.53683268
1779236041,2026/05/20-08:14:00.620,14.85848524
1779236041,2026/05/20-08:14:00.840,13.1121365
1779236041,2026/05/20-08:14:01.060,9.519710286
1779236041,2026/05/20-08:14:01.260,12.83980035
1779236041,2026/05/20-08:14:01.460,13.50392795
1779236042,2026/05/20-08:14:01.660,13.87982856
1779236042,2026/05/20-08:14:01.860,12.67705621
1779236042,2026/05/20-08:14:02.110,15.10506727
1779236042,2026/05/20-08:14:02.340,15.08314887
1779236043,2026/05/20-08:14:02.540,14.47491319
1779236043,2026/05/20-08:14:02.740,14.54833984
1779236043,2026/05/20-08:14:02.940,13.8573622
1779236043,2026/05/20-08:14:03.140,13.04747721
1779236043,2026/05/20-08:14:03.390,12.44581706
1779236044,2026/05/20-08:14:03.620,14.85136176
1779236044,2026/05/20-08:14:03.820,13.47598199
1779236044,2026/05/20-08:14:04.020,14.1702474
1779236044,2026/05/20-08:14:04.220,12.77404514
1779236044,2026/05/20-08:14:04.420,14.96917318
1779236045,2026/05/20-08:14:04.690,13.14008247
1779236045,2026/05/20-08:14:04.900,13.97188585
1779236045,2026/05/20-08:14:05.100,13.72311198
1779236045,2026/05/20-08:14:05.300,14.48532444
1779236046,2026/05/20-08:14:05.500,13.77023655
1779236046,2026/05/20-08:14:05.700,13.98558485
1779236046,2026/05/20-08:14:05.960,14.46450195
1779236046,2026/05/20-08:14:06.140,13.20419379
1779236046,2026/05/20-08:14:06.340,13.98120117
1779236047,2026/05/20-08:14:06.540,13.65242513
1779236047,2026/05/20-08:14:06.740,15.24260525
1779236047,2026/05/20-08:14:06.940,13.1039171
1779236047,2026/05/20-08:14:07.190,13.7105089
1779236047,2026/05/20-08:14:07.420,13.51817491
1779236048,2026/05/20-08:14:07.620,13.29022352
1779236048,2026/05/20-08:14:07.820,14.66121962
1779236048,2026/05/20-08:14:08.020,14.31271701
1779236048,2026/05/20-08:14:08.220,14.3910753
1779236048,2026/05/20-08:14:08.480,13.43214518
1779236049,2026/05/20-08:14:08.660,14.0124349
1779236049,2026/05/20-08:14:08.860,14.80916884
1779236049,2026/05/20-08:14:09.060,14.0507921
1779236049,2026/05/20-08:14:09.260,14.1812066
1779236049,2026/05/20-08:14:09.460,14.9894477
1779236050,2026/05/20-08:14:09.720,13.92530924
1779236050,2026/05/20-08:14:09.940,13.59050564
1779236050,2026/05/20-08:14:10.140,14.01955838
1779236050,2026/05/20-08:14:10.340,15.37411567
1779236051,2026/05/20-08:14:10.540,13.2452908
1779236051,2026/05/20-08:14:10.740,13.82832031
1779236051,2026/05/20-08:14:11.020,13.68859049
1779236051,2026/05/20-08:14:11.220,13.92421332
1779236051,2026/05/20-08:14:11.420,14.06777886
1779236052,2026/05/20-08:14:11.620,14.85684136
1779236052,2026/05/20-08:14:11.820,14.66724718
1779236052,2026/05/20-08:14:12.030,13.29296332
1779236052,2026/05/20-08:14:12.300,13.52858615
1779236053,2026/05/20-08:14:12.500,13.54831272
1779236053,2026/05/20-08:14:12.700,13.86064996
1779236053,2026/05/20-08:14:12.900,14.33573134
1779236053,2026/05/20-08:14:13.100,13.55598416
1779236053,2026/05/20-08:14:13.350,13.68968641
1779236054,2026/05/20-08:14:13.580,14.00202365
1779236054,2026/05/20-08:14:13.780,13.64037001
1779236054,2026/05/20-08:14:13.980,14.98232422
1779236054,2026/05/20-08:14:14.180,14.53573676
1779236054,2026/05/20-08:14:14.380,13.98668077
1779236055,2026/05/20-08:14:14.640,13.90722656
1779236055,2026/05/20-08:14:14.860,14.66121962
1779236055,2026/05/20-08:14:15.060,14.46285807
1779236055,2026/05/20-08:14:15.260,13.49790039
1779236055,2026/05/20-08:14:15.460,14.4886122
1779236056,2026/05/20-08:14:15.660,14.02777778
1779236056,2026/05/20-08:14:15.910,14.14558919
1779236056,2026/05/20-08:14:16.100,14.33792318
1779236056,2026/05/20-08:14:16.300,13.4195421
1779236057,2026/05/20-08:14:16.500,13.94448785
1779236057,2026/05/20-08:14:16.700,12.38170573
1779236057,2026/05/20-08:14:16.900,15.21027561
1779236057,2026/05/20-08:14:17.190,13.25405816
1779236057,2026/05/20-08:14:17.380,15.35986871
1779236058,2026/05/20-08:14:17.580,14.39217122
1779236058,2026/05/20-08:14:17.780,14.77629123
1779236058,2026/05/20-08:14:17.980,13.78393555
1779236058,2026/05/20-08:14:18.180,14.14065755
1779236058,2026/05/20-08:14:18.470,14.60861545
1779236059,2026/05/20-08:14:18.660,12.56527235
1779236059,2026/05/20-08:14:18.860,12.85130751
1779236059,2026/05/20-08:14:19.060,14.3691569
1779236059,2026/05/20-08:14:19.260,13.80475803
1779236059,2026/05/20-08:14:19.460,14.23381076
1779236060,2026/05/20-08:14:19.700,14.36312934
1779236060,2026/05/20-08:14:19.900,14.5077908
1779236060,2026/05/20-08:14:20.100,14.6519043
1779236060,2026/05/20-08:14:20.300,15.08972439
1779236061,2026/05/20-08:14:20.500,14.24696181
1779236061,2026/05/20-08:14:20.700,14.56423069
1779236061,2026/05/20-08:14:20.930,14.10065647
1779236061,2026/05/20-08:14:21.150,13.5800944
1779236061,2026/05/20-08:14:21.340,13.59872504
1779236062,2026/05/20-08:14:21.540,14.96807726
1779236062,2026/05/20-08:14:21.740,13.88695204
1779236062,2026/05/20-08:14:21.940,14.78615451
1779236062,2026/05/20-08:14:22.210,12.99487305
1779236062,2026/05/20-08:14:22.420,13.09076606
1779236063,2026/05/20-08:14:22.620,13.12528754
1779236063,2026/05/20-08:14:22.820,13.64091797
1779236063,2026/05/20-08:14:23.020,14.6820421
1779236063,2026/05/20-08:14:23.220,14.34833442
1779236064,2026/05/20-08:14:23.500,14.76040039
1779236064,2026/05/20-08:14:23.700,14.24093424
1779236064,2026/05/20-08:14:23.900,13.0737793
1779236064,2026/05/20-08:14:24.100,13.78612739
1779236064,2026/05/20-08:14:24.300,13.64475369
1779236065,2026/05/20-08:14:24.500,13.92366536
1779236065,2026/05/20-08:14:24.780,14.23216688
1779236065,2026/05/20-08:14:24.980,13.14008247
1779236065,2026/05/20-08:14:25.180,13.82174479
1779236065,2026/05/20-08:14:25.380,14.15600043
1779236066,2026/05/20-08:14:25.580,14.36422526
1779236066,2026/05/20-08:14:25.790,13.91270616
1779236066,2026/05/20-08:14:26.060,13.18117947
1779236066,2026/05/20-08:14:26.260,14.36258138
1779236066,2026/05/20-08:14:26.460,13.64256185
1779236067,2026/05/20-08:14:26.660,13.56036784
1779236067,2026/05/20-08:14:26.860,13.8792806
1779236067,2026/05/20-08:14:27.090,14.24257813
1779236067,2026/05/20-08:14:27.340,14.6519043
1779236068,2026/05/20-08:14:27.540,14.48751628
1779236068,2026/05/20-08:14:27.740,13.95270725
1779236068,2026/05/20-08:14:27.940,14.61135525
1779236068,2026/05/20-08:14:28.140,14.81190864
1779236068,2026/05/20-08:14:28.380,13.84749891
1779236069,2026/05/20-08:14:28.620,14.49189996
1779236069,2026/05/20-08:14:28.820,14.09134115
1779236069,2026/05/20-08:14:29.020,14.60094401
1779236069,2026/05/20-08:14:29.220,13.90010308
1779236069,2026/05/20-08:14:29.420,13.58776584
1779236070,2026/05/20-08:14:29.680,13.31762153
1779236070,2026/05/20-08:14:29.900,13.73297526
1779236070,2026/05/20-08:14:30.100,13.63269857
1779236070,2026/05/20-08:14:30.300,14.17791884
1779236071,2026/05/20-08:14:30.500,13.39981554
1779236071,2026/05/20-08:14:30.700,13.15926107
1779236071,2026/05/20-08:14:30.960,13.76749674
1779236071,2026/05/20-08:14:31.180,14.39874674
1779236071,2026/05/20-08:14:31.380,12.96418728
1779236072,2026/05/20-08:14:31.580,14.7012207
1779236072,2026/05/20-08:14:31.780,13.04638129
1779236072,2026/05/20-08:14:31.990,14.76533203
1779236072,2026/05/20-08:14:32.300,12.84637587
1779236073,2026/05/20-08:14:32.500,14.23271484
1779236073,2026/05/20-08:14:32.700,14.34066298
1779236073,2026/05/20-08:14:32.900,14.19435764
1779236073,2026/05/20-08:14:33.100,14.46669379
1779236073,2026/05/20-08:14:33.340,13.82941623
1779236074,2026/05/20-08:14:33.580,14.94835069
1779236074,2026/05/20-08:14:33.780,14.47546115
1779236074,2026/05/20-08:14:33.980,14.24203016
1779236074,2026/05/20-08:14:34.180,13.01405165
1779236074,2026/05/20-08:14:34.380,14.22942708
1779236075,2026/05/20-08:14:34.600,14.64587674
1779236075,2026/05/20-08:14:34.860,13.94558377
1779236075,2026/05/20-08:14:35.060,14.61299913
1779236075,2026/05/20-08:14:35.260,13.38447266
1779236075,2026/05/20-08:14:35.460,13.62228733
1779236076,2026/05/20-08:14:35.660,13.00857205
1779236076,2026/05/20-08:14:35.910,13.63379449
1779236076,2026/05/20-08:14:36.140,14.10942383
1779236076,2026/05/20-08:14:36.340,13.67434353
1779236077,2026/05/20-08:14:36.540,14.46504991
1779236077,2026/05/20-08:14:36.740,14.66231554
1779236077,2026/05/20-08:14:36.940,14.50011936
1779236077,2026/05/20-08:14:37.200,14.79108615
1779236077,2026/05/20-08:14:37.420,14.06284722
1779236078,2026/05/20-08:14:37.620,14.34943034
1779236078,2026/05/20-08:14:37.820,13.00912001
1779236078,2026/05/20-08:14:38.020,14.54231228
1779236078,2026/05/20-08:14:38.220,13.36529405
1779236079,2026/05/20-08:14:38.500,14.72094727
1779236079,2026/05/20-08:14:38.700,14.17956272
1779236079,2026/05/20-08:14:38.900,13.35214301
1779236079,2026/05/20-08:14:39.100,14.15545247
1779236079,2026/05/20-08:14:39.300,14.59984809
1779236080,2026/05/20-08:14:39.510,12.72582465
1779236080,2026/05/20-08:14:39.820,15.24424913
1779236080,2026/05/20-08:14:40.020,14.35874566
1779236080,2026/05/20-08:14:40.220,14.8179362
1779236080,2026/05/20-08:14:40.420,14.32915582
1779236081,2026/05/20-08:14:40.620,14.26833225
1779236081,2026/05/20-08:14:40.850,13.18446723
1779236081,2026/05/20-08:14:41.100,14.2360026
1779236081,2026/05/20-08:14:41.300,15.46781684
1779236082,2026/05/20-08:14:41.500,12.81623806
1779236082,2026/05/20-08:14:41.700,15.51822917
1779236082,2026/05/20-08:14:41.900,14.30723741
1779236082,2026/05/20-08:14:42.120,13.66502821
1779236082,2026/05/20-08:14:42.380,13.17898763
1779236083,2026/05/20-08:14:42.580,14.0179145
1779236083,2026/05/20-08:14:42.780,13.4195421
1779236083,2026/05/20-08:14:42.980,13.80640191
1779236083,2026/05/20-08:14:43.180,13.31268989
1779236083,2026/05/20-08:14:43.390,13.14117839
1779236084,2026/05/20-08:14:43.620,13.5910536
1779236084,2026/05/20-08:14:43.820,13.52255859
1779236084,2026/05/20-08:14:44.020,12.07758789
1779236084,2026/05/20-08:14:44.220,14.40915799
1779236084,2026/05/20-08:14:44.420,14.0781901
1779236085,2026/05/20-08:14:44.630,14.25627713
1779236085,2026/05/20-08:14:44.860,14.90013021
1779236085,2026/05/20-08:14:45.060,13.50173611
1779236085,2026/05/20-08:14:45.260,13.16693251
1779236085,2026/05/20-08:14:45.460,16.25907118
1779236086,2026/05/20-08:14:45.660,14.52094184
1779236086,2026/05/20-08:14:45.880,13.05514865
1779236086,2026/05/20-08:14:46.140,14.59108073
1779236086,2026/05/20-08:14:46.340,15.09575195
1779236087,2026/05/20-08:14:46.540,15.12588976
1779236087,2026/05/20-08:14:46.740,14.02558594
1779236087,2026/05/20-08:14:46.940,14.81958008
1779236087,2026/05/20-08:14:47.170,13.47543403
1779236087,2026/05/20-08:14:47.420,13.29131944
1779236088,2026/05/20-08:14:47.620,13.91161024
1779236088,2026/05/20-08:14:47.820,13.36748589
1779236088,2026/05/20-08:14:48.020,13.57516276
1779236088,2026/05/20-08:14:48.220,14.50395508
1779236088,2026/05/20-08:14:48.480,12.85897895
1779236089,2026/05/20-08:14:48.700,12.75431858
1779236089,2026/05/20-08:14:48.900,14.80533312
1779236089,2026/05/20-08:14:49.100,14.73574219
1779236089,2026/05/20-08:14:49.300,13.76859266
1779236090,2026/05/20-08:14:49.500,13.78174371
1779236090,2026/05/20-08:14:49.760,14.84752604
1779236090,2026/05/20-08:14:49.940,15.3461697
1779236090,2026/05/20-08:14:50.140,14.91547309
1779236090,2026/05/20-08:14:50.340,15.1417806
1779236091,2026/05/20-08:14:50.540,14.3828559
1779236091,2026/05/20-08:14:50.740,14.31381293
1779236091,2026/05/20-08:14:50.960,15.50014648
1779236091,2026/05/20-08:14:51.180,13.24693468
1779236091,2026/05/20-08:14:51.380,13.84969076
1779236092,2026/05/20-08:14:51.580,14.30997721
1779236092,2026/05/20-08:14:51.780,13.73845486
1779236092,2026/05/20-08:14:51.980,14.62395833
1779236092,2026/05/20-08:14:52.240,14.53354492
1779236092,2026/05/20-08:14:52.460,14.05517578
1779236093,2026/05/20-08:14:52.660,13.5937934
1779236093,2026/05/20-08:14:52.860,14.175727
1779236093,2026/05/20-08:14:53.060,13.88585612
1779236093,2026/05/20-08:14:53.260,15.27000326
1779236094,2026/05/20-08:14:53.530,12.74390734
1779236094,2026/05/20-08:14:53.740,14.66450738
1779236094,2026/05/20-08:14:53.940,13.27378472
1779236094,2026/05/20-08:14:54.140,13.4442003
1779236094,2026/05/20-08:14:54.340,14.1784668
1779236095,2026/05/20-08:14:54.540,13.46392687
1779236095,2026/05/20-08:14:54.800,15.90782878
1779236095,2026/05/20-08:14:54.980,14.67546658
1779236095,2026/05/20-08:14:55.180,14.00257161
1779236095,2026/05/20-08:14:55.380,14.67875434
1779236096,2026/05/20-08:14:55.580,12.76472982
1779236096,2026/05/20-08:14:55.780,13.35817057
1779236096,2026/05/20-08:14:56.040,14.61025933
1779236096,2026/05/20-08:14:56.260,12.90884332
1779236096,2026/05/20-08:14:56.460,14.61738281
1779236097,2026/05/20-08:14:56.660,13.61899957
1779236097,2026/05/20-08:14:56.860,14.45244683
1779236097,2026/05/20-08:14:57.070,11.9718316
1779236097,2026/05/20-08:14:57.340,13.17241211
1779236098,2026/05/20-08:14:57.540,13.94667969
1779236098,2026/05/20-08:14:57.740,12.19101563
1779236098,2026/05/20-08:14:57.940,14.15545247
1779236098,2026/05/20-08:14:58.140,13.65626085
1779236098,2026/05/20-08:14:58.360,12.91487088
1779236099,2026/05/20-08:14:58.620,13.96421441
1779236099,2026/05/20-08:14:58.820,14.27929145
1779236099,2026/05/20-08:14:59.020,14.83601888
1779236099,2026/05/20-08:14:59.220,13.26666124
1779236099,2026/05/20-08:14:59.420,13.31926541
1779236100,2026/05/20-08:14:59.650,13.8655816
1779236100,2026/05/20-08:14:59.900,15.07657335
1779236100,2026/05/20-08:15:00.100,14.40915799
1779236100,2026/05/20-08:15:00.300,12.96089952
1779236101,2026/05/20-08:15:00.500,14.0179145
1779236101,2026/05/20-08:15:00.700,14.51546224
1779236101,2026/05/20-08:15:00.990,13.58173828
1779236101,2026/05/20-08:15:01.180,14.2140842
1779236101,2026/05/20-08:15:01.380,13.76694878
1779236102,2026/05/20-08:15:01.580,14.79492188
1779236102,2026/05/20-08:15:01.780,14.36696506
1779236102,2026/05/20-08:15:01.980,13.98832465
1779236102,2026/05/20-08:15:02.230,13.69187826
1779236102,2026/05/20-08:15:02.460,14.47874891
1779236103,2026/05/20-08:15:02.660,14.6464247
1779236103,2026/05/20-08:15:02.860,14.00914714
1779236103,2026/05/20-08:15:03.060,13.98503689
1779236103,2026/05/20-08:15:03.260,13.46995443
1779236104,2026/05/20-08:15:03.520,13.27762044
1779236104,2026/05/20-08:15:03.700,13.16474067
1779236104,2026/05/20-08:15:03.900,13.34173177
1779236104,2026/05/20-08:15:04.100,12.94720052
1779236104,2026/05/20-08:15:04.300,13.78393555
1779236105,2026/05/20-08:15:04.500,14.31216905
1779236105,2026/05/20-08:15:04.780,14.58340929
1779236105,2026/05/20-08:15:04.980,14.41354167
1779236105,2026/05/20-08:15:05.180,14.27052409
1779236105,2026/05/20-08:15:05.380,14.35600586
1779236106,2026/05/20-08:15:05.580,14.67820638
1779236106,2026/05/20-08:15:05.800,13.99161241
1779236106,2026/05/20-08:15:06.060,14.03051758
1779236106,2026/05/20-08:15:06.260,14.03051758
1779236106,2026/05/20-08:15:06.460,14.22120768
1779236107,2026/05/20-08:15:06.660,14.09462891
1779236107,2026/05/20-08:15:06.860,12.86117079
1779236107,2026/05/20-08:15:07.100,13.33680013
1779236107,2026/05/20-08:15:07.340,13.60694444
1779236108,2026/05/20-08:15:07.540,15.19602865
1779236108,2026/05/20-08:15:07.740,14.83766276
1779236108,2026/05/20-08:15:07.940,13.31707357
1779236108,2026/05/20-08:15:08.140,14.48148872
1779236108,2026/05/20-08:15:08.370,15.11876628
1779236109,2026/05/20-08:15:08.620,15.11931424
1779236109,2026/05/20-08:15:08.820,13.69626194
1779236109,2026/05/20-08:15:09.020,15.2749349
1779236109,2026/05/20-08:15:09.220,13.59598524
1779236109,2026/05/20-08:15:09.420,13.50283203
1779236110,2026/05/20-08:15:09.670,14.44751519
1779236110,2026/05/20-08:15:09.900,13.65954861
1779236110,2026/05/20-08:15:10.100,13.67598741
1779236110,2026/05/20-08:15:10.300,14.22613932
1779236111,2026/05/20-08:15:10.500,14.59053277
1779236111,2026/05/20-08:15:10.700,14.62286241
1779236111,2026/05/20-08:15:10.970,13.89352756
1779236111,2026/05/20-08:15:11.180,13.81078559
1779236111,2026/05/20-08:15:11.380,12.95925564
1779236112,2026/05/20-08:15:11.580,14.82944336
1779236112,2026/05/20-08:15:11.780,13.93681641
1779236112,2026/05/20-08:15:11.980,13.60584852
1779236112,2026/05/20-08:15:12.260,15.20479601
1779236112,2026/05/20-08:15:12.460,14.25408529
1779236113,2026/05/20-08:15:12.660,13.66393229
1779236113,2026/05/20-08:15:12.860,15.08260091
1779236113,2026/05/20-08:15:13.060,14.07490234
1779236113,2026/05/20-08:15:13.260,13.8957194
1779236114,2026/05/20-08:15:13.540,14.3362793
1779236114,2026/05/20-08:15:13.740,15.60316298
1779236114,2026/05/20-08:15:13.940,13.67982313
1779236114,2026/05/20-08:15:14.140,14.15545247
1779236114,2026/05/20-08:15:14.340,13.61078016
1779236115,2026/05/20-08:15:14.550,13.38502062
1779236115,2026/05/20-08:15:14.820,13.99435221
1779236115,2026/05/20-08:15:15.020,14.62724609
1779236115,2026/05/20-08:15:15.220,14.7960178
1779236115,2026/05/20-08:15:15.420,14.32860786
1779236116,2026/05/20-08:15:15.620,13.37680122
1779236116,2026/05/20-08:15:15.830,14.81300456
1779236116,2026/05/20-08:15:16.100,14.52368164
1779236116,2026/05/20-08:15:16.300,13.93024089
1779236117,2026/05/20-08:15:16.500,13.70174154
1779236117,2026/05/20-08:15:16.700,13.49516059
1779236117,2026/05/20-08:15:16.900,13.7488661
1779236117,2026/05/20-08:15:17.160,13.3784451
1779236117,2026/05/20-08:15:17.380,14.57080621
1779236118,2026/05/20-08:15:17.580,14.29627821
1779236118,2026/05/20-08:15:17.780,14.72752279
1779236118,2026/05/20-08:15:17.980,14.32696398
1779236118,2026/05/20-08:15:18.180,12.23320855
1779236118,2026/05/20-08:15:18.430,13.85297852
1779236119,2026/05/20-08:15:18.660,14.64149306
1779236119,2026/05/20-08:15:18.860,14.59656033
1779236119,2026/05/20-08:15:19.060,14.13462999
1779236119,2026/05/20-08:15:19.260,14.39326714
1779236119,2026/05/20-08:15:19.460,13.78448351
1779236120,2026/05/20-08:15:19.730,13.39378798
1779236120,2026/05/20-08:15:19.940,13.71544054
1779236120,2026/05/20-08:15:20.140,13.54118924
1779236120,2026/05/20-08:15:20.340,13.80256619
1779236121,2026/05/20-08:15:20.540,14.29573025
1779236121,2026/05/20-08:15:20.740,12.78664822
1779236121,2026/05/20-08:15:21.010,13.59488932
1779236121,2026/05/20-08:15:21.220,14.31216905
1779236121,2026/05/20-08:15:21.420,13.78612739
1779236122,2026/05/20-08:15:21.620,13.28693576
1779236122,2026/05/20-08:15:21.820,13.74941406
1779236122,2026/05/20-08:15:22.020,13.18775499
1779236122,2026/05/20-08:15:22.270,14.23929036
1779236122,2026/05/20-08:15:22.460,13.46502279
1779236123,2026/05/20-08:15:22.660,13.98448893
1779236123,2026/05/20-08:15:22.860,14.16641168
1779236123,2026/05/20-08:15:23.060,13.98229709
1779236123,2026/05/20-08:15:23.260,15.06944987
1779236124,2026/05/20-08:15:23.520,14.46833767
1779236124,2026/05/20-08:15:23.740,14.56587457
1779236124,2026/05/20-08:15:23.940,15.37521159
1779236124,2026/05/20-08:15:24.140,13.18227539
1779236124,2026/05/20-08:15:24.340,14.70889214
1779236125,2026/05/20-08:15:24.540,14.24257813
1779236125,2026/05/20-08:15:24.800,14.77355143
1779236125,2026/05/20-08:15:24.980,14.01024306
1779236125,2026/05/20-08:15:25.180,13.8820204
1779236125,2026/05/20-08:15:25.380,15.06287435
1779236126,2026/05/20-08:15:25.580,14.64423286
1779236126,2026/05/20-08:15:25.780,14.11271159
1779236126,2026/05/20-08:15:26.050,14.41025391
1779236126,2026/05/20-08:15:26.260,14.47381727
1779236126,2026/05/20-08:15:26.460,13.25679796
1779236127,2026/05/20-08:15:26.660,14.22887912
1779236127,2026/05/20-08:15:26.860,14.17901476
1779236127,2026/05/20-08:15:27.060,13.47324219
1779236127,2026/05/20-08:15:27.340,13.80968967
1779236128,2026/05/20-08:15:27.540,12.85678711
1779236128,2026/05/20-08:15:27.740,14.51984592
1779236128,2026/05/20-08:15:27.940,14.55655924
1779236128,2026/05/20-08:15:28.140,14.03490126
1779236128,2026/05/20-08:15:28.350,13.78667535
1779236129,2026/05/20-08:15:28.620,14.85300564
1779236129,2026/05/20-08:15:28.820,14.07051866
1779236129,2026/05/20-08:15:29.020,14.8398546
1779236129,2026/05/20-08:15:29.220,13.61406793
1779236129,2026/05/20-08:15:29.420,14.42066515
1779236130,2026/05/20-08:15:29.640,15.26068793
1779236130,2026/05/20-08:15:29.900,14.95876194
1779236130,2026/05/20-08:15:30.100,14.15928819
1779236130,2026/05/20-08:15:30.300,14.7039605
1779236131,2026/05/20-08:15:30.500,14.2058648
1779236131,2026/05/20-08:15:30.700,13.96969401
1779236131,2026/05/20-08:15:30.950,14.83382704
1779236131,2026/05/20-08:15:31.180,13.71215278
1779236131,2026/05/20-08:15:31.380,15.26781141
1779236132,2026/05/20-08:15:31.580,14.71546766
1779236132,2026/05/20-08:15:31.780,14.88971897
1779236132,2026/05/20-08:15:31.980,14.0398329
1779236132,2026/05/20-08:15:32.250,15.73522135
1779236132,2026/05/20-08:15:32.460,12.99596897
1779236133,2026/05/20-08:15:32.660,14.34559462
1779236133,2026/05/20-08:15:32.860,14.01955838
1779236133,2026/05/20-08:15:33.060,14.12093099
1779236133,2026/05/20-08:15:33.260,15.00972222
1779236134,2026/05/20-08:15:33.520,13.99435221
1779236134,2026/05/20-08:15:33.700,15.00533854
1779236134,2026/05/20-08:15:33.900,14.80862088
1779236134,2026/05/20-08:15:34.100,13.79599067
1779236134,2026/05/20-08:15:34.300,14.73300239
1779236135,2026/05/20-08:15:34.500,14.56368273
1779236135,2026/05/20-08:15:34.770,15.11602648
1779236135,2026/05/20-08:15:34.980,14.1976454
1779236135,2026/05/20-08:15:35.180,13.41844618
1779236135,2026/05/20-08:15:35.380,14.05134006
1779236136,2026/05/20-08:15:35.580,13.43652886
1779236136,2026/05/20-08:15:35.780,14.06887478
1779236136,2026/05/20-08:15:36.060,14.1784668
1779236136,2026/05/20-08:15:36.260,14.31600477
1779236136,2026/05/20-08:15:36.460,13.60530056
1779236137,2026/05/20-08:15:36.660,13.56529948
1779236137,2026/05/20-08:15:36.860,15.40151367
1779236137,2026/05/20-08:15:37.070,13.66174045
1779236137,2026/05/20-08:15:37.340,13.25186632
1779236138,2026/05/20-08:15:37.540,13.95270725
1779236138,2026/05/20-08:15:37.740,13.33186849
1779236138,2026/05/20-08:15:37.940,14.02449002
1779236138,2026/05/20-08:15:38.140,14.0343533
1779236138,2026/05/20-08:15:38.350,14.11545139
1779236139,2026/05/20-08:15:38.620,14.22833116
1779236139,2026/05/20-08:15:38.820,12.26444227
1779236139,2026/05/20-08:15:39.020,13.37351345
1779236139,2026/05/20-08:15:39.220,13.18337131
1779236139,2026/05/20-08:15:39.420,14.13572591
1779236140,2026/05/20-08:15:39.670,13.7351671
1779236140,2026/05/20-08:15:39.900,12.89569227
1779236140,2026/05/20-08:15:40.100,14.36696506
1779236140,2026/05/20-08:15:40.300,14.32148438
1779236141,2026/05/20-08:15:40.500,14.89355469
1779236141,2026/05/20-08:15:40.700,12.68965929
1779236141,2026/05/20-08:15:40.970,13.94339193
1779236141,2026/05/20-08:15:41.180,14.13462999
1779236141,2026/05/20-08:15:41.380,13.39269206
1779236142,2026/05/20-08:15:41.580,14.86232096
1779236142,2026/05/20-08:15:41.780,14.90889757
1779236142,2026/05/20-08:15:41.980,14.15983615
1779236142,2026/05/20-08:15:42.260,14.0425727
1779236142,2026/05/20-08:15:42.460,14.15600043
1779236143,2026/05/20-08:15:42.660,13.90777452
1779236143,2026/05/20-08:15:42.860,13.78283963
1779236143,2026/05/20-08:15:43.060,13.96147461
1779236143,2026/05/20-08:15:43.270,14.92917209
1779236144,2026/05/20-08:15:43.540,13.0600803
1779236144,2026/05/20-08:15:43.740,13.31871745
1779236144,2026/05/20-08:15:43.940,14.41025391
1779236144,2026/05/20-08:15:44.140,14.35929362
1779236144,2026/05/20-08:15:44.340,14.76587999
1779236145,2026/05/20-08:15:44.560,13.8957194
1779236145,2026/05/20-08:15:44.820,14.12860243
1779236145,2026/05/20-08:15:45.020,13.41789822
1779236145,2026/05/20-08:15:45.220,13.7379069
1779236145,2026/05/20-08:15:45.420,13.79873047
1779236146,2026/05/20-08:15:45.620,13.79105903
1779236146,2026/05/20-08:15:45.850,14.97958442
1779236146,2026/05/20-08:15:46.100,14.99602322
1779236146,2026/05/20-08:15:46.300,13.40693902
1779236147,2026/05/20-08:15:46.500,13.76092122
1779236147,2026/05/20-08:15:46.700,13.1340549
1779236147,2026/05/20-08:15:46.900,13.83708767
1779236147,2026/05/20-08:15:47.160,13.51214735
1779236147,2026/05/20-08:15:47.380,13.65790473
1779236148,2026/05/20-08:15:47.580,13.45296766
1779236148,2026/05/20-08:15:47.780,13.63215061
1779236148,2026/05/20-08:15:47.980,13.94941949
1779236148,2026/05/20-08:15:48.180,14.25901693
1779236148,2026/05/20-08:15:48.450,13.7653049
1779236149,2026/05/20-08:15:48.660,14.06065538
1779236149,2026/05/20-08:15:48.860,14.8234158
1779236149,2026/05/20-08:15:49.060,14.15545247
1779236149,2026/05/20-08:15:49.260,13.30063477
1779236149,2026/05/20-08:15:49.460,14.04914822
1779236150,2026/05/20-08:15:49.740,14.80533312
1779236150,2026/05/20-08:15:49.940,13.79599067
1779236150,2026/05/20-08:15:50.140,13.5554362
1779236150,2026/05/20-08:15:50.340,14.50450304
1779236151,2026/05/20-08:15:50.540,13.90722656
1779236151,2026/05/20-08:15:50.750,13.75324978
1779236151,2026/05/20-08:15:50.980,13.8957194
1779236151,2026/05/20-08:15:51.180,14.55327148
1779236151,2026/05/20-08:15:51.380,13.58776584
1779236152,2026/05/20-08:15:51.580,13.65078125
1779236152,2026/05/20-08:15:51.780,15.31274414
1779236152,2026/05/20-08:15:52.010,14.17189128
1779236152,2026/05/20-08:15:52.260,14.52751736
1779236152,2026/05/20-08:15:52.460,14.15435655
1779236153,2026/05/20-08:15:52.660,13.79653863
1779236153,2026/05/20-08:15:52.860,13.14501411
1779236153,2026/05/20-08:15:53.060,15.18506944
1779236153,2026/05/20-08:15:53.310,14.3965549
1779236154,2026/05/20-08:15:53.540,13.37515734
1779236154,2026/05/20-08:15:53.740,12.92747396
1779236154,2026/05/20-08:15:53.940,13.85955404
1779236154,2026/05/20-08:15:54.140,13.88914388
1779236154,2026/05/20-08:15:54.340,13.97626953
1779236155,2026/05/20-08:15:54.600,14.59382053
1779236155,2026/05/20-08:15:54.820,14.56861437
1779236155,2026/05/20-08:15:55.020,13.95654297
1779236155,2026/05/20-08:15:55.220,14.26340061
1779236155,2026/05/20-08:15:55.420,11.8496365
1779236156,2026/05/20-08:15:55.620,14.33463542
1779236156,2026/05/20-08:15:55.870,14.3992947
1779236156,2026/05/20-08:15:56.060,13.4469401
1779236156,2026/05/20-08:15:56.260,13.60858832
1779236156,2026/05/20-08:15:56.460,13.5746148
1779236157,2026/05/20-08:15:56.660,13.11432834
1779236157,2026/05/20-08:15:56.860,14.59820421
1779236157,2026/05/20-08:15:57.090,13.71105686
1779236157,2026/05/20-08:15:57.340,14.72204319
1779236158,2026/05/20-08:15:57.540,14.56203885
1779236158,2026/05/20-08:15:57.740,14.02120226
1779236158,2026/05/20-08:15:57.940,13.54666884
1779236158,2026/05/20-08:15:58.140,13.80037435
1779236158,2026/05/20-08:15:58.390,13.59160156
1779236159,2026/05/20-08:15:58.580,14.0535319
1779236159,2026/05/20-08:15:58.780,14.25627713
1779236159,2026/05/20-08:15:58.980,14.24093424
1779236159,2026/05/20-08:15:59.180,14.57847765
1779236159,2026/05/20-08:15:59.380,14.0233941
1779236160,2026/05/20-08:15:59.640,14.2140842
1779236160,2026/05/20-08:15:59.820,14.06613498
1779236160,2026/05/20-08:16:00.020,14.6683431
1779236160,2026/05/20-08:16:00.220,14.66395942
1779236160,2026/05/20-08:16:00.420,14.5379286
1779236161,2026/05/20-08:16:00.620,14.6436849
1779236161,2026/05/20-08:16:00.900,13.30611437
1779236161,2026/05/20-08:16:01.100,13.14282227
1779236161,2026/05/20-08:16:01.300,14.50614692
1779236162,2026/05/20-08:16:01.500,14.02503798
1779236162,2026/05/20-08:16:01.700,15.26781141
1779236162,2026/05/20-08:16:01.910,12.58006727
1779236162,2026/05/20-08:16:02.180,14.56916233
1779236162,2026/05/20-08:16:02.380,14.87875977
1779236163,2026/05/20-08:16:02.580,12.9570638
1779236163,2026/05/20-08:16:02.780,14.54943576
1779236163,2026/05/20-08:16:02.980,14.95766602
1779236163,2026/05/20-08:16:03.200,14.74779731
1779236163,2026/05/20-08:16:03.460,12.93624132
1779236164,2026/05/20-08:16:03.660,12.99706489
1779236164,2026/05/20-08:16:03.860,13.17131619
1779236164,2026/05/20-08:16:04.060,14.532449
1779236164,2026/05/20-08:16:04.260,13.28529188
1779236165,2026/05/20-08:16:04.500,14.11051975
1779236165,2026/05/20-08:16:04.740,14.07380642
1779236165,2026/05/20-08:16:04.940,13.57516276
1779236165,2026/05/20-08:16:05.140,13.55050456
1779236165,2026/05/20-08:16:05.340,13.75818142
1779236166,2026/05/20-08:16:05.540,13.07049154
1779236166,2026/05/20-08:16:05.770,14.53573676
1779236166,2026/05/20-08:16:05.980,12.84363607
1779236166,2026/05/20-08:16:06.180,13.78777127
1779236166,2026/05/20-08:16:06.380,13.86448568
1779236167,2026/05/20-08:16:06.580,13.13898655
1779236167,2026/05/20-08:16:06.780,13.55708008
1779236167,2026/05/20-08:16:07.000,13.17186415
1779236167,2026/05/20-08:16:07.260,13.15268555
1779236167,2026/05/20-08:16:07.460,13.93133681
1779236168,2026/05/20-08:16:07.660,14.29189453
1779236168,2026/05/20-08:16:07.860,15.50069444
1779236168,2026/05/20-08:16:08.060,15.56316189
1779236168,2026/05/20-08:16:08.320,14.10065647
1779236169,2026/05/20-08:16:08.540,13.82338867
1779236169,2026/05/20-08:16:08.740,14.96807726
1779236169,2026/05/20-08:16:08.940,13.40639106
1779236169,2026/05/20-08:16:09.140,14.90013021
1779236169,2026/05/20-08:16:09.340,14.14887695
1779236170,2026/05/20-08:16:09.610,13.35433485
1779236170,2026/05/20-08:16:09.820,13.32638889
1779236170,2026/05/20-08:16:10.020,14.97684462
1779236170,2026/05/20-08:16:10.220,14.26120877
1779236170,2026/05/20-08:16:10.420,12.98117405
1779236171,2026/05/20-08:16:10.620,13.94558377
1779236171,2026/05/20-08:16:10.880,13.94393989
1779236171,2026/05/20-08:16:11.100,14.45792643
1779236171,2026/05/20-08:16:11.300,14.03216146
1779236172,2026/05/20-08:16:11.500,15.07821723
1779236172,2026/05/20-08:16:11.700,12.97131076
1779236172,2026/05/20-08:16:11.900,14.07435438
1779236172,2026/05/20-08:16:12.150,14.27216797
1779236172,2026/05/20-08:16:12.340,14.6519043
1779236173,2026/05/20-08:16:12.540,14.27326389
1779236173,2026/05/20-08:16:12.740,13.11597222
1779236173,2026/05/20-08:16:12.940,14.1949056
1779236173,2026/05/20-08:16:13.140,13.32803277
1779236173,2026/05/20-08:16:13.420,13.75379774
1779236174,2026/05/20-08:16:13.620,14.10832791
1779236174,2026/05/20-08:16:13.820,14.10613607
1779236174,2026/05/20-08:16:14.020,14.91876085
1779236174,2026/05/20-08:16:14.220,13.58338216
1779236174,2026/05/20-08:16:14.440,13.45187174
1779236175,2026/05/20-08:16:14.700,14.61464301
1779236175,2026/05/20-08:16:14.900,13.63050673
1779236175,2026/05/20-08:16:15.100,12.77404514
1779236175,2026/05/20-08:16:15.300,13.39324002
1779236176,2026/05/20-08:16:15.500,14.06229926
1779236176,2026/05/20-08:16:15.720,14.08421766
1779236176,2026/05/20-08:16:15.980,14.10230035
1779236176,2026/05/20-08:16:16.180,13.43652886
1779236176,2026/05/20-08:16:16.380,14.27764757
1779236177,2026/05/20-08:16:16.580,13.54338108
1779236177,2026/05/20-08:16:16.780,14.51491428
1779236177,2026/05/20-08:16:16.990,15.17520616
1779236177,2026/05/20-08:16:17.260,13.87982856
1779236177,2026/05/20-08:16:17.460,14.29682617
1779236178,2026/05/20-08:16:17.660,14.56642253
1779236178,2026/05/20-08:16:17.860,13.36036241
1779236178,2026/05/20-08:16:18.060,13.93681641
1779236178,2026/05/20-08:16:18.320,14.59765625
1779236179,2026/05/20-08:16:18.540,14.7067003
1779236179,2026/05/20-08:16:18.740,13.27488064
1779236179,2026/05/20-08:16:18.940,13.41515842
1779236179,2026/05/20-08:16:19.140,13.50831163
1779236179,2026/05/20-08:16:19.340,13.28145616
1779236180,2026/05/20-08:16:19.600,14.42340495
1779236180,2026/05/20-08:16:19.780,12.41787109
1779236180,2026/05/20-08:16:19.980,13.21734484
1779236180,2026/05/20-08:16:20.180,13.65352105
1779236180,2026/05/20-08:16:20.380,13.34173177
1779236181,2026/05/20-08:16:20.580,13.47159831
1779236181,2026/05/20-08:16:20.840,14.30888129
1779236181,2026/05/20-08:16:21.060,14.62176649
1779236181,2026/05/20-08:16:21.260,14.29025065
1779236181,2026/05/20-08:16:21.460,14.05681966
1779236182,2026/05/20-08:16:21.660,13.30775825
1779236182,2026/05/20-08:16:21.860,13.75050998
1779236182,2026/05/20-08:16:22.130,13.36200629
1779236182,2026/05/20-08:16:22.340,13.48803711
1779236183,2026/05/20-08:16:22.540,14.12421875
1779236183,2026/05/20-08:16:22.740,14.07161458
1779236183,2026/05/20-08:16:22.940,13.78996311
1779236183,2026/05/20-08:16:23.140,14.04312066
1779236183,2026/05/20-08:16:23.420,13.27378472
1779236184,2026/05/20-08:16:23.620,15.16698676
1779236184,2026/05/20-08:16:23.820,13.47488607
1779236184,2026/05/20-08:16:24.020,14.07051866
1779236184,2026/05/20-08:16:24.220,13.66995985
1779236184,2026/05/20-08:16:24.430,13.61187609
1779236185,2026/05/20-08:16:24.700,14.25024957
1779236185,2026/05/20-08:16:24.900,13.98942057
1779236185,2026/05/20-08:16:25.100,13.76859266
1779236185,2026/05/20-08:16:25.300,13.59488932
1779236186,2026/05/20-08:16:25.500,12.73787977
1779236186,2026/05/20-08:16:25.730,13.92804905
1779236186,2026/05/20-08:16:25.980,13.85352648
1779236186,2026/05/20-08:16:26.180,14.62012261
1779236186,2026/05/20-08:16:26.380,14.57573785
1779236187,2026/05/20-08:16:26.580,13.66228841
1779236187,2026/05/20-08:16:26.780,14.00805122
1779236187,2026/05/20-08:16:27.040,13.25131836
1779236187,2026/05/20-08:16:27.260,13.2398112
1779236187,2026/05/20-08:16:27.460,13.66722005
1779236188,2026/05/20-08:16:27.660,14.63108181
1779236188,2026/05/20-08:16:27.860,13.64530165
1779236188,2026/05/20-08:16:28.060,13.36365017
1779236188,2026/05/20-08:16:28.330,14.2113444
1779236189,2026/05/20-08:16:28.540,14.48368056
1779236189,2026/05/20-08:16:28.740,14.12969835
1779236189,2026/05/20-08:16:28.940,13.58721788
1779236189,2026/05/20-08:16:29.140,13.7214681
1779236189,2026/05/20-08:16:29.340,13.79599067
1779236190,2026/05/20-08:16:29.620,14.31874457
1779236190,2026/05/20-08:16:29.820,13.04144965
1779236190,2026/05/20-08:16:30.020,14.52258572
1779236190,2026/05/20-08:16:30.220,13.92804905
1779236190,2026/05/20-08:16:30.420,14.35052626
1779236191,2026/05/20-08:16:30.620,13.32638889
1779236191,2026/05/20-08:16:30.880,14.27545573
1779236191,2026/05/20-08:16:31.100,14.58888889
1779236191,2026/05/20-08:16:31.300,13.90887044
1779236192,2026/05/20-08:16:31.500,13.25241428
1779236192,2026/05/20-08:16:31.700,12.54171007
1779236192,2026/05/20-08:16:31.900,13.91599392
1779236192,2026/05/20-08:16:32.180,14.73026259
1779236192,2026/05/20-08:16:32.380,13.55762804
1779236193,2026/05/20-08:16:32.580,14.17791884
1779236193,2026/05/20-08:16:32.780,12.63924696
1779236193,2026/05/20-08:16:32.980,14.37354058
1779236193,2026/05/20-08:16:33.200,13.10501302
1779236193,2026/05/20-08:16:33.460,14.07051866
1779236194,2026/05/20-08:16:33.660,14.26997613
1779236194,2026/05/20-08:16:33.860,13.65297309
1779236194,2026/05/20-08:16:34.060,15.04643555
1779236194,2026/05/20-08:16:34.260,14.14065755
1779236195,2026/05/20-08:16:34.510,14.66669922
1779236195,2026/05/20-08:16:34.740,14.40093859
1779236195,2026/05/20-08:16:34.940,14.79053819
1779236195,2026/05/20-08:16:35.140,12.92254232
1779236195,2026/05/20-08:16:35.340,14.1949056
1779236196,2026/05/20-08:16:35.540,12.81952582
1779236196,2026/05/20-08:16:35.750,14.4831326
1779236196,2026/05/20-08:16:35.980,14.47381727
1779236196,2026/05/20-08:16:36.180,14.11490343
1779236196,2026/05/20-08:16:36.380,14.09572483
1779236197,2026/05/20-08:16:36.580,14.48422852
1779236197,2026/05/20-08:16:36.780,14.59053277
1779236197,2026/05/20-08:16:36.990,12.4397895
1779236197,2026/05/20-08:16:37.260,14.72971463
1779236197,2026/05/20-08:16:37.460,13.78119575
1779236198,2026/05/20-08:16:37.660,15.38397895
1779236198,2026/05/20-08:16:37.860,13.59160156
1779236198,2026/05/20-08:16:38.060,13.84147135
1779236198,2026/05/20-08:16:38.320,14.25408529
1779236199,2026/05/20-08:16:38.540,13.23871528
1779236199,2026/05/20-08:16:38.740,14.32915582
1779236199,2026/05/20-08:16:38.940,13.50118815
1779236199,2026/05/20-08:16:39.140,13.81133355
1779236199,2026/05/20-08:16:39.340,13.50611979
1779236200,2026/05/20-08:16:39.610,12.88528103
1779236200,2026/05/20-08:16:39.820,14.23490668
1779236200,2026/05/20-08:16:40.020,14.37792426
1779236200,2026/05/20-08:16:40.220,13.95928277
1779236200,2026/05/20-08:16:40.420,14.3253201
1779236201,2026/05/20-08:16:40.620,13.62447917
1779236201,2026/05/20-08:16:40.880,13.01076389
1779236201,2026/05/20-08:16:41.060,13.95215929
1779236201,2026/05/20-08:16:41.260,14.2387424
1779236201,2026/05/20-08:16:41.460,13.16309679
1779236202,2026/05/20-08:16:41.660,13.48913303
1779236202,2026/05/20-08:16:41.860,13.73626302
1779236202,2026/05/20-08:16:42.120,14.3417589
1779236202,2026/05/20-08:16:42.340,14.75437283
1779236203,2026/05/20-08:16:42.540,13.89133572
1779236203,2026/05/20-08:16:42.740,13.75653754
1779236203,2026/05/20-08:16:42.940,13.94558377
1779236203,2026/05/20-08:16:43.140,14.73793403
1779236203,2026/05/20-08:16:43.390,13.84749891
1779236204,2026/05/20-08:16:43.580,13.51762695
1779236204,2026/05/20-08:16:43.780,13.82064887
1779236204,2026/05/20-08:16:43.980,12.6414388
1779236204,2026/05/20-08:16:44.180,13.93900825
1779236204,2026/05/20-08:16:44.380,15.20424805
1779236205,2026/05/20-08:16:44.640,14.58012153
1779236205,2026/05/20-08:16:44.820,14.13134223
1779236205,2026/05/20-08:16:45.020,14.50998264
1779236205,2026/05/20-08:16:45.220,13.2343316
1779236205,2026/05/20-08:16:45.420,13.5937934
1779236206,2026/05/20-08:16:45.620,13.12145182
1779236206,2026/05/20-08:16:45.880,14.22449544
1779236206,2026/05/20-08:16:46.060,14.0781901
1779236206,2026/05/20-08:16:46.260,15.19328885
1779236206,2026/05/20-08:16:46.460,14.47436523
1779236207,2026/05/20-08:16:46.660,14.15326063
1779236207,2026/05/20-08:16:46.860,14.34943034
1779236207,2026/05/20-08:16:47.100,14.15271267
1779236207,2026/05/20-08:16:47.300,14.88478733
1779236208,2026/05/20-08:16:47.500,14.40422635
1779236208,2026/05/20-08:16:47.700,13.585574
1779236208,2026/05/20-08:16:47.900,14.73135851
1779236208,2026/05/20-08:16:48.100,14.74341363
1779236208,2026/05/20-08:16:48.370,13.85791016
1779236209,2026/05/20-08:16:48.580,14.54833984
1779236209,2026/05/20-08:16:48.780,14.53628472
1779236209,2026/05/20-08:16:48.980,14.64313694
1779236209,2026/05/20-08:16:49.180,15.69138455
1779236209,2026/05/20-08:16:49.380,13.05021701
1779236210,2026/05/20-08:16:49.600,14.76478407
1779236210,2026/05/20-08:16:49.820,13.18117947
1779236210,2026/05/20-08:16:50.020,13.86064996
1779236210,2026/05/20-08:16:50.220,13.40091146
1779236210,2026/05/20-08:16:50.420,13.26830512
1779236211,2026/05/20-08:16:50.620,13.8546224
1779236211,2026/05/20-08:16:50.880,14.71765951
1779236211,2026/05/20-08:16:51.100,13.84640299
1779236211,2026/05/20-08:16:51.300,13.86503364
1779236212,2026/05/20-08:16:51.500,14.55546332
1779236212,2026/05/20-08:16:51.700,12.46663954
1779236212,2026/05/20-08:16:51.900,14.67327474
1779236212,2026/05/20-08:16:52.150,15.01027018
1779236212,2026/05/20-08:16:52.380,15.18452148
1779236213,2026/05/20-08:16:52.580,14.0754503
1779236213,2026/05/20-08:16:52.780,14.81355252
1779236213,2026/05/20-08:16:52.980,13.53132595
1779236213,2026/05/20-08:16:53.180,14.56697049
1779236213,2026/05/20-08:16:53.440,10.44247504
1779236214,2026/05/20-08:16:53.620,15.03602431
1779236214,2026/05/20-08:16:53.820,14.45244683
1779236214,2026/05/20-08:16:54.020,14.38997938
1779236214,2026/05/20-08:16:54.220,15.08972439
1779236214,2026/05/20-08:16:54.420,13.86174588
1779236215,2026/05/20-08:16:54.680,14.09353299
1779236215,2026/05/20-08:16:54.860,14.87437609
1779236215,2026/05/20-08:16:55.060,13.63105469
1779236215,2026/05/20-08:16:55.260,14.02996962
1779236215,2026/05/20-08:16:55.460,13.35159505
1779236216,2026/05/20-08:16:55.660,14.14284939
1779236216,2026/05/20-08:16:55.920,13.83379991
1779236216,2026/05/20-08:16:56.140,13.38173286
1779236216,2026/05/20-08:16:56.340,13.63379449
1779236217,2026/05/20-08:16:56.540,12.73185221
1779236217,2026/05/20-08:16:56.740,13.99763997
1779236217,2026/05/20-08:16:56.940,14.87875977
1779236217,2026/05/20-08:16:57.220,15.12369792
1779236217,2026/05/20-08:16:57.420,13.84640299
1779236218,2026/05/20-08:16:57.620,14.94944661
1779236218,2026/05/20-08:16:57.820,13.0792589
1779236218,2026/05/20-08:16:58.020,14.57957357
1779236218,2026/05/20-08:16:58.240,14.22339952
1779236219,2026/05/20-08:16:58.500,13.60036892
1779236219,2026/05/20-08:16:58.700,13.5937934
1779236219,2026/05/20-08:16:58.900,13.87982856
1779236219,2026/05/20-08:16:59.100,13.35597873
1779236219,2026/05/20-08:16:59.300,14.87437609
1779236220,2026/05/20-08:16:59.550,14.96369358
1779236220,2026/05/20-08:16:59.780,14.29737413
1779236220,2026/05/20-08:16:59.980,14.02120226
1779236220,2026/05/20-08:17:00.180,15.10232747
1779236220,2026/05/20-08:17:00.380,14.0562717
1779236221,2026/05/20-08:17:00.580,14.4858724
1779236221,2026/05/20-08:17:00.860,14.42559679
1779236221,2026/05/20-08:17:01.060,14.59984809
1779236221,2026/05/20-08:17:01.260,13.44255642
1779236221,2026/05/20-08:17:01.460,14.71327582
1779236222,2026/05/20-08:17:01.660,13.19926215
1779236222,2026/05/20-08:17:01.860,14.23381076
1779236222,2026/05/20-08:17:02.130,13.48200955
1779236222,2026/05/20-08:17:02.340,14.57135417
1779236223,2026/05/20-08:17:02.540,13.55050456
1779236223,2026/05/20-08:17:02.740,14.0480523
1779236223,2026/05/20-08:17:02.940,14.26449653
1779236223,2026/05/20-08:17:03.140,13.69352214
1779236223,2026/05/20-08:17:03.400,13.46502279
1779236224,2026/05/20-08:17:03.620,13.69735786
1779236224,2026/05/20-08:17:03.820,14.39436306
1779236224,2026/05/20-08:17:04.020,13.9203776
1779236224,2026/05/20-08:17:04.220,15.05465495
1779236224,2026/05/20-08:17:04.420,15.56097005
1779236225,2026/05/20-08:17:04.640,14.97465278
1779236225,2026/05/20-08:17:04.860,14.59710829
1779236225,2026/05/20-08:17:05.060,14.32641602
1779236225,2026/05/20-08:17:05.260,12.11978082
1779236225,2026/05/20-08:17:05.460,13.71270074
1779236226,2026/05/20-08:17:05.660,14.10942383
1779236226,2026/05/20-08:17:05.920,13.66393229
1779236226,2026/05/20-08:17:06.140,14.95273438
1779236226,2026/05/20-08:17:06.340,14.33573134
1779236227,2026/05/20-08:17:06.540,12.05512153
1779236227,2026/05/20-08:17:06.740,13.48091363
1779236227,2026/05/20-08:17:06.940,13.38173286
1779236227,2026/05/20-08:17:07.220,14.27381185
1779236227,2026/05/20-08:17:07.420,14.01846246
1779236228,2026/05/20-08:17:07.620,14.39874674
1779236228,2026/05/20-08:17:07.820,14.94287109
1779236228,2026/05/20-08:17:08.020,13.48255751
1779236228,2026/05/20-08:17:08.220,13.70338542
1779236228,2026/05/20-08:17:08.480,14.8590332
1779236229,2026/05/20-08:17:08.700,14.18230252
1779236229,2026/05/20-08:17:08.900,14.74834527
1779236229,2026/05/20-08:17:09.100,14.14668511
1779236229,2026/05/20-08:17:09.300,14.33134766
1779236230,2026/05/20-08:17:09.500,15.5012424
1779236230,2026/05/20-08:17:09.740,14.4831326
1779236230,2026/05/20-08:17:09.980,14.3746365
1779236230,2026/05/20-08:17:10.180,12.94172092
1779236230,2026/05/20-08:17:10.380,13.78503147
1779236231,2026/05/20-08:17:10.580,12.99761285
1779236231,2026/05/20-08:17:10.780,14.73848199
1779236231,2026/05/20-08:17:11.070,14.09846463
1779236231,2026/05/20-08:17:11.260,14.33189562
1779236231,2026/05/20-08:17:11.460,14.08969727
1779236232,2026/05/20-08:17:11.660,14.43710395
1779236232,2026/05/20-08:17:11.860,14.27874349
1779236232,2026/05/20-08:17:12.060,13.23487956
1779236232,2026/05/20-08:17:12.320,13.65406901
1779236233,2026/05/20-08:17:12.540,13.91928168
1779236233,2026/05/20-08:17:12.740,13.99818793
1779236233,2026/05/20-08:17:12.940,13.31378581
1779236233,2026/05/20-08:17:13.140,14.57628581
1779236233,2026/05/20-08:17:13.340,13.94558377
1779236234,2026/05/20-08:17:13.620,14.83382704
1779236234,2026/05/20-08:17:13.820,14.58943685
1779236234,2026/05/20-08:17:14.020,15.35438911
1779236234,2026/05/20-08:17:14.220,14.36970486
1779236234,2026/05/20-08:17:14.420,14.87382813
1779236235,2026/05/20-08:17:14.640,13.47159831
1779236235,2026/05/20-08:17:14.900,13.34501953
1779236235,2026/05/20-08:17:15.100,14.62724609
1779236235,2026/05/20-08:17:15.300,14.54998372
1779236236,2026/05/20-08:17:15.500,13.23487956
1779236236,2026/05/20-08:17:15.700,15.13301324
1779236236,2026/05/20-08:17:15.960,14.5379286
1779236236,2026/05/20-08:17:16.180,12.35759549
1779236236,2026/05/20-08:17:16.380,13.92750109
1779236237,2026/05/20-08:17:16.580,15.10397135
1779236237,2026/05/20-08:17:16.780,15.53795573
1779236237,2026/05/20-08:17:16.980,14.41737739
1779236237,2026/05/20-08:17:17.250,14.79163411
1779236237,2026/05/20-08:17:17.460,15.07876519
1779236238,2026/05/20-08:17:17.660,13.71653646
1779236238,2026/05/20-08:17:17.860,14.75820855
1779236238,2026/05/20-08:17:18.060,14.14613715
1779236238,2026/05/20-08:17:18.260,12.88363715
1779236239,2026/05/20-08:17:18.540,13.5526964
1779236239,2026/05/20-08:17:18.740,13.00966797
1779236239,2026/05/20-08:17:18.940,14.60094401
1779236239,2026/05/20-08:17:19.140,13.08309462
1779236239,2026/05/20-08:17:19.340,14.49244792
1779236240,2026/05/20-08:17:19.550,12.92473416
1779236240,2026/05/20-08:17:19.820,13.94010417
1779236240,2026/05/20-08:17:20.020,13.28200412
1779236240,2026/05/20-08:17:20.220,13.98996853
1779236240,2026/05/20-08:17:20.420,14.175727
1779236241,2026/05/20-08:17:20.620,13.90065104
1779236241,2026/05/20-08:17:20.860,13.24748264
1779236241,2026/05/20-08:17:21.100,14.27874349
1779236241,2026/05/20-08:17:21.300,14.93574761
1779236242,2026/05/20-08:17:21.500,15.34562174
1779236242,2026/05/20-08:17:21.700,13.47433811
1779236242,2026/05/20-08:17:21.900,13.47543403
1779236242,2026/05/20-08:17:22.130,14.47217339
1779236242,2026/05/20-08:17:22.380,13.64639757
1779236243,2026/05/20-08:17:22.580,13.92202148
1779236243,2026/05/20-08:17:22.780,12.44746094
1779236243,2026/05/20-08:17:22.980,13.99983181
1779236243,2026/05/20-08:17:23.180,14.1866862
1779236243,2026/05/20-08:17:23.450,13.54392904
1779236244,2026/05/20-08:17:23.660,13.66119249
1779236244,2026/05/20-08:17:23.860,14.16421984
1779236244,2026/05/20-08:17:24.060,14.22942708
1779236244,2026/05/20-08:17:24.260,13.80311415
1779236244,2026/05/20-08:17:24.460,15.21685113
1779236245,2026/05/20-08:17:24.730,16.19550781
1779236245,2026/05/20-08:17:24.940,14.89410265
1779236245,2026/05/20-08:17:25.140,14.66395942
1779236245,2026/05/20-08:17:25.340,13.2918674
1779236246,2026/05/20-08:17:25.540,13.85352648
1779236246,2026/05/20-08:17:25.740,15.33575846
1779236246,2026/05/20-08:17:26.000,13.80914171
1779236246,2026/05/20-08:17:26.220,13.61242405
1779236246,2026/05/20-08:17:26.420,13.35652669
1779236247,2026/05/20-08:17:26.620,13.97791341
1779236247,2026/05/20-08:17:26.820,15.4957628
1779236247,2026/05/20-08:17:27.020,13.72201606
1779236247,2026/05/20-08:17:27.280,12.295676
1779236247,2026/05/20-08:17:27.460,14.40367839
1779236248,2026/05/20-08:17:27.660,14.40477431
1779236248,2026/05/20-08:17:27.860,14.50340712
1779236248,2026/05/20-08:17:28.060,14.30778537
1779236248,2026/05/20-08:17:28.260,14.2360026
1779236249,2026/05/20-08:17:28.500,13.62886285
1779236249,2026/05/20-08:17:28.700,15.52370877
1779236249,2026/05/20-08:17:28.900,14.09188911
1779236249,2026/05/20-08:17:29.100,14.74067383
1779236249,2026/05/20-08:17:29.300,15.36096463
1779236250,2026/05/20-08:17:29.500,14.25134549
1779236250,2026/05/20-08:17:29.790,13.52255859
1779236250,2026/05/20-08:17:29.980,14.62779405
1779236250,2026/05/20-08:17:30.180,13.09734158
1779236250,2026/05/20-08:17:30.380,14.56368273
1779236251,2026/05/20-08:17:30.580,14.3883355
1779236251,2026/05/20-08:17:30.780,13.37351345
1779236251,2026/05/20-08:17:31.030,13.41570638
1779236251,2026/05/20-08:17:31.260,14.45902235
1779236251,2026/05/20-08:17:31.460,13.63269857
1779236252,2026/05/20-08:17:31.660,15.04040799
1779236252,2026/05/20-08:17:31.860,13.36912977
1779236252,2026/05/20-08:17:32.060,12.54499783
1779236252,2026/05/20-08:17:32.330,14.19435764
1779236253,2026/05/20-08:17:32.540,14.01846246
1779236253,2026/05/20-08:17:32.740,14.16148003
1779236253,2026/05/20-08:17:32.940,13.16419271
1779236253,2026/05/20-08:17:33.140,14.60149197
1779236253,2026/05/20-08:17:33.340,14.08586155
1779236254,2026/05/20-08:17:33.590,12.48253038
1779236254,2026/05/20-08:17:33.780,14.53299696
1779236254,2026/05/20-08:17:33.980,13.22556424
1779236254,2026/05/20-08:17:34.180,13.83379991
1779236254,2026/05/20-08:17:34.380,14.59108073
1779236255,2026/05/20-08:17:34.580,13.15706923
1779236255,2026/05/20-08:17:34.860,11.47044813
1779236255,2026/05/20-08:17:35.060,13.79434679
1779236255,2026/05/20-08:17:35.260,14.546148
1779236255,2026/05/20-08:17:35.460,13.7570855
1779236256,2026/05/20-08:17:35.660,14.80314128
1779236256,2026/05/20-08:17:35.870,14.06832682
1779236256,2026/05/20-08:17:36.140,14.63491753
1779236256,2026/05/20-08:17:36.340,13.1121365
1779236257,2026/05/20-08:17:36.540,14.10777995
1779236257,2026/05/20-08:17:36.740,14.49025608
1779236257,2026/05/20-08:17:36.940,14.01353082
1779236257,2026/05/20-08:17:37.160,13.62119141
1779236257,2026/05/20-08:17:37.420,13.89736328
1779236258,2026/05/20-08:17:37.620,13.97572157
1779236258,2026/05/20-08:17:37.820,13.83982747
1779236258,2026/05/20-08:17:38.020,14.46121419
1779236258,2026/05/20-08:17:38.220,15.30123698
1779236258,2026/05/20-08:17:38.490,13.5828342
1779236259,2026/05/20-08:17:38.700,14.84095052
1779236259,2026/05/20-08:17:38.900,14.14832899
1779236259,2026/05/20-08:17:39.100,15.10506727
1779236259,2026/05/20-08:17:39.300,13.25241428
1779236260,2026/05/20-08:17:39.500,14.39984266
1779236260,2026/05/20-08:17:39.770,14.37682834
1779236260,2026/05/20-08:17:39.940,14.62395833
1779236260,2026/05/20-08:17:40.140,12.54061415
1779236260,2026/05/20-08:17:40.340,14.17791884
1779236261,2026/05/20-08:17:40.540,14.84916992
1779236261,2026/05/20-08:17:40.740,14.90287001
1779236261,2026/05/20-08:17:41.010,13.14117839
1779236261,2026/05/20-08:17:41.220,13.52475043
1779236261,2026/05/20-08:17:41.420,13.87763672
1779236262,2026/05/20-08:17:41.620,12.78993598
1779236262,2026/05/20-08:17:41.820,13.30556641
1779236262,2026/05/20-08:17:42.020,13.67324761
1779236262,2026/05/20-08:17:42.300,15.0250651
1779236263,2026/05/20-08:17:42.500,14.24531793
1779236263,2026/05/20-08:17:42.700,13.73187934
1779236263,2026/05/20-08:17:42.900,14.46011827
1779236263,2026/05/20-08:17:43.100,14.00037977
1779236263,2026/05/20-08:17:43.310,14.45573459
1779236264,2026/05/20-08:17:43.580,14.46231011
1779236264,2026/05/20-08:17:43.780,13.585574
1779236264,2026/05/20-08:17:43.980,13.63598633
1779236264,2026/05/20-08:17:44.180,13.04912109
1779236264,2026/05/20-08:17:44.380,13.89517144
1779236265,2026/05/20-08:17:44.610,12.82664931
1779236265,2026/05/20-08:17:44.860,12.82445747
1779236265,2026/05/20-08:17:45.060,14.18723416
1779236265,2026/05/20-08:17:45.260,13.36145833
1779236265,2026/05/20-08:17:45.460,12.96692708
1779236266,2026/05/20-08:17:45.660,13.83763563
1779236266,2026/05/20-08:17:45.890,14.5543674
1779236266,2026/05/20-08:17:46.140,14.22942708
1779236266,2026/05/20-08:17:46.340,13.62941081
1779236267,2026/05/20-08:17:46.540,14.59327257
1779236267,2026/05/20-08:17:46.740,14.71272786
1779236267,2026/05/20-08:17:46.940,14.74615343
1779236267,2026/05/20-08:17:47.210,14.49080404
1779236267,2026/05/20-08:17:47.420,14.16969944
1779236268,2026/05/20-08:17:47.620,12.29129232
1779236268,2026/05/20-08:17:47.820,13.82886827
1779236268,2026/05/20-08:17:48.020,14.03654514
1779236268,2026/05/20-08:17:48.220,15.09136827
1779236268,2026/05/20-08:17:48.480,14.08860135
1779236269,2026/05/20-08:17:48.700,14.13517795
1779236269,2026/05/20-08:17:48.900,14.52642144
1779236269,2026/05/20-08:17:49.100,13.72475586
1779236269,2026/05/20-08:17:49.300,14.76204427
1779236270,2026/05/20-08:17:49.500,13.22172852
1779236270,2026/05/20-08:17:49.750,14.31545681
1779236270,2026/05/20-08:17:49.940,13.49351671
1779236270,2026/05/20-08:17:50.140,13.04144965
1779236270,2026/05/20-08:17:50.340,14.47052951
1779236271,2026/05/20-08:17:50.540,12.90939128
1779236271,2026/05/20-08:17:50.740,13.85955404
1779236271,2026/05/20-08:17:51.000,14.34669054
1779236271,2026/05/20-08:17:51.180,13.54118924
1779236271,2026/05/20-08:17:51.380,13.7680447
1779236272,2026/05/20-08:17:51.580,14.61245117
1779236272,2026/05/20-08:17:51.780,14.34943034
1779236272,2026/05/20-08:17:51.980,13.62393121
1779236272,2026/05/20-08:17:52.270,14.45354275
1779236272,2026/05/20-08:17:52.460,15.03876411
1779236273,2026/05/20-08:17:52.660,13.15597331
1779236273,2026/05/20-08:17:52.860,13.44584418
1779236273,2026/05/20-08:17:53.060,13.61187609
1779236273,2026/05/20-08:17:53.260,14.07161458
1779236274,2026/05/20-08:17:53.510,13.92859701
1779236274,2026/05/20-08:17:53.700,13.85845812
1779236274,2026/05/20-08:17:53.900,14.61409505
1779236274,2026/05/20-08:17:54.100,14.12860243
1779236274,2026/05/20-08:17:54.300,13.29351128
1779236275,2026/05/20-08:17:54.500,14.33463542
1779236275,2026/05/20-08:17:54.750,13.20693359
1779236275,2026/05/20-08:17:54.940,14.36806098
1779236275,2026/05/20-08:17:55.140,13.37460938
1779236275,2026/05/20-08:17:55.340,14.55546332
1779236276,2026/05/20-08:17:55.540,14.24476997
1779236276,2026/05/20-08:17:55.740,13.18282335
1779236276,2026/05/20-08:17:56.030,14.07873806
1779236276,2026/05/20-08:17:56.220,14.41792535
1779236276,2026/05/20-08:17:56.420,14.43217231
1779236277,2026/05/20-08:17:56.620,13.94503581
1779236277,2026/05/20-08:17:56.820,14.2332628
1779236277,2026/05/20-08:17:57.020,13.91051432
1779236277,2026/05/20-08:17:57.270,14.47217339
1779236277,2026/05/20-08:17:57.460,12.50170898
1779236278,2026/05/20-08:17:57.660,13.20967339
1779236278,2026/05/20-08:17:57.860,13.64037001
1779236278,2026/05/20-08:17:58.060,14.45683051
1779236278,2026/05/20-08:17:58.260,13.62502713
1779236279,2026/05/20-08:17:58.520,13.38008898
1779236279,2026/05/20-08:17:58.740,13.98668077
1779236279,2026/05/20-08:17:58.940,14.07928602
1779236279,2026/05/20-08:17:59.140,14.66231554
1779236279,2026/05/20-08:17:59.340,14.05517578
1779236280,2026/05/20-08:17:59.550,13.69900174
1779236280,2026/05/20-08:17:59.790,14.32422418
1779236280,2026/05/20-08:17:59.980,13.67927517
1779236280,2026/05/20-08:18:00.180,13.8491428
1779236280,2026/05/20-08:18:00.380,13.87160916
1779236281,2026/05/20-08:18:00.580,13.39543186
1779236281,2026/05/20-08:18:00.780,13.90448676
1779236281,2026/05/20-08:18:01.060,13.63160265
1779236281,2026/05/20-08:18:01.260,14.88862305
1779236281,2026/05/20-08:18:01.460,14.09079319
1779236282,2026/05/20-08:18:01.660,14.63053385
1779236282,2026/05/20-08:18:01.860,13.98996853
1779236282,2026/05/20-08:18:02.070,14.69190538
1779236282,2026/05/20-08:18:02.340,14.3609375
1779236283,2026/05/20-08:18:02.540,15.1417806
1779236283,2026/05/20-08:18:02.740,14.01079102
1779236283,2026/05/20-08:18:02.940,14.04092882
1779236283,2026/05/20-08:18:03.140,14.30120985
1779236283,2026/05/20-08:18:03.380,14.03654514
1779236284,2026/05/20-08:18:03.620,13.24145508
1779236284,2026/05/20-08:18:03.820,14.68094618
1779236284,2026/05/20-08:18:04.020,14.32477214
1779236284,2026/05/20-08:18:04.220,13.21296115
1779236284,2026/05/20-08:18:04.420,15.71878255
1779236285,2026/05/20-08:18:04.660,14.86012912
1779236285,2026/05/20-08:18:04.900,14.25518121
1779236285,2026/05/20-08:18:05.100,13.53406576
1779236285,2026/05/20-08:18:05.300,11.56250543
1779236286,2026/05/20-08:18:05.500,13.09460178
1779236286,2026/05/20-08:18:05.700,14.0370931
1779236286,2026/05/20-08:18:05.970,14.60532769
1779236286,2026/05/20-08:18:06.180,13.28310004
1779236286,2026/05/20-08:18:06.380,14.175727
1779236287,2026/05/20-08:18:06.580,13.57077908
1779236287,2026/05/20-08:18:06.780,14.24586589
1779236287,2026/05/20-08:18:06.980,13.61242405
1779236287,2026/05/20-08:18:07.270,14.97410482
1779236287,2026/05/20-08:18:07.460,15.06177843
1779236288,2026/05/20-08:18:07.660,14.47326931
1779236288,2026/05/20-08:18:07.860,14.28367513
1779236288,2026/05/20-08:18:08.060,14.87547201
1779236288,2026/05/20-08:18:08.260,13.73845486
1779236289,2026/05/20-08:18:08.540,14.79930556
1779236289,2026/05/20-08:18:08.740,14.50395508
1779236289,2026/05/20-08:18:08.940,14.30230577
1779236289,2026/05/20-08:18:09.140,13.59050564
1779236289,2026/05/20-08:18:09.340,13.97736545
1779236290,2026/05/20-08:18:09.550,14.62724609
1779236290,2026/05/20-08:18:09.820,13.16145291
1779236290,2026/05/20-08:18:10.020,13.42995334
1779236290,2026/05/20-08:18:10.220,13.01131185
1779236290,2026/05/20-08:18:10.420,14.57245009
1779236291,2026/05/20-08:18:10.620,14.55765516
1779236291,2026/05/20-08:18:10.850,13.65132921
1779236291,2026/05/20-08:18:11.100,12.70061849
1779236291,2026/05/20-08:18:11.300,13.60420464
1779236292,2026/05/20-08:18:11.500,14.04476454
1779236292,2026/05/20-08:18:11.700,14.43765191
1779236292,2026/05/20-08:18:11.900,14.04969618
1779236292,2026/05/20-08:18:12.160,15.23657769
1779236292,2026/05/20-08:18:12.380,14.79766168
1779236293,2026/05/20-08:18:12.580,13.35433485
1779236293,2026/05/20-08:18:12.780,14.26230469
1779236293,2026/05/20-08:18:12.980,13.63489041
1779236293,2026/05/20-08:18:13.180,14.24750977
1779236293,2026/05/20-08:18:13.440,12.86007487
1779236294,2026/05/20-08:18:13.620,13.80147027
1779236294,2026/05/20-08:18:13.820,14.59820421
1779236294,2026/05/20-08:18:14.020,14.44806315
1779236294,2026/05/20-08:18:14.220,13.7187283
1779236294,2026/05/20-08:18:14.420,12.31814236
1779236295,2026/05/20-08:18:14.680,14.07654622
1779236295,2026/05/20-08:18:14.900,13.76146918
1779236295,2026/05/20-08:18:15.100,13.36748589
1779236295,2026/05/20-08:18:15.300,13.63653429
1779236296,2026/05/20-08:18:15.500,14.09243707
1779236296,2026/05/20-08:18:15.700,14.30230577
1779236296,2026/05/20-08:18:15.920,14.58779297
1779236296,2026/05/20-08:18:16.140,15.14671224
1779236296,2026/05/20-08:18:16.340,14.31764865
1779236297,2026/05/20-08:18:16.540,14.41299371
1779236297,2026/05/20-08:18:16.740,13.88585612
1779236297,2026/05/20-08:18:16.940,14.91108941
1779236297,2026/05/20-08:18:17.170,14.52094184
1779236297,2026/05/20-08:18:17.420,14.46450195
1779236298,2026/05/20-08:18:17.620,15.39603407
1779236298,2026/05/20-08:18:17.820,12.93952908
1779236298,2026/05/20-08:18:18.020,14.58012153
1779236298,2026/05/20-08:18:18.220,13.5883138
1779236298,2026/05/20-08:18:18.440,14.51436632
1779236299,2026/05/20-08:18:18.660,13.15816515
1779236299,2026/05/20-08:18:18.860,14.01901042
1779236299,2026/05/20-08:18:19.060,13.96914605
1779236299,2026/05/20-08:18:19.260,14.93410373
1779236299,2026/05/20-08:18:19.460,14.16695964
1779236300,2026/05/20-08:18:19.730,13.29844293
1779236300,2026/05/20-08:18:19.940,13.64968533
1779236300,2026/05/20-08:18:20.140,14.31052517
1779236300,2026/05/20-08:18:20.340,14.32860786
1779236301,2026/05/20-08:18:20.540,14.24641385
1779236301,2026/05/20-08:18:20.740,12.97240668
1779236301,2026/05/20-08:18:21.010,15.02670898
1779236301,2026/05/20-08:18:21.220,14.54395616
1779236301,2026/05/20-08:18:21.420,13.8875
1779236302,2026/05/20-08:18:21.620,14.5132704
1779236302,2026/05/20-08:18:21.820,14.64861654
1779236302,2026/05/20-08:18:22.020,15.21904297
1779236302,2026/05/20-08:18:22.270,13.96914605
1779236302,2026/05/20-08:18:22.460,14.33573134
1779236303,2026/05/20-08:18:22.660,15.04917535
1779236303,2026/05/20-08:18:22.860,14.26723633
1779236303,2026/05/20-08:18:23.060,12.90719944
1779236303,2026/05/20-08:18:23.260,13.47872179
1779236304,2026/05/20-08:18:23.520,13.57790256
1779236304,2026/05/20-08:18:23.740,13.34337565
1779236304,2026/05/20-08:18:23.940,14.22668728
1779236304,2026/05/20-08:18:24.140,13.77571615
1779236304,2026/05/20-08:18:24.340,15.30342882
1779236305,2026/05/20-08:18:24.540,15.15767144
1779236305,2026/05/20-08:18:24.820,14.50833876
1779236305,2026/05/20-08:18:25.020,13.5663954
1779236305,2026/05/20-08:18:25.220,14.29792209
1779236305,2026/05/20-08:18:25.420,13.67817925
1779236306,2026/05/20-08:18:25.620,14.74341363
1779236306,2026/05/20-08:18:25.830,11.2348253
1779236306,2026/05/20-08:18:26.100,12.40362413
1779236306,2026/05/20-08:18:26.300,-0.431792535
1779236307,2026/05/20-08:18:26.500,0.009315321
1779236307,2026/05/20-08:18:26.700,0.182470703
1779236307,2026/05/20-08:18:26.900,-0.099180773
1779236307,2026/05/20-08:18:27.110,-0.012603082
1779236307,2026/05/20-08:18:27.380,0.246034071
1779236308,2026/05/20-08:18:27.580,0.16110026
1779236308,2026/05/20-08:18:27.780,0.430148655
1779236308,2026/05/20-08:18:27.980,-0.282199436
1779236308,2026/05/20-08:18:28.180,0.166579861
1779236308,2026/05/20-08:18:28.400,0.040549045
1779236309,2026/05/20-08:18:28.660,0.038905165
1779236309,2026/05/20-08:18:28.860,0.309597439
1779236309,2026/05/20-08:18:29.060,0.049316406
1779236309,2026/05/20-08:18:29.260,-0.099728733
1779236309,2026/05/20-08:18:29.460,-0.113427734
1779236310,2026/05/20-08:18:29.720,-0.230143229
1779236310,2026/05/20-08:18:29.900,0.379188368
1779236310,2026/05/20-08:18:30.100,0.271240234
1779236310,2026/05/20-08:18:30.300,-0.050960286
1779236311,2026/05/20-08:18:30.500,0.146853299
1779236311,2026/05/20-08:18:30.700,0.060275608
1779236311,2026/05/20-08:18:30.960,-0.431792535
1779236311,2026/05/20-08:18:31.140,-0.096440972
1779236311,2026/05/20-08:18:31.340,-0.162196181
1779236312,2026/05/20-08:18:31.540,-0.15890842
1779236312,2026/05/20-08:18:31.740,-0.251513672
1779236312,2026/05/20-08:18:31.940,-0.167127821
1779236312,2026/05/20-08:18:32.210,0.08109809
1779236312,2026/05/20-08:18:32.420,-0.172059462
1779236313,2026/05/20-08:18:32.620,-0.094797092
1779236313,2026/05/20-08:18:32.820,-0.184114583
1779236313,2026/05/20-08:18:33.020,-0.020822483
1779236313,2026/05/20-08:18:33.220,-0.096440972
1779236314,2026/05/20-08:18:33.500,-0.065755208
1779236314,2026/05/20-08:18:33.700,-0.041644965
1779236314,2026/05/20-08:18:33.900,-0.183566623
1779236314,2026/05/20-08:18:34.100,-0.215896267
1779236314,2026/05/20-08:18:34.300,-0.072878689
1779236315,2026/05/20-08:18:34.510,0.08274197
1779236315,2026/05/20-08:18:34.780,0.180278863
1779236315,2026/05/20-08:18:34.980,0.043836806
1779236315,2026/05/20-08:18:35.180,0.00054796
1779236315,2026/05/20-08:18:35.380,0.280007595
1779236316,2026/05/20-08:18:35.580,0.062467448
1779236316,2026/05/20-08:18:35.810,0.152880859
1779236316,2026/05/20-08:18:36.060,0.24055447
1779236316,2026/05/20-08:18:36.260,-0.354530165
1779236316,2026/05/20-08:18:36.460,-0.229047309
1779236317,2026/05/20-08:18:36.660,0.167127821
1779236317,2026/05/20-08:18:36.860,0.031781684
1779236317,2026/05/20-08:18:37.120,-0.121099175
1779236317,2026/05/20-08:18:37.340,-0.192881944
1779236318,2026/05/20-08:18:37.540,-0.347954644
1779236318,2026/05/20-08:18:37.740,-0.23617079
1779236318,2026/05/20-08:18:37.940,-0.264664714
1779236318,2026/05/20-08:18:38.140,0.024658203
1779236318,2026/05/20-08:18:38.420,-0.139181858
1779236319,2026/05/20-08:18:38.620,0.23836263
1779236319,2026/05/20-08:18:38.820,0.052604167
1779236319,2026/05/20-08:18:39.020,0.176443142
1779236319,2026/05/20-08:18:39.220,-0.258089193
1779236319,2026/05/20-08:18:39.420,0.098084852
1779236320,2026/05/20-08:18:39.680,-0.031781684
1779236320,2026/05/20-08:18:39.900,0.164388021
1779236320,2026/05/20-08:18:40.100,0.103016493
1779236320,2026/05/20-08:18:40.300,0.201101345
1779236321,2026/05/20-08:18:40.500,0.150689019
1779236321,2026/05/20-08:18:40.700,-0.400558811
1779236321,2026/05/20-08:18:40.950,-0.165483941
1779236321,2026/05/20-08:18:41.180,-0.375352648
1779236321,2026/05/20-08:18:41.380,-0.242746311
1779236322,2026/05/20-08:18:41.580,0.030685764
1779236322,2026/05/20-08:18:41.780,-0.032877604
1779236322,2026/05/20-08:18:41.980,0.344666884
1779236322,2026/05/20-08:18:42.260,-0.017534722
1779236322,2026/05/20-08:18:42.460,0.196717665
1779236323,2026/05/20-08:18:42.660,-0.07507053
1779236323,2026/05/20-08:18:42.860,-0.253705512
1779236323,2026/05/20-08:18:43.060,-0.15836046
1779236323,2026/05/20-08:18:43.270,-0.056987847
1779236324,2026/05/20-08:18:43.540,0.31178928
1779236324,2026/05/20-08:18:43.740,-0.375900608
1779236324,2026/05/20-08:18:43.940,-0.040549045
1779236324,2026/05/20-08:18:44.140,0.347406684
1779236324,2026/05/20-08:18:44.340,-0.099180773
1779236325,2026/05/20-08:18:44.550,0.150689019
1779236325,2026/05/20-08:18:44.820,-0.090413411
1779236325,2026/05/20-08:18:45.020,0.018630642
1779236325,2026/05/20-08:18:45.220,0.124934896
1779236325,2026/05/20-08:18:45.420,0.15671658
1779236326,2026/05/20-08:18:45.620,0.140277778
1779236326,2026/05/20-08:18:45.860,0.360557726
1779236326,2026/05/20-08:18:46.100,-0.041644965
1779236326,2026/05/20-08:18:46.300,0.020274523
1779236327,2026/05/20-08:18:46.500,0.008219401
1779236327,2026/05/20-08:18:46.700,0.083289931
1779236327,2026/05/20-08:18:46.900,-0.192881944
1779236327,2026/05/20-08:18:47.110,0.214252387
1779236327,2026/05/20-08:18:47.340,0.046576606
1779236328,2026/05/20-08:18:47.540,0.300282118
1779236328,2026/05/20-08:18:47.740,-0.008767361
1779236328,2026/05/20-08:18:47.940,-0.331515842
1779236328,2026/05/20-08:18:48.140,0.060275608
1779236328,2026/05/20-08:18:48.360,0.31343316
1779236329,2026/05/20-08:18:48.620,0.196717665
1779236329,2026/05/20-08:18:48.820,-0.007671441
1779236329,2026/05/20-08:18:49.020,-0.006027561
1779236329,2026/05/20-08:18:49.220,-0.029041884
1779236329,2026/05/20-08:18:49.420,-0.046576606
1779236330,2026/05/20-08:18:49.690,-0.310693359
1779236330,2026/05/20-08:18:49.900,0.246034071
1779236330,2026/05/20-08:18:50.100,0.210964627
1779236330,2026/05/20-08:18:50.300,-0.006027561
1779236331,2026/05/20-08:18:50.500,0.027945964
1779236331,2026/05/20-08:18:50.700,0.08219401
1779236331,2026/05/20-08:18:50.960,-0.175895182
1779236331,2026/05/20-08:18:51.140,0.119455295
1779236331,2026/05/20-08:18:51.340,-0.066303168
1779236332,2026/05/20-08:18:51.540,-0.372064887
1779236332,2026/05/20-08:18:51.740,0.283843316
1779236332,2026/05/20-08:18:51.940,0.294802517
1779236332,2026/05/20-08:18:52.200,-0.133702257
1779236332,2026/05/20-08:18:52.380,-0.351790365
1779236333,2026/05/20-08:18:52.580,-0.112331814
1779236333,2026/05/20-08:18:52.780,0.061371528
1779236333,2026/05/20-08:18:52.980,-0.107948134
1779236333,2026/05/20-08:18:53.180,0.15616862
1779236333,2026/05/20-08:18:53.440,0.169319661
1779236334,2026/05/20-08:18:53.620,-0.057535807
1779236334,2026/05/20-08:18:53.820,0.08000217
1779236334,2026/05/20-08:18:54.020,0.193429905
1779236334,2026/05/20-08:18:54.220,-0.052056207
1779236334,2026/05/20-08:18:54.420,0.006575521
1779236335,2026/05/20-08:18:54.700,0.033425564
1779236335,2026/05/20-08:18:54.900,0.019726563
1779236335,2026/05/20-08:18:55.100,0.048220486
1779236335,2026/05/20-08:18:55.300,0.281103516
1779236336,2026/05/20-08:18:55.500,-0.23288303
1779236336,2026/05/20-08:18:55.700,0.004931641
1779236336,2026/05/20-08:18:55.970,-0.259733073
1779236336,2026/05/20-08:18:56.180,-0.181922743
1779236336,2026/05/20-08:18:56.380,-0.272884115
1779236337,2026/05/20-08:18:56.580,-0.093153212
1779236337,2026/05/20-08:18:56.780,-0.400558811
1779236337,2026/05/20-08:18:56.980,-0.180826823
1779236337,2026/05/20-08:18:57.250,-0.108496094
1779236337,2026/05/20-08:18:57.460,-0.194525825
1779236338,2026/05/20-08:18:57.660,-0.184662543
1779236338,2026/05/20-08:18:57.860,0.206580946
1779236338,2026/05/20-08:18:58.060,-0.417545573
1779236338,2026/05/20-08:18:58.260,-0.013699002
1779236339,2026/05/20-08:18:58.530,0.301925998
1779236339,2026/05/20-08:18:58.740,0.184662543
1779236339,2026/05/20-08:18:58.940,-0.072330729
1779236339,2026/05/20-08:18:59.140,0.027398003
1779236339,2026/05/20-08:18:59.340,-0.092057292
1779236340,2026/05/20-08:18:59.540,-0.066303168
1779236340,2026/05/20-08:18:59.790,0.231239149
1779236340,2026/05/20-08:18:59.980,0.326036241
1779236340,2026/05/20-08:19:00.180,-0.178634983
1779236340,2026/05/20-08:19:00.380,-0.120003255
1779236341,2026/05/20-08:19:00.580,0.073426649
1779236341,2026/05/20-08:19:00.780,0.037809245
1779236341,2026/05/20-08:19:01.030,-0.012603082
1779236341,2026/05/20-08:19:01.220,0.152880859
1779236341,2026/05/20-08:19:01.420,0.044932726
1779236342,2026/05/20-08:19:01.620,0.139181858
1779236342,2026/05/20-08:19:01.820,0.39672309
1779236342,2026/05/20-08:19:02.020,0.270144314
1779236342,2026/05/20-08:19:02.270,-0.166031901
1779236343,2026/05/20-08:19:02.500,-0.009863281
1779236343,2026/05/20-08:19:02.700,0.144113498
1779236343,2026/05/20-08:19:02.900,-0.212060547
1779236343,2026/05/20-08:19:03.100,-0.135346137
1779236343,2026/05/20-08:19:03.300,-0.222471788
1779236344,2026/05/20-08:19:03.560,0.109044054
1779236344,2026/05/20-08:19:03.780,-0.482204861
1779236344,2026/05/20-08:19:03.980,-0.175347222
1779236344,2026/05/20-08:19:04.180,0.004383681
1779236344,2026/05/20-08:19:04.380,-0.176991102
1779236345,2026/05/20-08:19:04.580,-0.241650391
1779236345,2026/05/20-08:19:04.860,-0.279459635
1779236345,2026/05/20-08:19:05.060,-0.269048394
1779236345,2026/05/20-08:19:05.260,0.024110243
1779236345,2026/05/20-08:19:05.460,0.014794922
1779236346,2026/05/20-08:19:05.660,0.149593099
1779236346,2026/05/20-08:19:05.860,0.39179145
1779236346,2026/05/20-08:19:06.150,0.059727648
1779236346,2026/05/20-08:19:06.340,0.136990017
1779236347,2026/05/20-08:19:06.540,-0.044932726
1779236347,2026/05/20-08:19:06.740,0.39507921
1779236347,2026/05/20-08:19:06.940,-0.040549045
1779236347,2026/05/20-08:19:07.140,0.355078125
1779236347,2026/05/20-08:19:07.400,0.00219184
1779236348,2026/05/20-08:19:07.580,0.463574219
1779236348,2026/05/20-08:19:07.780,0.169319661
1779236348,2026/05/20-08:19:07.980,0.31452908
1779236348,2026/05/20-08:19:08.180,-0.342475043
1779236348,2026/05/20-08:19:08.380,-0.296994358
1779236349,2026/05/20-08:19:08.640,-0.349050564
1779236349,2026/05/20-08:19:08.820,-0.087125651
1779236349,2026/05/20-08:19:09.020,-0.094797092
1779236349,2026/05/20-08:19:09.220,-0.332063802
1779236349,2026/05/20-08:19:09.420,-0.100824653
1779236350,2026/05/20-08:19:09.620,-0.425217014
1779236350,2026/05/20-08:19:09.880,0.00054796
1779236350,2026/05/20-08:19:10.100,0.088221571
1779236350,2026/05/20-08:19:10.300,0.086029731
1779236351,2026/05/20-08:19:10.500,0.084933811
1779236351,2026/05/20-08:19:10.700,0.111783854
1779236351,2026/05/20-08:19:10.900,0.23836263
1779236351,2026/05/20-08:19:11.160,-0.050960286
1779236351,2026/05/20-08:19:11.380,-0.266856554
1779236352,2026/05/20-08:19:11.580,0.381928168
1779236352,2026/05/20-08:19:11.780,-0.060823568
1779236352,2026/05/20-08:19:11.980,0.4734375
1779236352,2026/05/20-08:19:12.180,-0.014794922
1779236352,2026/05/20-08:19:12.460,-0.383572049
1779236353,2026/05/20-08:19:12.660,0.231239149
1779236353,2026/05/20-08:19:12.860,0.038905165
1779236353,2026/05/20-08:19:13.060,-0.032877604
1779236353,2026/05/20-08:19:13.260,0.105208333
1779236353,2026/05/20-08:19:13.470,-0.162196181
1779236354,2026/05/20-08:19:13.740,-0.275075955
1779236354,2026/05/20-08:19:13.940,-0.116167535
1779236354,2026/05/20-08:19:14.140,0.094797092
1779236354,2026/05/20-08:19:14.340,0.037809245
1779236355,2026/05/20-08:19:14.540,-0.180826823
1779236355,2026/05/20-08:19:14.750,0.095893012
1779236355,2026/05/20-08:19:15.020,-0.009315321
1779236355,2026/05/20-08:19:15.220,-0.150689019
1779236355,2026/05/20-08:19:15.420,-0.252061632
1779236356,2026/05/20-08:19:15.620,0.049316406
1779236356,2026/05/20-08:19:15.820,-0.181922743
1779236356,2026/05/20-08:19:16.040,0.202197266
1779236356,2026/05/20-08:19:16.260,-0.095345052
1779236356,2026/05/20-08:19:16.460,0.138085938
1779236357,2026/05/20-08:19:16.660,-0.172059462
1779236357,2026/05/20-08:19:16.860,-0.047124566
1779236357,2026/05/20-08:19:17.060,-0.119455295
1779236357,2026/05/20-08:19:17.330,-0.187950304
1779236358,2026/05/20-08:19:17.540,-0.496451823
1779236358,2026/05/20-08:19:17.740,-0.23343099
1779236358,2026/05/20-08:19:17.940,0.092605252
1779236358,2026/05/20-08:19:18.140,-0.15836046
1779236358,2026/05/20-08:19:18.340,0.201649306
1779236359,2026/05/20-08:19:18.620,-0.006575521
1779236359,2026/05/20-08:19:18.820,-0.017534722
1779236359,2026/05/20-08:19:19.020,-0.176991102
1779236359,2026/05/20-08:19:19.220,0.098084852
1779236359,2026/05/20-08:19:19.420,-0.197265625
1779236360,2026/05/20-08:19:19.620,0.131510417
1779236360,2026/05/20-08:19:19.880,0.173703342
1779236360,2026/05/20-08:19:20.100,0.013699002
1779236360,2026/05/20-08:19:20.300,0.092605252
1779236361,2026/05/20-08:19:20.500,-0.128770616
1779236361,2026/05/20-08:19:20.700,0.053700087
1779236361,2026/05/20-08:19:20.900,-0.353982205
1779236361,2026/05/20-08:19:21.160,-0.012055122
1779236361,2026/05/20-08:19:21.340,0.296446398
1779236362,2026/05/20-08:19:21.540,0.480560981
1779236362,2026/05/20-08:19:21.740,-0.033973524
1779236362,2026/05/20-08:19:21.940,0.222471788
1779236362,2026/05/20-08:19:22.140,0.181374783
1779236362,2026/05/20-08:19:22.400,-0.169867622
1779236363,2026/05/20-08:19:22.580,0.23781467
1779236363,2026/05/20-08:19:22.780,-0.184662543
1779236363,2026/05/20-08:19:22.980,0.221375868
1779236363,2026/05/20-08:19:23.180,0.177539063
1779236363,2026/05/20-08:19:23.380,0.308501519
1779236364,2026/05/20-08:19:23.650,0.028493924
1779236364,2026/05/20-08:19:23.860,-0.170415582
1779236364,2026/05/20-08:19:24.060,-0.123838976
1779236364,2026/05/20-08:19:24.260,-0.027398003
1779236364,2026/05/20-08:19:24.460,-0.324392361
1779236365,2026/05/20-08:19:24.660,0.111235894
1779236365,2026/05/20-08:19:24.930,-0.089865451
1779236365,2026/05/20-08:19:25.140,-0.172607422
1779236365,2026/05/20-08:19:25.340,0.148497179
1779236366,2026/05/20-08:19:25.540,-0.060823568
1779236366,2026/05/20-08:19:25.740,-0.052056207
1779236366,2026/05/20-08:19:25.940,0.024110243
1779236366,2026/05/20-08:19:26.190,-0.15671658
1779236366,2026/05/20-08:19:26.380,-0.170415582
1779236367,2026/05/20-08:19:26.580,0.066303168
1779236367,2026/05/20-08:19:26.780,0.241102431
1779236367,2026/05/20-08:19:26.980,0.097536892
1779236367,2026/05/20-08:19:27.180,0.011507161
1779236367,2026/05/20-08:19:27.440,-0.088221571
1779236368,2026/05/20-08:19:27.620,0.363845486
1779236368,2026/05/20-08:19:27.820,0.15562066
1779236368,2026/05/20-08:19:28.020,-0.063563368
1779236368,2026/05/20-08:19:28.220,0.096988932
1779236368,2026/05/20-08:19:28.420,0.379736328
1779236369,2026/05/20-08:19:28.690,0.264116753
1779236369,2026/05/20-08:19:28.900,-0.291514757
1779236369,2026/05/20-08:19:29.100,0.15836046
1779236369,2026/05/20-08:19:29.300,-0.035617405
1779236370,2026/05/20-08:19:29.500,-0.109592014
1779236370,2026/05/20-08:19:29.700,0.195621745
1779236370,2026/05/20-08:19:29.950,-0.005479601
1779236370,2026/05/20-08:19:30.140,0.336447483
1779236370,2026/05/20-08:19:30.340,-0.152880859
1779236371,2026/05/20-08:19:30.540,0.144113498
1779236371,2026/05/20-08:19:30.740,0.111235894
1779236371,2026/05/20-08:19:30.940,0.343570964
1779236371,2026/05/20-08:19:31.200,-0.269048394
1779236371,2026/05/20-08:19:31.380,-0.055891927
1779236372,2026/05/20-08:19:31.580,-0.030685764
1779236372,2026/05/20-08:19:31.780,-0.027398003
1779236372,2026/05/20-08:19:31.980,-0.066303168
1779236372,2026/05/20-08:19:32.180,-0.009315321
1779236372,2026/05/20-08:19:32.440,-0.205485026
1779236373,2026/05/20-08:19:32.620,-0.058631727
1779236373,2026/05/20-08:19:32.820,0.195621745
1779236373,2026/05/20-08:19:33.020,0.31946072
1779236373,2026/05/20-08:19:33.220,-0.212608507
1779236373,2026/05/20-08:19:33.420,0.118907335
1779236374,2026/05/20-08:19:33.650,-0.089317491
1779236374,2026/05/20-08:19:33.900,-0.006575521
1779236374,2026/05/20-08:19:34.100,0.357817925
1779236374,2026/05/20-08:19:34.300,0.024110243
1779236375,2026/05/20-08:19:34.500,0.100824653
1779236375,2026/05/20-08:19:34.700,-0.321652561
1779236375,2026/05/20-08:19:34.990,-0.099180773
1779236375,2026/05/20-08:19:35.180,-0.057535807
1779236375,2026/05/20-08:19:35.380,-0.07781033
1779236376,2026/05/20-08:19:35.580,0.050960286
1779236376,2026/05/20-08:19:35.780,-0.232335069
1779236376,2026/05/20-08:19:35.980,-0.027945964
1779236376,2026/05/20-08:19:36.240,0.006575521
1779236376,2026/05/20-08:19:36.460,0.117263455
1779236377,2026/05/20-08:19:36.660,0.138085938
1779236377,2026/05/20-08:19:36.860,0.004383681
1779236377,2026/05/20-08:19:37.060,0.014246962
1779236377,2026/05/20-08:19:37.260,-0.094249132
1779236378,2026/05/20-08:19:37.540,-0.294254557
1779236378,2026/05/20-08:19:37.740,-0.212608507
1779236378,2026/05/20-08:19:37.940,-0.054796007
1779236378,2026/05/20-08:19:38.140,-0.207128906
1779236378,2026/05/20-08:19:38.340,-0.140825738
1779236379,2026/05/20-08:19:38.550,0.565494792
1779236379,2026/05/20-08:19:38.820,0.272884115
1779236379,2026/05/20-08:19:39.020,0.290966797
1779236379,2026/05/20-08:19:39.220,-0.340831163
1779236379,2026/05/20-08:19:39.420,-0.289870877
1779236380,2026/05/20-08:19:39.620,0.058631727
1779236380,2026/05/20-08:19:39.830,0.00328776
1779236380,2026/05/20-08:19:40.140,-0.272336155
1779236380,2026/05/20-08:19:40.340,0.087673611
1779236381,2026/05/20-08:19:40.540,0.151784939
1779236381,2026/05/20-08:19:40.740,0.027398003
1779236381,2026/05/20-08:19:40.940,-0.100276693
1779236381,2026/05/20-08:19:41.220,-0.123838976
1779236381,2026/05/20-08:19:41.420,0.273432075
1779236382,2026/05/20-08:19:41.620,0.015342882
1779236382,2026/05/20-08:19:41.820,0.181374783
1779236382,2026/05/20-08:19:42.020,-0.062467448
1779236382,2026/05/20-08:19:42.220,0.184114583
1779236382,2026/05/20-08:19:42.480,0.107948134
1779236383,2026/05/20-08:19:42.660,0.07561849
1779236383,2026/05/20-08:19:42.860,-0.224115668
1779236383,2026/05/20-08:19:43.060,0.038357205
1779236383,2026/05/20-08:19:43.260,-0.201101345
1779236383,2026/05/20-08:19:43.460,0.107948134
1779236384,2026/05/20-08:19:43.740,0.339735243
1779236384,2026/05/20-08:19:43.940,-0.275075955
1779236384,2026/05/20-08:19:44.140,-0.254801432
1779236384,2026/05/20-08:19:44.340,0.252061632
1779236385,2026/05/20-08:19:44.540,0.172607422
1779236385,2026/05/20-08:19:44.740,-0.135346137
1779236385,2026/05/20-08:19:45.020,-0.023014323
1779236385,2026/05/20-08:19:45.220,0.063015408
1779236385,2026/05/20-08:19:45.420,0.15671658
1779236386,2026/05/20-08:19:45.620,0.119455295
1779236386,2026/05/20-08:19:45.820,0.019726563
1779236386,2026/05/20-08:19:46.020,-0.052056207
1779236386,2026/05/20-08:19:46.290,0.029589844
1779236387,2026/05/20-08:19:46.500,-0.126578776
1779236387,2026/05/20-08:19:46.700,0.110687934
1779236387,2026/05/20-08:19:46.900,0.133154297
1779236387,2026/05/20-08:19:47.100,-0.279459635
1779236387,2026/05/20-08:19:47.300,0.029041884
1779236388,2026/05/20-08:19:47.580,-0.327132161
1779236388,2026/05/20-08:19:47.780,-0.146853299
1779236388,2026/05/20-08:19:47.980,-0.099180773
1779236388,2026/05/20-08:19:48.180,-0.256993273
1779236388,2026/05/20-08:19:48.380,-0.333707682
1779236389,2026/05/20-08:19:48.590,-0.15616862
1779236389,2026/05/20-08:19:48.860,0.015342882
1779236389,2026/05/20-08:19:49.060,-0.127126736
1779236389,2026/05/20-08:19:49.260,-0.070686849
1779236389,2026/05/20-08:19:49.460,0.244390191
1779236390,2026/05/20-08:19:49.660,0.123838976
1779236390,2026/05/20-08:19:49.890,0.327680122
1779236390,2026/05/20-08:19:50.140,-0.072878689
1779236390,2026/05/20-08:19:50.340,0.098632813
1779236391,2026/05/20-08:19:50.540,-0.287679036
1779236391,2026/05/20-08:19:50.740,-0.098632813
1779236391,2026/05/20-08:19:50.940,0.256445313
1779236391,2026/05/20-08:19:51.200,-0.021918403
1779236391,2026/05/20-08:19:51.420,-0.088221571
1779236392,2026/05/20-08:19:51.620,0.044932726
1779236392,2026/05/20-08:19:51.820,0.008219401
1779236392,2026/05/20-08:19:52.020,-0.149045139
1779236392,2026/05/20-08:19:52.220,-0.041097005
1779236392,2026/05/20-08:19:52.480,-0.141373698
1779236393,2026/05/20-08:19:52.660,-0.225211589
1779236393,2026/05/20-08:19:52.860,-0.172607422
1779236393,2026/05/20-08:19:53.060,0.071234809
1779236393,2026/05/20-08:19:53.260,-0.300282118
1779236393,2026/05/20-08:19:53.460,-0.00164388
1779236394,2026/05/20-08:19:53.720,-0.23343099
1779236394,2026/05/20-08:19:53.940,-0.47508138
1779236394,2026/05/20-08:19:54.140,-0.010411241
1779236394,2026/05/20-08:19:54.340,0.15671658
1779236395,2026/05/20-08:19:54.540,0.133154297
1779236395,2026/05/20-08:19:54.740,-0.226307509
1779236395,2026/05/20-08:19:54.990,0.336447483
1779236395,2026/05/20-08:19:55.180,-0.046028646
1779236395,2026/05/20-08:19:55.380,0.321104601
1779236396,2026/05/20-08:19:55.580,-0.070138889
1779236396,2026/05/20-08:19:55.780,-0.027945964
1779236396,2026/05/20-08:19:55.980,-0.147949219
1779236396,2026/05/20-08:19:56.240,-0.067399089
1779236396,2026/05/20-08:19:56.420,0.179730903
1779236397,2026/05/20-08:19:56.620,0.036165365
1779236397,2026/05/20-08:19:56.820,-0.183018663
1779236397,2026/05/20-08:19:57.020,-0.149045139
1779236397,2026/05/20-08:19:57.220,-0.037261285
1779236398,2026/05/20-08:19:57.500,0.110139974
1779236398,2026/05/20-08:19:57.700,0.056987847
1779236398,2026/05/20-08:19:57.900,0.178634983
1779236398,2026/05/20-08:19:58.100,0.139729818
1779236398,2026/05/20-08:19:58.300,0.249869792
1779236399,2026/05/20-08:19:58.510,-0.102468533
1779236399,2026/05/20-08:19:58.780,-0.185210503
1779236399,2026/05/20-08:19:58.980,-0.139729818
1779236399,2026/05/20-08:19:59.180,0.220827908
1779236399,2026/05/20-08:19:59.380,-0.215348307
1779236400,2026/05/20-08:19:59.580,0.31398112
1779236400,2026/05/20-08:19:59.790,-0.280555556
1779236400,2026/05/20-08:20:00.020,-0.400010851
1779236400,2026/05/20-08:20:00.220,-0.020822483
1779236400,2026/05/20-08:20:00.420,0.389599609
1779236401,2026/05/20-08:20:00.620,-0.055891927
1779236401,2026/05/20-08:20:00.820,-0.262472873
1779236401,2026/05/20-08:20:01.060,0.183566623
1779236401,2026/05/20-08:20:01.300,-0.255349392
1779236402,2026/05/20-08:20:01.500,0.263568793
1779236402,2026/05/20-08:20:01.700,0.136990017
1779236402,2026/05/20-08:20:01.900,-0.051508247
1779236402,2026/05/20-08:20:02.100,-0.048220486
1779236402,2026/05/20-08:20:02.370,-0.209320747
1779236403,2026/05/20-08:20:02.580,-0.048768446
1779236403,2026/05/20-08:20:02.780,0.101372613
1779236403,2026/05/20-08:20:02.980,0.169867622
1779236403,2026/05/20-08:20:03.180,0.212060547
1779236403,2026/05/20-08:20:03.380,-0.007123481
1779236404,2026/05/20-08:20:03.650,0.093153212
1779236404,2026/05/20-08:20:03.860,0.284391276
1779236404,2026/05/20-08:20:04.060,0.226855469
1779236404,2026/05/20-08:20:04.260,0.211512587
1779236404,2026/05/20-08:20:04.460,0.098632813
1779236405,2026/05/20-08:20:04.660,-0.254801432
1779236405,2026/05/20-08:20:04.920,0.095345052
1779236405,2026/05/20-08:20:05.100,0.07507053
1779236405,2026/05/20-08:20:05.300,-0.089865451
1779236406,2026/05/20-08:20:05.500,-0.300830078
1779236406,2026/05/20-08:20:05.700,-0.110139974
1779236406,2026/05/20-08:20:05.900,-0.166031901
1779236406,2026/05/20-08:20:06.180,-0.030137804
1779236406,2026/05/20-08:20:06.380,0.311241319
1779236407,2026/05/20-08:20:06.580,-0.298090278
1779236407,2026/05/20-08:20:06.780,-0.1605523
1779236407,2026/05/20-08:20:06.980,-0.07945421
1779236407,2026/05/20-08:20:07.190,-0.019178602
1779236407,2026/05/20-08:20:07.460,-0.123291016
1779236408,2026/05/20-08:20:07.660,-0.036713325
1779236408,2026/05/20-08:20:07.860,0.263020833
1779236408,2026/05/20-08:20:08.060,0.289870877
1779236408,2026/05/20-08:20:08.260,0.020822483
1779236408,2026/05/20-08:20:08.480,0.452615017
1779236409,2026/05/20-08:20:08.700,-0.215348307
1779236409,2026/05/20-08:20:08.900,0.127126736
1779236409,2026/05/20-08:20:09.100,-0.07945421
1779236409,2026/05/20-08:20:09.300,0.150141059
1779236410,2026/05/20-08:20:09.500,0.636729601
1779236410,2026/05/20-08:20:09.780,0.031781684
1779236410,2026/05/20-08:20:09.980,0.061371528
1779236410,2026/05/20-08:20:10.180,-0.135894097
1779236410,2026/05/20-08:20:10.380,0.181922743
1779236411,2026/05/20-08:20:10.580,0.070686849
1779236411,2026/05/20-08:20:10.780,0.110687934
1779236411,2026/05/20-08:20:11.050,-0.23397895
1779236411,2026/05/20-08:20:11.260,-0.072878689
1779236411,2026/05/20-08:20:11.460,0.056987847
1779236412,2026/05/20-08:20:11.660,0.108496094
1779236412,2026/05/20-08:20:11.860,0.31672092
1779236412,2026/05/20-08:20:12.060,-0.23891059
1779236412,2026/05/20-08:20:12.310,-0.00328776
1779236413,2026/05/20-08:20:12.500,-0.048220486
1779236413,2026/05/20-08:20:12.700,0.013699002
1779236413,2026/05/20-08:20:12.900,0.175347222
1779236413,2026/05/20-08:20:13.100,-0.169867622
1779236413,2026/05/20-08:20:13.300,-0.111235894
1779236414,2026/05/20-08:20:13.550,0.272336155
1779236414,2026/05/20-08:20:13.740,0.566042752
1779236414,2026/05/20-08:20:13.940,-0.058083767
1779236414,2026/05/20-08:20:14.140,-0.047672526
1779236414,2026/05/20-08:20:14.340,-0.036165365
1779236415,2026/05/20-08:20:14.540,-0.00328776
1779236415,2026/05/20-08:20:14.820,-0.116715495
1779236415,2026/05/20-08:20:15.020,0.088221571
1779236415,2026/05/20-08:20:15.220,-0.042740885
1779236415,2026/05/20-08:20:15.420,-0.172607422
1779236416,2026/05/20-08:20:15.620,-0.009315321
1779236416,2026/05/20-08:20:15.820,-0.287679036
1779236416,2026/05/20-08:20:16.080,-0.168771701
1779236416,2026/05/20-08:20:16.260,-0.299186198
1779236416,2026/05/20-08:20:16.460,-0.038905165
1779236417,2026/05/20-08:20:16.660,-0.035617405
1779236417,2026/05/20-08:20:16.860,0.23562283
1779236417,2026/05/20-08:20:17.060,0.278911675
1779236417,2026/05/20-08:20:17.330,-0.138633898
1779236418,2026/05/20-08:20:17.540,0.073426649
1779236418,2026/05/20-08:20:17.740,-0.228499349
1779236418,2026/05/20-08:20:17.940,0.172607422
1779236418,2026/05/20-08:20:18.140,0.006027561
1779236418,2026/05/20-08:20:18.340,-0.013699002
1779236419,2026/05/20-08:20:18.620,0.202197266
1779236419,2026/05/20-08:20:18.820,0.252609592
1779236419,2026/05/20-08:20:19.020,-0.055891927
1779236419,2026/05/20-08:20:19.220,0.168223741
1779236419,2026/05/20-08:20:19.420,-0.096440972
1779236420,2026/05/20-08:20:19.630,-0.133702257
1779236420,2026/05/20-08:20:19.900,0.616455078
1779236420,2026/05/20-08:20:20.100,0.296446398
1779236420,2026/05/20-08:20:20.300,-0.034521484
1779236421,2026/05/20-08:20:20.500,0.288774957
1779236421,2026/05/20-08:20:20.700,0.15562066
1779236421,2026/05/20-08:20:20.950,-0.090413411
1779236421,2026/05/20-08:20:21.180,0.107948134
1779236421,2026/05/20-08:20:21.380,-0.145757378
1779236422,2026/05/20-08:20:21.580,-0.174799262
1779236422,2026/05/20-08:20:21.780,0.065207248
1779236422,2026/05/20-08:20:21.980,-0.271240234
1779236422,2026/05/20-08:20:22.240,-0.183566623
1779236422,2026/05/20-08:20:22.460,-0.265212674
1779236423,2026/05/20-08:20:22.660,-0.049316406
1779236423,2026/05/20-08:20:22.860,0.073426649
1779236423,2026/05/20-08:20:23.060,-0.167127821
1779236423,2026/05/20-08:20:23.260,0.100276693
1779236424,2026/05/20-08:20:23.510,-0.087125651
1779236424,2026/05/20-08:20:23.700,-0.196717665
1779236424,2026/05/20-08:20:23.900,0.029589844
1779236424,2026/05/20-08:20:24.100,-0.106304253
1779236424,2026/05/20-08:20:24.300,-0.210964627
1779236425,2026/05/20-08:20:24.500,0.07945421
1779236425,2026/05/20-08:20:24.760,0.385763889
1779236425,2026/05/20-08:20:24.940,0.044384766
1779236425,2026/05/20-08:20:25.140,0.264116753
1779236425,2026/05/20-08:20:25.340,0.169867622
1779236426,2026/05/20-08:20:25.540,0.145209418
1779236426,2026/05/20-08:20:25.740,0.033425564
1779236426,2026/05/20-08:20:26.000,0.250417752
1779236426,2026/05/20-08:20:26.180,0.140825738
1779236426,2026/05/20-08:20:26.380,0.07726237
1779236427,2026/05/20-08:20:26.580,0.457546658
1779236427,2026/05/20-08:20:26.780,-0.052056207
1779236427,2026/05/20-08:20:26.980,-0.147401259
1779236427,2026/05/20-08:20:27.240,-0.032329644
1779236427,2026/05/20-08:20:27.420,0.089317491
1779236428,2026/05/20-08:20:27.620,-0.204937066
1779236428,2026/05/20-08:20:27.820,-0.129866536
1779236428,2026/05/20-08:20:28.020,-0.201649306
1779236428,2026/05/20-08:20:28.220,-0.099180773
1779236428,2026/05/20-08:20:28.480,-0.467957899
1779236429,2026/05/20-08:20:28.660,-0.187950304
1779236429,2026/05/20-08:20:28.860,-0.068495009
1779236429,2026/05/20-08:20:29.060,-0.1605523
1779236429,2026/05/20-08:20:29.260,0.149045139
1779236429,2026/05/20-08:20:29.460,-0.109592014
1779236430,2026/05/20-08:20:29.710,0.113427734
1779236430,2026/05/20-08:20:29.940,-0.218636068
1779236430,2026/05/20-08:20:30.140,-0.026302083
1779236430,2026/05/20-08:20:30.340,-0.498643663
1779236431,2026/05/20-08:20:30.540,-0.145209418
1779236431,2026/05/20-08:20:30.740,-0.212060547
1779236431,2026/05/20-08:20:31.000,0.182470703
1779236431,2026/05/20-08:20:31.220,0.189594184
1779236431,2026/05/20-08:20:31.420,0.294802517
1779236432,2026/05/20-08:20:31.620,0.151236979
1779236432,2026/05/20-08:20:31.820,-0.244390191
1779236432,2026/05/20-08:20:32.020,-0.31946072
1779236432,2026/05/20-08:20:32.300,-0.032877604
1779236433,2026/05/20-08:20:32.500,-0.444943576
1779236433,2026/05/20-08:20:32.700,-0.23891059
1779236433,2026/05/20-08:20:32.900,-0.452615017
1779236433,2026/05/20-08:20:33.100,-0.018082682
1779236433,2026/05/20-08:20:33.310,0.087125651
1779236434,2026/05/20-08:20:33.620,-0.373708767
1779236434,2026/05/20-08:20:33.820,0.018630642
1779236434,2026/05/20-08:20:34.020,-0.123838976
1779236434,2026/05/20-08:20:34.220,-0.170963542
1779236434,2026/05/20-08:20:34.420,0.08000217
1779236435,2026/05/20-08:20:34.650,0.007671441
1779236435,2026/05/20-08:20:34.900,-0.08000217
1779236435,2026/05/20-08:20:35.100,-0.095893012
1779236435,2026/05/20-08:20:35.300,-0.39179145
1779236436,2026/05/20-08:20:35.500,0.07507053
1779236436,2026/05/20-08:20:35.700,-0.330967882
1779236436,2026/05/20-08:20:35.920,-0.120551215
1779236436,2026/05/20-08:20:36.140,-0.07781033
1779236436,2026/05/20-08:20:36.340,-0.118907335
1779236437,2026/05/20-08:20:36.540,0.108496094
1779236437,2026/05/20-08:20:36.740,-0.231787109
1779236437,2026/05/20-08:20:36.940,0.087673611
1779236437,2026/05/20-08:20:37.180,-0.140277778
1779236437,2026/05/20-08:20:37.380,-0.260281033
1779236438,2026/05/20-08:20:37.580,-0.381380208
1779236438,2026/05/20-08:20:37.780,-0.254801432
1779236438,2026/05/20-08:20:37.980,0.041644965
1779236438,2026/05/20-08:20:38.180,-0.284391276
1779236438,2026/05/20-08:20:38.450,-0.193429905
1779236439,2026/05/20-08:20:38.660,-0.229047309
1779236439,2026/05/20-08:20:38.860,-0.335899523
1779236439,2026/05/20-08:20:39.060,-0.048220486
1779236439,2026/05/20-08:20:39.260,-0.073426649
1779236439,2026/05/20-08:20:39.460,-0.051508247
1779236440,2026/05/20-08:20:39.720,0.129318576
1779236440,2026/05/20-08:20:39.900,0.004383681
1779236440,2026/05/20-08:20:40.100,-0.271240234
1779236440,2026/05/20-08:20:40.300,0.011507161
1779236441,2026/05/20-08:20:40.500,0.105208333
1779236441,2026/05/20-08:20:40.700,0.169319661
1779236441,2026/05/20-08:20:40.970,-0.347954644
1779236441,2026/05/20-08:20:41.180,-0.181374783
1779236441,2026/05/20-08:20:41.380,-0.127126736
1779236442,2026/05/20-08:20:41.580,0.24000651
1779236442,2026/05/20-08:20:41.780,0.010411241
1779236442,2026/05/20-08:20:41.980,0.099180773
1779236442,2026/05/20-08:20:42.240,-0.282199436
1779236442,2026/05/20-08:20:42.420,0.197813585
1779236443,2026/05/20-08:20:42.620,-0.004931641
1779236443,2026/05/20-08:20:42.820,0.040001085
1779236443,2026/05/20-08:20:43.020,-0.39453125
1779236443,2026/05/20-08:20:43.220,0.016986762
1779236443,2026/05/20-08:20:43.480,-0.365489366
1779236444,2026/05/20-08:20:43.700,-0.287131076
1779236444,2026/05/20-08:20:43.900,-0.133154297
1779236444,2026/05/20-08:20:44.100,-0.416449653
1779236444,2026/05/20-08:20:44.300,-0.217540148
1779236445,2026/05/20-08:20:44.500,-0.166579861
1779236445,2026/05/20-08:20:44.760,-0.301378038
1779236445,2026/05/20-08:20:44.980,-0.08274197
1779236445,2026/05/20-08:20:45.180,-0.135894097
1779236445,2026/05/20-08:20:45.380,0.005479601
1779236446,2026/05/20-08:20:45.580,-0.008219401
1779236446,2026/05/20-08:20:45.780,-0.260281033
1779236446,2026/05/20-08:20:46.060,0.31617296
1779236446,2026/05/20-08:20:46.260,0.421929253
1779236446,2026/05/20-08:20:46.460,-0.112879774
1779236447,2026/05/20-08:20:46.660,0.117263455
1779236447,2026/05/20-08:20:46.860,-0.266308594
1779236447,2026/05/20-08:20:47.070,-0.090413411
1779236447,2026/05/20-08:20:47.340,-0.175347222
1779236448,2026/05/20-08:20:47.540,-0.257541233
1779236448,2026/05/20-08:20:47.740,-0.447683377
1779236448,2026/05/20-08:20:47.940,0.200005425
1779236448,2026/05/20-08:20:48.140,0.294802517
1779236448,2026/05/20-08:20:48.370,0.197813585
1779236449,2026/05/20-08:20:48.620,-0.015890842
1779236449,2026/05/20-08:20:48.820,-0.105208333
1779236449,2026/05/20-08:20:49.020,-0.024110243
1779236449,2026/05/20-08:20:49.220,0.190690104
1779236449,2026/05/20-08:20:49.420,0.3128852
1779236450,2026/05/20-08:20:49.640,0.089317491
1779236450,2026/05/20-08:20:49.900,0.290418837
1779236450,2026/05/20-08:20:50.100,0.140277778
1779236450,2026/05/20-08:20:50.300,-0.196717665
1779236451,2026/05/20-08:20:50.500,0.187402344
1779236451,2026/05/20-08:20:50.700,0.433436415
1779236451,2026/05/20-08:20:50.930,-0.08274197
1779236451,2026/05/20-08:20:51.180,0.276171875
1779236451,2026/05/20-08:20:51.380,0.39124349
1779236452,2026/05/20-08:20:51.580,0.099180773
1779236452,2026/05/20-08:20:51.780,-0.034521484
1779236452,2026/05/20-08:20:51.980,-0.035069444
1779236452,2026/05/20-08:20:52.230,0.162744141
1779236452,2026/05/20-08:20:52.460,0.196717665
1779236453,2026/05/20-08:20:52.660,-0.217540148
1779236453,2026/05/20-08:20:52.860,0.140277778
1779236453,2026/05/20-08:20:53.060,0.327132161
1779236453,2026/05/20-08:20:53.260,0.294254557
1779236453,2026/05/20-08:20:53.480,0.23891059
1779236454,2026/05/20-08:20:53.700,-0.192333984
1779236454,2026/05/20-08:20:53.900,0.098632813
1779236454,2026/05/20-08:20:54.100,0.014794922
1779236454,2026/05/20-08:20:54.300,-0.096440972
1779236455,2026/05/20-08:20:54.500,-0.15671658
1779236455,2026/05/20-08:20:54.740,-0.069590929
1779236455,2026/05/20-08:20:54.980,-0.066303168
1779236455,2026/05/20-08:20:55.180,-0.122195095
1779236455,2026/05/20-08:20:55.380,0.037809245
1779236456,2026/05/20-08:20:55.580,0.248225911
1779236456,2026/05/20-08:20:55.780,-0.07507053
1779236456,2026/05/20-08:20:56.040,0.07561849
1779236456,2026/05/20-08:20:56.220,-0.407134332
1779236456,2026/05/20-08:20:56.420,-0.121647135
1779236457,2026/05/20-08:20:56.620,-0.187402344
1779236457,2026/05/20-08:20:56.820,-0.209868707
1779236457,2026/05/20-08:20:57.020,0.162744141
1779236457,2026/05/20-08:20:57.280,0.027945964
1779236458,2026/05/20-08:20:57.500,-0.027398003
1779236458,2026/05/20-08:20:57.700,-0.012055122
1779236458,2026/05/20-08:20:57.900,-0.226855469
1779236458,2026/05/20-08:20:58.100,0.166031901
1779236458,2026/05/20-08:20:58.300,-0.047672526
1779236459,2026/05/20-08:20:58.580,-0.068495009
1779236459,2026/05/20-08:20:58.780,-0.218088108
1779236459,2026/05/20-08:20:58.980,-0.07945421
1779236459,2026/05/20-08:20:59.180,-0.024110243
1779236459,2026/05/20-08:20:59.380,-0.043836806
1779236460,2026/05/20-08:20:59.590,-0.063563368
1779236460,2026/05/20-08:20:59.860,-0.089865451
1779236460,2026/05/20-08:21:00.060,0.215348307
1779236460,2026/05/20-08:21:00.260,-0.090961372
1779236460,2026/05/20-08:21:00.460,-0.033973524
1779236461,2026/05/20-08:21:00.660,-0.054796007
1779236461,2026/05/20-08:21:00.910,-0.038357205
1779236461,2026/05/20-08:21:01.140,-0.164388021
1779236461,2026/05/20-08:21:01.340,-0.036713325
1779236462,2026/05/20-08:21:01.540,-0.452067057
1779236462,2026/05/20-08:21:01.740,-0.054796007
1779236462,2026/05/20-08:21:01.940,0.064111328
1779236462,2026/05/20-08:21:02.210,-0.180826823
1779236462,2026/05/20-08:21:02.420,0.281651476
1779236463,2026/05/20-08:21:02.620,0.08274197
1779236463,2026/05/20-08:21:02.820,0.067399089
1779236463,2026/05/20-08:21:03.020,-0.216444227
1779236463,2026/05/20-08:21:03.220,0.022466363
1779236463,2026/05/20-08:21:03.440,0.071782769
1779236464,2026/05/20-08:21:03.670,-0.1578125
1779236464,2026/05/20-08:21:03.860,0.254253472
1779236464,2026/05/20-08:21:04.060,-0.260281033
1779236464,2026/05/20-08:21:04.260,0.050960286
1779236464,2026/05/20-08:21:04.460,0.178634983
1779236465,2026/05/20-08:21:04.730,-0.220827908
1779236465,2026/05/20-08:21:04.940,0.190142144
1779236465,2026/05/20-08:21:05.140,-0.004383681
1779236465,2026/05/20-08:21:05.340,-0.08055013
1779236466,2026/05/20-08:21:05.540,0.171511502
1779236466,2026/05/20-08:21:05.740,0.115619575
1779236466,2026/05/20-08:21:05.970,-0.0027398
1779236466,2026/05/20-08:21:06.220,0.00383572
1779236466,2026/05/20-08:21:06.420,0.068495009
1779236467,2026/05/20-08:21:06.620,-0.244938151
1779236467,2026/05/20-08:21:06.820,0.106852214
1779236467,2026/05/20-08:21:07.020,-0.281651476
1779236467,2026/05/20-08:21:07.280,0.243294271
1779236468,2026/05/20-08:21:07.500,-0.110139974
1779236468,2026/05/20-08:21:07.700,-0.178634983
1779236468,2026/05/20-08:21:07.900,-0.070138889
1779236468,2026/05/20-08:21:08.100,0.038905165
1779236468,2026/05/20-08:21:08.300,-0.267404514
1779236469,2026/05/20-08:21:08.560,-0.192333984
1779236469,2026/05/20-08:21:08.740,-0.047672526
1779236469,2026/05/20-08:21:08.940,-0.256445313
1779236469,2026/05/20-08:21:09.140,0.23452691
1779236469,2026/05/20-08:21:09.340,-0.100276693
1779236470,2026/05/20-08:21:09.540,0.526589627
1779236470,2026/05/20-08:21:09.810,0.098632813
1779236470,2026/05/20-08:21:10.020,0.150141059
1779236470,2026/05/20-08:21:10.220,0.208772786
1779236470,2026/05/20-08:21:10.420,0.190690104
1779236471,2026/05/20-08:21:10.620,0.101372613
1779236471,2026/05/20-08:21:10.820,-0.225759549
1779236471,2026/05/20-08:21:11.080,-0.149593099
1779236471,2026/05/20-08:21:11.260,0.384120009
1779236471,2026/05/20-08:21:11.460,0.241650391
1779236472,2026/05/20-08:21:11.660,0.035069444
1779236472,2026/05/20-08:21:11.860,0.256445313
1779236472,2026/05/20-08:21:12.060,0.174799262
1779236472,2026/05/20-08:21:12.310,0.496451823
1779236473,2026/05/20-08:21:12.500,0.138085938
1779236473,2026/05/20-08:21:12.700,0.060275608
1779236473,2026/05/20-08:21:12.900,0.166579861
1779236473,2026/05/20-08:21:13.100,-0.117263455
1779236473,2026/05/20-08:21:13.300,0.125482856
1779236474,2026/05/20-08:21:13.560,0.049316406
1779236474,2026/05/20-08:21:13.740,0.23891059
1779236474,2026/05/20-08:21:13.940,-0.188498264
1779236474,2026/05/20-08:21:14.140,0.270692274
1779236474,2026/05/20-08:21:14.340,0.073426649
1779236475,2026/05/20-08:21:14.540,0.00164388
1779236475,2026/05/20-08:21:14.810,-0.018082682
1779236475,2026/05/20-08:21:15.020,0.170963542
1779236475,2026/05/20-08:21:15.220,-0.23726671
1779236475,2026/05/20-08:21:15.420,-0.114523655
1779236476,2026/05/20-08:21:15.620,0.092605252
1779236476,2026/05/20-08:21:15.820,-0.23836263
1779236476,2026/05/20-08:21:16.090,-0.250965712
1779236476,2026/05/20-08:21:16.300,-0.257541233
1779236477,2026/05/20-08:21:16.500,-0.284939236
1779236477,2026/05/20-08:21:16.700,-0.532617188
1779236477,2026/05/20-08:21:16.900,-0.026302083
1779236477,2026/05/20-08:21:17.100,0.107948134
1779236477,2026/05/20-08:21:17.370,0.23397895
1779236478,2026/05/20-08:21:17.580,0.203841146
1779236478,2026/05/20-08:21:17.780,0.139181858
1779236478,2026/05/20-08:21:17.980,-0.096440972
1779236478,2026/05/20-08:21:18.180,-0.296446398
1779236478,2026/05/20-08:21:18.380,-0.538096788
1779236479,2026/05/20-08:21:18.640,-0.463026259
1779236479,2026/05/20-08:21:18.860,0.23671875
1779236479,2026/05/20-08:21:19.060,-0.054796007
1779236479,2026/05/20-08:21:19.260,0.072330729
1779236479,2026/05/20-08:21:19.460,-0.281103516
1779236480,2026/05/20-08:21:19.660,0.289322917
1779236480,2026/05/20-08:21:19.950,-0.115071615
1779236480,2026/05/20-08:21:20.140,0.020822483
1779236480,2026/05/20-08:21:20.340,-0.269596354
1779236481,2026/05/20-08:21:20.540,-0.109044054
1779236481,2026/05/20-08:21:20.740,-0.138085938
1779236481,2026/05/20-08:21:20.940,-0.110139974
1779236481,2026/05/20-08:21:21.200,-0.063563368
1779236481,2026/05/20-08:21:21.380,0.054248047
1779236482,2026/05/20-08:21:21.580,-0.227951389
1779236482,2026/05/20-08:21:21.780,0.010411241
1779236482,2026/05/20-08:21:21.980,-0.182470703
1779236482,2026/05/20-08:21:22.180,-0.268500434
1779236482,2026/05/20-08:21:22.430,-0.147401259
1779236483,2026/05/20-08:21:22.620,0.103564453
1779236483,2026/05/20-08:21:22.820,-0.094249132
1779236483,2026/05/20-08:21:23.020,-0.036713325
1779236483,2026/05/20-08:21:23.220,-0.341379123
1779236483,2026/05/20-08:21:23.420,-0.141373698
1779236484,2026/05/20-08:21:23.680,0.15945638
1779236484,2026/05/20-08:21:23.860,-0.148497179
1779236484,2026/05/20-08:21:24.060,0.016986762
1779236484,2026/05/20-08:21:24.260,-0.187402344
1779236484,2026/05/20-08:21:24.460,-0.083837891
1779236485,2026/05/20-08:21:24.660,0.228499349
1779236485,2026/05/20-08:21:24.900,-0.126030816
1779236485,2026/05/20-08:21:25.100,-0.1550727
1779236485,2026/05/20-08:21:25.300,-0.304117839
1779236486,2026/05/20-08:21:25.500,0.138633898
1779236486,2026/05/20-08:21:25.700,0.402750651
1779236486,2026/05/20-08:21:25.900,0.536452908
1779236486,2026/05/20-08:21:26.160,-0.006575521
1779236486,2026/05/20-08:21:26.380,0.084385851
1779236487,2026/05/20-08:21:26.580,0.379188368
1779236487,2026/05/20-08:21:26.780,-0.026302083
1779236487,2026/05/20-08:21:26.980,0.093701172
1779236487,2026/05/20-08:21:27.180,-0.098632813
1779236487,2026/05/20-08:21:27.440,0.120551215
1779236488,2026/05/20-08:21:27.620,0.220279948
1779236488,2026/05/20-08:21:27.820,0.041097005
1779236488,2026/05/20-08:21:28.020,0.202745226
1779236488,2026/05/20-08:21:28.220,0.363297526
1779236488,2026/05/20-08:21:28.420,-0.041644965
1779236489,2026/05/20-08:21:28.710,-0.092605252
1779236489,2026/05/20-08:21:28.900,0.027398003
1779236489,2026/05/20-08:21:29.100,0.048220486
1779236489,2026/05/20-08:21:29.300,-0.024658203
1779236490,2026/05/20-08:21:29.500,0.212608507
1779236490,2026/05/20-08:21:29.700,-0.223567708
1779236490,2026/05/20-08:21:29.970,-0.069042969
1779236490,2026/05/20-08:21:30.180,0.224115668
1779236490,2026/05/20-08:21:30.380,0.406038411
1779236491,2026/05/20-08:21:30.580,0.39507921
1779236491,2026/05/20-08:21:30.780,0.124386936
1779236491,2026/05/20-08:21:30.980,-0.139181858
1779236491,2026/05/20-08:21:31.240,-0.006575521
1779236491,2026/05/20-08:21:31.420,-0.118359375
1779236492,2026/05/20-08:21:31.620,-0.08055013
1779236492,2026/05/20-08:21:31.820,3.47E-15
1779236492,2026/05/20-08:21:32.020,-0.109592014
1779236492,2026/05/20-08:21:32.220,-0.303021918
1779236492,2026/05/20-08:21:32.480,0.207676866
1779236493,2026/05/20-08:21:32.700,-0.110687934
1779236493,2026/05/20-08:21:32.900,-0.004931641
1779236493,2026/05/20-08:21:33.100,-0.197265625
1779236493,2026/05/20-08:21:33.300,-0.133154297
1779236494,2026/05/20-08:21:33.500,-0.331515842
1779236494,2026/05/20-08:21:33.750,-0.027398003
1779236494,2026/05/20-08:21:33.940,-0.063015408
1779236494,2026/05/20-08:21:34.140,0.089317491
1779236494,2026/05/20-08:21:34.340,-0.266308594
1779236495,2026/05/20-08:21:34.540,0.070138889
1779236495,2026/05/20-08:21:34.740,0.207128906
1779236495,2026/05/20-08:21:35.020,-0.036713325
1779236495,2026/05/20-08:21:35.220,0.218636068
1779236495,2026/05/20-08:21:35.420,-0.325488281
1779236496,2026/05/20-08:21:35.620,0.139729818
1779236496,2026/05/20-08:21:35.820,-0.086029731
1779236496,2026/05/20-08:21:36.030,0.053700087
1779236496,2026/05/20-08:21:36.270,-0.206032986
1779236496,2026/05/20-08:21:36.460,-0.16000434
1779236497,2026/05/20-08:21:36.660,-0.321652561
1779236497,2026/05/20-08:21:36.860,-0.138633898
1779236497,2026/05/20-08:21:37.060,-0.282199436
1779236497,2026/05/20-08:21:37.260,-0.200553385
1779236498,2026/05/20-08:21:37.520,0.086029731
1779236498,2026/05/20-08:21:37.700,0.006575521
1779236498,2026/05/20-08:21:37.900,0.054248047
1779236498,2026/05/20-08:21:38.100,-0.189594184
1779236498,2026/05/20-08:21:38.300,0.00109592
1779236499,2026/05/20-08:21:38.500,-0.252061632
1779236499,2026/05/20-08:21:38.780,-0.089317491
1779236499,2026/05/20-08:21:38.980,0.008219401
1779236499,2026/05/20-08:21:39.180,0.010411241
1779236499,2026/05/20-08:21:39.380,-0.322200521
1779236500,2026/05/20-08:21:39.580,-0.094249132
1779236500,2026/05/20-08:21:39.810,-0.224663628
1779236500,2026/05/20-08:21:40.060,-0.373708767
1779236500,2026/05/20-08:21:40.260,-0.270144314
1779236500,2026/05/20-08:21:40.460,0.298638238
1779236501,2026/05/20-08:21:40.660,0.136442057
1779236501,2026/05/20-08:21:40.860,0.136442057
1779236501,2026/05/20-08:21:41.080,0.298638238
1779236501,2026/05/20-08:21:41.300,0.206580946
1779236502,2026/05/20-08:21:41.500,0.121647135
1779236502,2026/05/20-08:21:41.700,0.276719835
1779236502,2026/05/20-08:21:41.900,-0.015890842
1779236502,2026/05/20-08:21:42.100,0.08274197
1779236502,2026/05/20-08:21:42.330,-0.07781033
1779236503,2026/05/20-08:21:42.580,-0.020822483
1779236503,2026/05/20-08:21:42.780,0.169319661
1779236503,2026/05/20-08:21:42.980,-0.041644965
1779236503,2026/05/20-08:21:43.180,0.096440972
1779236503,2026/05/20-08:21:43.380,-0.203293186
1779236504,2026/05/20-08:21:43.650,-0.009315321
1779236504,2026/05/20-08:21:43.860,-0.08000217
1779236504,2026/05/20-08:21:44.060,0.23343099
1779236504,2026/05/20-08:21:44.260,0.048220486
1779236504,2026/05/20-08:21:44.460,-0.148497179
1779236505,2026/05/20-08:21:44.660,0.095345052
1779236505,2026/05/20-08:21:44.930,-0.111235894
1779236505,2026/05/20-08:21:45.140,-0.442203776
1779236505,2026/05/20-08:21:45.340,-0.053700087
1779236506,2026/05/20-08:21:45.540,-0.115619575
1779236506,2026/05/20-08:21:45.740,-0.07726237
1779236506,2026/05/20-08:21:45.940,-0.019178602
1779236506,2026/05/20-08:21:46.220,0.021918403
1779236506,2026/05/20-08:21:46.420,-0.264116753
1779236507,2026/05/20-08:21:46.620,0.222471788
1779236507,2026/05/20-08:21:46.820,0.39836697
1779236507,2026/05/20-08:21:47.020,0.16000434
1779236507,2026/05/20-08:21:47.220,0.167675781
1779236507,2026/05/20-08:21:47.470,0.08109809
1779236508,2026/05/20-08:21:47.660,-0.010959201
1779236508,2026/05/20-08:21:47.860,0.387407769
1779236508,2026/05/20-08:21:48.060,-0.065755208
1779236508,2026/05/20-08:21:48.260,-0.189046224
1779236508,2026/05/20-08:21:48.460,-0.019726563
1779236509,2026/05/20-08:21:48.720,0.390147569
1779236509,2026/05/20-08:21:48.900,-0.262472873
1779236509,2026/05/20-08:21:49.100,-0.201649306
1779236509,2026/05/20-08:21:49.300,0.349598524
1779236510,2026/05/20-08:21:49.500,0.193977865
1779236510,2026/05/20-08:21:49.700,0.033425564
1779236510,2026/05/20-08:21:49.970,-0.069590929
1779236510,2026/05/20-08:21:50.180,0.026850043
1779236510,2026/05/20-08:21:50.380,-0.39288737
1779236511,2026/05/20-08:21:50.580,-0.175347222
1779236511,2026/05/20-08:21:50.780,0.067947049
1779236511,2026/05/20-08:21:50.980,-0.069042969
1779236511,2026/05/20-08:21:51.260,0.07781033
1779236511,2026/05/20-08:21:51.460,0.409326172
1779236512,2026/05/20-08:21:51.660,-0.033973524
1779236512,2026/05/20-08:21:51.860,0.384667969
1779236512,2026/05/20-08:21:52.060,-0.120003255
1779236512,2026/05/20-08:21:52.280,-0.224663628
1779236513,2026/05/20-08:21:52.540,0.258637153
1779236513,2026/05/20-08:21:52.740,-0.250417752
1779236513,2026/05/20-08:21:52.940,-0.019726563
1779236513,2026/05/20-08:21:53.140,0.073974609
1779236513,2026/05/20-08:21:53.340,-0.049864366
1779236514,2026/05/20-08:21:53.560,-0.164388021
1779236514,2026/05/20-08:21:53.820,-0.15945638
1779236514,2026/05/20-08:21:54.020,-0.036713325
1779236514,2026/05/20-08:21:54.220,-0.036713325
1779236514,2026/05/20-08:21:54.420,-0.183018663
1779236515,2026/05/20-08:21:54.620,-0.31726888
1779236515,2026/05/20-08:21:54.840,0.143565538
1779236515,2026/05/20-08:21:55.060,0.113975694
1779236515,2026/05/20-08:21:55.260,-0.250965712
1779236515,2026/05/20-08:21:55.460,-0.070686849
1779236516,2026/05/20-08:21:55.660,-0.060275608
1779236516,2026/05/20-08:21:55.860,0.181922743
1779236516,2026/05/20-08:21:56.100,-0.084385851
1779236516,2026/05/20-08:21:56.340,0.055891927
1779236517,2026/05/20-08:21:56.540,-0.028493924
1779236517,2026/05/20-08:21:56.740,-0.287131076
1779236517,2026/05/20-08:21:56.940,0.026850043
1779236517,2026/05/20-08:21:57.140,0.327680122
1779236517,2026/05/20-08:21:57.400,0.192881944
1779236518,2026/05/20-08:21:57.620,0.311241319
1779236518,2026/05/20-08:21:57.820,0.227403429
1779236518,2026/05/20-08:21:58.020,-0.501383464
1779236518,2026/05/20-08:21:58.220,0.086577691
1779236518,2026/05/20-08:21:58.420,0.359461806
1779236519,2026/05/20-08:21:58.710,-0.171511502
1779236519,2026/05/20-08:21:58.900,0.099728733
1779236519,2026/05/20-08:21:59.100,0.327680122
1779236519,2026/05/20-08:21:59.300,0.059727648
1779236520,2026/05/20-08:21:59.500,-0.099180773
1779236520,2026/05/20-08:21:59.700,0.142469618
1779236520,2026/05/20-08:21:59.960,-0.100824653
1779236520,2026/05/20-08:22:00.140,-0.23507487
1779236520,2026/05/20-08:22:00.340,-0.095893012
1779236521,2026/05/20-08:22:00.540,0.042192925
1779236521,2026/05/20-08:22:00.740,0.083837891
1779236521,2026/05/20-08:22:00.940,0.15726454
1779236521,2026/05/20-08:22:01.200,0.282199436
1779236521,2026/05/20-08:22:01.420,-0.15836046
1779236522,2026/05/20-08:22:01.620,-0.438368056
1779236522,2026/05/20-08:22:01.820,-0.301378038
1779236522,2026/05/20-08:22:02.020,-0.137537977
1779236522,2026/05/20-08:22:02.220,-0.106304253
1779236522,2026/05/20-08:22:02.490,-0.059727648
1779236523,2026/05/20-08:22:02.700,0.095345052
1779236523,2026/05/20-08:22:02.900,-0.209320747
1779236523,2026/05/20-08:22:03.100,-0.048768446
1779236523,2026/05/20-08:22:03.300,0.124386936
1779236524,2026/05/20-08:22:03.500,-0.08164605
1779236524,2026/05/20-08:22:03.760,-0.304117839
1779236524,2026/05/20-08:22:03.940,0.135894097
1779236524,2026/05/20-08:22:04.140,0.23891059
1779236524,2026/05/20-08:22:04.340,-0.458094618
1779236525,2026/05/20-08:22:04.540,0.051508247
1779236525,2026/05/20-08:22:04.740,0.230143229
1779236525,2026/05/20-08:22:04.970,-0.268500434
1779236525,2026/05/20-08:22:05.180,-0.143565538
1779236525,2026/05/20-08:22:05.380,-0.088769531
1779236526,2026/05/20-08:22:05.580,-0.187402344
1779236526,2026/05/20-08:22:05.780,-0.059727648
1779236526,2026/05/20-08:22:05.980,0.275623915
1779236526,2026/05/20-08:22:06.230,0.170415582
1779236526,2026/05/20-08:22:06.460,-0.037261285
1779236527,2026/05/20-08:22:06.660,-0.23891059
1779236527,2026/05/20-08:22:06.860,-0.106304253
1779236527,2026/05/20-08:22:07.060,0.142469618
1779236527,2026/05/20-08:22:07.260,0.121099175
1779236528,2026/05/20-08:22:07.540,0.098632813
1779236528,2026/05/20-08:22:07.740,-0.047124566
1779236528,2026/05/20-08:22:07.940,0.458642578
1779236528,2026/05/20-08:22:08.140,-0.127674696
1779236528,2026/05/20-08:22:08.340,-0.072878689
1779236529,2026/05/20-08:22:08.540,0.228499349
1779236529,2026/05/20-08:22:08.820,0.093701172
1779236529,2026/05/20-08:22:09.020,0.212060547
1779236529,2026/05/20-08:22:09.220,0.110139974
1779236529,2026/05/20-08:22:09.420,0.290966797
1779236530,2026/05/20-08:22:09.620,-0.048768446
1779236530,2026/05/20-08:22:09.820,-0.302473958
1779236530,2026/05/20-08:22:10.070,0.122195095
1779236530,2026/05/20-08:22:10.270,0.101372613
1779236530,2026/05/20-08:22:10.460,0.141921658
1779236531,2026/05/20-08:22:10.660,0.231239149
1779236531,2026/05/20-08:22:10.860,0.120551215
1779236531,2026/05/20-08:22:11.060,-0.018082682
1779236531,2026/05/20-08:22:11.310,0.264664714
1779236532,2026/05/20-08:22:11.500,0.096988932
1779236532,2026/05/20-08:22:11.700,-0.346310764
1779236532,2026/05/20-08:22:11.900,0.612619358
1779236532,2026/05/20-08:22:12.100,0.293158637
1779236532,2026/05/20-08:22:12.300,-0.072330729
1779236533,2026/05/20-08:22:12.560,0.089865451
1779236533,2026/05/20-08:22:12.740,-0.040549045
1779236533,2026/05/20-08:22:12.940,-0.661387804
1779236533,2026/05/20-08:22:13.140,-0.167675781
1779236533,2026/05/20-08:22:13.340,-0.195073785
1779236534,2026/05/20-08:22:13.540,-0.251513672
1779236534,2026/05/20-08:22:13.830,-0.176991102
1779236534,2026/05/20-08:22:14.020,0.065207248
1779236534,2026/05/20-08:22:14.220,0.061371528
1779236534,2026/05/20-08:22:14.420,0.089865451
1779236535,2026/05/20-08:22:14.620,-0.337543403
1779236535,2026/05/20-08:22:14.820,-0.012055122
1779236535,2026/05/20-08:22:15.070,0.195073785
1779236535,2026/05/20-08:22:15.260,-0.151236979
1779236535,2026/05/20-08:22:15.460,0.037261285
1779236536,2026/05/20-08:22:15.660,-0.056987847
1779236536,2026/05/20-08:22:15.860,-0.175347222
1779236536,2026/05/20-08:22:16.060,-0.07945421
1779236536,2026/05/20-08:22:16.330,0.149593099
1779236537,2026/05/20-08:22:16.540,-0.288226997
1779236537,2026/05/20-08:22:16.740,-0.497547743
1779236537,2026/05/20-08:22:16.940,-0.170415582
1779236537,2026/05/20-08:22:17.140,-0.050412326
1779236537,2026/05/20-08:22:17.340,0.095893012
1779236538,2026/05/20-08:22:17.600,0.090961372
1779236538,2026/05/20-08:22:17.820,0.018082682
1779236538,2026/05/20-08:22:18.020,-0.15616862
1779236538,2026/05/20-08:22:18.220,-0.040549045
1779236538,2026/05/20-08:22:18.420,-0.227951389
1779236539,2026/05/20-08:22:18.620,-0.218088108
1779236539,2026/05/20-08:22:18.900,-0.16164822
1779236539,2026/05/20-08:22:19.100,0.110687934
1779236539,2026/05/20-08:22:19.300,-0.054248047
1779236540,2026/05/20-08:22:19.500,0.046028646
1779236540,2026/05/20-08:22:19.700,-0.037809245
1779236540,2026/05/20-08:22:19.930,0.030685764
1779236540,2026/05/20-08:22:20.180,0.200005425
1779236540,2026/05/20-08:22:20.380,-0.041097005
1779236541,2026/05/20-08:22:20.580,0.025206163
1779236541,2026/05/20-08:22:20.780,0.100276693
1779236541,2026/05/20-08:22:20.980,0.07726237
1779236541,2026/05/20-08:22:21.200,-0.203841146
1779236541,2026/05/20-08:22:21.420,-0.053700087
1779236542,2026/05/20-08:22:21.620,-0.041644965
1779236542,2026/05/20-08:22:21.820,-0.336995443
1779236542,2026/05/20-08:22:22.020,-0.232335069
1779236542,2026/05/20-08:22:22.220,-0.299186198
1779236542,2026/05/20-08:22:22.480,0.018630642
1779236543,2026/05/20-08:22:22.700,0.105756293
1779236543,2026/05/20-08:22:22.900,0.065755208
1779236543,2026/05/20-08:22:23.100,-0.120003255
1779236543,2026/05/20-08:22:23.300,-0.125482856
1779236544,2026/05/20-08:22:23.500,-0.026302083
1779236544,2026/05/20-08:22:23.760,0.204937066
1779236544,2026/05/20-08:22:23.980,0.016438802
1779236544,2026/05/20-08:22:24.180,0.016986762
1779236544,2026/05/20-08:22:24.380,0.00164388
1779236545,2026/05/20-08:22:24.580,0.207128906
1779236545,2026/05/20-08:22:24.780,0.08219401
1779236545,2026/05/20-08:22:25.040,0.066303168
1779236545,2026/05/20-08:22:25.220,0.149045139
1779236545,2026/05/20-08:22:25.420,0.482752821
1779236546,2026/05/20-08:22:25.620,-0.299186198
1779236546,2026/05/20-08:22:25.820,0.31233724
1779236546,2026/05/20-08:22:26.020,0.263568793
1779236546,2026/05/20-08:22:26.270,-0.00109592
1779236546,2026/05/20-08:22:26.460,-0.126578776
1779236547,2026/05/20-08:22:26.660,0.295350477
1779236547,2026/05/20-08:22:26.860,-0.094249132
1779236547,2026/05/20-08:22:27.060,-0.218088108
1779236547,2026/05/20-08:22:27.260,0.246582031
1779236548,2026/05/20-08:22:27.520,-0.181374783
1779236548,2026/05/20-08:22:27.700,-0.243294271
1779236548,2026/05/20-08:22:27.900,-0.042740885
1779236548,2026/05/20-08:22:28.100,-0.463574219
1779236548,2026/05/20-08:22:28.300,-0.166031901
1779236549,2026/05/20-08:22:28.500,-0.064111328
1779236549,2026/05/20-08:22:28.780,-0.070138889
1779236549,2026/05/20-08:22:28.980,-0.095893012
1779236549,2026/05/20-08:22:29.180,-0.270692274
1779236549,2026/05/20-08:22:29.380,-0.163292101
1779236550,2026/05/20-08:22:29.580,0.087125651
1779236550,2026/05/20-08:22:29.780,0.124386936
1779236550,2026/05/20-08:22:30.060,0.330419922
1779236550,2026/05/20-08:22:30.260,0.070686849
1779236550,2026/05/20-08:22:30.460,0.447683377
1779236551,2026/05/20-08:22:30.660,-0.025206163
1779236551,2026/05/20-08:22:30.860,-0.261924913
1779236551,2026/05/20-08:22:31.060,0.107948134
1779236551,2026/05/20-08:22:31.320,-0.175347222
1779236552,2026/05/20-08:22:31.500,0.108496094
1779236552,2026/05/20-08:22:31.700,0.118907335
1779236552,2026/05/20-08:22:31.900,-0.260281033
1779236552,2026/05/20-08:22:32.100,0.040001085
1779236552,2026/05/20-08:22:32.300,0.073426649
1779236553,2026/05/20-08:22:32.570,-0.423025174
1779236553,2026/05/20-08:22:32.780,0.15452474
1779236553,2026/05/20-08:22:32.980,-0.057535807
1779236553,2026/05/20-08:22:33.180,-0.054796007
1779236553,2026/05/20-08:22:33.380,0.022466363
1779236554,2026/05/20-08:22:33.580,0.175347222
1779236554,2026/05/20-08:22:33.840,-0.150141059
1779236554,2026/05/20-08:22:34.020,-0.013699002
1779236554,2026/05/20-08:22:34.220,0.00383572
1779236554,2026/05/20-08:22:34.420,-0.407682292
1779236555,2026/05/20-08:22:34.620,0.041644965
1779236555,2026/05/20-08:22:34.820,0.1550727
1779236555,2026/05/20-08:22:35.080,0.043288845
1779236555,2026/05/20-08:22:35.260,0.229047309
1779236555,2026/05/20-08:22:35.460,0.020822483
1779236556,2026/05/20-08:22:35.660,0.292610677
1779236556,2026/05/20-08:22:35.860,-0.095893012
1779236556,2026/05/20-08:22:36.060,-0.07671441
1779236556,2026/05/20-08:22:36.320,-0.433436415
1779236557,2026/05/20-08:22:36.540,-0.219731988
1779236557,2026/05/20-08:22:36.740,0.193977865
1779236557,2026/05/20-08:22:36.940,-0.204389106
1779236557,2026/05/20-08:22:37.140,0.174251302
1779236557,2026/05/20-08:22:37.340,0.179730903
1779236558,2026/05/20-08:22:37.620,-0.136442057
1779236558,2026/05/20-08:22:37.820,0.412613932
1779236558,2026/05/20-08:22:38.020,-0.07726237
1779236558,2026/05/20-08:22:38.220,0.518918186
1779236558,2026/05/20-08:22:38.420,-0.343023003
1779236559,2026/05/20-08:22:38.630,-0.052604167
1779236559,2026/05/20-08:22:38.900,0.007123481
1779236559,2026/05/20-08:22:39.100,0.305213759
1779236559,2026/05/20-08:22:39.300,-0.035069444
1779236560,2026/05/20-08:22:39.500,-0.00164388
1779236560,2026/05/20-08:22:39.700,-0.021370443
1779236560,2026/05/20-08:22:39.940,-0.339735243
1779236560,2026/05/20-08:22:40.180,0.110139974
1779236560,2026/05/20-08:22:40.380,0.173703342
1779236561,2026/05/20-08:22:40.580,-0.088769531
1779236561,2026/05/20-08:22:40.780,0.15671658
1779236561,2026/05/20-08:22:40.980,0.063015408
1779236561,2026/05/20-08:22:41.240,-0.162196181
1779236561,2026/05/20-08:22:41.460,-0.412613932
1779236562,2026/05/20-08:22:41.660,-0.033425564
1779236562,2026/05/20-08:22:41.860,0.350146484
1779236562,2026/05/20-08:22:42.060,0.090413411
1779236562,2026/05/20-08:22:42.260,-0.089865451
1779236563,2026/05/20-08:22:42.530,-0.071782769
1779236563,2026/05/20-08:22:42.740,0.296994358
1779236563,2026/05/20-08:22:42.940,-0.124934896
1779236563,2026/05/20-08:22:43.140,0.121647135
1779236563,2026/05/20-08:22:43.340,0.423025174
1779236564,2026/05/20-08:22:43.540,0.653168403
1779236564,2026/05/20-08:22:43.800,0.39836697
1779236564,2026/05/20-08:22:43.980,0.299734158
1779236564,2026/05/20-08:22:44.180,0.303021918
1779236564,2026/05/20-08:22:44.380,-0.021918403
1779236565,2026/05/20-08:22:44.580,0.263568793
1779236565,2026/05/20-08:22:44.780,0.105208333
1779236565,2026/05/20-08:22:45.050,-0.180826823
1779236565,2026/05/20-08:22:45.260,-0.008219401
1779236565,2026/05/20-08:22:45.460,0.032329644
1779236566,2026/05/20-08:22:45.660,-0.010959201
1779236566,2026/05/20-08:22:45.860,0.029041884
1779236566,2026/05/20-08:22:46.060,-0.046028646
1779236566,2026/05/20-08:22:46.310,-0.284391276
1779236567,2026/05/20-08:22:46.500,-0.203293186
1779236567,2026/05/20-08:22:46.700,-0.07835829
1779236567,2026/05/20-08:22:46.900,0.065755208
1779236567,2026/05/20-08:22:47.100,-0.050412326
1779236567,2026/05/20-08:22:47.300,0.1605523
1779236568,2026/05/20-08:22:47.560,-0.051508247
1779236568,2026/05/20-08:22:47.740,-0.404394531
1779236568,2026/05/20-08:22:47.940,-0.187402344
1779236568,2026/05/20-08:22:48.140,-0.320008681
1779236568,2026/05/20-08:22:48.340,-0.107400174
1779236569,2026/05/20-08:22:48.540,-0.054248047
1779236569,2026/05/20-08:22:48.800,0.168771701
1779236569,2026/05/20-08:22:49.020,0.132058377
1779236569,2026/05/20-08:22:49.220,-0.209868707
1779236569,2026/05/20-08:22:49.420,-0.032329644
1779236570,2026/05/20-08:22:49.620,-0.275623915
1779236570,2026/05/20-08:22:49.820,-0.297542318
1779236570,2026/05/20-08:22:50.070,0.00383572
1779236570,2026/05/20-08:22:50.260,-0.218088108
1779236570,2026/05/20-08:22:50.460,-0.00109592
1779236571,2026/05/20-08:22:50.660,0.07945421
1779236571,2026/05/20-08:22:50.860,0.098084852
1779236571,2026/05/20-08:22:51.060,-0.004931641
1779236571,2026/05/20-08:22:51.350,0.181374783
1779236572,2026/05/20-08:22:51.540,-0.057535807
1779236572,2026/05/20-08:22:51.740,-0.177539063
1779236572,2026/05/20-08:22:51.940,-0.046576606
1779236572,2026/05/20-08:22:52.140,0.025206163
1779236572,2026/05/20-08:22:52.340,0.23288303
1779236573,2026/05/20-08:22:52.600,0.212060547
1779236573,2026/05/20-08:22:52.780,0.015890842
1779236573,2026/05/20-08:22:52.980,-0.063015408
1779236573,2026/05/20-08:22:53.180,0.011507161
1779236573,2026/05/20-08:22:53.380,-0.058083767
1779236574,2026/05/20-08:22:53.580,0.174251302
1779236574,2026/05/20-08:22:53.870,0.151784939
1779236574,2026/05/20-08:22:54.060,-0.069590929
1779236574,2026/05/20-08:22:54.270,0.174799262
1779236574,2026/05/20-08:22:54.460,-0.23562283
1779236575,2026/05/20-08:22:54.660,0.100276693
1779236575,2026/05/20-08:22:54.880,-0.15452474
1779236575,2026/05/20-08:22:55.140,-0.059727648
1779236575,2026/05/20-08:22:55.340,0.063563368
1779236576,2026/05/20-08:22:55.540,0.101920573
1779236576,2026/05/20-08:22:55.740,0.174251302
1779236576,2026/05/20-08:22:55.940,0.032877604
1779236576,2026/05/20-08:22:56.170,-6.94E-16
1779236576,2026/05/20-08:22:56.380,-0.219731988
1779236577,2026/05/20-08:22:56.580,0.227403429
1779236577,2026/05/20-08:22:56.780,0.225759549
1779236577,2026/05/20-08:22:56.980,0.263568793
1779236577,2026/05/20-08:22:57.180,0.145209418
1779236577,2026/05/20-08:22:57.400,0.140825738
1779236578,2026/05/20-08:22:57.620,0.193977865
1779236578,2026/05/20-08:22:57.820,0.170415582
1779236578,2026/05/20-08:22:58.020,-0.212608507
1779236578,2026/05/20-08:22:58.220,-0.449327257
1779236578,2026/05/20-08:22:58.420,0.152880859
1779236579,2026/05/20-08:22:58.650,0.109044054
1779236579,2026/05/20-08:22:58.900,0.39343533
1779236579,2026/05/20-08:22:59.100,0.193977865
1779236579,2026/05/20-08:22:59.300,0.192333984
1779236580,2026/05/20-08:22:59.500,0.013151042
1779236580,2026/05/20-08:22:59.700,0.204937066
1779236580,2026/05/20-08:22:59.980,0.246582031
1779236580,2026/05/20-08:23:00.180,-0.07781033
1779236580,2026/05/20-08:23:00.380,0.163292101
1779236581,2026/05/20-08:23:00.580,0.019726563
1779236581,2026/05/20-08:23:00.780,0.409874132
1779236581,2026/05/20-08:23:00.980,-0.251513672
1779236581,2026/05/20-08:23:01.210,-0.124934896
1779236581,2026/05/20-08:23:01.420,0.023014323
1779236582,2026/05/20-08:23:01.620,0.16164822
1779236582,2026/05/20-08:23:01.820,-0.23288303
1779236582,2026/05/20-08:23:02.020,0.015890842
1779236582,2026/05/20-08:23:02.220,0.130962457
1779236583,2026/05/20-08:23:02.510,0.103016493
1779236583,2026/05/20-08:23:02.700,-0.250965712
1779236583,2026/05/20-08:23:02.900,-0.063563368
1779236583,2026/05/20-08:23:03.100,-0.410422092
1779236583,2026/05/20-08:23:03.300,0.091509332
1779236584,2026/05/20-08:23:03.500,-0.021370443
1779236584,2026/05/20-08:23:03.760,-0.092057292
1779236584,2026/05/20-08:23:03.980,-0.297542318
1779236584,2026/05/20-08:23:04.180,-0.206580946
1779236584,2026/05/20-08:23:04.380,-0.117263455
1779236585,2026/05/20-08:23:04.580,-0.206032986
1779236585,2026/05/20-08:23:04.780,-0.23726671
1779236585,2026/05/20-08:23:05.030,0.356174045
1779236585,2026/05/20-08:23:05.220,-0.08219401
1779236585,2026/05/20-08:23:05.420,0.08055013
1779236586,2026/05/20-08:23:05.620,-0.130962457
1779236586,2026/05/20-08:23:05.820,0.090413411
1779236586,2026/05/20-08:23:06.020,0.012603082
1779236586,2026/05/20-08:23:06.300,-0.609879557
1779236587,2026/05/20-08:23:06.500,-0.438368056
1779236587,2026/05/20-08:23:06.700,-0.026850043
1779236587,2026/05/20-08:23:06.900,-0.112331814
1779236587,2026/05/20-08:23:07.100,-0.145757378
1779236587,2026/05/20-08:23:07.320,0.025754123
1779236588,2026/05/20-08:23:07.580,0.173155382
1779236588,2026/05/20-08:23:07.780,-0.227403429
1779236588,2026/05/20-08:23:07.980,0.083289931
1779236588,2026/05/20-08:23:08.180,0.149045139
1779236588,2026/05/20-08:23:08.390,0.360009766
1779236589,2026/05/20-08:23:08.650,0.335351563
1779236589,2026/05/20-08:23:08.860,0.15890842
1779236589,2026/05/20-08:23:09.060,0.347406684
1779236589,2026/05/20-08:23:09.260,-0.008219401
1779236589,2026/05/20-08:23:09.460,0.030685764
1779236590,2026/05/20-08:23:09.660,-0.098632813
1779236590,2026/05/20-08:23:09.950,0.267404514
1779236590,2026/05/20-08:23:10.140,-0.197265625
1779236590,2026/05/20-08:23:10.340,-0.165483941
1779236591,2026/05/20-08:23:10.540,-0.007123481
1779236591,2026/05/20-08:23:10.740,0.243294271
1779236591,2026/05/20-08:23:10.950,-0.029589844
1779236591,2026/05/20-08:23:11.220,-0.215896267
1779236591,2026/05/20-08:23:11.420,0.043836806
1779236592,2026/05/20-08:23:11.620,0.103564453
1779236592,2026/05/20-08:23:11.820,0.24000651
1779236592,2026/05/20-08:23:12.020,-0.436724175
1779236592,2026/05/20-08:23:12.230,-0.026302083
1779236593,2026/05/20-08:23:12.500,0.040001085
1779236593,2026/05/20-08:23:12.700,0.019178602
1779236593,2026/05/20-08:23:12.900,-0.058083767
1779236593,2026/05/20-08:23:13.100,-0.47727322
1779236593,2026/05/20-08:23:13.300,-0.185210503
1779236594,2026/05/20-08:23:13.530,0.260281033
1779236594,2026/05/20-08:23:13.780,-0.181374783
1779236594,2026/05/20-08:23:13.980,-0.112879774
1779236594,2026/05/20-08:23:14.180,0.124386936
1779236594,2026/05/20-08:23:14.380,0.048220486
1779236595,2026/05/20-08:23:14.580,-0.098632813
1779236595,2026/05/20-08:23:14.870,-0.124934896
1779236595,2026/05/20-08:23:15.060,0.023014323
1779236595,2026/05/20-08:23:15.260,0.044384766
1779236595,2026/05/20-08:23:15.460,0.368777127
1779236596,2026/05/20-08:23:15.660,-0.044932726
1779236596,2026/05/20-08:23:15.860,-0.060275608
1779236596,2026/05/20-08:23:16.110,-0.252061632
1779236596,2026/05/20-08:23:16.300,0.15616862
1779236597,2026/05/20-08:23:16.500,-0.088769531
1779236597,2026/05/20-08:23:16.700,0.123838976
1779236597,2026/05/20-08:23:16.900,-0.135894097
1779236597,2026/05/20-08:23:17.100,-0.103564453
1779236597,2026/05/20-08:23:17.360,-0.139729818
1779236598,2026/05/20-08:23:17.540,-0.285487196
1779236598,2026/05/20-08:23:17.740,-0.359461806
1779236598,2026/05/20-08:23:17.940,0.100276693
1779236598,2026/05/20-08:23:18.140,0.185210503
1779236598,2026/05/20-08:23:18.340,0.118907335
1779236599,2026/05/20-08:23:18.620,0.064659288
1779236599,2026/05/20-08:23:18.820,0.092057292
1779236599,2026/05/20-08:23:19.020,-0.024658203
1779236599,2026/05/20-08:23:19.220,-0.338091363
1779236599,2026/05/20-08:23:19.420,-0.061371528
1779236600,2026/05/20-08:23:19.630,-0.052604167
1779236600,2026/05/20-08:23:19.890,0.592892795
1779236600,2026/05/20-08:23:20.060,0.31178928
1779236600,2026/05/20-08:23:20.260,0.064659288
1779236600,2026/05/20-08:23:20.460,-0.038357205
1779236601,2026/05/20-08:23:20.660,0.009315321
1779236601,2026/05/20-08:23:20.860,0.229595269
1779236601,2026/05/20-08:23:21.130,0.145209418
1779236601,2026/05/20-08:23:21.340,0.073426649
1779236602,2026/05/20-08:23:21.540,0.168771701
1779236602,2026/05/20-08:23:21.740,-0.025206163
1779236602,2026/05/20-08:23:21.940,0.043288845
1779236602,2026/05/20-08:23:22.140,-0.188498264
1779236602,2026/05/20-08:23:22.400,-0.066303168
1779236603,2026/05/20-08:23:22.590,-0.120551215
1779236603,2026/05/20-08:23:22.780,-0.597276476
1779236603,2026/05/20-08:23:22.980,-0.16000434
1779236603,2026/05/20-08:23:23.180,-0.270692274
1779236603,2026/05/20-08:23:23.380,-0.334255642
1779236604,2026/05/20-08:23:23.650,-0.215348307
1779236604,2026/05/20-08:23:23.860,-0.059727648
1779236604,2026/05/20-08:23:24.060,-0.062467448
1779236604,2026/05/20-08:23:24.260,0.036713325
1779236604,2026/05/20-08:23:24.460,-0.217540148
1779236605,2026/05/20-08:23:24.660,-0.112879774
1779236605,2026/05/20-08:23:24.920,0.013151042
1779236605,2026/05/20-08:23:25.100,-0.033973524
1779236605,2026/05/20-08:23:25.300,0.061919488
1779236606,2026/05/20-08:23:25.500,-0.036713325
1779236606,2026/05/20-08:23:25.700,0.320008681
1779236606,2026/05/20-08:23:25.900,0.019726563
1779236606,2026/05/20-08:23:26.160,0.256445313
1779236606,2026/05/20-08:23:26.350,-0.105756293
1779236607,2026/05/20-08:23:26.550,-0.273980035
1779236607,2026/05/20-08:23:26.740,0.148497179
1779236607,2026/05/20-08:23:26.940,0.243842231
1779236607,2026/05/20-08:23:27.140,-0.100276693
1779236607,2026/05/20-08:23:27.400,0.110687934
1779236608,2026/05/20-08:23:27.580,-0.043288845
1779236608,2026/05/20-08:23:27.790,-0.290418837
1779236608,2026/05/20-08:23:27.980,0.060275608
1779236608,2026/05/20-08:23:28.180,0.191238064
1779236608,2026/05/20-08:23:28.380,0.166031901
1779236609,2026/05/20-08:23:28.640,0.243842231
1779236609,2026/05/20-08:23:28.860,0.264664714
1779236609,2026/05/20-08:23:29.060,0.030137804
1779236609,2026/05/20-08:23:29.260,-0.31452908
1779236609,2026/05/20-08:23:29.460,-0.193429905
1779236610,2026/05/20-08:23:29.660,-0.276171875
1779236610,2026/05/20-08:23:29.930,-0.07945421
1779236610,2026/05/20-08:23:30.140,0.169319661
1779236610,2026/05/20-08:23:30.350,-0.301925998
1779236611,2026/05/20-08:23:30.540,-0.048768446
1779236611,2026/05/20-08:23:30.740,0.00383572
1779236611,2026/05/20-08:23:30.940,0.224115668
1779236611,2026/05/20-08:23:31.230,0.112879774
1779236611,2026/05/20-08:23:31.420,0.037809245
1779236612,2026/05/20-08:23:31.620,0.073974609
1779236612,2026/05/20-08:23:31.820,0.370421007
1779236612,2026/05/20-08:23:32.020,0.054248047
1779236612,2026/05/20-08:23:32.220,0.089317491
1779236612,2026/05/20-08:23:32.480,0.130962457
1779236613,2026/05/20-08:23:32.700,-0.013699002
1779236613,2026/05/20-08:23:32.900,-0.094249132
1779236613,2026/05/20-08:23:33.100,-0.119455295
1779236613,2026/05/20-08:23:33.300,-0.129866536
1779236614,2026/05/20-08:23:33.500,0.010959201
1779236614,2026/05/20-08:23:33.760,0.174251302
1779236614,2026/05/20-08:23:33.940,-0.130414497
1779236614,2026/05/20-08:23:34.140,-0.033425564
1779236614,2026/05/20-08:23:34.340,-0.140277778
1779236615,2026/05/20-08:23:34.540,0.093153212
1779236615,2026/05/20-08:23:34.740,0.329871962
1779236615,2026/05/20-08:23:35.000,-0.083289931
1779236615,2026/05/20-08:23:35.220,0.145757378
1779236615,2026/05/20-08:23:35.420,-0.193977865
1779236616,2026/05/20-08:23:35.620,-0.166031901
1779236616,2026/05/20-08:23:35.820,0.07835829
1779236616,2026/05/20-08:23:36.020,-0.175347222
1779236616,2026/05/20-08:23:36.280,-0.00219184
1779236616,2026/05/20-08:23:36.460,-0.226855469
1779236617,2026/05/20-08:23:36.660,0.198361545
1779236617,2026/05/20-08:23:36.860,0.261924913
1779236617,2026/05/20-08:23:37.060,0.380284288
1779236617,2026/05/20-08:23:37.260,-0.071782769
1779236618,2026/05/20-08:23:37.530,-0.133702257
1779236618,2026/05/20-08:23:37.740,-0.230691189
1779236618,2026/05/20-08:23:37.940,0.143017578
1779236618,2026/05/20-08:23:38.140,0.027945964
1779236618,2026/05/20-08:23:38.340,0.099180773
1779236619,2026/05/20-08:23:38.540,0.184662543
1779236619,2026/05/20-08:23:38.800,0.373708767
1779236619,2026/05/20-08:23:38.980,-0.037809245
1779236619,2026/05/20-08:23:39.180,0.046576606
1779236619,2026/05/20-08:23:39.380,-0.438368056
1779236620,2026/05/20-08:23:39.580,-0.209320747
1779236620,2026/05/20-08:23:39.780,0.198909505
1779236620,2026/05/20-08:23:40.040,0.31233724
1779236620,2026/05/20-08:23:40.260,0.083289931
1779236620,2026/05/20-08:23:40.460,0.169319661
1779236621,2026/05/20-08:23:40.660,-0.007671441
1779236621,2026/05/20-08:23:40.860,-0.042740885
1779236621,2026/05/20-08:23:41.060,-0.034521484
1779236621,2026/05/20-08:23:41.350,0.009315321
1779236622,2026/05/20-08:23:41.540,0.192881944
1779236622,2026/05/20-08:23:41.740,0.293706597
1779236622,2026/05/20-08:23:41.940,0.404394531
1779236622,2026/05/20-08:23:42.140,-0.033973524
1779236622,2026/05/20-08:23:42.340,0.094249132
1779236623,2026/05/20-08:23:42.600,0.072330729
1779236623,2026/05/20-08:23:42.820,0.282199436
1779236623,2026/05/20-08:23:43.020,-0.015890842
1779236623,2026/05/20-08:23:43.220,0.175895182
1779236623,2026/05/20-08:23:43.420,0.216444227
1779236624,2026/05/20-08:23:43.620,0.106852214
1779236624,2026/05/20-08:23:43.890,0.139181858
1779236624,2026/05/20-08:23:44.100,0.089317491
1779236624,2026/05/20-08:23:44.310,-0.246582031
1779236625,2026/05/20-08:23:44.500,-0.045480686
1779236625,2026/05/20-08:23:44.710,0.258089193
1779236625,2026/05/20-08:23:44.900,0.052604167
1779236625,2026/05/20-08:23:45.130,-0.441655816
1779236625,2026/05/20-08:23:45.340,0.006575521
1779236626,2026/05/20-08:23:45.540,-0.226855469
1779236626,2026/05/20-08:23:45.740,-0.201101345
1779236626,2026/05/20-08:23:45.940,-0.296994358
1779236626,2026/05/20-08:23:46.140,-0.038905165
1779236626,2026/05/20-08:23:46.360,0.07561849
1779236627,2026/05/20-08:23:46.620,-0.322200521
1779236627,2026/05/20-08:23:46.820,-0.058631727
1779236627,2026/05/20-08:23:47.020,-0.120551215
1779236627,2026/05/20-08:23:47.220,-0.031233724
1779236627,2026/05/20-08:23:47.420,0.035069444
1779236628,2026/05/20-08:23:47.700,-0.054796007
1779236628,2026/05/20-08:23:47.900,-0.087673611
1779236628,2026/05/20-08:23:48.100,-0.165483941
1779236628,2026/05/20-08:23:48.300,0.063563368
1779236629,2026/05/20-08:23:48.500,0.093153212
1779236629,2026/05/20-08:23:48.700,-0.191238064
1779236629,2026/05/20-08:23:48.970,-0.137537977
1779236629,2026/05/20-08:23:49.180,-0.207128906
1779236629,2026/05/20-08:23:49.380,0.042740885
1779236630,2026/05/20-08:23:49.580,-0.225759549
1779236630,2026/05/20-08:23:49.780,-0.343570964
1779236630,2026/05/20-08:23:49.980,-0.086577691
1779236630,2026/05/20-08:23:50.260,-0.104660373
1779236630,2026/05/20-08:23:50.460,-0.641113281
1779236631,2026/05/20-08:23:50.660,0.08000217
1779236631,2026/05/20-08:23:50.860,-0.152880859
1779236631,2026/05/20-08:23:51.060,-0.269048394
1779236631,2026/05/20-08:23:51.280,-0.198909505
1779236632,2026/05/20-08:23:51.540,0.106304253
1779236632,2026/05/20-08:23:51.740,-0.058083767
1779236632,2026/05/20-08:23:51.940,-0.186306424
1779236632,2026/05/20-08:23:52.140,0.066303168
1779236632,2026/05/20-08:23:52.340,-0.148497179
1779236633,2026/05/20-08:23:52.560,-0.286583116
1779236633,2026/05/20-08:23:52.820,0.023014323
1779236633,2026/05/20-08:23:53.020,-0.004931641
1779236633,2026/05/20-08:23:53.220,0.029589844
1779236633,2026/05/20-08:23:53.420,0.383572049
1779236634,2026/05/20-08:23:53.620,0.073426649
1779236634,2026/05/20-08:23:53.860,0.130962457
1779236634,2026/05/20-08:23:54.100,-0.044384766
1779236634,2026/05/20-08:23:54.310,-0.242746311
1779236635,2026/05/20-08:23:54.500,0.030137804
1779236635,2026/05/20-08:23:54.700,0.046028646
1779236635,2026/05/20-08:23:54.900,0.15836046
1779236635,2026/05/20-08:23:55.130,0.219184028
1779236635,2026/05/20-08:23:55.380,0.353434245
1779236636,2026/05/20-08:23:55.580,0.110139974
1779236636,2026/05/20-08:23:55.780,0.016986762
1779236636,2026/05/20-08:23:55.980,0.023562283
1779236636,2026/05/20-08:23:56.180,0.269596354
1779236636,2026/05/20-08:23:56.450,0.173155382
1779236637,2026/05/20-08:23:56.660,0.064111328
1779236637,2026/05/20-08:23:56.860,0.192333984
1779236637,2026/05/20-08:23:57.060,0.084933811
1779236637,2026/05/20-08:23:57.260,0.086577691
1779236637,2026/05/20-08:23:57.460,0.168223741
1779236638,2026/05/20-08:23:57.740,-0.123838976
1779236638,2026/05/20-08:23:57.940,0.277267795
1779236638,2026/05/20-08:23:58.140,0.07726237
1779236638,2026/05/20-08:23:58.340,0.114523655
1779236639,2026/05/20-08:23:58.540,0.186306424
1779236639,2026/05/20-08:23:58.740,0.207676866
1779236639,2026/05/20-08:23:59.010,-0.344666884
1779236639,2026/05/20-08:23:59.220,-0.207128906
1779236639,2026/05/20-08:23:59.420,-0.099180773
1779236640,2026/05/20-08:23:59.620,0.374804688
1779236640,2026/05/20-08:23:59.820,0.092605252
1779236640,2026/05/20-08:24:00.020,-0.185210503
1779236640,2026/05/20-08:24:00.270,-0.00383572
1779236640,2026/05/20-08:24:00.460,-0.345214844
1779236641,2026/05/20-08:24:00.660,0.015342882
1779236641,2026/05/20-08:24:00.860,0.123838976
1779236641,2026/05/20-08:24:01.060,-0.114523655
1779236641,2026/05/20-08:24:01.260,-0.053152127
1779236642,2026/05/20-08:24:01.520,0.00219184
1779236642,2026/05/20-08:24:01.700,-0.07781033
1779236642,2026/05/20-08:24:01.900,-0.148497179
1779236642,2026/05/20-08:24:02.100,-0.342475043
1779236642,2026/05/20-08:24:02.300,-0.038357205
1779236643,2026/05/20-08:24:02.500,0.033425564
1779236643,2026/05/20-08:24:02.770,-0.528781467
1779236643,2026/05/20-08:24:02.980,0.009863281
1779236643,2026/05/20-08:24:03.180,-0.320556641
1779236643,2026/05/20-08:24:03.380,-0.284391276
1779236644,2026/05/20-08:24:03.580,0.08000217
1779236644,2026/05/20-08:24:03.790,0.050960286
1779236644,2026/05/20-08:24:04.060,0.335351563
1779236644,2026/05/20-08:24:04.260,0.23836263
1779236644,2026/05/20-08:24:04.460,-0.130962457
1779236645,2026/05/20-08:24:04.660,0.31233724
1779236645,2026/05/20-08:24:04.860,-0.166031901
1779236645,2026/05/20-08:24:05.080,-0.112331814
1779236645,2026/05/20-08:24:05.340,-0.23507487
1779236646,2026/05/20-08:24:05.540,0.047124566
1779236646,2026/05/20-08:24:05.740,-0.059727648
1779236646,2026/05/20-08:24:05.940,0.110139974
1779236646,2026/05/20-08:24:06.140,0.109592014
1779236646,2026/05/20-08:24:06.380,-0.067399089
1779236647,2026/05/20-08:24:06.620,-0.382476128
1779236647,2026/05/20-08:24:06.820,-0.346858724
1779236647,2026/05/20-08:24:07.020,-0.040549045
1779236647,2026/05/20-08:24:07.220,-0.041644965
1779236647,2026/05/20-08:24:07.420,0.280007595
1779236648,2026/05/20-08:24:07.690,-0.025206163
1779236648,2026/05/20-08:24:07.900,-0.089865451
1779236648,2026/05/20-08:24:08.100,-0.138085938
1779236648,2026/05/20-08:24:08.300,-0.147949219
1779236649,2026/05/20-08:24:08.500,-0.130962457
1779236649,2026/05/20-08:24:08.700,-0.123838976
1779236649,2026/05/20-08:24:08.960,-0.008767361
1779236649,2026/05/20-08:24:09.140,0.31233724
1779236649,2026/05/20-08:24:09.340,0.127674696
1779236650,2026/05/20-08:24:09.540,0.571522352
1779236650,2026/05/20-08:24:09.740,-0.038357205
1779236650,2026/05/20-08:24:09.940,0.048220486
1779236650,2026/05/20-08:24:10.170,0.043836806
1779236650,2026/05/20-08:24:10.380,0.263020833
1779236651,2026/05/20-08:24:10.580,-0.265760634
1779236651,2026/05/20-08:24:10.780,-0.203841146
1779236651,2026/05/20-08:24:10.980,-0.173703342
1779236651,2026/05/20-08:24:11.180,-0.129866536
1779236651,2026/05/20-08:24:11.470,-0.021370443
1779236652,2026/05/20-08:24:11.660,0.138085938
1779236652,2026/05/20-08:24:11.860,-0.08109809
1779236652,2026/05/20-08:24:12.060,0.073974609
1779236652,2026/05/20-08:24:12.270,0.060275608
1779236652,2026/05/20-08:24:12.460,-0.052056207
1779236653,2026/05/20-08:24:12.720,0.096440972
1779236653,2026/05/20-08:24:12.940,0.302473958
1779236653,2026/05/20-08:24:13.140,0.273432075
1779236653,2026/05/20-08:24:13.340,0.377544488
1779236654,2026/05/20-08:24:13.540,0.162744141
1779236654,2026/05/20-08:24:13.740,0.343570964
1779236654,2026/05/20-08:24:13.990,-0.020274523
1779236654,2026/05/20-08:24:14.180,-0.059179688
1779236654,2026/05/20-08:24:14.380,0.066303168
1779236655,2026/05/20-08:24:14.580,0.268500434
1779236655,2026/05/20-08:24:14.780,-0.116167535
1779236655,2026/05/20-08:24:14.980,0.147401259
1779236655,2026/05/20-08:24:15.260,0.151784939
1779236655,2026/05/20-08:24:15.460,0.134250217
1779236656,2026/05/20-08:24:15.660,-0.117263455
1779236656,2026/05/20-08:24:15.860,-0.124386936
1779236656,2026/05/20-08:24:16.060,-0.600016276
1779236656,2026/05/20-08:24:16.270,0.129866536
1779236657,2026/05/20-08:24:16.550,-0.248773872
1779236657,2026/05/20-08:24:16.740,-0.279459635
1779236657,2026/05/20-08:24:16.940,-0.168223741
1779236657,2026/05/20-08:24:17.140,0.010411241
1779236657,2026/05/20-08:24:17.340,-0.144661458
1779236658,2026/05/20-08:24:17.560,0.275075955
1779236658,2026/05/20-08:24:17.820,0.265760634
1779236658,2026/05/20-08:24:18.020,-0.179182943
1779236658,2026/05/20-08:24:18.220,-0.050960286
1779236658,2026/05/20-08:24:18.420,-0.053152127
1779236659,2026/05/20-08:24:18.620,0.191786024
1779236659,2026/05/20-08:24:18.900,-0.127126736
1779236659,2026/05/20-08:24:19.100,-0.00383572
1779236659,2026/05/20-08:24:19.300,0.220279948
1779236660,2026/05/20-08:24:19.500,0.149045139
1779236660,2026/05/20-08:24:19.700,0.447683377
1779236660,2026/05/20-08:24:19.900,0.412065972
1779236660,2026/05/20-08:24:20.160,0.185758464
1779236660,2026/05/20-08:24:20.380,0.092057292
1779236661,2026/05/20-08:24:20.580,0.145209418
1779236661,2026/05/20-08:24:20.780,0.088221571
1779236661,2026/05/20-08:24:20.980,-0.010959201
1779236661,2026/05/20-08:24:21.180,-0.270144314
1779236661,2026/05/20-08:24:21.440,0.038905165
1779236662,2026/05/20-08:24:21.660,-0.035069444
1779236662,2026/05/20-08:24:21.870,-0.071234809
1779236662,2026/05/20-08:24:22.060,-0.23288303
1779236662,2026/05/20-08:24:22.260,0.175895182
1779236662,2026/05/20-08:24:22.460,-0.107400174
1779236663,2026/05/20-08:24:22.740,-0.443847656
1779236663,2026/05/20-08:24:22.940,0.07726237
1779236663,2026/05/20-08:24:23.140,-0.105208333
1779236663,2026/05/20-08:24:23.340,-0.345214844
1779236664,2026/05/20-08:24:23.550,-0.212060547
1779236664,2026/05/20-08:24:23.750,-0.31617296
1779236664,2026/05/20-08:24:24.020,0.284939236
1779236664,2026/05/20-08:24:24.220,0.035617405
1779236664,2026/05/20-08:24:24.420,-0.175895182
1779236665,2026/05/20-08:24:24.620,-0.364941406
1779236665,2026/05/20-08:24:24.820,-0.07507053
1779236665,2026/05/20-08:24:25.040,-0.455354818
1779236665,2026/05/20-08:24:25.300,0.187402344
1779236666,2026/05/20-08:24:25.500,0.179182943
1779236666,2026/05/20-08:24:25.700,0.010959201
1779236666,2026/05/20-08:24:25.900,0.130962457
1779236666,2026/05/20-08:24:26.100,-0.102468533
1779236666,2026/05/20-08:24:26.320,-0.1578125
1779236667,2026/05/20-08:24:26.580,0.07616645
1779236667,2026/05/20-08:24:26.780,0.169319661
1779236667,2026/05/20-08:24:26.980,0.139181858
1779236667,2026/05/20-08:24:27.180,0.066303168
1779236667,2026/05/20-08:24:27.380,0.231787109
1779236668,2026/05/20-08:24:27.610,0.207676866
1779236668,2026/05/20-08:24:27.860,0.07561849
1779236668,2026/05/20-08:24:28.060,-0.025206163
1779236668,2026/05/20-08:24:28.260,0.23781467
1779236668,2026/05/20-08:24:28.460,0.100276693
1779236669,2026/05/20-08:24:28.660,-0.07616645
1779236669,2026/05/20-08:24:28.950,-0.420285373
1779236669,2026/05/20-08:24:29.140,0.029589844
1779236669,2026/05/20-08:24:29.340,-0.112331814
1779236670,2026/05/20-08:24:29.540,-0.044384766
1779236670,2026/05/20-08:24:29.740,0.133154297
1779236670,2026/05/20-08:24:29.940,-0.190690104
1779236670,2026/05/20-08:24:30.210,0.006575521
1779236670,2026/05/20-08:24:30.380,-0.361105686
1779236671,2026/05/20-08:24:30.580,0.248773872
1779236671,2026/05/20-08:24:30.780,-0.025206163
1779236671,2026/05/20-08:24:30.980,0.175347222
1779236671,2026/05/20-08:24:31.180,-0.069590929
1779236671,2026/05/20-08:24:31.420,0.037809245
1779236672,2026/05/20-08:24:31.620,0.299734158
1779236672,2026/05/20-08:24:31.820,-0.030137804
1779236672,2026/05/20-08:24:32.020,0.00328776
1779236672,2026/05/20-08:24:32.220,0.037809245
1779236672,2026/05/20-08:24:32.420,-0.247677951
1779236673,2026/05/20-08:24:32.640,0.269596354
1779236673,2026/05/20-08:24:32.860,0.090413411
1779236673,2026/05/20-08:24:33.060,0.251513672
1779236673,2026/05/20-08:24:33.230,0.511246745
1779236673,2026/05/20-08:24:33.390,0.375900608
1779236674,2026/05/20-08:24:33.580,-0.071234809
1779236674,2026/05/20-08:24:33.810,0.207676866
1779236674,2026/05/20-08:24:34.070,-0.282747396
1779236674,2026/05/20-08:24:34.260,0.207128906
1779236674,2026/05/20-08:24:34.460,-0.295898438
1779236675,2026/05/20-08:24:34.660,-0.23562283
1779236675,2026/05/20-08:24:34.860,0.053700087
1779236675,2026/05/20-08:24:35.130,0.010411241
1779236675,2026/05/20-08:24:35.340,-0.222471788
1779236676,2026/05/20-08:24:35.540,0.005479601
1779236676,2026/05/20-08:24:35.740,-0.190142144
1779236676,2026/05/20-08:24:35.950,-0.012055122
1779236676,2026/05/20-08:24:36.150,-0.246582031
1779236676,2026/05/20-08:24:36.400,0.364393446
1779236677,2026/05/20-08:24:36.620,0.134250217
1779236677,2026/05/20-08:24:36.820,0.174799262
1779236677,2026/05/20-08:24:37.020,0.295898438
1779236677,2026/05/20-08:24:37.220,-0.036165365
1779236677,2026/05/20-08:24:37.420,0.189594184
1779236678,2026/05/20-08:24:37.650,0.225211589
1779236678,2026/05/20-08:24:37.860,0.094249132
1779236678,2026/05/20-08:24:38.060,-0.08055013
1779236678,2026/05/20-08:24:38.260,0.041644965
1779236678,2026/05/20-08:24:38.460,0.125482856
1779236679,2026/05/20-08:24:38.660,-0.151784939
1779236679,2026/05/20-08:24:38.920,-0.247677951
1779236679,2026/05/20-08:24:39.140,-0.07507053
1779236679,2026/05/20-08:24:39.340,-0.071782769
1779236680,2026/05/20-08:24:39.540,-0.281651476
1779236680,2026/05/20-08:24:39.740,-0.098084852
1779236680,2026/05/20-08:24:39.940,0.145209418
1779236680,2026/05/20-08:24:40.220,0.063563368
1779236680,2026/05/20-08:24:40.430,-0.101920573
1779236681,2026/05/20-08:24:40.620,0.463026259
1779236681,2026/05/20-08:24:40.820,-0.027945964
1779236681,2026/05/20-08:24:41.020,-0.275623915
1779236681,2026/05/20-08:24:41.230,-0.271240234
1779236682,2026/05/20-08:24:41.500,-0.168771701
1779236682,2026/05/20-08:24:41.700,-0.026850043
1779236682,2026/05/20-08:24:41.900,-0.47124566
1779236682,2026/05/20-08:24:42.100,-0.39398329
1779236682,2026/05/20-08:24:42.310,-0.232335069
1779236683,2026/05/20-08:24:42.530,-0.207128906
1779236683,2026/05/20-08:24:42.780,-0.202197266
1779236683,2026/05/20-08:24:42.980,-0.444395616
1779236683,2026/05/20-08:24:43.180,0.064111328
1779236683,2026/05/20-08:24:43.380,0.179182943
1779236684,2026/05/20-08:24:43.580,0.247129991
1779236684,2026/05/20-08:24:43.800,0.149045139
1779236684,2026/05/20-08:24:44.020,-0.141373698
1779236684,2026/05/20-08:24:44.220,-0.1550727
1779236684,2026/05/20-08:24:44.420,0.39453125
1779236685,2026/05/20-08:24:44.620,0.265212674
1779236685,2026/05/20-08:24:44.820,0.428504774
1779236685,2026/05/20-08:24:45.040,0.038905165
1779236685,2026/05/20-08:24:45.260,0.117263455
1779236685,2026/05/20-08:24:45.460,-0.264664714
1779236686,2026/05/20-08:24:45.660,0.058083767
1779236686,2026/05/20-08:24:45.860,-0.15836046
1779236686,2026/05/20-08:24:46.060,0.132058377
1779236686,2026/05/20-08:24:46.290,0.178087023
1779236687,2026/05/20-08:24:46.540,0.133702257
1779236687,2026/05/20-08:24:46.740,0.030137804
1779236687,2026/05/20-08:24:46.940,0.343570964
1779236687,2026/05/20-08:24:47.140,-0.411518012
1779236687,2026/05/20-08:24:47.340,-0.192333984
1779236688,2026/05/20-08:24:47.600,-0.087125651
1779236688,2026/05/20-08:24:47.820,-0.028493924
1779236688,2026/05/20-08:24:48.020,0.421381293
1779236688,2026/05/20-08:24:48.220,-0.275623915
1779236688,2026/05/20-08:24:48.420,-0.561111111
1779236689,2026/05/20-08:24:48.620,-0.201101345
1779236689,2026/05/20-08:24:48.900,-0.338639323
1779236689,2026/05/20-08:24:49.100,-0.224663628
1779236689,2026/05/20-08:24:49.300,-0.464670139
1779236690,2026/05/20-08:24:49.500,-0.118359375
1779236690,2026/05/20-08:24:49.700,-0.274527995
1779236690,2026/05/20-08:24:49.900,-0.041644965
1779236690,2026/05/20-08:24:50.170,0.016986762
1779236690,2026/05/20-08:24:50.380,-0.221375868
1779236691,2026/05/20-08:24:50.590,-0.042192925
1779236691,2026/05/20-08:24:50.780,-0.163840061
1779236691,2026/05/20-08:24:50.980,-0.328228082
1779236691,2026/05/20-08:24:51.180,-0.033425564
1779236691,2026/05/20-08:24:51.440,-0.191786024
1779236692,2026/05/20-08:24:51.620,-0.148497179
1779236692,2026/05/20-08:24:51.820,-0.163840061
1779236692,2026/05/20-08:24:52.020,-0.487136502
1779236692,2026/05/20-08:24:52.220,-0.398914931
1779236692,2026/05/20-08:24:52.420,-0.107948134
1779236693,2026/05/20-08:24:52.650,-0.110687934
1779236693,2026/05/20-08:24:52.860,-0.118907335
1779236693,2026/05/20-08:24:53.060,-0.131510417
1779236693,2026/05/20-08:24:53.260,-0.287679036
1779236693,2026/05/20-08:24:53.460,-0.117263455
1779236694,2026/05/20-08:24:53.660,-0.31617296
1779236694,2026/05/20-08:24:53.880,-0.280007595
1779236694,2026/05/20-08:24:54.110,-0.139181858
1779236694,2026/05/20-08:24:54.310,-0.092605252
1779236695,2026/05/20-08:24:54.510,-0.23726671
1779236695,2026/05/20-08:24:54.700,-0.299186198
1779236695,2026/05/20-08:24:54.900,-0.056987847
1779236695,2026/05/20-08:24:55.160,-0.069590929
1779236695,2026/05/20-08:24:55.380,-0.040001085
1779236696,2026/05/20-08:24:55.590,-0.249869792
1779236696,2026/05/20-08:24:55.780,-0.351242405
1779236696,2026/05/20-08:24:55.980,0.025754123
1779236696,2026/05/20-08:24:56.180,-0.23671875
1779236696,2026/05/20-08:24:56.450,-0.031233724
1779236697,2026/05/20-08:24:56.660,-0.193429905
1779236697,2026/05/20-08:24:56.860,-0.224115668
1779236697,2026/05/20-08:24:57.060,-0.113427734
1779236697,2026/05/20-08:24:57.260,-0.284939236
1779236697,2026/05/20-08:24:57.460,-0.072330729
1779236698,2026/05/20-08:24:57.750,-0.269596354
1779236698,2026/05/20-08:24:57.950,0.254801432
1779236698,2026/05/20-08:24:58.140,-0.259733073
1779236698,2026/05/20-08:24:58.340,-0.097536892
1779236699,2026/05/20-08:24:58.540,-0.324940321
1779236699,2026/05/20-08:24:58.750,-0.173703342
1779236699,2026/05/20-08:24:59.020,-0.063563368
1779236699,2026/05/20-08:24:59.220,-0.248225911
1779236699,2026/05/20-08:24:59.420,-0.163840061
1779236700,2026/05/20-08:24:59.620,-0.087673611
1779236700,2026/05/20-08:24:59.830,0.093153212
1779236700,2026/05/20-08:25:00.060,-0.31452908
1779236700,2026/05/20-08:25:00.300,-0.213704427
1779236701,2026/05/20-08:25:00.500,0.022466363
1779236701,2026/05/20-08:25:00.710,-0.134798177
1779236701,2026/05/20-08:25:00.900,0.018630642
1779236701,2026/05/20-08:25:01.100,-0.376996528
1779236701,2026/05/20-08:25:01.380,-0.031233724
1779236702,2026/05/20-08:25:01.580,0.133702257
1779236702,2026/05/20-08:25:01.790,-0.193977865
1779236702,2026/05/20-08:25:01.980,0.432888455
1779236702,2026/05/20-08:25:02.180,0.149593099
1779236702,2026/05/20-08:25:02.380,-0.258637153
1779236703,2026/05/20-08:25:02.670,0.044384766
1779236703,2026/05/20-08:25:02.860,0.074522569
1779236703,2026/05/20-08:25:03.060,0.118907335
1779236703,2026/05/20-08:25:03.260,0.176443142
1779236703,2026/05/20-08:25:03.460,0.022466363
1779236704,2026/05/20-08:25:03.670,-0.229047309
1779236704,2026/05/20-08:25:03.940,0.163840061
1779236704,2026/05/20-08:25:04.140,0.102468533
1779236704,2026/05/20-08:25:04.340,-0.024658203
1779236705,2026/05/20-08:25:04.540,0.277267795
1779236705,2026/05/20-08:25:04.740,0.271240234
1779236705,2026/05/20-08:25:04.970,0.096988932
1779236705,2026/05/20-08:25:05.190,-0.254801432
1779236705,2026/05/20-08:25:05.380,-0.226307509
1779236706,2026/05/20-08:25:05.580,-0.113975694
1779236706,2026/05/20-08:25:05.790,-0.08109809
1779236706,2026/05/20-08:25:05.990,-0.027398003
1779236706,2026/05/20-08:25:06.220,-0.139181858
1779236706,2026/05/20-08:25:06.460,-0.126578776
1779236707,2026/05/20-08:25:06.660,-0.377544488
1779236707,2026/05/20-08:25:06.860,-0.245486111
1779236707,2026/05/20-08:25:07.060,-0.151784939
1779236707,2026/05/20-08:25:07.260,-0.298090278
1779236707,2026/05/20-08:25:07.480,0.223019748
1779236708,2026/05/20-08:25:07.700,-0.023014323
1779236708,2026/05/20-08:25:07.900,-0.016438802
1779236708,2026/05/20-08:25:08.100,-0.061919488
1779236708,2026/05/20-08:25:08.310,-0.021918403
1779236709,2026/05/20-08:25:08.500,-0.16164822
1779236709,2026/05/20-08:25:08.730,-0.006027561
1779236709,2026/05/20-08:25:08.980,-0.282747396
1779236709,2026/05/20-08:25:09.180,0.008219401
1779236709,2026/05/20-08:25:09.380,0.037809245
1779236710,2026/05/20-08:25:09.580,0.214252387
1779236710,2026/05/20-08:25:09.780,0.186854384
1779236710,2026/05/20-08:25:10.000,-0.191786024
1779236710,2026/05/20-08:25:10.230,-0.08164605
1779236710,2026/05/20-08:25:10.430,0.197813585
1779236711,2026/05/20-08:25:10.630,0.054248047
1779236711,2026/05/20-08:25:10.820,0.420833333
1779236711,2026/05/20-08:25:11.020,0.327680122
1779236711,2026/05/20-08:25:11.290,0.535356988
1779236712,2026/05/20-08:25:11.510,0.23891059
1779236712,2026/05/20-08:25:11.700,-0.072878689
1779236712,2026/05/20-08:25:11.900,-0.179182943
1779236712,2026/05/20-08:25:12.100,-0.044932726
1779236712,2026/05/20-08:25:12.300,-0.021370443
1779236713,2026/05/20-08:25:12.590,-0.55069987
1779236713,2026/05/20-08:25:12.790,-0.108496094
1779236713,2026/05/20-08:25:12.980,0.056439887
1779236713,2026/05/20-08:25:13.180,0.039453125
1779236713,2026/05/20-08:25:13.390,0.143017578
1779236714,2026/05/20-08:25:13.590,-0.1550727
1779236714,2026/05/20-08:25:13.840,-0.020274523
1779236714,2026/05/20-08:25:14.060,-0.124386936
1779236714,2026/05/20-08:25:14.260,-0.012603082
1779236714,2026/05/20-08:25:14.460,0.224115668
1779236715,2026/05/20-08:25:14.660,-0.009863281
1779236715,2026/05/20-08:25:14.860,0.189046224
1779236715,2026/05/20-08:25:15.130,0.369873047
1779236715,2026/05/20-08:25:15.340,-0.07835829
1779236716,2026/05/20-08:25:15.540,0.00054796
1779236716,2026/05/20-08:25:15.740,-0.151784939
1779236716,2026/05/20-08:25:15.950,0.007671441
1779236716,2026/05/20-08:25:16.150,0.4761773
1779236716,2026/05/20-08:25:16.400,0.294802517
1779236717,2026/05/20-08:25:16.590,0.07671441
1779236717,2026/05/20-08:25:16.790,0.029589844
1779236717,2026/05/20-08:25:16.990,-0.063563368
1779236717,2026/05/20-08:25:17.190,0.036165365
1779236717,2026/05/20-08:25:17.390,0.031233724
1779236718,2026/05/20-08:25:17.670,-0.283295356
1779236718,2026/05/20-08:25:17.860,-0.326036241
1779236718,2026/05/20-08:25:18.060,0.104660373
1779236718,2026/05/20-08:25:18.260,0.08164605
1779236718,2026/05/20-08:25:18.460,0.050960286
1779236719,2026/05/20-08:25:18.670,-0.341379123
1779236719,2026/05/20-08:25:18.940,-0.197813585
1779236719,2026/05/20-08:25:19.140,0.201101345
1779236719,2026/05/20-08:25:19.340,0.63508572
1779236720,2026/05/20-08:25:19.540,-0.501931424
1779236720,2026/05/20-08:25:19.740,-0.011507161
1779236720,2026/05/20-08:25:19.990,-0.140825738
1779236720,2026/05/20-08:25:20.230,-0.016986762
1779236720,2026/05/20-08:25:20.420,-0.008767361
1779236721,2026/05/20-08:25:20.620,0.111235894
1779236721,2026/05/20-08:25:20.820,-0.333159722
1779236721,2026/05/20-08:25:21.020,0.278363715
1779236721,2026/05/20-08:25:21.280,0.016986762
1779236722,2026/05/20-08:25:21.500,-0.012055122
1779236722,2026/05/20-08:25:21.710,-0.127674696
1779236722,2026/05/20-08:25:21.910,0.007671441
1779236722,2026/05/20-08:25:22.100,-0.300282118
1779236722,2026/05/20-08:25:22.310,0.204937066
1779236723,2026/05/20-08:25:22.590,-0.214252387
1779236723,2026/05/20-08:25:22.780,-0.062467448
1779236723,2026/05/20-08:25:22.980,-0.146853299
1779236723,2026/05/20-08:25:23.180,0.198361545
1779236723,2026/05/20-08:25:23.390,-0.07507053
1779236724,2026/05/20-08:25:23.590,0.134250217
1779236724,2026/05/20-08:25:23.840,-0.144661458
1779236724,2026/05/20-08:25:24.020,0.037809245
1779236724,2026/05/20-08:25:24.220,0.120003255
1779236724,2026/05/20-08:25:24.420,0.141921658
1779236725,2026/05/20-08:25:24.620,-0.054248047
1779236725,2026/05/20-08:25:24.820,-0.026850043
1779236725,2026/05/20-08:25:25.090,0.117263455
1779236725,2026/05/20-08:25:25.300,0.101920573
1779236726,2026/05/20-08:25:25.500,0.049864366
1779236726,2026/05/20-08:25:25.700,-0.309049479
1779236726,2026/05/20-08:25:25.900,-0.213156467
1779236726,2026/05/20-08:25:26.100,0.132606337
1779236726,2026/05/20-08:25:26.360,-0.145757378
1779236727,2026/05/20-08:25:26.540,-0.009315321
1779236727,2026/05/20-08:25:26.750,-0.034521484
1779236727,2026/05/20-08:25:26.940,0.116715495
1779236727,2026/05/20-08:25:27.140,-0.018630642
1779236727,2026/05/20-08:25:27.340,-0.31726888
1779236728,2026/05/20-08:25:27.610,0.378640408
1779236728,2026/05/20-08:25:27.820,-0.184114583
1779236728,2026/05/20-08:25:28.020,-0.125482856
1779236728,2026/05/20-08:25:28.230,-0.074522569
1779236728,2026/05/20-08:25:28.420,-0.129318576
1779236729,2026/05/20-08:25:28.620,0.427408854
1779236729,2026/05/20-08:25:28.900,0.043288845
1779236729,2026/05/20-08:25:29.100,-0.351790365
1779236729,2026/05/20-08:25:29.300,0.140277778
1779236730,2026/05/20-08:25:29.500,-0.15890842
1779236730,2026/05/20-08:25:29.700,-0.141921658
1779236730,2026/05/20-08:25:29.910,-0.104660373
1779236730,2026/05/20-08:25:30.180,0.084933811
1779236730,2026/05/20-08:25:30.380,0.08219401
1779236731,2026/05/20-08:25:30.580,-0.08000217
1779236731,2026/05/20-08:25:30.790,0.183018663
1779236731,2026/05/20-08:25:30.990,0.08164605
1779236731,2026/05/20-08:25:31.210,0.128770616
1779236731,2026/05/20-08:25:31.460,0.08274197
1779236732,2026/05/20-08:25:31.670,0.277267795
1779236732,2026/05/20-08:25:31.870,0.340283203
1779236732,2026/05/20-08:25:32.070,-0.376996528
1779236732,2026/05/20-08:25:32.260,-0.064111328
1779236733,2026/05/20-08:25:32.540,-0.072878689
1779236733,2026/05/20-08:25:32.750,0.087125651
1779236733,2026/05/20-08:25:32.940,0.00219184
1779236733,2026/05/20-08:25:33.140,-0.097536892
1779236733,2026/05/20-08:25:33.340,-0.031781684
1779236734,2026/05/20-08:25:33.540,-0.227403429
1779236734,2026/05/20-08:25:33.800,0.199457465
1779236734,2026/05/20-08:25:33.980,-0.005479601
1779236734,2026/05/20-08:25:34.180,0.08164605
1779236734,2026/05/20-08:25:34.380,0.113975694
1779236735,2026/05/20-08:25:34.580,-0.1578125
1779236735,2026/05/20-08:25:34.780,0.15616862
1779236735,2026/05/20-08:25:35.040,-0.062467448
1779236735,2026/05/20-08:25:35.260,0.201101345
1779236735,2026/05/20-08:25:35.460,0.098632813
1779236736,2026/05/20-08:25:35.660,-0.209320747
1779236736,2026/05/20-08:25:35.860,0.113975694
1779236736,2026/05/20-08:25:36.060,0.612071398
1779236736,2026/05/20-08:25:36.320,0.47398546
1779236737,2026/05/20-08:25:36.500,-0.055343967
1779236737,2026/05/20-08:25:36.700,-0.47179362
1779236737,2026/05/20-08:25:36.900,0.031781684
1779236737,2026/05/20-08:25:37.100,0.035069444
1779236737,2026/05/20-08:25:37.300,-0.243294271
1779236738,2026/05/20-08:25:37.560,0.350694444
1779236738,2026/05/20-08:25:37.790,-0.321652561
1779236738,2026/05/20-08:25:37.990,0.383572049
1779236738,2026/05/20-08:25:38.190,0.00054796
1779236738,2026/05/20-08:25:38.390,-0.288774957
1779236739,2026/05/20-08:25:38.580,0.092605252
1779236739,2026/05/20-08:25:38.860,0.121647135
1779236739,2026/05/20-08:25:39.060,0.069590929
1779236739,2026/05/20-08:25:39.260,0.258637153
1779236739,2026/05/20-08:25:39.460,0.251513672
1779236740,2026/05/20-08:25:39.660,-0.095345052
1779236740,2026/05/20-08:25:39.870,0.381928168
1779236740,2026/05/20-08:25:40.140,-0.123838976
1779236740,2026/05/20-08:25:40.340,-0.130414497
1779236741,2026/05/20-08:25:40.540,-0.010959201
1779236741,2026/05/20-08:25:40.740,-0.139181858
1779236741,2026/05/20-08:25:40.940,-0.215348307
1779236741,2026/05/20-08:25:41.170,-0.169319661
1779236741,2026/05/20-08:25:41.420,0.108496094
1779236742,2026/05/20-08:25:41.620,-0.223567708
1779236742,2026/05/20-08:25:41.820,-0.032329644
1779236742,2026/05/20-08:25:42.020,0.109044054
1779236742,2026/05/20-08:25:42.220,0.123838976
1779236743,2026/05/20-08:25:42.500,0.0027398
1779236743,2026/05/20-08:25:42.700,0.111783854
1779236743,2026/05/20-08:25:42.900,-0.207676866
1779236743,2026/05/20-08:25:43.110,-0.007123481
1779236743,2026/05/20-08:25:43.300,0.202745226
1779236744,2026/05/20-08:25:43.510,0.453162977
1779236744,2026/05/20-08:25:43.760,0.105756293
1779236744,2026/05/20-08:25:43.940,0.059179688
1779236744,2026/05/20-08:25:44.140,0.137537977
1779236744,2026/05/20-08:25:44.340,0.00054796
1779236745,2026/05/20-08:25:44.540,0.31398112
1779236745,2026/05/20-08:25:44.740,0.044932726
1779236745,2026/05/20-08:25:45.010,0.066851128
1779236745,2026/05/20-08:25:45.230,-0.176991102
1779236745,2026/05/20-08:25:45.420,-0.539740668
1779236746,2026/05/20-08:25:45.620,-0.182470703
1779236746,2026/05/20-08:25:45.820,-0.284391276
1779236746,2026/05/20-08:25:46.020,0.021370443
1779236746,2026/05/20-08:25:46.300,0.208224826
1779236747,2026/05/20-08:25:46.500,0.010959201
1779236747,2026/05/20-08:25:46.700,0.261924913
1779236747,2026/05/20-08:25:46.900,0.030685764
1779236747,2026/05/20-08:25:47.100,-0.280007595
1779236747,2026/05/20-08:25:47.310,0.380832248
1779236748,2026/05/20-08:25:47.590,-0.120551215
1779236748,2026/05/20-08:25:47.790,0.404394531
1779236748,2026/05/20-08:25:47.990,-0.090961372
1779236748,2026/05/20-08:25:48.190,-0.189594184
1779236748,2026/05/20-08:25:48.390,0.094249132
1779236749,2026/05/20-08:25:48.610,-0.247677951
1779236749,2026/05/20-08:25:48.860,-0.366037326
1779236749,2026/05/20-08:25:49.060,-0.493712023
1779236749,2026/05/20-08:25:49.260,0.260281033
1779236749,2026/05/20-08:25:49.460,0.230691189
1779236750,2026/05/20-08:25:49.660,-0.057535807
1779236750,2026/05/20-08:25:49.920,0.352338325
1779236750,2026/05/20-08:25:50.140,0.026302083
1779236750,2026/05/20-08:25:50.340,0.053700087
1779236751,2026/05/20-08:25:50.540,0.1550727
1779236751,2026/05/20-08:25:50.740,0.101372613
1779236751,2026/05/20-08:25:50.940,-0.219731988
1779236751,2026/05/20-08:25:51.200,0.089865451
1779236751,2026/05/20-08:25:51.420,0.347406684
1779236752,2026/05/20-08:25:51.620,0.028493924
1779236752,2026/05/20-08:25:51.820,-0.272336155
1779236752,2026/05/20-08:25:52.030,-0.16000434
1779236752,2026/05/20-08:25:52.230,0.232335069
1779236752,2026/05/20-08:25:52.470,-0.222471788
1779236753,2026/05/20-08:25:52.660,0.08000217
1779236753,2026/05/20-08:25:52.870,-0.178087023
1779236753,2026/05/20-08:25:53.060,-0.523849826
1779236753,2026/05/20-08:25:53.270,-0.011507161
1779236753,2026/05/20-08:25:53.470,-0.125482856
1779236754,2026/05/20-08:25:53.720,-0.146305339
1779236754,2026/05/20-08:25:53.900,0.136442057
1779236754,2026/05/20-08:25:54.100,0.028493924
1779236754,2026/05/20-08:25:54.300,-0.298090278
1779236755,2026/05/20-08:25:54.510,0.07616645
1779236755,2026/05/20-08:25:54.710,0.434532335
1779236755,2026/05/20-08:25:54.960,0.08000217
1779236755,2026/05/20-08:25:55.180,0.290966797
1779236755,2026/05/20-08:25:55.380,0.057535807
1779236756,2026/05/20-08:25:55.590,0.070138889
1779236756,2026/05/20-08:25:55.790,-0.094249132
1779236756,2026/05/20-08:25:55.990,0.248773872
1779236756,2026/05/20-08:25:56.230,0.463026259
1779236756,2026/05/20-08:25:56.420,-0.184114583
1779236757,2026/05/20-08:25:56.620,0.122743056
1779236757,2026/05/20-08:25:56.820,-0.066303168
1779236757,2026/05/20-08:25:57.020,-0.013151042
1779236757,2026/05/20-08:25:57.220,-0.030685764
1779236757,2026/05/20-08:25:57.480,-0.275623915
1779236758,2026/05/20-08:25:57.700,0.139181858
1779236758,2026/05/20-08:25:57.900,-0.118907335
1779236758,2026/05/20-08:25:58.100,-0.249869792
1779236758,2026/05/20-08:25:58.300,-0.084385851
1779236759,2026/05/20-08:25:58.500,-0.296446398
1779236759,2026/05/20-08:25:58.750,0.049864366
1779236759,2026/05/20-08:25:58.940,0.206032986
1779236759,2026/05/20-08:25:59.140,0.035069444
1779236759,2026/05/20-08:25:59.340,0.054796007
1779236760,2026/05/20-08:25:59.540,0.015890842
1779236760,2026/05/20-08:25:59.740,-0.044932726
1779236760,2026/05/20-08:26:00.030,0.101920573
1779236760,2026/05/20-08:26:00.220,-0.362749566
1779236760,2026/05/20-08:26:00.420,-0.112331814
1779236761,2026/05/20-08:26:00.620,-0.058083767
1779236761,2026/05/20-08:26:00.820,0.152332899
1779236761,2026/05/20-08:26:01.020,-0.210964627
1779236761,2026/05/20-08:26:01.300,-0.036713325
1779236762,2026/05/20-08:26:01.500,-0.043836806
1779236762,2026/05/20-08:26:01.700,0.021918403
1779236762,2026/05/20-08:26:01.900,-0.141921658
1779236762,2026/05/20-08:26:02.100,-0.010959201
1779236762,2026/05/20-08:26:02.310,-0.122743056
1779236763,2026/05/20-08:26:02.590,0.058631727
1779236763,2026/05/20-08:26:02.790,-0.146853299
1779236763,2026/05/20-08:26:02.990,-0.013151042
1779236763,2026/05/20-08:26:03.190,-0.131510417
1779236763,2026/05/20-08:26:03.380,-0.044384766
1779236764,2026/05/20-08:26:03.590,-0.246582031
1779236764,2026/05/20-08:26:03.860,-0.004383681
1779236764,2026/05/20-08:26:04.060,-0.092057292
1779236764,2026/05/20-08:26:04.260,0.567686632
1779236764,2026/05/20-08:26:04.460,0.192333984
1779236765,2026/05/20-08:26:04.660,-0.122195095
1779236765,2026/05/20-08:26:04.890,-0.135894097
1779236765,2026/05/20-08:26:05.140,-0.219184028
1779236765,2026/05/20-08:26:05.340,-0.121647135
1779236766,2026/05/20-08:26:05.540,-0.201649306
1779236766,2026/05/20-08:26:05.740,0.220827908
1779236766,2026/05/20-08:26:05.940,0.31452908
1779236766,2026/05/20-08:26:06.200,0.178634983
1779236766,2026/05/20-08:26:06.420,0.432340495
1779236767,2026/05/20-08:26:06.620,0.241102431
1779236767,2026/05/20-08:26:06.820,0.39727105
1779236767,2026/05/20-08:26:07.020,-0.028493924
1779236767,2026/05/20-08:26:07.220,0.128770616
1779236768,2026/05/20-08:26:07.510,0.3183648
1779236768,2026/05/20-08:26:07.710,0.389051649
1779236768,2026/05/20-08:26:07.900,0.072878689
1779236768,2026/05/20-08:26:08.100,0.23726671
1779236768,2026/05/20-08:26:08.300,-0.127674696
1779236769,2026/05/20-08:26:08.500,0.07945421
1779236769,2026/05/20-08:26:08.750,0.250965712
1779236769,2026/05/20-08:26:08.940,0.041097005
1779236769,2026/05/20-08:26:09.140,0.223567708
1779236769,2026/05/20-08:26:09.340,-0.164388021
1779236770,2026/05/20-08:26:09.550,-0.066303168
1779236770,2026/05/20-08:26:09.740,-0.011507161
1779236770,2026/05/20-08:26:09.990,-0.307405599
1779236770,2026/05/20-08:26:10.190,-0.163840061
1779236770,2026/05/20-08:26:10.390,0.030137804
1779236771,2026/05/20-08:26:10.590,-0.052604167
1779236771,2026/05/20-08:26:10.790,0.164935981
1779236771,2026/05/20-08:26:10.990,0.248225911
1779236771,2026/05/20-08:26:11.270,0.224663628
1779236771,2026/05/20-08:26:11.460,-0.207128906
1779236772,2026/05/20-08:26:11.660,0.045480686
1779236772,2026/05/20-08:26:11.860,-0.074522569
1779236772,2026/05/20-08:26:12.060,-0.058083767
1779236772,2026/05/20-08:26:12.280,0.033973524
1779236773,2026/05/20-08:26:12.540,0.038357205
1779236773,2026/05/20-08:26:12.740,-0.019178602
1779236773,2026/05/20-08:26:12.940,0.032877604
1779236773,2026/05/20-08:26:13.140,-0.187402344
1779236773,2026/05/20-08:26:13.340,-0.050412326
1779236774,2026/05/20-08:26:13.570,0.062467448
1779236774,2026/05/20-08:26:13.820,-0.1605523
1779236774,2026/05/20-08:26:14.020,0.375900608
1779236774,2026/05/20-08:26:14.220,0.072878689
1779236774,2026/05/20-08:26:14.420,0.253157552
1779236775,2026/05/20-08:26:14.620,0.1550727
1779236775,2026/05/20-08:26:14.850,-0.189046224
1779236775,2026/05/20-08:26:15.070,0.08109809
1779236775,2026/05/20-08:26:15.260,0.045480686
1779236775,2026/05/20-08:26:15.460,-0.019726563
1779236776,2026/05/20-08:26:15.660,0.040001085
1779236776,2026/05/20-08:26:15.860,-0.092057292
1779236776,2026/05/20-08:26:16.080,-0.07835829
1779236776,2026/05/20-08:26:16.300,-0.244938151
1779236777,2026/05/20-08:26:16.500,-0.170415582
1779236777,2026/05/20-08:26:16.700,0.148497179
1779236777,2026/05/20-08:26:16.900,-0.090413411
1779236777,2026/05/20-08:26:17.100,-0.23781467
1779236777,2026/05/20-08:26:17.320,-0.061919488
1779236778,2026/05/20-08:26:17.540,0.141373698
1779236778,2026/05/20-08:26:17.740,0.054796007
1779236778,2026/05/20-08:26:17.940,0.093701172
1779236778,2026/05/20-08:26:18.140,0.020822483
1779236778,2026/05/20-08:26:18.340,0.198361545
1779236779,2026/05/20-08:26:18.580,-0.124934896
1779236779,2026/05/20-08:26:18.820,-0.016986762
1779236779,2026/05/20-08:26:19.020,0.039453125
1779236779,2026/05/20-08:26:19.220,0.178634983
1779236779,2026/05/20-08:26:19.420,0.150141059
1779236780,2026/05/20-08:26:19.620,-0.153428819
1779236780,2026/05/20-08:26:19.880,0.08055013
1779236780,2026/05/20-08:26:20.110,-0.004931641
1779236780,2026/05/20-08:26:20.300,0.029041884
1779236781,2026/05/20-08:26:20.510,0.130414497
1779236781,2026/05/20-08:26:20.710,-0.055891927
1779236781,2026/05/20-08:26:20.900,-0.147401259
1779236781,2026/05/20-08:26:21.130,0.197813585
1779236781,2026/05/20-08:26:21.390,-0.036165365
1779236782,2026/05/20-08:26:21.590,-0.339187283
1779236782,2026/05/20-08:26:21.790,-0.16110026
1779236782,2026/05/20-08:26:21.990,-0.028493924
1779236782,2026/05/20-08:26:22.190,-0.223019748
1779236782,2026/05/20-08:26:22.450,-0.020822483
1779236783,2026/05/20-08:26:22.660,-0.140277778
1779236783,2026/05/20-08:26:22.860,0.064111328
1779236783,2026/05/20-08:26:23.060,0.018082682
1779236783,2026/05/20-08:26:23.260,-0.205485026
1779236783,2026/05/20-08:26:23.460,-0.450971137
1779236784,2026/05/20-08:26:23.730,-0.121099175
1779236784,2026/05/20-08:26:23.950,0.31507704
1779236784,2026/05/20-08:26:24.150,-0.108496094
1779236784,2026/05/20-08:26:24.350,0.384667969
1779236785,2026/05/20-08:26:24.550,0.041097005
1779236785,2026/05/20-08:26:24.740,-0.215896267
1779236785,2026/05/20-08:26:24.990,0.110139974
1779236785,2026/05/20-08:26:25.180,0.08055013
1779236785,2026/05/20-08:26:25.390,-0.185210503
1779236786,2026/05/20-08:26:25.580,0.125482856
1779236786,2026/05/20-08:26:25.790,0.16000434
1779236786,2026/05/20-08:26:25.990,0.3183648
1779236786,2026/05/20-08:26:26.230,0.15616862
1779236786,2026/05/20-08:26:26.420,0.129866536
1779236787,2026/05/20-08:26:26.620,0.255897352
1779236787,2026/05/20-08:26:26.830,0.193429905
1779236787,2026/05/20-08:26:27.030,0.090413411
1779236787,2026/05/20-08:26:27.230,-0.205485026
1779236788,2026/05/20-08:26:27.500,0.054796007
1779236788,2026/05/20-08:26:27.710,-0.305761719
1779236788,2026/05/20-08:26:27.910,-0.147949219
1779236788,2026/05/20-08:26:28.110,0.189046224
1779236788,2026/05/20-08:26:28.300,0.153428819
1779236789,2026/05/20-08:26:28.510,-0.055891927
1779236789,2026/05/20-08:26:28.790,-0.141921658
1779236789,2026/05/20-08:26:28.980,-0.122743056
1779236789,2026/05/20-08:26:29.180,0.07945421
1779236789,2026/05/20-08:26:29.390,-0.124934896
1779236790,2026/05/20-08:26:29.580,0.194525825
1779236790,2026/05/20-08:26:29.820,0.073426649
1779236790,2026/05/20-08:26:30.070,-0.040001085
1779236790,2026/05/20-08:26:30.270,-0.008219401
1779236790,2026/05/20-08:26:30.470,-0.255349392
1779236791,2026/05/20-08:26:30.670,0.176991102
1779236791,2026/05/20-08:26:30.870,0.162744141
1779236791,2026/05/20-08:26:31.130,0.024658203
1779236791,2026/05/20-08:26:31.350,0.07616645
1779236792,2026/05/20-08:26:31.550,0.010411241
1779236792,2026/05/20-08:26:31.740,0.08055013
1779236792,2026/05/20-08:26:31.950,0.190142144
1779236792,2026/05/20-08:26:32.150,-0.250965712
1779236792,2026/05/20-08:26:32.400,-0.036713325
1779236793,2026/05/20-08:26:32.580,-0.134250217
1779236793,2026/05/20-08:26:32.790,0.07726237
1779236793,2026/05/20-08:26:32.980,-0.054796007
1779236793,2026/05/20-08:26:33.190,-0.459738498
1779236793,2026/05/20-08:26:33.390,-0.055343967
1779236794,2026/05/20-08:26:33.640,-0.067399089
1779236794,2026/05/20-08:26:33.870,-0.152332899
1779236794,2026/05/20-08:26:34.060,0.498643663
1779236794,2026/05/20-08:26:34.260,0.379188368
1779236794,2026/05/20-08:26:34.460,-0.292610677
1779236795,2026/05/20-08:26:34.670,-0.038357205
1779236795,2026/05/20-08:26:34.950,0.090961372
1779236795,2026/05/20-08:26:35.140,-0.031233724
1779236795,2026/05/20-08:26:35.350,-0.107948134
1779236796,2026/05/20-08:26:35.550,0.052056207
1779236796,2026/05/20-08:26:35.750,-0.356722005
1779236796,2026/05/20-08:26:35.950,-0.195621745
1779236796,2026/05/20-08:26:36.230,-0.07835829
1779236796,2026/05/20-08:26:36.430,0.033973524
1779236797,2026/05/20-08:26:36.630,0.16110026
1779236797,2026/05/20-08:26:36.830,-0.008219401
1779236797,2026/05/20-08:26:37.030,0.038905165
1779236797,2026/05/20-08:26:37.290,-0.050412326
1779236798,2026/05/20-08:26:37.500,-0.115619575
1779236798,2026/05/20-08:26:37.700,0.014794922
1779236798,2026/05/20-08:26:37.900,0.336995443
1779236798,2026/05/20-08:26:38.100,-0.048768446
1779236798,2026/05/20-08:26:38.300,-0.210964627
1779236799,2026/05/20-08:26:38.560,-0.058083767
1779236799,2026/05/20-08:26:38.790,-0.180826823
1779236799,2026/05/20-08:26:38.990,-0.046576606
1779236799,2026/05/20-08:26:39.190,0.121647135
1779236799,2026/05/20-08:26:39.390,0.08164605
1779236800,2026/05/20-08:26:39.590,0.034521484
1779236800,2026/05/20-08:26:39.860,-0.250417752
1779236800,2026/05/20-08:26:40.070,-0.277815755
1779236800,2026/05/20-08:26:40.270,-0.202745226
1779236800,2026/05/20-08:26:40.470,0.300830078
1779236801,2026/05/20-08:26:40.660,0.130414497
1779236801,2026/05/20-08:26:40.870,0.278363715
1779236801,2026/05/20-08:26:41.120,-0.109044054
1779236801,2026/05/20-08:26:41.300,0.022466363
1779236802,2026/05/20-08:26:41.500,-0.134798177
1779236802,2026/05/20-08:26:41.710,-0.217540148
1779236802,2026/05/20-08:26:41.910,-0.285487196
1779236802,2026/05/20-08:26:42.110,-0.275623915
1779236802,2026/05/20-08:26:42.380,-0.042192925
1779236803,2026/05/20-08:26:42.590,0.134798177
1779236803,2026/05/20-08:26:42.790,-0.013151042
1779236803,2026/05/20-08:26:42.980,-0.192333984
1779236803,2026/05/20-08:26:43.190,0.138633898
1779236803,2026/05/20-08:26:43.380,0.08164605
1779236804,2026/05/20-08:26:43.650,-0.134798177
1779236804,2026/05/20-08:26:43.870,-0.053700087
1779236804,2026/05/20-08:26:44.060,0.014246962
1779236804,2026/05/20-08:26:44.270,-0.290418837
1779236804,2026/05/20-08:26:44.460,-0.463026259
1779236805,2026/05/20-08:26:44.670,0.16110026
1779236805,2026/05/20-08:26:44.930,-0.059179688
1779236805,2026/05/20-08:26:45.150,-0.303021918
1779236805,2026/05/20-08:26:45.350,-0.370968967
1779236806,2026/05/20-08:26:45.540,-0.568782552
1779236806,2026/05/20-08:26:45.750,-0.048220486
1779236806,2026/05/20-08:26:45.950,0.021918403
1779236806,2026/05/20-08:26:46.190,-0.134250217
1779236806,2026/05/20-08:26:46.390,0.083837891
1779236807,2026/05/20-08:26:46.590,0.137537977
1779236807,2026/05/20-08:26:46.790,0.174251302
1779236807,2026/05/20-08:26:46.990,0.494259983
1779236807,2026/05/20-08:26:47.190,0.104112413
1779236807,2026/05/20-08:26:47.470,0.162744141
1779236808,2026/05/20-08:26:47.670,0.15397678
1779236808,2026/05/20-08:26:47.870,-0.071782769
1779236808,2026/05/20-08:26:48.060,-0.027945964
1779236808,2026/05/20-08:26:48.270,-0.120551215
1779236808,2026/05/20-08:26:48.470,0.306309679
1779236809,2026/05/20-08:26:48.710,0.126030816
1779236809,2026/05/20-08:26:48.900,0.286035156
1779236809,2026/05/20-08:26:49.100,0.311241319
1779236809,2026/05/20-08:26:49.300,0.403298611
1779236810,2026/05/20-08:26:49.500,0.376448568
1779236810,2026/05/20-08:26:49.710,0.112331814
1779236810,2026/05/20-08:26:49.950,0.273980035
1779236810,2026/05/20-08:26:50.140,0.23726671
1779236810,2026/05/20-08:26:50.350,0.46960178
1779236811,2026/05/20-08:26:50.540,0.281651476
1779236811,2026/05/20-08:26:50.750,0.248225911
1779236811,2026/05/20-08:26:50.950,0.224115668
1779236811,2026/05/20-08:26:51.190,0.129866536
1779236811,2026/05/20-08:26:51.390,0.008767361
1779236812,2026/05/20-08:26:51.590,-0.162196181
1779236812,2026/05/20-08:26:51.790,0.284391276
1779236812,2026/05/20-08:26:51.990,0.120551215
1779236812,2026/05/20-08:26:52.190,0.046028646
1779236812,2026/05/20-08:26:52.430,0.338091363
1779236813,2026/05/20-08:26:52.630,-0.322200521
1779236813,2026/05/20-08:26:52.820,-4.34E-17
1779236813,2026/05/20-08:26:53.030,0.243842231
1779236813,2026/05/20-08:26:53.230,0.418093533
1779236813,2026/05/20-08:26:53.420,0.293158637
1779236814,2026/05/20-08:26:53.680,0.114523655
1779236814,2026/05/20-08:26:53.900,0.277267795
1779236814,2026/05/20-08:26:54.100,0.165483941
1779236814,2026/05/20-08:26:54.310,0.182470703
1779236815,2026/05/20-08:26:54.500,0.073426649
1779236815,2026/05/20-08:26:54.700,-0.168771701
1779236815,2026/05/20-08:26:54.960,0.105208333
1779236815,2026/05/20-08:26:55.140,-0.203293186
1779236815,2026/05/20-08:26:55.350,0.084385851
1779236816,2026/05/20-08:26:55.550,-0.481656901
1779236816,2026/05/20-08:26:55.750,0.095893012
1779236816,2026/05/20-08:26:55.940,-0.098632813
1779236816,2026/05/20-08:26:56.160,0.096988932
1779236816,2026/05/20-08:26:56.380,0.067399089
1779236817,2026/05/20-08:26:56.580,-0.4761773
1779236817,2026/05/20-08:26:56.790,0.100824653
1779236817,2026/05/20-08:26:56.980,0.00164388
1779236817,2026/05/20-08:26:57.190,-0.136442057
1779236817,2026/05/20-08:26:57.440,-0.086029731
1779236818,2026/05/20-08:26:57.630,0.010411241
1779236818,2026/05/20-08:26:57.830,-0.026850043
1779236818,2026/05/20-08:26:58.030,-0.290418837
1779236818,2026/05/20-08:26:58.230,0.072878689
1779236818,2026/05/20-08:26:58.430,0.144113498
1779236819,2026/05/20-08:26:58.650,0.265212674
1779236819,2026/05/20-08:26:58.900,0.120003255
1779236819,2026/05/20-08:26:59.100,0.07671441
1779236819,2026/05/20-08:26:59.310,0.130414497
1779236820,2026/05/20-08:26:59.510,-0.16000434
1779236820,2026/05/20-08:26:59.700,-0.149593099
1779236820,2026/05/20-08:26:59.920,-0.073974609
1779236820,2026/05/20-08:27:00.150,-0.172607422
1779236820,2026/05/20-08:27:00.350,0.069042969
1779236821,2026/05/20-08:27:00.550,0.00383572
1779236821,2026/05/20-08:27:00.750,-0.131510417
1779236821,2026/05/20-08:27:00.950,0.642209201
1779236821,2026/05/20-08:27:01.200,-0.114523655
1779236821,2026/05/20-08:27:01.430,-0.15726454
1779236822,2026/05/20-08:27:01.630,-0.07781033
1779236822,2026/05/20-08:27:01.830,0.040001085
1779236822,2026/05/20-08:27:02.030,-0.083289931
1779236822,2026/05/20-08:27:02.230,0.322200521
1779236822,2026/05/20-08:27:02.480,-0.375900608
1779236823,2026/05/20-08:27:02.710,-0.092605252
1779236823,2026/05/20-08:27:02.900,-0.060275608
1779236823,2026/05/20-08:27:03.100,-0.08274197
1779236823,2026/05/20-08:27:03.310,-0.043836806
1779236824,2026/05/20-08:27:03.500,-0.098632813
1779236824,2026/05/20-08:27:03.770,0.269048394
1779236824,2026/05/20-08:27:03.990,-0.124386936
1779236824,2026/05/20-08:27:04.190,-0.129866536
1779236824,2026/05/20-08:27:04.390,0.010411241
1779236825,2026/05/20-08:27:04.580,0.057535807
1779236825,2026/05/20-08:27:04.780,-0.220827908
1779236825,2026/05/20-08:27:05.040,-0.083837891
1779236825,2026/05/20-08:27:05.230,0.181374783
1779236825,2026/05/20-08:27:05.430,0.053700087
1779236826,2026/05/20-08:27:05.630,0.170963542
1779236826,2026/05/20-08:27:05.830,-0.118359375
1779236826,2026/05/20-08:27:06.030,-0.064111328
1779236826,2026/05/20-08:27:06.280,-0.347954644
1779236826,2026/05/20-08:27:06.470,-0.1605523
1779236827,2026/05/20-08:27:06.670,0.083289931
1779236827,2026/05/20-08:27:06.860,-0.298638238
1779236827,2026/05/20-08:27:07.060,-0.141921658
1779236827,2026/05/20-08:27:07.260,0.184114583
1779236828,2026/05/20-08:27:07.520,-0.227951389
1779236828,2026/05/20-08:27:07.700,-0.07781033
1779236828,2026/05/20-08:27:07.900,-0.563850911
1779236828,2026/05/20-08:27:08.100,0.133702257
1779236828,2026/05/20-08:27:08.310,-0.037261285
1779236829,2026/05/20-08:27:08.500,0.187950304
1779236829,2026/05/20-08:27:08.790,0.383572049
1779236829,2026/05/20-08:27:08.990,0.31617296
1779236829,2026/05/20-08:27:09.190,0.15836046
1779236829,2026/05/20-08:27:09.390,0.228499349
1779236830,2026/05/20-08:27:09.590,0.346858724
1779236830,2026/05/20-08:27:09.790,-0.495903863
1779236830,2026/05/20-08:27:10.070,0.010959201
1779236830,2026/05/20-08:27:10.270,-0.084385851
1779236830,2026/05/20-08:27:10.470,0.566042752
1779236831,2026/05/20-08:27:10.670,0.305761719
1779236831,2026/05/20-08:27:10.870,-0.249869792
1779236831,2026/05/20-08:27:11.100,-0.31507704
1779236831,2026/05/20-08:27:11.350,-0.035617405
1779236832,2026/05/20-08:27:11.550,-0.040001085
1779236832,2026/05/20-08:27:11.750,-0.08274197
1779236832,2026/05/20-08:27:11.950,0.261924913
1779236832,2026/05/20-08:27:12.150,-0.177539063
1779236832,2026/05/20-08:27:12.400,0.39617513
1779236833,2026/05/20-08:27:12.630,0.012603082
1779236833,2026/05/20-08:27:12.830,0.050960286
1779236833,2026/05/20-08:27:13.030,-0.117263455
1779236833,2026/05/20-08:27:13.230,0.216992188
1779236833,2026/05/20-08:27:13.430,-0.214800347
1779236834,2026/05/20-08:27:13.640,-0.07671441
1779236834,2026/05/20-08:27:13.910,0.267404514
1779236834,2026/05/20-08:27:14.110,0.103564453
1779236834,2026/05/20-08:27:14.300,0.137537977
1779236835,2026/05/20-08:27:14.510,-0.066851128
1779236835,2026/05/20-08:27:14.710,-0.035617405
1779236835,2026/05/20-08:27:14.980,-0.070686849
1779236835,2026/05/20-08:27:15.190,-0.067947049
1779236835,2026/05/20-08:27:15.390,-0.345214844
1779236836,2026/05/20-08:27:15.590,0.261376953
1779236836,2026/05/20-08:27:15.790,0.132606337
1779236836,2026/05/20-08:27:15.990,-0.227403429
1779236836,2026/05/20-08:27:16.200,0.39124349
1779236836,2026/05/20-08:27:16.430,0.099180773
1779236837,2026/05/20-08:27:16.630,0.033425564
1779236837,2026/05/20-08:27:16.830,0.117811415
1779236837,2026/05/20-08:27:17.030,0.008767361
1779236837,2026/05/20-08:27:17.230,-0.023014323
1779236837,2026/05/20-08:27:17.480,-0.007123481
1779236838,2026/05/20-08:27:17.670,0.292610677
1779236838,2026/05/20-08:27:17.860,-0.004931641
1779236838,2026/05/20-08:27:18.060,-0.1605523
1779236838,2026/05/20-08:27:18.260,-0.255349392
1779236838,2026/05/20-08:27:18.460,-0.1578125
1779236839,2026/05/20-08:27:18.680,0.048768446
1779236839,2026/05/20-08:27:18.910,-0.15836046
1779236839,2026/05/20-08:27:19.110,-0.092605252
1779236839,2026/05/20-08:27:19.300,0.437272135
1779236840,2026/05/20-08:27:19.510,0.103564453
1779236840,2026/05/20-08:27:19.700,0.136442057
1779236840,2026/05/20-08:27:19.990,-0.126030816
1779236840,2026/05/20-08:27:20.190,-0.024110243
1779236840,2026/05/20-08:27:20.390,-0.026850043
1779236841,2026/05/20-08:27:20.590,0.31452908
1779236841,2026/05/20-08:27:20.790,0.015890842
1779236841,2026/05/20-08:27:20.990,-0.168771701
1779236841,2026/05/20-08:27:21.240,-0.062467448
1779236841,2026/05/20-08:27:21.470,-0.006027561
1779236842,2026/05/20-08:27:21.670,-0.109044054
1779236842,2026/05/20-08:27:21.870,-0.164388021
1779236842,2026/05/20-08:27:22.070,-0.120003255
1779236842,2026/05/20-08:27:22.270,0.296446398
1779236843,2026/05/20-08:27:22.530,-0.23562283
1779236843,2026/05/20-08:27:22.750,-0.202745226
1779236843,2026/05/20-08:27:22.950,0.401654731
1779236843,2026/05/20-08:27:23.150,-0.118907335
1779236843,2026/05/20-08:27:23.350,0.147401259
1779236844,2026/05/20-08:27:23.550,0.420833333
1779236844,2026/05/20-08:27:23.790,0.168771701
1779236844,2026/05/20-08:27:23.980,0.164388021
1779236844,2026/05/20-08:27:24.180,0.586317274
1779236844,2026/05/20-08:27:24.390,-0.031233724
1779236845,2026/05/20-08:27:24.590,0.070686849
1779236845,2026/05/20-08:27:24.790,0.181374783
1779236845,2026/05/20-08:27:25.040,0.071234809
1779236845,2026/05/20-08:27:25.230,0.061919488
1779236845,2026/05/20-08:27:25.430,0.258637153
1779236846,2026/05/20-08:27:25.630,0.196717665
1779236846,2026/05/20-08:27:25.830,-0.046028646
1779236846,2026/05/20-08:27:26.030,0.227951389
1779236846,2026/05/20-08:27:26.280,0.057535807
1779236846,2026/05/20-08:27:26.470,0.088769531
1779236847,2026/05/20-08:27:26.670,0.279459635
1779236847,2026/05/20-08:27:26.870,0.544672309
1779236847,2026/05/20-08:27:27.070,0.373160807
1779236847,2026/05/20-08:27:27.270,0.307953559
1779236848,2026/05/20-08:27:27.520,0.251513672
1779236848,2026/05/20-08:27:27.700,0.019726563
1779236848,2026/05/20-08:27:27.900,-0.055891927
1779236848,2026/05/20-08:27:28.110,0.07835829
1779236848,2026/05/20-08:27:28.310,0.051508247
1779236849,2026/05/20-08:27:28.510,-0.131510417
1779236849,2026/05/20-08:27:28.710,0.537548828
1779236849,2026/05/20-08:27:28.950,0.109592014
1779236849,2026/05/20-08:27:29.140,0.162196181
1779236849,2026/05/20-08:27:29.350,0.058631727
1779236850,2026/05/20-08:27:29.550,0.00109592
1779236850,2026/05/20-08:27:29.750,-0.07561849
1779236850,2026/05/20-08:27:29.970,0.174251302
1779236850,2026/05/20-08:27:30.180,0.138633898
1779236850,2026/05/20-08:27:30.390,0.249869792
1779236851,2026/05/20-08:27:30.590,0.116167535
1779236851,2026/05/20-08:27:30.790,-0.15890842
1779236851,2026/05/20-08:27:30.990,0.120551215
1779236851,2026/05/20-08:27:31.250,-0.207676866
1779236851,2026/05/20-08:27:31.470,0.069042969
1779236852,2026/05/20-08:27:31.670,0.036165365
1779236852,2026/05/20-08:27:31.870,-0.095893012
1779236852,2026/05/20-08:27:32.070,0.264664714
1779236852,2026/05/20-08:27:32.270,0.119455295
1779236853,2026/05/20-08:27:32.520,-0.202197266
1779236853,2026/05/20-08:27:32.710,0.100824653
1779236853,2026/05/20-08:27:32.910,-0.259733073
1779236853,2026/05/20-08:27:33.110,0.019178602
1779236853,2026/05/20-08:27:33.310,-0.117263455
1779236854,2026/05/20-08:27:33.510,0.249321832
1779236854,2026/05/20-08:27:33.770,0.351242405
1779236854,2026/05/20-08:27:33.990,0.336447483
1779236854,2026/05/20-08:27:34.190,0.425217014
1779236854,2026/05/20-08:27:34.390,0.1605523
1779236855,2026/05/20-08:27:34.590,-0.104112413
1779236855,2026/05/20-08:27:34.790,0.218636068
1779236855,2026/05/20-08:27:35.040,-0.014794922
1779236855,2026/05/20-08:27:35.270,0.198909505
1779236855,2026/05/20-08:27:35.470,0.388503689
1779236856,2026/05/20-08:27:35.670,0.256445313
1779236856,2026/05/20-08:27:35.870,0.129318576
1779236856,2026/05/20-08:27:36.070,-0.025206163
1779236856,2026/05/20-08:27:36.350,0.036713325
1779236857,2026/05/20-08:27:36.550,0.193977865
1779236857,2026/05/20-08:27:36.750,-0.07507053
1779236857,2026/05/20-08:27:36.940,-0.048220486
1779236857,2026/05/20-08:27:37.150,0.217540148
1779236857,2026/05/20-08:27:37.350,0.109592014
1779236858,2026/05/20-08:27:37.630,0.069042969
1779236858,2026/05/20-08:27:37.830,-0.280555556
1779236858,2026/05/20-08:27:38.030,-0.469053819
1779236858,2026/05/20-08:27:38.230,-0.140825738
1779236858,2026/05/20-08:27:38.430,-0.064659288
1779236859,2026/05/20-08:27:38.630,0.085481771
1779236859,2026/05/20-08:27:38.910,0.047672526
1779236859,2026/05/20-08:27:39.110,0.089317491
1779236859,2026/05/20-08:27:39.310,-0.218636068
1779236860,2026/05/20-08:27:39.510,-0.168771701
1779236860,2026/05/20-08:27:39.710,-0.176443142
1779236860,2026/05/20-08:27:39.930,-0.07890625
1779236860,2026/05/20-08:27:40.190,0.145209418
1779236860,2026/05/20-08:27:40.380,0.018630642
1779236861,2026/05/20-08:27:40.580,0.23836263
1779236861,2026/05/20-08:27:40.790,0.07561849
1779236861,2026/05/20-08:27:40.980,-0.101372613
1779236861,2026/05/20-08:27:41.260,0.110139974
1779236861,2026/05/20-08:27:41.470,-0.100824653
1779236862,2026/05/20-08:27:41.670,0.23452691
1779236862,2026/05/20-08:27:41.870,0.139729818
1779236862,2026/05/20-08:27:42.070,0.019178602
1779236862,2026/05/20-08:27:42.270,0.518918186
1779236863,2026/05/20-08:27:42.530,-0.08055013
1779236863,2026/05/20-08:27:42.750,-0.253705512
1779236863,2026/05/20-08:27:42.950,0.109592014
1779236863,2026/05/20-08:27:43.150,0.07835829
1779236863,2026/05/20-08:27:43.350,0.039453125
1779236864,2026/05/20-08:27:43.550,0.325488281
1779236864,2026/05/20-08:27:43.830,0.024110243
1779236864,2026/05/20-08:27:44.030,-0.166031901
1779236864,2026/05/20-08:27:44.230,0.170963542
1779236864,2026/05/20-08:27:44.430,-0.017534722
1779236865,2026/05/20-08:27:44.630,-0.070686849
1779236865,2026/05/20-08:27:44.830,0.058631727
1779236865,2026/05/20-08:27:45.110,0.107948134
1779236865,2026/05/20-08:27:45.310,0.265212674
1779236866,2026/05/20-08:27:45.510,0.182470703
1779236866,2026/05/20-08:27:45.710,0.286035156
1779236866,2026/05/20-08:27:45.910,-0.31726888
1779236866,2026/05/20-08:27:46.120,-0.08109809
1779236866,2026/05/20-08:27:46.390,-0.31781684
1779236867,2026/05/20-08:27:46.590,-0.024658203
1779236867,2026/05/20-08:27:46.790,0.380832248
1779236867,2026/05/20-08:27:46.980,0.024658203
1779236867,2026/05/20-08:27:47.190,-0.016438802
1779236867,2026/05/20-08:27:47.410,0.179730903
1779236868,2026/05/20-08:27:47.670,0.347406684
1779236868,2026/05/20-08:27:47.870,0.204389106
1779236868,2026/05/20-08:27:48.060,0.087125651
1779236868,2026/05/20-08:27:48.270,0.245486111
1779236868,2026/05/20-08:27:48.470,0.034521484
1779236869,2026/05/20-08:27:48.730,0.230691189
1779236869,2026/05/20-08:27:48.950,0.229595269
1779236869,2026/05/20-08:27:49.150,0.147949219
1779236869,2026/05/20-08:27:49.350,-0.452615017
1779236870,2026/05/20-08:27:49.540,-0.257541233
1779236870,2026/05/20-08:27:49.750,-0.338091363
1779236870,2026/05/20-08:27:50.010,-0.151784939
1779236870,2026/05/20-08:27:50.230,0.257541233
1779236870,2026/05/20-08:27:50.430,-0.054248047
1779236871,2026/05/20-08:27:50.630,0.098632813
1779236871,2026/05/20-08:27:50.830,-0.195621745
1779236871,2026/05/20-08:27:51.030,-0.23562283
1779236871,2026/05/20-08:27:51.270,-0.225211589
1779236871,2026/05/20-08:27:51.470,0.361653646
1779236872,2026/05/20-08:27:51.670,0.190690104
1779236872,2026/05/20-08:27:51.870,-0.16110026
1779236872,2026/05/20-08:27:52.060,0.007671441
1779236872,2026/05/20-08:27:52.270,0.217540148
1779236873,2026/05/20-08:27:52.550,0.030137804
1779236873,2026/05/20-08:27:52.750,0.284939236
1779236873,2026/05/20-08:27:52.950,0.151236979
1779236873,2026/05/20-08:27:53.150,0.117811415
1779236873,2026/05/20-08:27:53.350,0.350146484
1779236874,2026/05/20-08:27:53.560,0.193429905
1779236874,2026/05/20-08:27:53.830,0.255897352
1779236874,2026/05/20-08:27:54.030,0.329324002
1779236874,2026/05/20-08:27:54.230,-0.31343316
1779236874,2026/05/20-08:27:54.430,-0.327680122
1779236875,2026/05/20-08:27:54.630,0.280555556
1779236875,2026/05/20-08:27:54.890,0.127674696
1779236875,2026/05/20-08:27:55.110,-0.144113498
1779236875,2026/05/20-08:27:55.310,0.195621745
1779236876,2026/05/20-08:27:55.510,-0.265760634
1779236876,2026/05/20-08:27:55.710,-0.372612847
1779236876,2026/05/20-08:27:55.910,-0.151236979
1779236876,2026/05/20-08:27:56.160,-0.377544488
1779236876,2026/05/20-08:27:56.390,-0.538644748
1779236877,2026/05/20-08:27:56.590,0.285487196
1779236877,2026/05/20-08:27:56.790,0.062467448
1779236877,2026/05/20-08:27:56.990,0.163292101
1779236877,2026/05/20-08:27:57.190,-0.07507053
1779236877,2026/05/20-08:27:57.440,-0.23617079
1779236878,2026/05/20-08:27:57.630,-0.264664714
1779236878,2026/05/20-08:27:57.830,-0.421381293
1779236878,2026/05/20-08:27:58.030,-0.046028646
1779236878,2026/05/20-08:27:58.230,0.278363715
1779236878,2026/05/20-08:27:58.430,-0.369873047
1779236879,2026/05/20-08:27:58.680,-0.105756293
1779236879,2026/05/20-08:27:58.870,0.298090278
1779236879,2026/05/20-08:27:59.070,-0.019178602
1779236879,2026/05/20-08:27:59.270,-0.126578776
1779236879,2026/05/20-08:27:59.470,0.133154297
1779236880,2026/05/20-08:27:59.670,-0.111235894
1779236880,2026/05/20-08:27:59.920,0.143017578
1779236880,2026/05/20-08:28:00.150,0.335899523
1779236880,2026/05/20-08:28:00.350,0.096440972
1779236881,2026/05/20-08:28:00.550,0.166031901
1779236881,2026/05/20-08:28:00.750,0.187402344
1779236881,2026/05/20-08:28:00.950,0.057535807
1779236881,2026/05/20-08:28:01.230,0.174799262
1779236881,2026/05/20-08:28:01.430,0.016986762
1779236882,2026/05/20-08:28:01.630,0.041644965
1779236882,2026/05/20-08:28:01.830,-0.063563368
1779236882,2026/05/20-08:28:02.030,0.164388021
1779236882,2026/05/20-08:28:02.230,-0.105756293
1779236882,2026/05/20-08:28:02.480,0.241650391
1779236883,2026/05/20-08:28:02.670,-0.213156467
1779236883,2026/05/20-08:28:02.870,-0.273432075
1779236883,2026/05/20-08:28:03.070,-0.180278863
1779236883,2026/05/20-08:28:03.270,0.303021918
1779236883,2026/05/20-08:28:03.470,0.021918403
1779236884,2026/05/20-08:28:03.720,0.366585286
1779236884,2026/05/20-08:28:03.910,-0.134250217
1779236884,2026/05/20-08:28:04.110,-0.288226997
1779236884,2026/05/20-08:28:04.310,-0.013151042
1779236885,2026/05/20-08:28:04.510,-0.035069444
1779236885,2026/05/20-08:28:04.710,-0.089865451
1779236885,2026/05/20-08:28:04.970,-0.120551215
1779236885,2026/05/20-08:28:05.190,-0.057535807
1779236885,2026/05/20-08:28:05.390,0.181922743
1779236886,2026/05/20-08:28:05.580,0.0027398
1779236886,2026/05/20-08:28:05.790,0.104112413
1779236886,2026/05/20-08:28:05.990,-0.467409939
1779236886,2026/05/20-08:28:06.270,-0.147401259
1779236886,2026/05/20-08:28:06.470,-0.265760634
1779236887,2026/05/20-08:28:06.670,-0.059179688
1779236887,2026/05/20-08:28:06.870,0.180278863
1779236887,2026/05/20-08:28:07.060,0.183018663
1779236887,2026/05/20-08:28:07.270,-0.040549045
1779236888,2026/05/20-08:28:07.520,-0.084385851
1779236888,2026/05/20-08:28:07.710,-0.047124566
1779236888,2026/05/20-08:28:07.910,-0.220827908
1779236888,2026/05/20-08:28:08.110,0.099728733
1779236888,2026/05/20-08:28:08.310,0.171511502
1779236889,2026/05/20-08:28:08.510,-0.261376953
1779236889,2026/05/20-08:28:08.760,-0.07890625
1779236889,2026/05/20-08:28:08.990,-0.074522569
1779236889,2026/05/20-08:28:09.190,-0.093153212
1779236889,2026/05/20-08:28:09.390,-0.213704427
1779236890,2026/05/20-08:28:09.590,0.061919488
1779236890,2026/05/20-08:28:09.790,-0.020822483
1779236890,2026/05/20-08:28:10.040,0.308501519
1779236890,2026/05/20-08:28:10.270,0.421381293
1779236890,2026/05/20-08:28:10.470,0.31946072
1779236891,2026/05/20-08:28:10.670,0.144113498
1779236891,2026/05/20-08:28:10.870,-0.013151042
1779236891,2026/05/20-08:28:11.070,0.208772786
1779236891,2026/05/20-08:28:11.290,-0.088769531
1779236892,2026/05/20-08:28:11.550,-0.100824653
1779236892,2026/05/20-08:28:11.750,0.174251302
1779236892,2026/05/20-08:28:11.950,-0.126030816
1779236892,2026/05/20-08:28:12.140,0.00328776
1779236892,2026/05/20-08:28:12.350,0.492616102
1779236893,2026/05/20-08:28:12.630,0.064111328
1779236893,2026/05/20-08:28:12.830,0.044932726
1779236893,2026/05/20-08:28:13.030,-0.204937066
1779236893,2026/05/20-08:28:13.230,-0.040549045
1779236893,2026/05/20-08:28:13.430,3.47E-15
1779236894,2026/05/20-08:28:13.630,0.132606337
1779236894,2026/05/20-08:28:13.900,0.041644965
1779236894,2026/05/20-08:28:14.110,-0.102468533
1779236894,2026/05/20-08:28:14.310,-0.117811415
1779236895,2026/05/20-08:28:14.510,-0.029041884
1779236895,2026/05/20-08:28:14.710,-0.121647135
1779236895,2026/05/20-08:28:14.930,-0.131510417
1779236895,2026/05/20-08:28:15.190,0.127674696
1779236895,2026/05/20-08:28:15.390,-0.010411241
1779236896,2026/05/20-08:28:15.590,0.047124566
1779236896,2026/05/20-08:28:15.790,-0.019726563
1779236896,2026/05/20-08:28:15.990,0.114523655
1779236896,2026/05/20-08:28:16.270,0.096440972
1779236896,2026/05/20-08:28:16.470,0.274527995
1779236897,2026/05/20-08:28:16.670,0.073426649
1779236897,2026/05/20-08:28:16.870,-0.15397678
1779236897,2026/05/20-08:28:17.070,0.23945855
1779236897,2026/05/20-08:28:17.270,-0.150689019
1779236898,2026/05/20-08:28:17.550,-0.355626085
1779236898,2026/05/20-08:28:17.750,0.144113498
1779236898,2026/05/20-08:28:17.950,0.266308594
1779236898,2026/05/20-08:28:18.150,0.020274523
1779236898,2026/05/20-08:28:18.350,0.00109592
1779236899,2026/05/20-08:28:18.550,0.059727648
1779236899,2026/05/20-08:28:18.800,-0.071234809
1779236899,2026/05/20-08:28:18.990,-0.218636068
1779236899,2026/05/20-08:28:19.190,0.174251302
1779236899,2026/05/20-08:28:19.390,-0.018082682
1779236900,2026/05/20-08:28:19.590,-0.0027398
1779236900,2026/05/20-08:28:19.790,0.038357205
1779236900,2026/05/20-08:28:20.050,-0.215348307
1779236900,2026/05/20-08:28:20.270,0.275623915
1779236900,2026/05/20-08:28:20.470,-0.260281033
1779236901,2026/05/20-08:28:20.670,-0.333707682
1779236901,2026/05/20-08:28:20.870,-0.256993273
1779236901,2026/05/20-08:28:21.070,-0.151784939
1779236901,2026/05/20-08:28:21.320,-0.136442057
1779236902,2026/05/20-08:28:21.550,0.171511502
1779236902,2026/05/20-08:28:21.750,-0.135346137
1779236902,2026/05/20-08:28:21.950,0.244938151
1779236902,2026/05/20-08:28:22.150,0.070686849
1779236902,2026/05/20-08:28:22.350,0.094249132
1779236903,2026/05/20-08:28:22.610,-0.051508247
1779236903,2026/05/20-08:28:22.830,-0.150689019
1779236903,2026/05/20-08:28:23.030,0.39617513
1779236903,2026/05/20-08:28:23.230,0.216992188
1779236903,2026/05/20-08:28:23.430,0.31672092
1779236904,2026/05/20-08:28:23.630,-0.067947049
1779236904,2026/05/20-08:28:23.880,0.290966797
1779236904,2026/05/20-08:28:24.070,-0.205485026
1779236904,2026/05/20-08:28:24.270,0.08274197
1779236904,2026/05/20-08:28:24.470,0.340283203
1779236905,2026/05/20-08:28:24.670,-0.226307509
1779236905,2026/05/20-08:28:24.870,0.119455295
1779236905,2026/05/20-08:28:25.120,-0.261924913
1779236905,2026/05/20-08:28:25.310,-0.015890842
1779236906,2026/05/20-08:28:25.510,0.012055122
1779236906,2026/05/20-08:28:25.710,-0.127126736
1779236906,2026/05/20-08:28:25.910,0.302473958
1779236906,2026/05/20-08:28:26.110,0.049316406
1779236906,2026/05/20-08:28:26.370,-0.060275608
1779236907,2026/05/20-08:28:26.550,-0.15452474
1779236907,2026/05/20-08:28:26.750,-0.070686849
1779236907,2026/05/20-08:28:26.950,0.185210503
1779236907,2026/05/20-08:28:27.150,-0.300830078
1779236907,2026/05/20-08:28:27.350,-0.310693359
1779236908,2026/05/20-08:28:27.590,-0.174799262
1779236908,2026/05/20-08:28:27.790,-0.31617296
1779236908,2026/05/20-08:28:27.990,0.139181858
1779236908,2026/05/20-08:28:28.190,0.113427734
1779236908,2026/05/20-08:28:28.390,-0.07671441
1779236909,2026/05/20-08:28:28.590,0.373708767
1779236909,2026/05/20-08:28:28.830,-0.150689019
1779236909,2026/05/20-08:28:29.030,-0.196169705
1779236909,2026/05/20-08:28:29.230,0.166579861
1779236909,2026/05/20-08:28:29.430,0.046028646
1779236910,2026/05/20-08:28:29.630,-0.31452908
1779236910,2026/05/20-08:28:29.830,0.169319661
1779236910,2026/05/20-08:28:30.070,0.040549045
1779236910,2026/05/20-08:28:30.270,-0.320008681
1779236910,2026/05/20-08:28:30.470,-0.134798177
1779236911,2026/05/20-08:28:30.670,-0.204937066
1779236911,2026/05/20-08:28:30.870,-0.228499349
1779236911,2026/05/20-08:28:31.070,0.137537977
1779236911,2026/05/20-08:28:31.320,-0.255897352
1779236912,2026/05/20-08:28:31.510,-0.1578125
1779236912,2026/05/20-08:28:31.710,-0.010959201
1779236912,2026/05/20-08:28:31.910,-0.014246962
1779236912,2026/05/20-08:28:32.110,0.214800347
1779236912,2026/05/20-08:28:32.310,-0.282747396
1779236913,2026/05/20-08:28:32.580,-0.103564453
1779236913,2026/05/20-08:28:32.790,0.103564453
1779236913,2026/05/20-08:28:32.990,0.116715495
1779236913,2026/05/20-08:28:33.190,0.172059462
1779236913,2026/05/20-08:28:33.390,2.08E-15
1779236914,2026/05/20-08:28:33.590,0.179730903
1779236914,2026/05/20-08:28:33.850,0.041097005
1779236914,2026/05/20-08:28:34.070,0.286035156
1779236914,2026/05/20-08:28:34.270,0.042192925
1779236914,2026/05/20-08:28:34.470,-0.027398003
1779236915,2026/05/20-08:28:34.670,0.100276693
1779236915,2026/05/20-08:28:34.870,0.065755208
1779236915,2026/05/20-08:28:35.120,0.143565538
1779236915,2026/05/20-08:28:35.310,-0.231239149
1779236916,2026/05/20-08:28:35.510,-0.184662543
1779236916,2026/05/20-08:28:35.710,-0.194525825
1779236916,2026/05/20-08:28:35.910,-0.190142144
1779236916,2026/05/20-08:28:36.110,0.049316406
1779236916,2026/05/20-08:28:36.320,-0.39507921
1779236917,2026/05/20-08:28:36.550,-0.265760634
1779236917,2026/05/20-08:28:36.750,0.493712023
1779236917,2026/05/20-08:28:36.950,-0.47562934
1779236917,2026/05/20-08:28:37.150,0.249869792
1779236917,2026/05/20-08:28:37.350,-0.143565538
1779236918,2026/05/20-08:28:37.570,-0.23562283
1779236918,2026/05/20-08:28:37.830,0.040001085
1779236918,2026/05/20-08:28:38.030,0.291514757
1779236918,2026/05/20-08:28:38.230,0.099180773
1779236918,2026/05/20-08:28:38.430,0.004931641
1779236919,2026/05/20-08:28:38.630,0.375352648
1779236919,2026/05/20-08:28:38.890,0.071234809
1779236919,2026/05/20-08:28:39.110,0.040549045
1779236919,2026/05/20-08:28:39.310,0.010959201
1779236920,2026/05/20-08:28:39.510,0.130414497
1779236920,2026/05/20-08:28:39.710,0.027945964
1779236920,2026/05/20-08:28:39.910,-0.105208333
1779236920,2026/05/20-08:28:40.170,-0.110139974
1779236920,2026/05/20-08:28:40.390,0.031233724
1779236921,2026/05/20-08:28:40.590,-0.038357205
1779236921,2026/05/20-08:28:40.790,0.034521484
1779236921,2026/05/20-08:28:40.990,0.069042969
1779236921,2026/05/20-08:28:41.190,0.294254557
1779236921,2026/05/20-08:28:41.430,-0.007123481
1779236922,2026/05/20-08:28:41.630,0.164388021
1779236922,2026/05/20-08:28:41.830,-0.244390191
1779236922,2026/05/20-08:28:42.030,-0.041097005
1779236922,2026/05/20-08:28:42.230,0.23452691
1779236922,2026/05/20-08:28:42.430,0.047124566
1779236923,2026/05/20-08:28:42.680,-0.100824653
1779236923,2026/05/20-08:28:42.870,-0.094249132
1779236923,2026/05/20-08:28:43.070,-0.037261285
1779236923,2026/05/20-08:28:43.270,-0.073974609
1779236923,2026/05/20-08:28:43.470,-0.009863281
1779236924,2026/05/20-08:28:43.670,0.043288845
1779236924,2026/05/20-08:28:43.950,-0.072330729
1779236924,2026/05/20-08:28:44.150,-0.275623915
1779236924,2026/05/20-08:28:44.350,0.185210503
1779236925,2026/05/20-08:28:44.550,0.310693359
1779236925,2026/05/20-08:28:44.750,-0.15726454
1779236925,2026/05/20-08:28:44.950,0.08219401
1779236925,2026/05/20-08:28:45.230,0.100824653
1779236925,2026/05/20-08:28:45.430,-0.148497179
1779236926,2026/05/20-08:28:45.630,-0.186854384
1779236926,2026/05/20-08:28:45.830,-0.351242405
1779236926,2026/05/20-08:28:46.030,-0.491520182
1779236926,2026/05/20-08:28:46.240,0.296446398
1779236927,2026/05/20-08:28:46.510,-0.324392361
1779236927,2026/05/20-08:28:46.710,0.133702257
1779236927,2026/05/20-08:28:46.910,-0.021370443
1779236927,2026/05/20-08:28:47.110,-0.00383572
1779236927,2026/05/20-08:28:47.310,-0.026302083
1779236928,2026/05/20-08:28:47.520,0.043288845
1779236928,2026/05/20-08:28:47.790,0.141921658
1779236928,2026/05/20-08:28:47.990,-0.164388021
1779236928,2026/05/20-08:28:48.190,-0.089317491
1779236928,2026/05/20-08:28:48.390,0.096988932
1779236929,2026/05/20-08:28:48.590,-0.053700087
1779236929,2026/05/20-08:28:48.860,-0.061919488
1779236929,2026/05/20-08:28:49.070,-0.116167535
1779236929,2026/05/20-08:28:49.270,0.013699002
1779236929,2026/05/20-08:28:49.470,0.063563368
1779236930,2026/05/20-08:28:49.670,-0.020274523
1779236930,2026/05/20-08:28:49.870,-0.063015408
1779236930,2026/05/20-08:28:50.150,-0.275075955
1779236930,2026/05/20-08:28:50.350,0.264664714
1779236931,2026/05/20-08:28:50.550,-0.098084852
1779236931,2026/05/20-08:28:50.750,-0.0027398
1779236931,2026/05/20-08:28:50.950,-0.052056207
1779236931,2026/05/20-08:28:51.150,-0.120551215
1779236931,2026/05/20-08:28:51.430,0.014246962
1779236932,2026/05/20-08:28:51.630,0.293158637
1779236932,2026/05/20-08:28:51.830,0.341379123
1779236932,2026/05/20-08:28:52.030,-0.07835829
1779236932,2026/05/20-08:28:52.230,-0.087125651
1779236932,2026/05/20-08:28:52.450,0.216992188
1779236933,2026/05/20-08:28:52.710,-0.31343316
1779236933,2026/05/20-08:28:52.910,0.130962457
1779236933,2026/05/20-08:28:53.110,0.0027398
1779236933,2026/05/20-08:28:53.310,0.213704427
1779236934,2026/05/20-08:28:53.510,0.15836046
1779236934,2026/05/20-08:28:53.780,0.217540148
1779236934,2026/05/20-08:28:53.990,0.214800347
1779236934,2026/05/20-08:28:54.190,-0.047672526
1779236934,2026/05/20-08:28:54.390,-0.020274523
1779236935,2026/05/20-08:28:54.590,0.260828993
1779236935,2026/05/20-08:28:54.790,-0.07835829
1779236935,2026/05/20-08:28:54.990,0.255349392
1779236935,2026/05/20-08:28:55.230,0.069590929
1779236935,2026/05/20-08:28:55.430,-0.423573134
1779236936,2026/05/20-08:28:55.630,-0.31946072
1779236936,2026/05/20-08:28:55.830,-0.256993273
1779236936,2026/05/20-08:28:56.030,-0.029041884
1779236936,2026/05/20-08:28:56.260,0.08055013
1779236937,2026/05/20-08:28:56.510,0.023562283
1779236937,2026/05/20-08:28:56.710,-0.299186198
1779236937,2026/05/20-08:28:56.910,-0.15726454
1779236937,2026/05/20-08:28:57.110,-0.280555556
1779236937,2026/05/20-08:28:57.310,0.054248047
1779236938,2026/05/20-08:28:57.570,-0.107948134
1779236938,2026/05/20-08:28:57.790,0.030685764
1779236938,2026/05/20-08:28:57.990,0.034521484
1779236938,2026/05/20-08:28:58.190,0.140825738
1779236938,2026/05/20-08:28:58.390,0.07507053
1779236939,2026/05/20-08:28:58.590,0.355626085
1779236939,2026/05/20-08:28:58.840,-0.220827908
1779236939,2026/05/20-08:28:59.030,-0.195621745
1779236939,2026/05/20-08:28:59.230,-0.272336155
1779236939,2026/05/20-08:28:59.430,-0.438916016
1779236940,2026/05/20-08:28:59.630,0.164935981
1779236940,2026/05/20-08:28:59.830,0.098632813
1779236940,2026/05/20-08:29:00.070,0.115619575
1779236940,2026/05/20-08:29:00.270,0.015890842
1779236940,2026/05/20-08:29:00.470,0.046028646
1779236941,2026/05/20-08:29:00.670,-0.219184028
1779236941,2026/05/20-08:29:00.870,-0.260828993
1779236941,2026/05/20-08:29:01.070,-0.23343099
1779236941,2026/05/20-08:29:01.350,0.014246962
1779236942,2026/05/20-08:29:01.550,-0.230143229
1779236942,2026/05/20-08:29:01.750,-0.026850043
1779236942,2026/05/20-08:29:01.950,0.139181858
1779236942,2026/05/20-08:29:02.150,-0.110687934
1779236942,2026/05/20-08:29:02.350,0.052604167
1779236943,2026/05/20-08:29:02.630,0.321652561
1779236943,2026/05/20-08:29:02.830,-0.311241319
1779236943,2026/05/20-08:29:03.030,-0.030685764
1779236943,2026/05/20-08:29:03.230,0.15726454
1779236943,2026/05/20-08:29:03.430,-0.230691189
1779236944,2026/05/20-08:29:03.640,0.08109809
1779236944,2026/05/20-08:29:03.910,0.072330729
1779236944,2026/05/20-08:29:04.110,-0.355078125
1779236944,2026/05/20-08:29:04.310,-0.00328776
1779236945,2026/05/20-08:29:04.510,-0.113427734
1779236945,2026/05/20-08:29:04.710,-0.293706597
1779236945,2026/05/20-08:29:04.930,-0.31233724
1779236945,2026/05/20-08:29:05.190,-0.044932726
1779236945,2026/05/20-08:29:05.390,-0.117811415
1779236946,2026/05/20-08:29:05.590,-0.062467448
1779236946,2026/05/20-08:29:05.790,-0.254801432
1779236946,2026/05/20-08:29:05.990,-0.084385851
1779236946,2026/05/20-08:29:06.250,-0.1578125
1779236946,2026/05/20-08:29:06.470,-0.019178602
1779236947,2026/05/20-08:29:06.670,0.350694444
1779236947,2026/05/20-08:29:06.870,-0.141373698
1779236947,2026/05/20-08:29:07.070,0.021918403
1779236947,2026/05/20-08:29:07.270,0.063563368
1779236947,2026/05/20-08:29:07.480,-0.138633898
1779236948,2026/05/20-08:29:07.710,0.142469618
1779236948,2026/05/20-08:29:07.910,-0.042192925
1779236948,2026/05/20-08:29:08.110,-0.279459635
1779236948,2026/05/20-08:29:08.310,0.021370443
1779236949,2026/05/20-08:29:08.510,0.39124349
1779236949,2026/05/20-08:29:08.790,0.067399089
1779236949,2026/05/20-08:29:08.990,-0.025754123
1779236949,2026/05/20-08:29:09.190,-0.018630642
1779236949,2026/05/20-08:29:09.390,-0.046576606
1779236950,2026/05/20-08:29:09.590,0.23671875
1779236950,2026/05/20-08:29:09.790,0.036165365
1779236950,2026/05/20-08:29:10.070,0.004931641
1779236950,2026/05/20-08:29:10.270,0.046028646
1779236950,2026/05/20-08:29:10.470,-0.256993273
1779236951,2026/05/20-08:29:10.670,-0.026302083
1779236951,2026/05/20-08:29:10.870,-0.273432075
1779236951,2026/05/20-08:29:11.070,-0.073974609
1779236951,2026/05/20-08:29:11.350,0.029589844
1779236952,2026/05/20-08:29:11.550,-0.130962457
1779236952,2026/05/20-08:29:11.750,0.253705512
1779236952,2026/05/20-08:29:11.950,-0.272884115
1779236952,2026/05/20-08:29:12.150,0.056439887
1779236952,2026/05/20-08:29:12.370,-0.278363715
1779236953,2026/05/20-08:29:12.630,-0.103564453
1779236953,2026/05/20-08:29:12.830,0.263568793
1779236953,2026/05/20-08:29:13.030,-0.120003255
1779236953,2026/05/20-08:29:13.230,0.053152127
1779236953,2026/05/20-08:29:13.430,0.198909505
1779236954,2026/05/20-08:29:13.650,-0.201649306
1779236954,2026/05/20-08:29:13.910,0.054796007
1779236954,2026/05/20-08:29:14.110,-0.015890842
1779236954,2026/05/20-08:29:14.310,0.250965712
1779236955,2026/05/20-08:29:14.510,0.208224826
1779236955,2026/05/20-08:29:14.710,-0.029589844
1779236955,2026/05/20-08:29:14.960,-0.00054796
1779236955,2026/05/20-08:29:15.190,0.092057292
1779236955,2026/05/20-08:29:15.390,0.103564453
1779236956,2026/05/20-08:29:15.590,-0.223019748
1779236956,2026/05/20-08:29:15.790,-0.367133247
1779236956,2026/05/20-08:29:15.990,-0.132058377
1779236956,2026/05/20-08:29:16.200,0.144661458
1779236956,2026/05/20-08:29:16.430,-0.020274523
1779236957,2026/05/20-08:29:16.630,-0.08164605
1779236957,2026/05/20-08:29:16.830,0.005479601
1779236957,2026/05/20-08:29:17.030,-0.218636068
1779236957,2026/05/20-08:29:17.230,0.192881944
1779236957,2026/05/20-08:29:17.450,0.050412326
1779236958,2026/05/20-08:29:17.710,-0.030685764
1779236958,2026/05/20-08:29:17.910,-0.094249132
1779236958,2026/05/20-08:29:18.110,-0.167127821
1779236958,2026/05/20-08:29:18.310,-0.015342882
1779236959,2026/05/20-08:29:18.510,-0.179730903
1779236959,2026/05/20-08:29:18.720,-0.303569878
1779236959,2026/05/20-08:29:18.950,-0.401106771
1779236959,2026/05/20-08:29:19.150,-0.111235894
1779236959,2026/05/20-08:29:19.350,0.049864366
1779236960,2026/05/20-08:29:19.550,-0.300830078
1779236960,2026/05/20-08:29:19.750,-0.016438802
1779236960,2026/05/20-08:29:19.990,0.054796007
1779236960,2026/05/20-08:29:20.230,0.012055122
1779236960,2026/05/20-08:29:20.430,-0.247677951
1779236961,2026/05/20-08:29:20.630,-0.138633898
1779236961,2026/05/20-08:29:20.830,0.138633898
1779236961,2026/05/20-08:29:21.030,-0.116167535
1779236961,2026/05/20-08:29:21.240,-0.173155382
1779236961,2026/05/20-08:29:21.470,0.212608507
1779236962,2026/05/20-08:29:21.670,0.378640408
1779236962,2026/05/20-08:29:21.870,-0.192881944
1779236962,2026/05/20-08:29:22.070,0.175895182
1779236962,2026/05/20-08:29:22.270,-0.032877604
1779236962,2026/05/20-08:29:22.480,0.172607422
1779236963,2026/05/20-08:29:22.710,-0.030685764
1779236963,2026/05/20-08:29:22.910,-0.102468533
1779236963,2026/05/20-08:29:23.110,-0.021918403
1779236963,2026/05/20-08:29:23.310,0.191238064
1779236964,2026/05/20-08:29:23.510,0.180278863
1779236964,2026/05/20-08:29:23.710,0.058631727
1779236964,2026/05/20-08:29:23.990,0.036165365
1779236964,2026/05/20-08:29:24.190,0.106852214
1779236964,2026/05/20-08:29:24.390,0.170415582
1779236965,2026/05/20-08:29:24.590,-0.368777127
1779236965,2026/05/20-08:29:24.790,-0.322200521
1779236965,2026/05/20-08:29:25.000,0.107400174
1779236965,2026/05/20-08:29:25.270,0.315625
1779236965,2026/05/20-08:29:25.470,-0.39398329
1779236966,2026/05/20-08:29:25.670,0.030685764
1779236966,2026/05/20-08:29:25.870,0.117263455
1779236966,2026/05/20-08:29:26.070,0.147949219
1779236966,2026/05/20-08:29:26.280,0.149593099
1779236967,2026/05/20-08:29:26.550,-0.033425564
1779236967,2026/05/20-08:29:26.750,-0.054248047
1779236967,2026/05/20-08:29:26.950,0.117263455
1779236967,2026/05/20-08:29:27.150,-0.048768446
1779236967,2026/05/20-08:29:27.350,-0.100824653
1779236968,2026/05/20-08:29:27.610,-0.017534722
1779236968,2026/05/20-08:29:27.830,-0.090413411
1779236968,2026/05/20-08:29:28.030,0.140277778
1779236968,2026/05/20-08:29:28.230,-0.091509332
1779236968,2026/05/20-08:29:28.430,0.336447483
1779236969,2026/05/20-08:29:28.630,0.153428819
1779236969,2026/05/20-08:29:28.880,0.065207248
1779236969,2026/05/20-08:29:29.070,-0.066851128
1779236969,2026/05/20-08:29:29.270,0.064659288
1779236969,2026/05/20-08:29:29.470,-0.192333984
1779236970,2026/05/20-08:29:29.670,0.225211589
1779236970,2026/05/20-08:29:29.870,0.198909505
1779236970,2026/05/20-08:29:30.150,-0.224663628
1779236970,2026/05/20-08:29:30.350,0.013699002
1779236971,2026/05/20-08:29:30.550,0.010959201
1779236971,2026/05/20-08:29:30.750,-0.030137804
1779236971,2026/05/20-08:29:30.950,-0.255897352
1779236971,2026/05/20-08:29:31.150,0.149045139
1779236971,2026/05/20-08:29:31.430,-0.152880859
1779236972,2026/05/20-08:29:31.630,-0.07726237
1779236972,2026/05/20-08:29:31.830,-0.31343316
1779236972,2026/05/20-08:29:32.030,-0.00328776
1779236972,2026/05/20-08:29:32.230,0.049316406
1779236972,2026/05/20-08:29:32.450,-0.115071615
1779236973,2026/05/20-08:29:32.710,0.283295356
1779236973,2026/05/20-08:29:32.910,-0.117263455
1779236973,2026/05/20-08:29:33.110,-0.201101345
1779236973,2026/05/20-08:29:33.310,0.276171875
1779236974,2026/05/20-08:29:33.510,-0.172059462
1779236974,2026/05/20-08:29:33.730,0.163840061
1779236974,2026/05/20-08:29:33.950,0.197265625
1779236974,2026/05/20-08:29:34.150,-0.147949219
1779236974,2026/05/20-08:29:34.350,0.201649306
1779236975,2026/05/20-08:29:34.550,-0.088769531
1779236975,2026/05/20-08:29:34.750,0.308501519
1779236975,2026/05/20-08:29:34.970,-0.07781033
1779236975,2026/05/20-08:29:35.230,0.291514757
1779236975,2026/05/20-08:29:35.430,-0.072878689
1779236976,2026/05/20-08:29:35.630,-0.013151042
1779236976,2026/05/20-08:29:35.830,-0.458094618
1779236976,2026/05/20-08:29:36.030,0.056439887
1779236976,2026/05/20-08:29:36.290,-0.167675781
1779236977,2026/05/20-08:29:36.510,0.186854384
1779236977,2026/05/20-08:29:36.710,-0.427956814
1779236977,2026/05/20-08:29:36.910,0.071234809
1779236977,2026/05/20-08:29:37.110,-0.151236979
1779236977,2026/05/20-08:29:37.310,0.038905165
1779236978,2026/05/20-08:29:37.580,-0.109044054
1779236978,2026/05/20-08:29:37.790,-0.191238064
1779236978,2026/05/20-08:29:37.990,-0.008219401
1779236978,2026/05/20-08:29:38.190,0.053152127
1779236978,2026/05/20-08:29:38.390,0.363845486
1779236979,2026/05/20-08:29:38.590,-0.004931641
1779236979,2026/05/20-08:29:38.840,0.287131076
1779236979,2026/05/20-08:29:39.030,-0.00328776
1779236979,2026/05/20-08:29:39.230,0.121647135
1779236979,2026/05/20-08:29:39.430,-0.070686849
1779236980,2026/05/20-08:29:39.630,-0.124386936
1779236980,2026/05/20-08:29:39.830,0.208224826
1779236980,2026/05/20-08:29:40.090,0.441655816
1779236980,2026/05/20-08:29:40.270,0.139729818
1779236980,2026/05/20-08:29:40.470,0.046028646
1779236981,2026/05/20-08:29:40.670,0.113427734
1779236981,2026/05/20-08:29:40.870,-0.190142144
1779236981,2026/05/20-08:29:41.070,0.037809245
1779236981,2026/05/20-08:29:41.340,-0.085481771
1779236982,2026/05/20-08:29:41.550,0.109592014
1779236982,2026/05/20-08:29:41.750,-0.200553385
1779236982,2026/05/20-08:29:41.950,-0.028493924
1779236982,2026/05/20-08:29:42.150,-0.23397895
1779236982,2026/05/20-08:29:42.350,-0.118907335
1779236983,2026/05/20-08:29:42.560,0.015890842
1779236983,2026/05/20-08:29:42.790,-0.044932726
1779236983,2026/05/20-08:29:42.990,-0.069590929
1779236983,2026/05/20-08:29:43.190,-0.022466363
1779236983,2026/05/20-08:29:43.390,0.277815755
1779236984,2026/05/20-08:29:43.590,0.23781467
1779236984,2026/05/20-08:29:43.800,-0.209868707
1779236984,2026/05/20-08:29:44.030,-0.117263455
1779236984,2026/05/20-08:29:44.230,-0.448779297
1779236984,2026/05/20-08:29:44.430,-0.288226997
1779236985,2026/05/20-08:29:44.630,-0.224115668
1779236985,2026/05/20-08:29:44.830,-0.138085938
1779236985,2026/05/20-08:29:45.090,0.037261285
1779236985,2026/05/20-08:29:45.310,0.059179688
1779236986,2026/05/20-08:29:45.510,0.197813585
1779236986,2026/05/20-08:29:45.710,-0.187402344
1779236986,2026/05/20-08:29:45.910,0.056987847
1779236986,2026/05/20-08:29:46.110,0.120551215
1779236986,2026/05/20-08:29:46.350,0.049316406
1779236987,2026/05/20-08:29:46.550,0.372612847
1779236987,2026/05/20-08:29:46.750,0.15562066
1779236987,2026/05/20-08:29:46.950,0.375900608
1779236987,2026/05/20-08:29:47.150,0.219731988
1779236987,2026/05/20-08:29:47.350,0.105208333
1779236988,2026/05/20-08:29:47.620,-0.023562283
1779236988,2026/05/20-08:29:47.830,0.275623915
1779236988,2026/05/20-08:29:48.030,-0.064111328
1779236988,2026/05/20-08:29:48.230,0.248773872
1779236988,2026/05/20-08:29:48.430,0.056987847
1779236989,2026/05/20-08:29:48.630,-0.019178602
1779236989,2026/05/20-08:29:48.890,-0.352886285
1779236989,2026/05/20-08:29:49.110,0.104660373
1779236989,2026/05/20-08:29:49.310,-0.196169705
1779236990,2026/05/20-08:29:49.510,0.060275608
1779236990,2026/05/20-08:29:49.710,0.537548828
1779236990,2026/05/20-08:29:49.910,-0.094797092
1779236990,2026/05/20-08:29:50.190,-0.230691189
1779236990,2026/05/20-08:29:50.390,-0.035617405
1779236991,2026/05/20-08:29:50.590,0.100276693
1779236991,2026/05/20-08:29:50.790,0.145757378
1779236991,2026/05/20-08:29:50.990,0.264116753
1779236991,2026/05/20-08:29:51.210,-0.276719835
1779236991,2026/05/20-08:29:51.470,0.350146484
1779236992,2026/05/20-08:29:51.670,0.320008681
1779236992,2026/05/20-08:29:51.870,-0.214252387
1779236992,2026/05/20-08:29:52.070,-0.15452474
1779236992,2026/05/20-08:29:52.270,0.227403429
1779236993,2026/05/20-08:29:52.520,-0.046576606
1779236993,2026/05/20-08:29:52.750,-0.08055013
1779236993,2026/05/20-08:29:52.950,0.322200521
1779236993,2026/05/20-08:29:53.150,0.109592014
1779236993,2026/05/20-08:29:53.350,0.15562066
1779236994,2026/05/20-08:29:53.550,-0.07616645
1779236994,2026/05/20-08:29:53.810,0.066851128
1779236994,2026/05/20-08:29:54.030,-0.174799262
1779236994,2026/05/20-08:29:54.230,0.037261285
1779236994,2026/05/20-08:29:54.430,0.040001085
1779236995,2026/05/20-08:29:54.630,0.243842231
1779236995,2026/05/20-08:29:54.830,-0.181922743
1779236995,2026/05/20-08:29:55.090,0.046028646
1779236995,2026/05/20-08:29:55.310,0.31233724
1779236996,2026/05/20-08:29:55.510,-0.100824653
1779236996,2026/05/20-08:29:55.710,-0.00164388
1779236996,2026/05/20-08:29:55.910,0.007671441
1779236996,2026/05/20-08:29:56.110,0.387407769
1779236996,2026/05/20-08:29:56.360,-0.064111328
1779236997,2026/05/20-08:29:56.590,-0.173703342
1779236997,2026/05/20-08:29:56.790,0.277815755
1779236997,2026/05/20-08:29:56.990,0.128770616
1779236997,2026/05/20-08:29:57.190,-0.107948134
1779236997,2026/05/20-08:29:57.390,0.063563368
1779236998,2026/05/20-08:29:57.640,-0.048768446
1779236998,2026/05/20-08:29:57.830,0.038357205
1779236998,2026/05/20-08:29:58.030,0.213704427
1779236998,2026/05/20-08:29:58.230,0.121099175
1779236998,2026/05/20-08:29:58.430,0.509602865
1779236999,2026/05/20-08:29:58.630,-0.07781033
1779236999,2026/05/20-08:29:58.880,-0.031233724
1779236999,2026/05/20-08:29:59.070,-0.024110243
1779236999,2026/05/20-08:29:59.270,0.181922743
1779236999,2026/05/20-08:29:59.470,-0.117811415
1779237000,2026/05/20-08:29:59.670,-0.213156467
1779237000,2026/05/20-08:29:59.870,-0.100276693
1779237000,2026/05/20-08:30:00.120,-0.130962457
1779237000,2026/05/20-08:30:00.310,-0.033425564
1779237001,2026/05/20-08:30:00.510,-0.173703342
1779237001,2026/05/20-08:30:00.710,0.052604167
1779237001,2026/05/20-08:30:00.910,-0.140277778
1779237001,2026/05/20-08:30:01.110,-0.105208333
1779237001,2026/05/20-08:30:01.370,-0.180278863
1779237002,2026/05/20-08:30:01.550,-0.071782769
1779237002,2026/05/20-08:30:01.750,-0.204937066
1779237002,2026/05/20-08:30:01.950,-0.136990017
1779237002,2026/05/20-08:30:02.150,-0.107400174
1779237002,2026/05/20-08:30:02.350,0.007671441
1779237003,2026/05/20-08:30:02.600,-0.204389106
1779237003,2026/05/20-08:30:02.790,-0.036165365
1779237003,2026/05/20-08:30:02.990,0.048768446
1779237003,2026/05/20-08:30:03.190,0.07671441
1779237003,2026/05/20-08:30:03.390,0.24055447
1779237004,2026/05/20-08:30:03.590,0.093701172
1779237004,2026/05/20-08:30:03.850,0.293158637
1779237004,2026/05/20-08:30:04.070,0.404394531
1779237004,2026/05/20-08:30:04.270,0.330967882
1779237004,2026/05/20-08:30:04.470,0.202197266
1779237005,2026/05/20-08:30:04.670,0.542480469
1779237005,2026/05/20-08:30:04.870,0.203841146
1779237005,2026/05/20-08:30:05.120,0.258089193
1779237005,2026/05/20-08:30:05.310,0.060823568
1779237006,2026/05/20-08:30:05.510,0.221375868
1779237006,2026/05/20-08:30:05.710,0.323844401
1779237006,2026/05/20-08:30:05.910,0.168771701
1779237006,2026/05/20-08:30:06.110,0.095345052
1779237006,2026/05/20-08:30:06.370,0.118907335
1779237007,2026/05/20-08:30:06.590,0.009315321
1779237007,2026/05/20-08:30:06.790,0.053152127
1779237007,2026/05/20-08:30:06.990,-0.129866536
1779237007,2026/05/20-08:30:07.190,0.065755208
1779237007,2026/05/20-08:30:07.390,0.195621745
1779237008,2026/05/20-08:30:07.630,-0.055891927
1779237008,2026/05/20-08:30:07.830,0.146305339
1779237008,2026/05/20-08:30:08.030,0.308501519
1779237008,2026/05/20-08:30:08.230,-0.247677951
1779237008,2026/05/20-08:30:08.430,-0.204389106
1779237009,2026/05/20-08:30:08.630,-0.151784939
1779237009,2026/05/20-08:30:08.910,-0.074522569
1779237009,2026/05/20-08:30:09.110,0.196169705
1779237009,2026/05/20-08:30:09.310,-0.386311849
1779237010,2026/05/20-08:30:09.510,0.07561849
1779237010,2026/05/20-08:30:09.710,0.046028646
1779237010,2026/05/20-08:30:09.920,-0.121099175
1779237010,2026/05/20-08:30:10.190,-0.036165365
1779237010,2026/05/20-08:30:10.390,-0.175895182
1779237011,2026/05/20-08:30:10.590,-0.503575304
1779237011,2026/05/20-08:30:10.790,-0.102468533
1779237011,2026/05/20-08:30:10.990,-0.275623915
1779237011,2026/05/20-08:30:11.220,-0.23781467
1779237011,2026/05/20-08:30:11.470,0.300830078
1779237012,2026/05/20-08:30:11.670,0.31178928
1779237012,2026/05/20-08:30:11.870,0.133154297
1779237012,2026/05/20-08:30:12.070,0.183566623
1779237012,2026/05/20-08:30:12.270,0.164388021
1779237013,2026/05/20-08:30:12.540,-0.16110026
1779237013,2026/05/20-08:30:12.750,-0.060275608
1779237013,2026/05/20-08:30:12.950,-0.073974609
1779237013,2026/05/20-08:30:13.150,0.292062717
1779237013,2026/05/20-08:30:13.350,-0.040549045
1779237014,2026/05/20-08:30:13.550,0.163840061
1779237014,2026/05/20-08:30:13.830,-0.024110243
1779237014,2026/05/20-08:30:14.030,0.116167535
1779237014,2026/05/20-08:30:14.230,-0.23397895
1779237014,2026/05/20-08:30:14.430,0.107400174
1779237015,2026/05/20-08:30:14.630,0.112331814
1779237015,2026/05/20-08:30:14.830,-0.084933811
1779237015,2026/05/20-08:30:15.110,-0.166579861
1779237015,2026/05/20-08:30:15.310,-0.152880859
1779237016,2026/05/20-08:30:15.510,-0.051508247
1779237016,2026/05/20-08:30:15.710,0.08109809
1779237016,2026/05/20-08:30:15.910,0.005479601
1779237016,2026/05/20-08:30:16.120,0.060823568
1779237016,2026/05/20-08:30:16.390,0.172059462
1779237017,2026/05/20-08:30:16.590,0.010411241
1779237017,2026/05/20-08:30:16.790,0.223567708
1779237017,2026/05/20-08:30:16.990,0.013699002
1779237017,2026/05/20-08:30:17.190,0.132058377
1779237017,2026/05/20-08:30:17.420,0.256445313
1779237018,2026/05/20-08:30:17.670,-0.334255642
1779237018,2026/05/20-08:30:17.870,-0.138633898
1779237018,2026/05/20-08:30:18.070,0.381928168
1779237018,2026/05/20-08:30:18.270,-0.287679036
1779237018,2026/05/20-08:30:18.470,-0.15945638
1779237019,2026/05/20-08:30:18.740,0.004383681
1779237019,2026/05/20-08:30:18.950,0.257541233
1779237019,2026/05/20-08:30:19.150,0.088221571
1779237019,2026/05/20-08:30:19.350,-0.122743056
1779237020,2026/05/20-08:30:19.550,0.15562066
1779237020,2026/05/20-08:30:19.750,0.029589844
1779237020,2026/05/20-08:30:20.000,-0.193977865
1779237020,2026/05/20-08:30:20.190,-0.092057292
1779237020,2026/05/20-08:30:20.390,-0.086577691
1779237021,2026/05/20-08:30:20.590,-0.328776042
1779237021,2026/05/20-08:30:20.790,0.212608507
1779237021,2026/05/20-08:30:20.990,0.242198351
1779237021,2026/05/20-08:30:21.250,0.063563368
1779237021,2026/05/20-08:30:21.470,0.275623915
1779237022,2026/05/20-08:30:21.670,0.058631727
1779237022,2026/05/20-08:30:21.870,-0.386311849
1779237022,2026/05/20-08:30:22.070,0.095345052
1779237022,2026/05/20-08:30:22.270,0.259185113
1779237023,2026/05/20-08:30:22.520,0.352338325
1779237023,2026/05/20-08:30:22.710,-0.061919488
1779237023,2026/05/20-08:30:22.910,-0.064111328
1779237023,2026/05/20-08:30:23.110,0.07835829
1779237023,2026/05/20-08:30:23.310,-0.1550727
1779237024,2026/05/20-08:30:23.510,-0.07671441
1779237024,2026/05/20-08:30:23.790,-0.173703342
1779237024,2026/05/20-08:30:23.990,-0.173703342
1779237024,2026/05/20-08:30:24.190,-0.15726454
1779237024,2026/05/20-08:30:24.390,-0.030137804
1779237025,2026/05/20-08:30:24.590,-0.170963542
1779237025,2026/05/20-08:30:24.790,-0.138633898
1779237025,2026/05/20-08:30:25.070,-0.092057292
1779237025,2026/05/20-08:30:25.270,-0.145209418
1779237025,2026/05/20-08:30:25.470,-0.451519097
1779237026,2026/05/20-08:30:25.670,-0.055891927
1779237026,2026/05/20-08:30:25.870,0.219184028
1779237026,2026/05/20-08:30:26.100,-0.332611762
1779237026,2026/05/20-08:30:26.310,-0.171511502
1779237027,2026/05/20-08:30:26.510,0.009863281
1779237027,2026/05/20-08:30:26.710,0.00383572
1779237027,2026/05/20-08:30:26.910,-0.466861979
1779237027,2026/05/20-08:30:27.110,0.228499349
1779237027,2026/05/20-08:30:27.350,0.08000217
1779237028,2026/05/20-08:30:27.590,0.042740885
1779237028,2026/05/20-08:30:27.790,0.24055447
1779237028,2026/05/20-08:30:27.990,-0.120551215
1779237028,2026/05/20-08:30:28.190,0.229047309
1779237028,2026/05/20-08:30:28.390,0.072330729
1779237029,2026/05/20-08:30:28.640,0.133702257
1779237029,2026/05/20-08:30:28.870,-0.146305339
1779237029,2026/05/20-08:30:29.070,0.08219401
1779237029,2026/05/20-08:30:29.270,-0.07890625
1779237029,2026/05/20-08:30:29.470,0.034521484
1779237030,2026/05/20-08:30:29.670,0.230143229
1779237030,2026/05/20-08:30:29.960,0.243294271
1779237030,2026/05/20-08:30:30.150,0.222471788
1779237030,2026/05/20-08:30:30.350,0.305761719
1779237031,2026/05/20-08:30:30.550,-0.390147569
1779237031,2026/05/20-08:30:30.750,-0.018630642
1779237031,2026/05/20-08:30:30.950,0.165483941
1779237031,2026/05/20-08:30:31.230,-0.264116753
1779237031,2026/05/20-08:30:31.430,0.00383572
1779237032,2026/05/20-08:30:31.630,-0.429600694
1779237032,2026/05/20-08:30:31.830,0.242198351
1779237032,2026/05/20-08:30:32.030,-0.261376953
1779237032,2026/05/20-08:30:32.230,-0.111235894
1779237032,2026/05/20-08:30:32.480,-0.141921658
1779237033,2026/05/20-08:30:32.670,-0.095345052
1779237033,2026/05/20-08:30:32.870,-0.310145399
1779237033,2026/05/20-08:30:33.070,0.083837891
1779237033,2026/05/20-08:30:33.270,0.167675781
1779237033,2026/05/20-08:30:33.470,-0.036713325
1779237034,2026/05/20-08:30:33.750,-0.263568793
1779237034,2026/05/20-08:30:33.950,-0.013699002
1779237034,2026/05/20-08:30:34.150,-0.012055122
1779237034,2026/05/20-08:30:34.350,0.024658203
1779237035,2026/05/20-08:30:34.550,0.129866536
1779237035,2026/05/20-08:30:34.750,-0.121647135
1779237035,2026/05/20-08:30:35.010,-0.021370443
1779237035,2026/05/20-08:30:35.230,-0.252609592
1779237035,2026/05/20-08:30:35.430,0.060275608
1779237036,2026/05/20-08:30:35.630,-0.369325087
1779237036,2026/05/20-08:30:35.830,-0.038357205
1779237036,2026/05/20-08:30:36.030,-0.073974609
1779237036,2026/05/20-08:30:36.310,0.118359375
1779237037,2026/05/20-08:30:36.510,0.31178928
1779237037,2026/05/20-08:30:36.710,-0.207128906
1779237037,2026/05/20-08:30:36.910,0.16164822
1779237037,2026/05/20-08:30:37.110,0.112331814
1779237037,2026/05/20-08:30:37.330,-0.504123264
1779237038,2026/05/20-08:30:37.590,0.038357205
1779237038,2026/05/20-08:30:37.790,-0.326036241
1779237038,2026/05/20-08:30:37.990,0.163292101
1779237038,2026/05/20-08:30:38.190,-0.332063802
1779237038,2026/05/20-08:30:38.390,-0.073974609
1779237039,2026/05/20-08:30:38.610,-0.354530165
1779237039,2026/05/20-08:30:38.870,0.093701172
1779237039,2026/05/20-08:30:39.070,0.213704427
1779237039,2026/05/20-08:30:39.270,0.150141059
1779237039,2026/05/20-08:30:39.470,0.010411241
1779237040,2026/05/20-08:30:39.670,0.030137804
1779237040,2026/05/20-08:30:39.930,-0.24055447
1779237040,2026/05/20-08:30:40.150,-0.018630642
1779237040,2026/05/20-08:30:40.350,-0.173155382
1779237041,2026/05/20-08:30:40.550,0.024658203
1779237041,2026/05/20-08:30:40.750,0.072878689
1779237041,2026/05/20-08:30:40.950,0.111783854
1779237041,2026/05/20-08:30:41.210,-0.067399089
1779237041,2026/05/20-08:30:41.430,-0.384120009
1779237042,2026/05/20-08:30:41.630,-0.574810113
1779237042,2026/05/20-08:30:41.830,-0.070686849
1779237042,2026/05/20-08:30:42.030,-0.00219184
1779237042,2026/05/20-08:30:42.230,-0.197813585
1779237042,2026/05/20-08:30:42.480,-0.00109592
1779237043,2026/05/20-08:30:42.670,-0.106852214
1779237043,2026/05/20-08:30:42.870,0.137537977
1779237043,2026/05/20-08:30:43.070,0.111235894
1779237043,2026/05/20-08:30:43.270,0.221375868
1779237043,2026/05/20-08:30:43.470,-0.085481771
1779237044,2026/05/20-08:30:43.690,-0.196717665
1779237044,2026/05/20-08:30:43.910,0.31672092
1779237044,2026/05/20-08:30:44.110,-0.016986762
1779237044,2026/05/20-08:30:44.310,-0.115071615
1779237045,2026/05/20-08:30:44.510,0.195621745
1779237045,2026/05/20-08:30:44.710,-0.196169705
1779237045,2026/05/20-08:30:44.920,0.116167535
1779237045,2026/05/20-08:30:45.190,-0.23671875
1779237045,2026/05/20-08:30:45.390,0.267952474
1779237046,2026/05/20-08:30:45.590,-0.407682292
1779237046,2026/05/20-08:30:45.790,-0.093153212
1779237046,2026/05/20-08:30:45.990,0.141373698
1779237046,2026/05/20-08:30:46.250,0.174799262
1779237046,2026/05/20-08:30:46.470,-0.046028646
1779237047,2026/05/20-08:30:46.670,0.369873047
1779237047,2026/05/20-08:30:46.870,-0.017534722
1779237047,2026/05/20-08:30:47.070,-0.198909505
1779237047,2026/05/20-08:30:47.270,-0.418641493
1779237048,2026/05/20-08:30:47.520,0.00219184
1779237048,2026/05/20-08:30:47.710,0.288226997
1779237048,2026/05/20-08:30:47.910,0.431244575
1779237048,2026/05/20-08:30:48.110,-0.088221571
1779237048,2026/05/20-08:30:48.310,0.064111328
1779237049,2026/05/20-08:30:48.510,0.186306424
1779237049,2026/05/20-08:30:48.790,0.020274523
1779237049,2026/05/20-08:30:48.990,-0.055343967
1779237049,2026/05/20-08:30:49.190,-0.151784939
1779237049,2026/05/20-08:30:49.390,0.327132161
1779237050,2026/05/20-08:30:49.590,-0.018630642
1779237050,2026/05/20-08:30:49.790,-0.449327257
1779237050,2026/05/20-08:30:50.050,-0.103016493
1779237050,2026/05/20-08:30:50.230,0.07781033
1779237050,2026/05/20-08:30:50.430,0.126578776
1779237051,2026/05/20-08:30:50.630,0.225211589
1779237051,2026/05/20-08:30:50.830,0.265212674
1779237051,2026/05/20-08:30:51.030,-0.265212674
1779237051,2026/05/20-08:30:51.290,0.128770616
1779237051,2026/05/20-08:30:51.470,-0.124386936
1779237052,2026/05/20-08:30:51.670,0.024658203
1779237052,2026/05/20-08:30:51.870,-0.061919488
1779237052,2026/05/20-08:30:52.070,0.130962457
1779237052,2026/05/20-08:30:52.270,0.422477214
1779237053,2026/05/20-08:30:52.540,0.460834418
1779237053,2026/05/20-08:30:52.750,0.059179688
1779237053,2026/05/20-08:30:52.950,-0.330967882
1779237053,2026/05/20-08:30:53.150,0.31398112
1779237053,2026/05/20-08:30:53.350,-0.120003255
1779237054,2026/05/20-08:30:53.550,0.010411241
1779237054,2026/05/20-08:30:53.800,0.130962457
1779237054,2026/05/20-08:30:53.990,-0.088769531
1779237054,2026/05/20-08:30:54.190,0.023014323
1779237054,2026/05/20-08:30:54.390,0.060823568
1779237055,2026/05/20-08:30:54.590,0.035069444
1779237055,2026/05/20-08:30:54.790,-0.042192925
1779237055,2026/05/20-08:30:55.040,0.113427734
1779237055,2026/05/20-08:30:55.230,0.086577691
1779237055,2026/05/20-08:30:55.430,0.08055013
1779237056,2026/05/20-08:30:55.630,0.163292101
1779237056,2026/05/20-08:30:55.830,0.299186198
1779237056,2026/05/20-08:30:56.030,0.181922743
1779237056,2026/05/20-08:30:56.300,0.373708767
1779237057,2026/05/20-08:30:56.510,-0.205485026
1779237057,2026/05/20-08:30:56.710,0.047672526
1779237057,2026/05/20-08:30:56.910,0.275623915
1779237057,2026/05/20-08:30:57.110,0.128222656
1779237057,2026/05/20-08:30:57.310,-0.241650391
1779237058,2026/05/20-08:30:57.570,0.088769531
1779237058,2026/05/20-08:30:57.790,-0.367133247
1779237058,2026/05/20-08:30:57.990,-0.219184028
1779237058,2026/05/20-08:30:58.190,0.15452474
1779237058,2026/05/20-08:30:58.390,-0.215896267
1779237059,2026/05/20-08:30:58.590,-0.500287543
1779237059,2026/05/20-08:30:58.870,-0.150689019
1779237059,2026/05/20-08:30:59.070,0.39398329
1779237059,2026/05/20-08:30:59.270,-0.404394531
1779237059,2026/05/20-08:30:59.470,0.23781467
1779237060,2026/05/20-08:30:59.670,0.105208333
1779237060,2026/05/20-08:30:59.880,-0.010959201
1779237060,2026/05/20-08:31:00.150,0.084385851
1779237060,2026/05/20-08:31:00.350,0.037809245
1779237061,2026/05/20-08:31:00.550,0.148497179
1779237061,2026/05/20-08:31:00.750,-0.096988932
1779237061,2026/05/20-08:31:00.950,0.31946072
1779237061,2026/05/20-08:31:01.220,0.479465061
1779237061,2026/05/20-08:31:01.430,0.004383681
1779237062,2026/05/20-08:31:01.630,-0.006027561
1779237062,2026/05/20-08:31:01.830,-0.213156467
1779237062,2026/05/20-08:31:02.030,1.39E-15
1779237062,2026/05/20-08:31:02.230,0.610975477
1779237063,2026/05/20-08:31:02.510,-0.126030816
1779237063,2026/05/20-08:31:02.710,-0.138085938
1779237063,2026/05/20-08:31:02.910,-0.321652561
1779237063,2026/05/20-08:31:03.110,-0.096440972
1779237063,2026/05/20-08:31:03.310,0.117811415
1779237064,2026/05/20-08:31:03.510,-0.258637153
1779237064,2026/05/20-08:31:03.790,0.08000217
1779237064,2026/05/20-08:31:03.990,0.036713325
1779237064,2026/05/20-08:31:04.190,-0.254801432
1779237064,2026/05/20-08:31:04.390,0.124934896
1779237065,2026/05/20-08:31:04.590,-0.112331814
1779237065,2026/05/20-08:31:04.800,-0.056987847
1779237065,2026/05/20-08:31:05.070,-0.08000217
1779237065,2026/05/20-08:31:05.270,-0.030685764
1779237065,2026/05/20-08:31:05.470,-0.064659288
1779237066,2026/05/20-08:31:05.670,0.00383572
1779237066,2026/05/20-08:31:05.870,0.065755208
1779237066,2026/05/20-08:31:06.090,0.090413411
1779237066,2026/05/20-08:31:06.350,-0.148497179
1779237067,2026/05/20-08:31:06.550,-0.118907335
1779237067,2026/05/20-08:31:06.750,0.106852214
1779237067,2026/05/20-08:31:06.950,-0.084933811
1779237067,2026/05/20-08:31:07.150,-0.134250217
1779237067,2026/05/20-08:31:07.360,-0.014246962
1779237068,2026/05/20-08:31:07.590,0.162196181
1779237068,2026/05/20-08:31:07.790,-0.102468533
1779237068,2026/05/20-08:31:07.990,0.069590929
1779237068,2026/05/20-08:31:08.190,0.299734158
1779237068,2026/05/20-08:31:08.390,0.494807943
1779237069,2026/05/20-08:31:08.610,-0.00054796
1779237069,2026/05/20-08:31:08.870,-0.112879774
1779237069,2026/05/20-08:31:09.070,-0.364941406
1779237069,2026/05/20-08:31:09.270,0.110139974
1779237069,2026/05/20-08:31:09.470,0.180826823
1779237070,2026/05/20-08:31:09.670,0.206032986
1779237070,2026/05/20-08:31:09.900,0.183018663
1779237070,2026/05/20-08:31:10.150,0.050960286
1779237070,2026/05/20-08:31:10.350,0.201649306
1779237071,2026/05/20-08:31:10.550,0.288774957
1779237071,2026/05/20-08:31:10.750,-0.284939236
1779237071,2026/05/20-08:31:10.950,0.307405599
1779237071,2026/05/20-08:31:11.210,0.266856554
1779237071,2026/05/20-08:31:11.390,0.388503689
1779237072,2026/05/20-08:31:11.590,-0.201649306
1779237072,2026/05/20-08:31:11.790,0.254801432
1779237072,2026/05/20-08:31:11.990,-0.250417752
1779237072,2026/05/20-08:31:12.190,0.109592014
1779237072,2026/05/20-08:31:12.400,-0.198361545
1779237073,2026/05/20-08:31:12.630,-0.083837891
1779237073,2026/05/20-08:31:12.830,0.132058377
1779237073,2026/05/20-08:31:13.030,-0.084385851
1779237073,2026/05/20-08:31:13.230,-0.383572049
1779237073,2026/05/20-08:31:13.430,0.093701172
1779237074,2026/05/20-08:31:13.690,-0.106304253
1779237074,2026/05/20-08:31:13.910,0.062467448
1779237074,2026/05/20-08:31:14.110,-0.16164822
1779237074,2026/05/20-08:31:14.310,-0.207128906
1779237075,2026/05/20-08:31:14.510,-0.097536892
1779237075,2026/05/20-08:31:14.710,0.120003255
1779237075,2026/05/20-08:31:14.990,-0.129866536
1779237075,2026/05/20-08:31:15.190,0.069042969
1779237075,2026/05/20-08:31:15.390,-0.389051649
1779237076,2026/05/20-08:31:15.590,-0.162744141
1779237076,2026/05/20-08:31:15.790,0.015890842
1779237076,2026/05/20-08:31:16.000,-0.00054796
1779237076,2026/05/20-08:31:16.270,-0.133154297
1779237076,2026/05/20-08:31:16.470,0.067947049
1779237077,2026/05/20-08:31:16.670,-0.07890625
1779237077,2026/05/20-08:31:16.870,-0.044384766
1779237077,2026/05/20-08:31:17.070,-0.07890625
1779237077,2026/05/20-08:31:17.290,0.014794922
1779237078,2026/05/20-08:31:17.550,0.179730903
1779237078,2026/05/20-08:31:17.750,-0.145209418
1779237078,2026/05/20-08:31:17.950,-0.310693359
1779237078,2026/05/20-08:31:18.150,-0.008767361
1779237078,2026/05/20-08:31:18.350,-0.095893012
1779237079,2026/05/20-08:31:18.570,-0.333159722
1779237079,2026/05/20-08:31:18.790,-0.119455295
1779237079,2026/05/20-08:31:18.990,-0.301925998
1779237079,2026/05/20-08:31:19.190,0.184114583
1779237079,2026/05/20-08:31:19.390,-0.139181858
1779237080,2026/05/20-08:31:19.590,-0.47288954
1779237080,2026/05/20-08:31:19.810,-0.213156467
1779237080,2026/05/20-08:31:20.030,0.121099175
1779237080,2026/05/20-08:31:20.230,-0.220279948
1779237080,2026/05/20-08:31:20.430,0.085481771
1779237081,2026/05/20-08:31:20.630,0.018082682
1779237081,2026/05/20-08:31:20.830,0.089865451
1779237081,2026/05/20-08:31:21.060,0.130414497
1779237081,2026/05/20-08:31:21.270,-0.014794922
1779237081,2026/05/20-08:31:21.470,-0.00328776
1779237082,2026/05/20-08:31:21.670,-0.168771701
1779237082,2026/05/20-08:31:21.870,0.00054796
1779237082,2026/05/20-08:31:22.070,0.059179688
1779237082,2026/05/20-08:31:22.300,-0.055343967
1779237083,2026/05/20-08:31:22.550,0.169319661
1779237083,2026/05/20-08:31:22.750,0.31398112
1779237083,2026/05/20-08:31:22.950,0.012055122
1779237083,2026/05/20-08:31:23.150,0.153428819
1779237083,2026/05/20-08:31:23.350,0.030685764
1779237084,2026/05/20-08:31:23.570,0.344118924
1779237084,2026/05/20-08:31:23.830,-0.132606337
1779237084,2026/05/20-08:31:24.030,0.092605252
1779237084,2026/05/20-08:31:24.230,-0.006575521
1779237084,2026/05/20-08:31:24.430,0.23562283
1779237085,2026/05/20-08:31:24.630,-0.329871962
1779237085,2026/05/20-08:31:24.890,-0.359461806
1779237085,2026/05/20-08:31:25.110,-0.192881944
1779237085,2026/05/20-08:31:25.310,0.15945638
1779237086,2026/05/20-08:31:25.510,-0.1550727
1779237086,2026/05/20-08:31:25.710,0.130962457
1779237086,2026/05/20-08:31:25.910,-0.308501519
1779237086,2026/05/20-08:31:26.150,-0.085481771
1779237086,2026/05/20-08:31:26.350,0.009315321
1779237087,2026/05/20-08:31:26.550,-0.453710938
1779237087,2026/05/20-08:31:26.750,-0.23891059
1779237087,2026/05/20-08:31:26.950,-0.050960286
1779237087,2026/05/20-08:31:27.150,-0.448779297
1779237087,2026/05/20-08:31:27.430,-0.191786024
1779237088,2026/05/20-08:31:27.630,-0.099180773
1779237088,2026/05/20-08:31:27.830,-0.39836697
1779237088,2026/05/20-08:31:28.030,-0.244390191
1779237088,2026/05/20-08:31:28.230,-0.200553385
1779237088,2026/05/20-08:31:28.440,0.049864366
1779237089,2026/05/20-08:31:28.710,-0.178087023
1779237089,2026/05/20-08:31:28.910,0.064659288
1779237089,2026/05/20-08:31:29.110,0.504123264
1779237089,2026/05/20-08:31:29.310,0.034521484
1779237090,2026/05/20-08:31:29.510,0.174251302
1779237090,2026/05/20-08:31:29.760,0.230143229
1779237090,2026/05/20-08:31:29.990,-0.071782769
1779237090,2026/05/20-08:31:30.190,0.087125651
1779237090,2026/05/20-08:31:30.390,0.031781684
1779237091,2026/05/20-08:31:30.590,0.188498264
1779237091,2026/05/20-08:31:30.790,-0.066303168
1779237091,2026/05/20-08:31:31.020,0.084933811
1779237091,2026/05/20-08:31:31.270,-0.309597439
1779237091,2026/05/20-08:31:31.470,0.036713325
1779237092,2026/05/20-08:31:31.670,0.024110243
1779237092,2026/05/20-08:31:31.870,0.026850043
1779237092,2026/05/20-08:31:32.070,-0.227951389
1779237092,2026/05/20-08:31:32.330,-0.013699002
1779237093,2026/05/20-08:31:32.550,-0.112879774
1779237093,2026/05/20-08:31:32.750,0.288226997
1779237093,2026/05/20-08:31:32.950,0.130962457
1779237093,2026/05/20-08:31:33.150,0.263568793
1779237093,2026/05/20-08:31:33.350,-0.16164822
1779237094,2026/05/20-08:31:33.560,0.446039497
1779237094,2026/05/20-08:31:33.830,0.23562283
1779237094,2026/05/20-08:31:34.030,0.040549045
1779237094,2026/05/20-08:31:34.230,0.301378038
1779237094,2026/05/20-08:31:34.430,0.098084852
1779237095,2026/05/20-08:31:34.630,-0.331515842
1779237095,2026/05/20-08:31:34.880,0.105756293
1779237095,2026/05/20-08:31:35.070,-0.117811415
1779237095,2026/05/20-08:31:35.270,-0.185758464
1779237095,2026/05/20-08:31:35.470,0.083289931
1779237096,2026/05/20-08:31:35.670,-0.056439887
1779237096,2026/05/20-08:31:35.870,0.041097005
1779237096,2026/05/20-08:31:36.120,-0.092605252
1779237096,2026/05/20-08:31:36.350,0.219184028
1779237097,2026/05/20-08:31:36.550,0.046576606
1779237097,2026/05/20-08:31:36.750,-0.379188368
1779237097,2026/05/20-08:31:36.950,-0.020274523
1779237097,2026/05/20-08:31:37.150,-0.068495009
1779237097,2026/05/20-08:31:37.430,0.250965712
1779237098,2026/05/20-08:31:37.630,0.23781467
1779237098,2026/05/20-08:31:37.830,-0.106852214
1779237098,2026/05/20-08:31:38.030,0.023014323
1779237098,2026/05/20-08:31:38.230,-0.114523655
1779237098,2026/05/20-08:31:38.470,-0.037261285
1779237099,2026/05/20-08:31:38.710,0.202745226
1779237099,2026/05/20-08:31:38.910,-0.494807943
1779237099,2026/05/20-08:31:39.110,0.15671658
1779237099,2026/05/20-08:31:39.310,0.058083767
1779237100,2026/05/20-08:31:39.510,-0.014246962
1779237100,2026/05/20-08:31:39.780,-0.070138889
1779237100,2026/05/20-08:31:39.990,0.090961372
1779237100,2026/05/20-08:31:40.190,-0.030685764
1779237100,2026/05/20-08:31:40.390,0.291514757
1779237101,2026/05/20-08:31:40.590,0.218636068
1779237101,2026/05/20-08:31:40.790,0.23617079
1779237101,2026/05/20-08:31:41.070,-0.180826823
1779237101,2026/05/20-08:31:41.270,-0.250965712
1779237101,2026/05/20-08:31:41.470,-0.031233724
1779237102,2026/05/20-08:31:41.670,-0.463574219
1779237102,2026/05/20-08:31:41.870,0.283295356
1779237102,2026/05/20-08:31:42.080,-0.443299696
1779237102,2026/05/20-08:31:42.350,-0.073974609
1779237103,2026/05/20-08:31:42.550,0.033973524
1779237103,2026/05/20-08:31:42.750,-0.301925998
1779237103,2026/05/20-08:31:42.950,-0.118907335
1779237103,2026/05/20-08:31:43.150,0.059727648
1779237103,2026/05/20-08:31:43.370,0.07726237
1779237104,2026/05/20-08:31:43.630,-0.227951389
1779237104,2026/05/20-08:31:43.830,-0.103564453
1779237104,2026/05/20-08:31:44.030,2.08E-15
1779237104,2026/05/20-08:31:44.230,0.292610677
1779237104,2026/05/20-08:31:44.430,0.255897352
1779237105,2026/05/20-08:31:44.640,0.306857639
1779237105,2026/05/20-08:31:44.870,0.047124566
1779237105,2026/05/20-08:31:45.070,0.283843316
1779237105,2026/05/20-08:31:45.270,0.120003255
1779237105,2026/05/20-08:31:45.470,0.100824653
1779237106,2026/05/20-08:31:45.670,-0.180278863
1779237106,2026/05/20-08:31:45.890,-0.417545573
1779237106,2026/05/20-08:31:46.110,-0.55179579
1779237106,2026/05/20-08:31:46.310,-0.241650391
1779237107,2026/05/20-08:31:46.510,-0.241650391
1779237107,2026/05/20-08:31:46.710,-0.209868707
1779237107,2026/05/20-08:31:46.910,-0.137537977
1779237107,2026/05/20-08:31:47.120,0.132606337
1779237107,2026/05/20-08:31:47.390,0.036165365
1779237108,2026/05/20-08:31:47.590,-0.037261285
1779237108,2026/05/20-08:31:47.790,-0.203841146
1779237108,2026/05/20-08:31:47.990,0.110139974
1779237108,2026/05/20-08:31:48.190,-0.230691189
1779237108,2026/05/20-08:31:48.410,-0.227951389
1779237109,2026/05/20-08:31:48.670,-0.055891927
1779237109,2026/05/20-08:31:48.870,0.197265625
1779237109,2026/05/20-08:31:49.070,0.370421007
1779237109,2026/05/20-08:31:49.270,0.114523655
1779237109,2026/05/20-08:31:49.470,0.071782769
1779237110,2026/05/20-08:31:49.680,-0.214252387
1779237110,2026/05/20-08:31:49.950,-0.23562283
1779237110,2026/05/20-08:31:50.150,-0.228499349
1779237110,2026/05/20-08:31:50.350,0.029589844
1779237111,2026/05/20-08:31:50.550,0.477821181
1779237111,2026/05/20-08:31:50.750,0.070686849
1779237111,2026/05/20-08:31:51.030,0.152880859
1779237111,2026/05/20-08:31:51.230,0.223019748
1779237111,2026/05/20-08:31:51.430,0.15397678
1779237112,2026/05/20-08:31:51.630,0.093701172
1779237112,2026/05/20-08:31:51.830,-0.204389106
1779237112,2026/05/20-08:31:52.030,0.151236979
1779237112,2026/05/20-08:31:52.280,-0.129318576
1779237112,2026/05/20-08:31:52.470,-0.019178602
1779237113,2026/05/20-08:31:52.670,0.010411241
1779237113,2026/05/20-08:31:52.870,0.073974609
1779237113,2026/05/20-08:31:53.070,0.180826823
1779237113,2026/05/20-08:31:53.270,-0.209320747
1779237114,2026/05/20-08:31:53.530,0.014794922
1779237114,2026/05/20-08:31:53.750,-0.041644965
1779237114,2026/05/20-08:31:53.950,-0.064659288
1779237114,2026/05/20-08:31:54.150,0.332063802
1779237114,2026/05/20-08:31:54.350,-0.08109809
1779237115,2026/05/20-08:31:54.550,-0.064111328
1779237115,2026/05/20-08:31:54.810,-0.064659288
1779237115,2026/05/20-08:31:54.990,-0.517274306
1779237115,2026/05/20-08:31:55.190,-0.598920356
1779237115,2026/05/20-08:31:55.390,0.460286458
1779237116,2026/05/20-08:31:55.590,0.07671441
1779237116,2026/05/20-08:31:55.790,-0.187950304
1779237116,2026/05/20-08:31:56.000,0.052604167
1779237116,2026/05/20-08:31:56.230,0.150689019
1779237116,2026/05/20-08:31:56.430,-0.010411241
1779237117,2026/05/20-08:31:56.630,0.070138889
1779237117,2026/05/20-08:31:56.830,0.152332899
1779237117,2026/05/20-08:31:57.030,-0.055343967
1779237117,2026/05/20-08:31:57.250,0.137537977
1779237118,2026/05/20-08:31:57.510,0.023562283
1779237118,2026/05/20-08:31:57.710,0.141921658
1779237118,2026/05/20-08:31:57.910,-0.23452691
1779237118,2026/05/20-08:31:58.110,0.028493924
1779237118,2026/05/20-08:31:58.310,0.032329644
1779237119,2026/05/20-08:31:58.560,0.194525825
1779237119,2026/05/20-08:31:58.790,0.071234809
1779237119,2026/05/20-08:31:58.990,-0.170415582
1779237119,2026/05/20-08:31:59.190,-0.214800347
1779237119,2026/05/20-08:31:59.390,0.07890625
1779237120,2026/05/20-08:31:59.590,0.005479601
1779237120,2026/05/20-08:31:59.850,-0.384120009
1779237120,2026/05/20-08:32:00.070,-0.489876302
1779237120,2026/05/20-08:32:00.270,0.08219401
1779237120,2026/05/20-08:32:00.470,-0.24055447
1779237121,2026/05/20-08:32:00.670,0.055891927
1779237121,2026/05/20-08:32:00.870,0.104660373
1779237121,2026/05/20-08:32:01.130,0.084385851
1779237121,2026/05/20-08:32:01.350,0.126030816
1779237122,2026/05/20-08:32:01.550,0.006575521
1779237122,2026/05/20-08:32:01.750,0.261376953
1779237122,2026/05/20-08:32:01.950,0.089317491
1779237122,2026/05/20-08:32:02.150,-0.215896267
1779237122,2026/05/20-08:32:02.400,-0.092605252
1779237123,2026/05/20-08:32:02.590,0.094249132
1779237123,2026/05/20-08:32:02.790,0.253157552
1779237123,2026/05/20-08:32:02.990,-0.263020833
1779237123,2026/05/20-08:32:03.190,-0.293706597
1779237123,2026/05/20-08:32:03.390,-0.228499349
1779237124,2026/05/20-08:32:03.630,-0.375900608
1779237124,2026/05/20-08:32:03.830,-0.355626085
1779237124,2026/05/20-08:32:04.030,-0.048768446
1779237124,2026/05/20-08:32:04.230,-0.264664714
1779237124,2026/05/20-08:32:04.430,-0.098084852
1779237125,2026/05/20-08:32:04.630,-0.049316406
1779237125,2026/05/20-08:32:04.880,-0.399462891
1779237125,2026/05/20-08:32:05.110,0.147401259
1779237125,2026/05/20-08:32:05.310,0.250965712
1779237126,2026/05/20-08:32:05.510,0.08274197
1779237126,2026/05/20-08:32:05.710,0.032329644
1779237126,2026/05/20-08:32:05.910,0.056987847
1779237126,2026/05/20-08:32:06.180,0.404394531
1779237126,2026/05/20-08:32:06.390,0.601660156
1779237127,2026/05/20-08:32:06.590,0.453710938
1779237127,2026/05/20-08:32:06.790,-0.059179688
1779237127,2026/05/20-08:32:06.990,0.39179145
1779237127,2026/05/20-08:32:07.190,0.243294271
1779237127,2026/05/20-08:32:07.450,0.31452908
1779237128,2026/05/20-08:32:07.670,0.305761719
1779237128,2026/05/20-08:32:07.870,0.163292101
1779237128,2026/05/20-08:32:08.070,0.191786024
1779237128,2026/05/20-08:32:08.270,0.065755208
1779237128,2026/05/20-08:32:08.470,0.168771701
1779237129,2026/05/20-08:32:08.730,0.026850043
1779237129,2026/05/20-08:32:08.950,-0.216992188
1779237129,2026/05/20-08:32:09.150,-0.100824653
1779237129,2026/05/20-08:32:09.350,-0.087673611
1779237130,2026/05/20-08:32:09.550,-0.176991102
1779237130,2026/05/20-08:32:09.750,-0.439463976
1779237130,2026/05/20-08:32:10.010,-0.048220486
1779237130,2026/05/20-08:32:10.230,-0.466314019
1779237130,2026/05/20-08:32:10.430,-0.209868707
1779237131,2026/05/20-08:32:10.630,0.194525825
1779237131,2026/05/20-08:32:10.830,-0.454258898
1779237131,2026/05/20-08:32:11.030,-0.23288303
1779237131,2026/05/20-08:32:11.240,-0.421381293
1779237131,2026/05/20-08:32:11.470,-0.496999783
1779237132,2026/05/20-08:32:11.670,-0.074522569
1779237132,2026/05/20-08:32:11.870,0.009315321
1779237132,2026/05/20-08:32:12.070,-0.040549045
1779237132,2026/05/20-08:32:12.270,0.094797092
1779237133,2026/05/20-08:32:12.530,-0.08274197
1779237133,2026/05/20-08:32:12.750,-0.048768446
1779237133,2026/05/20-08:32:12.950,0.013151042
1779237133,2026/05/20-08:32:13.150,0.151784939
1779237133,2026/05/20-08:32:13.350,-0.086577691
1779237134,2026/05/20-08:32:13.550,0.069042969
1779237134,2026/05/20-08:32:13.800,-0.103564453
1779237134,2026/05/20-08:32:13.990,0.15945638
1779237134,2026/05/20-08:32:14.190,0.162744141
1779237134,2026/05/20-08:32:14.390,-0.120003255
1779237135,2026/05/20-08:32:14.590,-0.375900608
1779237135,2026/05/20-08:32:14.790,-0.213156467
1779237135,2026/05/20-08:32:15.030,0.244938151
1779237135,2026/05/20-08:32:15.230,-0.181922743
1779237135,2026/05/20-08:32:15.430,-0.293158637
1779237136,2026/05/20-08:32:15.630,-0.3128852
1779237136,2026/05/20-08:32:15.830,0.447135417
1779237136,2026/05/20-08:32:16.030,-0.067399089
1779237136,2026/05/20-08:32:16.270,-0.048768446
1779237136,2026/05/20-08:32:16.470,-0.426312934
1779237137,2026/05/20-08:32:16.670,0.142469618
1779237137,2026/05/20-08:32:16.870,0.056439887
1779237137,2026/05/20-08:32:17.070,0.037809245
1779237137,2026/05/20-08:32:17.270,-0.223019748
1779237138,2026/05/20-08:32:17.530,-0.041097005
1779237138,2026/05/20-08:32:17.750,0.00219184
1779237138,2026/05/20-08:32:17.950,0.164935981
1779237138,2026/05/20-08:32:18.150,-0.118907335
1779237138,2026/05/20-08:32:18.350,0.027945964
1779237139,2026/05/20-08:32:18.550,-0.304665799
1779237139,2026/05/20-08:32:18.800,-0.15890842
1779237139,2026/05/20-08:32:18.990,0.00164388
1779237139,2026/05/20-08:32:19.190,0.133154297
1779237139,2026/05/20-08:32:19.390,-0.24055447
1779237140,2026/05/20-08:32:19.590,-0.100824653
1779237140,2026/05/20-08:32:19.790,-0.125482856
1779237140,2026/05/20-08:32:20.050,-0.195073785
1779237140,2026/05/20-08:32:20.270,-0.215348307
1779237140,2026/05/20-08:32:20.470,-0.276171875
1779237141,2026/05/20-08:32:20.670,0.008219401
1779237141,2026/05/20-08:32:20.870,-0.164388021
1779237141,2026/05/20-08:32:21.070,0.037261285
1779237141,2026/05/20-08:32:21.350,0.020274523
1779237142,2026/05/20-08:32:21.550,0.012055122
1779237142,2026/05/20-08:32:21.750,-0.295350477
1779237142,2026/05/20-08:32:21.950,0.137537977
1779237142,2026/05/20-08:32:22.150,0.210416667
1779237142,2026/05/20-08:32:22.350,0.025754123
1779237143,2026/05/20-08:32:22.630,-0.149593099
1779237143,2026/05/20-08:32:22.830,0.066303168
1779237143,2026/05/20-08:32:23.030,-0.092057292
1779237143,2026/05/20-08:32:23.230,0.136442057
1779237143,2026/05/20-08:32:23.430,-0.278363715
1779237144,2026/05/20-08:32:23.630,0.091509332
1779237144,2026/05/20-08:32:23.910,0.23836263
1779237144,2026/05/20-08:32:24.110,-0.070686849
1779237144,2026/05/20-08:32:24.310,-0.337543403
1779237145,2026/05/20-08:32:24.510,-0.15452474
1779237145,2026/05/20-08:32:24.710,-0.008219401
1779237145,2026/05/20-08:32:24.930,-0.187402344
1779237145,2026/05/20-08:32:25.190,-0.054796007
1779237145,2026/05/20-08:32:25.390,0.024658203
1779237146,2026/05/20-08:32:25.590,0.283295356
1779237146,2026/05/20-08:32:25.790,-0.106304253
1779237146,2026/05/20-08:32:25.990,0.021918403
1779237146,2026/05/20-08:32:26.240,0.197813585
1779237146,2026/05/20-08:32:26.470,0.132058377
1779237147,2026/05/20-08:32:26.670,0.23343099
1779237147,2026/05/20-08:32:26.870,0.431244575
1779237147,2026/05/20-08:32:27.070,0.338091363
1779237147,2026/05/20-08:32:27.270,0.07726237
1779237148,2026/05/20-08:32:27.530,-0.071782769
1779237148,2026/05/20-08:32:27.750,-0.151236979
1779237148,2026/05/20-08:32:27.950,0.126578776
1779237148,2026/05/20-08:32:28.150,0.105756293
1779237148,2026/05/20-08:32:28.350,0.139729818
1779237149,2026/05/20-08:32:28.550,0.206032986
1779237149,2026/05/20-08:32:28.810,0.029589844
1779237149,2026/05/20-08:32:29.030,0.123291016
1779237149,2026/05/20-08:32:29.230,-0.018082682
1779237149,2026/05/20-08:32:29.430,0.012603082
1779237150,2026/05/20-08:32:29.630,0.174799262
1779237150,2026/05/20-08:32:29.830,0.033973524
1779237150,2026/05/20-08:32:30.110,0.270144314
1779237150,2026/05/20-08:32:30.310,0.289322917
1779237151,2026/05/20-08:32:30.510,-0.106852214
1779237151,2026/05/20-08:32:30.710,-0.342475043
1779237151,2026/05/20-08:32:30.910,-0.08274197
1779237151,2026/05/20-08:32:31.120,-0.193429905
1779237151,2026/05/20-08:32:31.390,-0.172607422
1779237152,2026/05/20-08:32:31.590,-0.046028646
1779237152,2026/05/20-08:32:31.790,-0.066851128
1779237152,2026/05/20-08:32:31.990,-0.059179688
1779237152,2026/05/20-08:32:32.190,-0.163292101
1779237152,2026/05/20-08:32:32.400,-0.274527995
1779237153,2026/05/20-08:32:32.670,-0.249869792
1779237153,2026/05/20-08:32:32.870,0.101920573
1779237153,2026/05/20-08:32:33.070,0.15562066
1779237153,2026/05/20-08:32:33.270,-0.026850043
1779237153,2026/05/20-08:32:33.470,0.306857639
1779237154,2026/05/20-08:32:33.710,0.386311849
1779237154,2026/05/20-08:32:33.950,0.124934896
1779237154,2026/05/20-08:32:34.150,0.229595269
1779237154,2026/05/20-08:32:34.350,-0.040001085
1779237155,2026/05/20-08:32:34.550,-0.15836046
1779237155,2026/05/20-08:32:34.750,0.055891927
1779237155,2026/05/20-08:32:35.030,-0.273432075
1779237155,2026/05/20-08:32:35.230,-0.095893012
1779237155,2026/05/20-08:32:35.430,-0.032329644
1779237156,2026/05/20-08:32:35.630,0.190142144
1779237156,2026/05/20-08:32:35.830,-0.351790365
1779237156,2026/05/20-08:32:36.030,-0.004931641
1779237156,2026/05/20-08:32:36.350,-0.016438802
1779237157,2026/05/20-08:32:36.550,0.323844401
1779237157,2026/05/20-08:32:36.750,-0.087125651
1779237157,2026/05/20-08:32:36.950,-0.055891927
1779237157,2026/05/20-08:32:37.150,-0.202197266
1779237157,2026/05/20-08:32:37.360,-0.173155382
1779237158,2026/05/20-08:32:37.590,-0.448231337
1779237158,2026/05/20-08:32:37.790,-0.013151042
1779237158,2026/05/20-08:32:37.990,-0.005479601
1779237158,2026/05/20-08:32:38.190,0.220827908
1779237158,2026/05/20-08:32:38.390,0.206032986
1779237159,2026/05/20-08:32:38.620,-0.182470703
1779237159,2026/05/20-08:32:38.870,0.118907335
1779237159,2026/05/20-08:32:39.070,-0.129866536
1779237159,2026/05/20-08:32:39.270,-0.200553385
1779237159,2026/05/20-08:32:39.470,0.020274523
1779237160,2026/05/20-08:32:39.670,0.350694444
1779237160,2026/05/20-08:32:39.940,0.123291016
1779237160,2026/05/20-08:32:40.150,-0.358913845
1779237160,2026/05/20-08:32:40.350,-0.175895182
1779237161,2026/05/20-08:32:40.550,0.304117839
1779237161,2026/05/20-08:32:40.750,0.071782769
1779237161,2026/05/20-08:32:40.950,-0.574810113
1779237161,2026/05/20-08:32:41.190,0.140825738
1779237161,2026/05/20-08:32:41.390,-0.408230252
1779237162,2026/05/20-08:32:41.590,-0.07945421
1779237162,2026/05/20-08:32:41.790,0.046028646
1779237162,2026/05/20-08:32:41.990,-0.335899523
1779237162,2026/05/20-08:32:42.190,0.08164605
1779237162,2026/05/20-08:32:42.450,0.048220486
1779237163,2026/05/20-08:32:42.670,-0.140277778
1779237163,2026/05/20-08:32:42.870,-0.189594184
1779237163,2026/05/20-08:32:43.070,0.443299696
1779237163,2026/05/20-08:32:43.270,0.014246962
1779237163,2026/05/20-08:32:43.470,0.167127821
1779237164,2026/05/20-08:32:43.720,0.23617079
1779237164,2026/05/20-08:32:43.910,0.012603082
1779237164,2026/05/20-08:32:44.110,0.018082682
1779237164,2026/05/20-08:32:44.310,0.036713325
1779237165,2026/05/20-08:32:44.510,0.162744141
1779237165,2026/05/20-08:32:44.710,0.308501519
1779237165,2026/05/20-08:32:44.960,-0.016438802
1779237165,2026/05/20-08:32:45.150,0.151784939
1779237165,2026/05/20-08:32:45.350,-0.032877604
1779237166,2026/05/20-08:32:45.550,-0.288226997
1779237166,2026/05/20-08:32:45.750,0.012603082
1779237166,2026/05/20-08:32:45.950,0.180278863
1779237166,2026/05/20-08:32:46.200,-0.048220486
1779237166,2026/05/20-08:32:46.390,-0.040549045
1779237167,2026/05/20-08:32:46.590,0.096440972
1779237167,2026/05/20-08:32:46.790,-0.341927083
1779237167,2026/05/20-08:32:46.990,-0.00109592
1779237167,2026/05/20-08:32:47.190,-0.280555556
1779237167,2026/05/20-08:32:47.440,-0.042192925
1779237168,2026/05/20-08:32:47.630,0.014794922
1779237168,2026/05/20-08:32:47.830,-0.195073785
1779237168,2026/05/20-08:32:48.030,0.058631727
1779237168,2026/05/20-08:32:48.230,0.179730903
1779237168,2026/05/20-08:32:48.430,-0.093701172
1779237169,2026/05/20-08:32:48.680,0.010959201
1779237169,2026/05/20-08:32:48.910,0.115071615
1779237169,2026/05/20-08:32:49.110,-0.185758464
1779237169,2026/05/20-08:32:49.310,-0.178087023
1779237170,2026/05/20-08:32:49.510,-0.598372396
1779237170,2026/05/20-08:32:49.710,0.162744141
1779237170,2026/05/20-08:32:49.960,-0.279459635
1779237170,2026/05/20-08:32:50.150,0.209868707
1779237170,2026/05/20-08:32:50.350,-0.029589844
1779237171,2026/05/20-08:32:50.550,0.057535807
1779237171,2026/05/20-08:32:50.750,0.008767361
1779237171,2026/05/20-08:32:50.950,-0.0027398
1779237171,2026/05/20-08:32:51.210,-0.057535807
1779237171,2026/05/20-08:32:51.430,-0.064111328
1779237172,2026/05/20-08:32:51.630,-0.292062717
1779237172,2026/05/20-08:32:51.830,0.115619575
1779237172,2026/05/20-08:32:52.030,0.1605523
1779237172,2026/05/20-08:32:52.230,0.374256727
1779237172,2026/05/20-08:32:52.480,-0.191238064
1779237173,2026/05/20-08:32:52.670,-0.432340495
1779237173,2026/05/20-08:32:52.870,-0.175895182
1779237173,2026/05/20-08:32:53.070,-0.129866536
1779237173,2026/05/20-08:32:53.270,0.150689019
1779237173,2026/05/20-08:32:53.470,0.07507053
1779237174,2026/05/20-08:32:53.720,-0.120551215
1779237174,2026/05/20-08:32:53.910,-0.046028646
1779237174,2026/05/20-08:32:54.110,0.020822483
1779237174,2026/05/20-08:32:54.310,-0.137537977
1779237175,2026/05/20-08:32:54.510,-0.221923828
1779237175,2026/05/20-08:32:54.710,0.038357205
1779237175,2026/05/20-08:32:54.990,0.257541233
1779237175,2026/05/20-08:32:55.190,0.066851128
1779237175,2026/05/20-08:32:55.390,0.163840061
1779237176,2026/05/20-08:32:55.590,0.104112413
1779237176,2026/05/20-08:32:55.790,0.193977865
1779237176,2026/05/20-08:32:55.990,-0.026850043
1779237176,2026/05/20-08:32:56.270,0.166031901
1779237176,2026/05/20-08:32:56.470,0.343023003
1779237177,2026/05/20-08:32:56.670,-0.15671658
1779237177,2026/05/20-08:32:56.870,0.345214844
1779237177,2026/05/20-08:32:57.070,0.008767361
1779237177,2026/05/20-08:32:57.280,-0.007123481
1779237178,2026/05/20-08:32:57.550,0.177539063
1779237178,2026/05/20-08:32:57.750,0.004383681
1779237178,2026/05/20-08:32:57.950,-0.190142144
1779237178,2026/05/20-08:32:58.150,-0.07890625
1779237178,2026/05/20-08:32:58.350,0.201649306
1779237179,2026/05/20-08:32:58.560,0.218088108
1779237179,2026/05/20-08:32:58.830,0.387955729
1779237179,2026/05/20-08:32:59.030,-0.258637153
1779237179,2026/05/20-08:32:59.230,-0.207676866
1779237179,2026/05/20-08:32:59.430,-0.033425564
1779237180,2026/05/20-08:32:59.630,-0.441107856
1779237180,2026/05/20-08:32:59.850,-0.07945421
1779237180,2026/05/20-08:33:00.070,-0.031781684
1779237180,2026/05/20-08:33:00.270,-0.351790365
1779237180,2026/05/20-08:33:00.470,-0.146305339
1779237181,2026/05/20-08:33:00.670,-0.061919488
1779237181,2026/05/20-08:33:00.870,-0.198909505
1779237181,2026/05/20-08:33:01.120,-0.07835829
1779237181,2026/05/20-08:33:01.350,-0.332611762
1779237182,2026/05/20-08:33:01.550,-0.044932726
1779237182,2026/05/20-08:33:01.750,-0.249869792
1779237182,2026/05/20-08:33:01.950,0.043836806
1779237182,2026/05/20-08:33:02.150,0.099728733
1779237182,2026/05/20-08:33:02.410,-0.228499349
1779237183,2026/05/20-08:33:02.630,0.180826823
1779237183,2026/05/20-08:33:02.830,-0.113975694
1779237183,2026/05/20-08:33:03.030,-0.403298611
1779237183,2026/05/20-08:33:03.230,-0.032877604
1779237183,2026/05/20-08:33:03.430,-0.201649306
1779237184,2026/05/20-08:33:03.680,-0.164935981
1779237184,2026/05/20-08:33:03.870,-0.387955729
1779237184,2026/05/20-08:33:04.070,-0.523849826
1779237184,2026/05/20-08:33:04.270,-0.121647135
1779237184,2026/05/20-08:33:04.470,-0.164935981
1779237185,2026/05/20-08:33:04.670,-0.339187283
1779237185,2026/05/20-08:33:04.910,0.190142144
1779237185,2026/05/20-08:33:05.110,-0.187402344
1779237185,2026/05/20-08:33:05.310,-0.143565538
1779237186,2026/05/20-08:33:05.510,0.100276693
1779237186,2026/05/20-08:33:05.710,-0.219184028
1779237186,2026/05/20-08:33:05.910,0.049316406
1779237186,2026/05/20-08:33:06.160,-0.366037326
1779237186,2026/05/20-08:33:06.350,-0.083837891
1779237187,2026/05/20-08:33:06.550,-0.122195095
1779237187,2026/05/20-08:33:06.750,0.275075955
1779237187,2026/05/20-08:33:06.950,-0.386311849
1779237187,2026/05/20-08:33:07.150,-0.213704427
1779237187,2026/05/20-08:33:07.410,-0.479465061
1779237188,2026/05/20-08:33:07.630,-0.409326172
1779237188,2026/05/20-08:33:07.830,0.109044054
1779237188,2026/05/20-08:33:08.030,-0.193429905
1779237188,2026/05/20-08:33:08.230,-0.128770616
1779237188,2026/05/20-08:33:08.430,-0.304665799
1779237189,2026/05/20-08:33:08.710,-0.113427734
1779237189,2026/05/20-08:33:08.910,-0.418641493
1779237189,2026/05/20-08:33:09.110,-0.030137804
1779237189,2026/05/20-08:33:09.310,-0.309049479
1779237190,2026/05/20-08:33:09.510,-0.191786024
1779237190,2026/05/20-08:33:09.720,-0.361653646
1779237190,2026/05/20-08:33:09.990,0.092057292
1779237190,2026/05/20-08:33:10.190,-0.136442057
1779237190,2026/05/20-08:33:10.390,0.326584201
1779237191,2026/05/20-08:33:10.590,-0.074522569
1779237191,2026/05/20-08:33:10.790,-0.151784939
1779237191,2026/05/20-08:33:11.010,-0.324940321
1779237191,2026/05/20-08:33:11.230,-0.241102431
1779237191,2026/05/20-08:33:11.430,-0.009315321
1779237192,2026/05/20-08:33:11.630,-0.350146484
1779237192,2026/05/20-08:33:11.830,-0.050412326
1779237192,2026/05/20-08:33:12.030,0.23343099
1779237192,2026/05/20-08:33:12.250,-0.122743056
1779237193,2026/05/20-08:33:12.510,-0.270692274
1779237193,2026/05/20-08:33:12.710,-0.223567708
1779237193,2026/05/20-08:33:12.910,-0.012603082
1779237193,2026/05/20-08:33:13.110,-0.185210503
1779237193,2026/05/20-08:33:13.310,-0.059179688
1779237194,2026/05/20-08:33:13.560,-0.129318576
1779237194,2026/05/20-08:33:13.790,-0.088221571
1779237194,2026/05/20-08:33:13.990,-0.209868707
1779237194,2026/05/20-08:33:14.190,-0.374256727
1779237194,2026/05/20-08:33:14.390,-0.066303168
1779237195,2026/05/20-08:33:14.590,0.23726671
1779237195,2026/05/20-08:33:14.850,0.108496094
1779237195,2026/05/20-08:33:15.070,-0.065755208
1779237195,2026/05/20-08:33:15.270,0.004383681
1779237195,2026/05/20-08:33:15.470,0.166031901
1779237196,2026/05/20-08:33:15.670,0.028493924
1779237196,2026/05/20-08:33:15.870,-0.253705512
1779237196,2026/05/20-08:33:16.120,-0.250965712
1779237196,2026/05/20-08:33:16.310,0.183566623
1779237197,2026/05/20-08:33:16.510,-0.23562283
1779237197,2026/05/20-08:33:16.710,-0.133702257
1779237197,2026/05/20-08:33:16.910,-0.250965712
1779237197,2026/05/20-08:33:17.110,0.258089193
1779237197,2026/05/20-08:33:17.370,0.073426649
1779237198,2026/05/20-08:33:17.590,-0.136442057
1779237198,2026/05/20-08:33:17.790,-0.130962457
1779237198,2026/05/20-08:33:17.990,-0.019726563
1779237198,2026/05/20-08:33:18.190,0.130962457
1779237198,2026/05/20-08:33:18.390,-0.178634983
1779237237,2026/05/20-08:33:56.780,-0.167127821
1779237237,2026/05/20-08:33:56.990,-0.363845486
1779237237,2026/05/20-08:33:57.270,-0.014794922
1779237237,2026/05/20-08:33:57.470,0.148497179
1779237238,2026/05/20-08:33:57.670,0.093701172
1779237238,2026/05/20-08:33:57.870,0.211512587
1779237238,2026/05/20-08:33:58.070,0.013699002
1779237238,2026/05/20-08:33:58.270,-0.058631727
1779237239,2026/05/20-08:33:58.530,0.295350477
1779237239,2026/05/20-08:33:58.710,0.122743056
1779237239,2026/05/20-08:33:58.910,0.260281033
1779237239,2026/05/20-08:33:59.110,-0.136990017
1779237239,2026/05/20-08:33:59.310,-0.173703342
1779237240,2026/05/20-08:33:59.510,-0.257541233
1779237240,2026/05/20-08:33:59.770,0.267404514
1779237240,2026/05/20-08:33:59.990,0.016986762
1779237240,2026/05/20-08:34:00.190,-0.1578125
1779237240,2026/05/20-08:34:00.390,0.309049479
1779237241,2026/05/20-08:34:00.590,-0.063015408
1779237241,2026/05/20-08:34:00.790,-0.436176215
1779237241,2026/05/20-08:34:01.060,0.120551215
1779237241,2026/05/20-08:34:01.270,-0.027398003
1779237241,2026/05/20-08:34:01.470,0.004383681
1779237242,2026/05/20-08:34:01.670,0.181922743
1779237242,2026/05/20-08:34:01.870,0.231787109
1779237242,2026/05/20-08:34:02.070,0.070138889
1779237242,2026/05/20-08:34:02.360,-0.055891927
1779237243,2026/05/20-08:34:02.550,0.039453125
1779237243,2026/05/20-08:34:02.750,0.123838976
1779237243,2026/05/20-08:34:02.950,-0.07781033
1779237243,2026/05/20-08:34:03.150,0.278363715
1779237243,2026/05/20-08:34:03.350,-0.005479601
1779237244,2026/05/20-08:34:03.600,-0.041097005
1779237244,2026/05/20-08:34:03.790,-0.047124566
1779237244,2026/05/20-08:34:03.990,0.226855469
1779237244,2026/05/20-08:34:04.190,-0.31398112
1779237244,2026/05/20-08:34:04.390,-0.39727105
1779237245,2026/05/20-08:34:04.590,0.00219184
1779237245,2026/05/20-08:34:04.870,0.040549045
1779237245,2026/05/20-08:34:05.070,0.017534722
1779237245,2026/05/20-08:34:05.270,-0.052604167
1779237245,2026/05/20-08:34:05.470,0.103016493
1779237246,2026/05/20-08:34:05.670,-0.067399089
1779237246,2026/05/20-08:34:05.880,0.408230252
1779237246,2026/05/20-08:34:06.150,-0.013151042
1779237246,2026/05/20-08:34:06.350,0.140825738
1779237247,2026/05/20-08:34:06.550,0.006575521
1779237247,2026/05/20-08:34:06.750,0.480013021
1779237247,2026/05/20-08:34:06.950,0.086029731
1779237247,2026/05/20-08:34:07.170,0.279459635
1779237247,2026/05/20-08:34:07.430,-0.07726237
1779237248,2026/05/20-08:34:07.630,-0.15616862
1779237248,2026/05/20-08:34:07.830,-0.028493924
1779237248,2026/05/20-08:34:08.030,-0.184662543
1779237248,2026/05/20-08:34:08.230,-0.031233724
1779237248,2026/05/20-08:34:08.440,-0.220827908
1779237249,2026/05/20-08:34:08.670,-0.533165148
1779237249,2026/05/20-08:34:08.870,-0.247129991
1779237249,2026/05/20-08:34:09.070,-0.141921658
1779237249,2026/05/20-08:34:09.270,-0.265212674
1779237249,2026/05/20-08:34:09.470,0.08219401
1779237250,2026/05/20-08:34:09.690,-0.346858724
1779237250,2026/05/20-08:34:09.950,0.125482856
1779237250,2026/05/20-08:34:10.150,0.375352648
1779237250,2026/05/20-08:34:10.350,-0.199457465
1779237251,2026/05/20-08:34:10.550,-0.133154297
1779237251,2026/05/20-08:34:10.750,-0.038905165
1779237251,2026/05/20-08:34:10.960,-0.130962457
1779237251,2026/05/20-08:34:11.190,0.298638238
1779237251,2026/05/20-08:34:11.390,-0.054796007
1779237252,2026/05/20-08:34:11.590,-0.229595269
1779237252,2026/05/20-08:34:11.790,-0.030137804
1779237252,2026/05/20-08:34:11.990,-0.124386936
1779237252,2026/05/20-08:34:12.250,-0.285487196
1779237252,2026/05/20-08:34:12.470,0.167675781
1779237253,2026/05/20-08:34:12.670,0.16110026
1779237253,2026/05/20-08:34:12.870,0.123291016
1779237253,2026/05/20-08:34:13.070,0.163292101
1779237253,2026/05/20-08:34:13.270,-0.311241319
1779237254,2026/05/20-08:34:13.540,0.202197266
1779237254,2026/05/20-08:34:13.750,0.1578125
1779237254,2026/05/20-08:34:13.950,-0.222471788
1779237254,2026/05/20-08:34:14.150,-0.151236979
1779237254,2026/05/20-08:34:14.350,0.123838976
1779237255,2026/05/20-08:34:14.550,-0.068495009
1779237255,2026/05/20-08:34:14.800,0.412065972
1779237255,2026/05/20-08:34:14.990,0.130414497
1779237255,2026/05/20-08:34:15.190,-0.141921658
1779237255,2026/05/20-08:34:15.390,0.07726237
1779237256,2026/05/20-08:34:15.590,-0.219184028
1779237256,2026/05/20-08:34:15.790,-0.637277561
1779237256,2026/05/20-08:34:16.060,-0.147401259
1779237256,2026/05/20-08:34:16.270,-0.133702257
1779237256,2026/05/20-08:34:16.470,0.190142144
1779237257,2026/05/20-08:34:16.670,-0.219731988
1779237257,2026/05/20-08:34:16.870,0.152880859
1779237257,2026/05/20-08:34:17.070,-0.136442057
1779237257,2026/05/20-08:34:17.320,0.300830078
1779237258,2026/05/20-08:34:17.510,-0.1550727
1779237258,2026/05/20-08:34:17.710,0.010411241
1779237258,2026/05/20-08:34:17.910,0.004931641
1779237258,2026/05/20-08:34:18.110,0.018082682
1779237258,2026/05/20-08:34:18.310,-0.032329644
1779237259,2026/05/20-08:34:18.590,0.244938151
1779237259,2026/05/20-08:34:18.790,-0.084933811
1779237259,2026/05/20-08:34:18.990,0.07507053
1779237259,2026/05/20-08:34:19.190,0.120551215
1779237259,2026/05/20-08:34:19.390,-0.173155382
1779237260,2026/05/20-08:34:19.600,0.253705512
1779237260,2026/05/20-08:34:19.870,0.271240234
1779237260,2026/05/20-08:34:20.070,0.070686849
1779237260,2026/05/20-08:34:20.270,-0.23288303
1779237260,2026/05/20-08:34:20.470,-0.448779297
1779237261,2026/05/20-08:34:20.670,-0.089317491
1779237261,2026/05/20-08:34:20.900,0.290418837
1779237261,2026/05/20-08:34:21.150,-0.259185113
1779237261,2026/05/20-08:34:21.350,0.178634983
1779237262,2026/05/20-08:34:21.550,0.226855469
1779237262,2026/05/20-08:34:21.750,0.227951389
1779237262,2026/05/20-08:34:21.950,-0.333159722
1779237262,2026/05/20-08:34:22.220,-0.266308594
1779237262,2026/05/20-08:34:22.430,-0.227403429
1779237263,2026/05/20-08:34:22.630,0.197265625
1779237263,2026/05/20-08:34:22.830,0.100276693
1779237263,2026/05/20-08:34:23.030,0.210964627
1779237263,2026/05/20-08:34:23.230,0.144113498
1779237264,2026/05/20-08:34:23.510,0.014794922
1779237264,2026/05/20-08:34:23.710,-0.1605523
1779237264,2026/05/20-08:34:23.910,-0.134798177
1779237264,2026/05/20-08:34:24.110,-0.295898438
1779237264,2026/05/20-08:34:24.310,0.054248047
1779237265,2026/05/20-08:34:24.510,0.256445313
1779237265,2026/05/20-08:34:24.790,0.288774957
1779237265,2026/05/20-08:34:24.990,0.044932726
1779237265,2026/05/20-08:34:25.190,-0.015890842
1779237265,2026/05/20-08:34:25.390,0.058083767
1779237266,2026/05/20-08:34:25.590,-0.197265625
1779237266,2026/05/20-08:34:25.800,0.406038411
1779237266,2026/05/20-08:34:26.070,0.063015408
1779237266,2026/05/20-08:34:26.270,0.051508247
1779237266,2026/05/20-08:34:26.470,0.123291016
1779237267,2026/05/20-08:34:26.670,0.194525825
1779237267,2026/05/20-08:34:26.870,0.107948134
1779237267,2026/05/20-08:34:27.130,-0.087673611
1779237267,2026/05/20-08:34:27.350,0.320008681
1779237268,2026/05/20-08:34:27.550,-0.024110243
1779237268,2026/05/20-08:34:27.750,0.229047309
1779237268,2026/05/20-08:34:27.950,-0.290966797
1779237268,2026/05/20-08:34:28.150,-0.320556641
1779237268,2026/05/20-08:34:28.380,-0.350694444
1779237269,2026/05/20-08:34:28.630,-0.47179362
1779237269,2026/05/20-08:34:28.830,-0.469053819
1779237269,2026/05/20-08:34:29.030,0.090961372
1779237269,2026/05/20-08:34:29.230,0.072330729
1779237269,2026/05/20-08:34:29.430,-0.07507053
1779237270,2026/05/20-08:34:29.670,0.031781684
1779237270,2026/05/20-08:34:29.870,-0.052604167
1779237270,2026/05/20-08:34:30.070,-0.524945747
1779237270,2026/05/20-08:34:30.270,-0.122743056
1779237270,2026/05/20-08:34:30.470,-0.299186198
1779237271,2026/05/20-08:34:30.670,-0.596180556
1779237271,2026/05/20-08:34:30.950,-0.048768446
1779237271,2026/05/20-08:34:31.150,-0.029589844
1779237271,2026/05/20-08:34:31.350,0.006027561
1779237272,2026/05/20-08:34:31.550,-0.15890842
1779237272,2026/05/20-08:34:31.750,0.23288303
1779237272,2026/05/20-08:34:31.950,-0.094797092
1779237272,2026/05/20-08:34:32.230,-0.116167535
1779237272,2026/05/20-08:34:32.430,-0.169867622
1779237273,2026/05/20-08:34:32.630,0.113427734
1779237273,2026/05/20-08:34:32.830,-0.087673611
1779237273,2026/05/20-08:34:33.030,0.412613932
1779237273,2026/05/20-08:34:33.260,0.162744141
1779237274,2026/05/20-08:34:33.510,0.272884115
1779237274,2026/05/20-08:34:33.710,0.139181858
1779237274,2026/05/20-08:34:33.910,0.019726563
1779237274,2026/05/20-08:34:34.110,0.265760634
1779237274,2026/05/20-08:34:34.310,0.264664714
1779237275,2026/05/20-08:34:34.580,0.205485026
1779237275,2026/05/20-08:34:34.790,0.349598524
1779237275,2026/05/20-08:34:34.990,0.069042969
1779237275,2026/05/20-08:34:35.190,-0.015342882
1779237275,2026/05/20-08:34:35.390,-0.198909505
1779237276,2026/05/20-08:34:35.590,0.268500434
1779237276,2026/05/20-08:34:35.870,-0.086577691
1779237276,2026/05/20-08:34:36.070,-0.066303168
1779237276,2026/05/20-08:34:36.270,0.469053819
1779237276,2026/05/20-08:34:36.470,0.215896267
1779237277,2026/05/20-08:34:36.670,0.064659288
1779237277,2026/05/20-08:34:36.870,0.207676866
1779237277,2026/05/20-08:34:37.130,-0.39727105
1779237277,2026/05/20-08:34:37.310,0.146853299
1779237278,2026/05/20-08:34:37.510,0.024658203
1779237278,2026/05/20-08:34:37.710,0.147401259
1779237278,2026/05/20-08:34:37.910,0.085481771
1779237278,2026/05/20-08:34:38.110,-0.107400174
1779237278,2026/05/20-08:34:38.360,0.083289931
1779237279,2026/05/20-08:34:38.550,-0.255349392
1779237279,2026/05/20-08:34:38.750,-0.183566623
1779237279,2026/05/20-08:34:38.950,-0.231787109
1779237279,2026/05/20-08:34:39.150,0.056439887
1779237279,2026/05/20-08:34:39.350,0.062467448
1779237280,2026/05/20-08:34:39.630,0.267952474
1779237280,2026/05/20-08:34:39.830,-0.046576606
1779237280,2026/05/20-08:34:40.030,-0.125482856
1779237280,2026/05/20-08:34:40.230,0.164935981
1779237280,2026/05/20-08:34:40.430,-0.08109809
1779237281,2026/05/20-08:34:40.630,-0.038905165
1779237281,2026/05/20-08:34:40.910,0.408230252
1779237281,2026/05/20-08:34:41.110,0.277815755
1779237281,2026/05/20-08:34:41.310,0.00109592
1779237282,2026/05/20-08:34:41.510,-0.107948134
1779237282,2026/05/20-08:34:41.710,0.037809245
1779237282,2026/05/20-08:34:41.950,-0.094797092
1779237282,2026/05/20-08:34:42.190,0.024110243
1779237282,2026/05/20-08:34:42.390,0.043836806
1779237283,2026/05/20-08:34:42.590,0.132058377
1779237283,2026/05/20-08:34:42.790,-0.029589844
1779237283,2026/05/20-08:34:42.990,0.533713108
1779237283,2026/05/20-08:34:43.200,-0.214800347
1779237283,2026/05/20-08:34:43.470,0.100824653
1779237284,2026/05/20-08:34:43.670,-0.021370443
1779237284,2026/05/20-08:34:43.870,-0.443847656
1779237284,2026/05/20-08:34:44.070,-0.063015408
1779237284,2026/05/20-08:34:44.270,0.093701172
1779237285,2026/05/20-08:34:44.500,-0.071234809
1779237285,2026/05/20-08:34:44.710,0.116715495
1779237285,2026/05/20-08:34:44.910,0.184662543
1779237285,2026/05/20-08:34:45.110,-0.347954644
1779237285,2026/05/20-08:34:45.310,0.038357205
1779237286,2026/05/20-08:34:45.510,-0.169319661
1779237286,2026/05/20-08:34:45.720,-0.103016493
1779237286,2026/05/20-08:34:45.990,-0.15452474
1779237286,2026/05/20-08:34:46.190,-0.053700087
1779237286,2026/05/20-08:34:46.390,-0.00328776
1779237287,2026/05/20-08:34:46.590,-0.376996528
1779237287,2026/05/20-08:34:46.790,0.122195095
1779237287,2026/05/20-08:34:47.060,-0.083837891
1779237287,2026/05/20-08:34:47.270,-0.284939236
1779237287,2026/05/20-08:34:47.470,-0.011507161
1779237288,2026/05/20-08:34:47.670,0.094797092
1779237288,2026/05/20-08:34:47.870,-0.0027398
1779237288,2026/05/20-08:34:48.070,0.07616645
1779237288,2026/05/20-08:34:48.330,0.094797092
1779237289,2026/05/20-08:34:48.550,-0.144661458
1779237289,2026/05/20-08:34:48.750,-0.024110243
1779237289,2026/05/20-08:34:48.950,-0.218088108
1779237289,2026/05/20-08:34:49.150,-0.117811415
1779237289,2026/05/20-08:34:49.350,0.087673611
1779237290,2026/05/20-08:34:49.630,-0.184114583
1779237290,2026/05/20-08:34:49.830,0.232335069
1779237290,2026/05/20-08:34:50.030,-0.292610677
1779237290,2026/05/20-08:34:50.230,-0.038905165
1779237290,2026/05/20-08:34:50.430,0.048768446
1779237291,2026/05/20-08:34:50.640,-0.083289931
1779237291,2026/05/20-08:34:50.910,-0.128770616
1779237291,2026/05/20-08:34:51.110,-0.171511502
1779237291,2026/05/20-08:34:51.310,-0.07671441
1779237292,2026/05/20-08:34:51.510,-0.162196181
1779237292,2026/05/20-08:34:51.710,-0.261376953
1779237292,2026/05/20-08:34:51.950,-0.290966797
1779237292,2026/05/20-08:34:52.190,-0.23562283
1779237292,2026/05/20-08:34:52.390,-0.267404514
1779237293,2026/05/20-08:34:52.590,0.165483941
1779237293,2026/05/20-08:34:52.790,0.360557726
1779237293,2026/05/20-08:34:52.990,-0.036713325
1779237293,2026/05/20-08:34:53.240,0.366037326
1779237293,2026/05/20-08:34:53.470,0.266308594
1779237294,2026/05/20-08:34:53.670,0.218088108
1779237294,2026/05/20-08:34:53.870,0.091509332
1779237294,2026/05/20-08:34:54.070,0.041644965
1779237294,2026/05/20-08:34:54.270,0.072330729
1779237295,2026/05/20-08:34:54.510,0.005479601
1779237295,2026/05/20-08:34:54.710,0.118359375
1779237295,2026/05/20-08:34:54.910,0.326036241
1779237295,2026/05/20-08:34:55.110,0.087673611
1779237295,2026/05/20-08:34:55.310,-0.088221571
1779237296,2026/05/20-08:34:55.510,-0.101372613
1779237296,2026/05/20-08:34:55.750,0.455902778
1779237296,2026/05/20-08:34:55.950,-0.216992188
1779237296,2026/05/20-08:34:56.150,0.310145399
1779237296,2026/05/20-08:34:56.350,-0.013151042
1779237297,2026/05/20-08:34:56.550,0.499191623
1779237297,2026/05/20-08:34:56.750,0.141921658
1779237297,2026/05/20-08:34:57.030,0.019726563
1779237297,2026/05/20-08:34:57.230,-0.23836263
1779237297,2026/05/20-08:34:57.430,-0.427408854
1779237298,2026/05/20-08:34:57.630,-0.092605252
1779237298,2026/05/20-08:34:57.830,-0.179730903
1779237298,2026/05/20-08:34:58.030,0.261924913
1779237298,2026/05/20-08:34:58.310,-0.121099175
1779237299,2026/05/20-08:34:58.510,-0.214800347
1779237299,2026/05/20-08:34:58.710,-0.231787109
1779237299,2026/05/20-08:34:58.910,-0.211512587
1779237299,2026/05/20-08:34:59.110,-0.193429905
1779237299,2026/05/20-08:34:59.360,-0.419189453
1779237300,2026/05/20-08:34:59.590,-0.190690104
1779237300,2026/05/20-08:34:59.790,-0.068495009
1779237300,2026/05/20-08:34:59.990,0.069590929
1779237300,2026/05/20-08:35:00.190,-0.327132161
1779237300,2026/05/20-08:35:00.390,0.353982205
1779237301,2026/05/20-08:35:00.610,0.022466363
1779237301,2026/05/20-08:35:00.830,0.090961372
1779237301,2026/05/20-08:35:01.030,0.191786024
1779237301,2026/05/20-08:35:01.230,0.096988932
1779237301,2026/05/20-08:35:01.430,0.020822483
1779237302,2026/05/20-08:35:01.630,-0.053700087
1779237302,2026/05/20-08:35:01.850,0.389051649
1779237302,2026/05/20-08:35:02.110,0.095893012
1779237302,2026/05/20-08:35:02.310,-0.116715495
1779237303,2026/05/20-08:35:02.510,-0.170963542
1779237303,2026/05/20-08:35:02.710,0.409874132
1779237303,2026/05/20-08:35:02.910,0.496451823
1779237303,2026/05/20-08:35:03.200,-0.007671441
1779237303,2026/05/20-08:35:03.390,-0.107948134
1779237304,2026/05/20-08:35:03.590,0.220827908
1779237304,2026/05/20-08:35:03.790,0.152880859
1779237304,2026/05/20-08:35:03.990,-0.113975694
1779237304,2026/05/20-08:35:04.190,-0.121647135
1779237304,2026/05/20-08:35:04.470,-0.198361545
1779237305,2026/05/20-08:35:04.670,-0.39672309
1779237305,2026/05/20-08:35:04.870,0.118359375
1779237305,2026/05/20-08:35:05.070,0.022466363
1779237305,2026/05/20-08:35:05.270,-0.07561849
1779237305,2026/05/20-08:35:05.470,-0.178087023
1779237306,2026/05/20-08:35:05.750,0.093153212
1779237306,2026/05/20-08:35:05.950,0.192881944
1779237306,2026/05/20-08:35:06.150,-0.226307509
1779237306,2026/05/20-08:35:06.350,0.172059462
1779237307,2026/05/20-08:35:06.550,0.138085938
1779237307,2026/05/20-08:35:06.770,-0.084933811
1779237307,2026/05/20-08:35:07.030,0.105208333
1779237307,2026/05/20-08:35:07.230,0.145209418
1779237307,2026/05/20-08:35:07.430,-0.031233724
1779237308,2026/05/20-08:35:07.630,0.307405599
1779237308,2026/05/20-08:35:07.830,0.71399197
1779237308,2026/05/20-08:35:08.080,0.027398003
1779237308,2026/05/20-08:35:08.310,0.031781684
1779237309,2026/05/20-08:35:08.510,0.096988932
1779237309,2026/05/20-08:35:08.710,0.123291016
1779237309,2026/05/20-08:35:08.910,-0.050960286
1779237309,2026/05/20-08:35:09.110,-0.169319661
1779237309,2026/05/20-08:35:09.330,0.257541233
1779237310,2026/05/20-08:35:09.550,-0.041644965
1779237310,2026/05/20-08:35:09.750,0.059179688
1779237310,2026/05/20-08:35:09.950,-0.448779297
1779237310,2026/05/20-08:35:10.150,0.128770616
1779237310,2026/05/20-08:35:10.350,-0.206032986
1779237311,2026/05/20-08:35:10.640,0.084385851
1779237311,2026/05/20-08:35:10.870,0.162744141
1779237311,2026/05/20-08:35:11.070,0.359461806
1779237311,2026/05/20-08:35:11.270,-0.018630642
1779237311,2026/05/20-08:35:11.470,-0.036165365
1779237312,2026/05/20-08:35:11.670,-0.269596354
1779237312,2026/05/20-08:35:11.950,-0.07671441
1779237312,2026/05/20-08:35:12.150,-0.252609592
1779237312,2026/05/20-08:35:12.350,0.205485026
1779237313,2026/05/20-08:35:12.550,0.15836046
1779237313,2026/05/20-08:35:12.750,0.344666884
1779237313,2026/05/20-08:35:12.950,0.036165365
1779237313,2026/05/20-08:35:13.210,0.173155382
1779237313,2026/05/20-08:35:13.390,0.463026259
1779237314,2026/05/20-08:35:13.590,0.039453125
1779237314,2026/05/20-08:35:13.790,-0.026850043
1779237314,2026/05/20-08:35:13.990,-0.1550727
1779237314,2026/05/20-08:35:14.190,-0.261376953
1779237314,2026/05/20-08:35:14.450,0.065207248
1779237315,2026/05/20-08:35:14.630,-0.339187283
1779237315,2026/05/20-08:35:14.830,0.005479601
1779237315,2026/05/20-08:35:15.030,-0.324392361
1779237315,2026/05/20-08:35:15.230,-0.071234809
1779237315,2026/05/20-08:35:15.430,0.052604167
1779237316,2026/05/20-08:35:15.660,-0.046028646
1779237316,2026/05/20-08:35:15.870,-0.279459635
1779237316,2026/05/20-08:35:16.070,0.206032986
1779237316,2026/05/20-08:35:16.270,0.054248047
1779237316,2026/05/20-08:35:16.470,0.046028646
1779237317,2026/05/20-08:35:16.670,-0.195073785
1779237317,2026/05/20-08:35:16.890,-0.164388021
1779237317,2026/05/20-08:35:17.150,-0.010411241
1779237317,2026/05/20-08:35:17.350,0.23891059
1779237318,2026/05/20-08:35:17.550,-0.201649306
1779237318,2026/05/20-08:35:17.750,0.229047309
1779237318,2026/05/20-08:35:17.950,0.175895182
1779237318,2026/05/20-08:35:18.220,0.012055122
1779237318,2026/05/20-08:35:18.430,-0.204389106
1779237319,2026/05/20-08:35:18.630,-0.086029731
1779237319,2026/05/20-08:35:18.830,0.23726671
1779237319,2026/05/20-08:35:19.030,0.017534722
1779237319,2026/05/20-08:35:19.230,-0.114523655
1779237320,2026/05/20-08:35:19.500,0.032329644
1779237320,2026/05/20-08:35:19.710,0.094797092
1779237320,2026/05/20-08:35:19.910,0.415353733
1779237320,2026/05/20-08:35:20.110,0.023014323
1779237320,2026/05/20-08:35:20.310,-0.443299696
1779237321,2026/05/20-08:35:20.510,-0.256445313
1779237321,2026/05/20-08:35:20.760,-0.07726237
1779237321,2026/05/20-08:35:20.950,0.241102431
1779237321,2026/05/20-08:35:21.150,0.626318359
1779237321,2026/05/20-08:35:21.350,0.283843316
1779237322,2026/05/20-08:35:21.550,-0.153428819
1779237322,2026/05/20-08:35:21.750,0.144661458
1779237322,2026/05/20-08:35:22.000,-0.098084852
1779237322,2026/05/20-08:35:22.190,-0.069590929
1779237322,2026/05/20-08:35:22.390,0.072878689
1779237323,2026/05/20-08:35:22.590,-0.014246962
1779237323,2026/05/20-08:35:22.790,0.100824653
1779237323,2026/05/20-08:35:22.990,-0.286035156
1779237323,2026/05/20-08:35:23.250,0.378092448
1779237323,2026/05/20-08:35:23.430,0.281103516
1779237324,2026/05/20-08:35:23.630,-0.356174045
1779237324,2026/05/20-08:35:23.830,-0.052056207
1779237324,2026/05/20-08:35:24.030,0.123291016
1779237324,2026/05/20-08:35:24.230,0.430148655
1779237325,2026/05/20-08:35:24.510,0.132606337
1779237325,2026/05/20-08:35:24.710,-0.059179688
1779237325,2026/05/20-08:35:24.910,-0.106852214
1779237325,2026/05/20-08:35:25.110,-0.039453125
1779237325,2026/05/20-08:35:25.310,-0.244390191
1779237326,2026/05/20-08:35:25.530,-0.371516927
1779237326,2026/05/20-08:35:25.790,0.181374783
1779237326,2026/05/20-08:35:25.990,-0.146305339
1779237326,2026/05/20-08:35:26.190,-0.014794922
1779237326,2026/05/20-08:35:26.390,0.035069444
1779237327,2026/05/20-08:35:26.590,-0.102468533
1779237327,2026/05/20-08:35:26.830,-0.074522569
1779237327,2026/05/20-08:35:27.070,0.019178602
1779237327,2026/05/20-08:35:27.270,0.031781684
1779237327,2026/05/20-08:35:27.470,-0.095345052
1779237328,2026/05/20-08:35:27.670,-0.248773872
1779237328,2026/05/20-08:35:27.870,-0.007123481
1779237328,2026/05/20-08:35:28.120,-0.186306424
1779237328,2026/05/20-08:35:28.350,-0.191238064
1779237329,2026/05/20-08:35:28.550,-0.147401259
1779237329,2026/05/20-08:35:28.750,-0.033973524
1779237329,2026/05/20-08:35:28.950,-0.096988932
1779237329,2026/05/20-08:35:29.150,0.050412326
1779237329,2026/05/20-08:35:29.410,0.164388021
1779237330,2026/05/20-08:35:29.630,0.120003255
1779237330,2026/05/20-08:35:29.830,-0.088221571
1779237330,2026/05/20-08:35:30.030,-0.087125651
1779237330,2026/05/20-08:35:30.230,0.005479601
1779237330,2026/05/20-08:35:30.430,0.23945855
1779237331,2026/05/20-08:35:30.670,-0.448231337
1779237331,2026/05/20-08:35:30.870,0.113975694
1779237331,2026/05/20-08:35:31.070,-0.07507053
1779237331,2026/05/20-08:35:31.270,-0.1550727
1779237331,2026/05/20-08:35:31.470,0.113975694
1779237332,2026/05/20-08:35:31.670,-0.15890842
1779237332,2026/05/20-08:35:31.940,-0.064659288
1779237332,2026/05/20-08:35:32.150,-0.059727648
1779237332,2026/05/20-08:35:32.350,-0.453162977
1779237333,2026/05/20-08:35:32.550,-0.095345052
1779237333,2026/05/20-08:35:32.750,-0.088221571
1779237333,2026/05/20-08:35:32.950,-0.189046224
1779237333,2026/05/20-08:35:33.230,-0.185758464
1779237333,2026/05/20-08:35:33.430,-0.176991102
1779237334,2026/05/20-08:35:33.630,0.064111328
1779237334,2026/05/20-08:35:33.830,-0.212060547
1779237334,2026/05/20-08:35:34.030,0.030685764
1779237334,2026/05/20-08:35:34.230,0.105756293
1779237335,2026/05/20-08:35:34.510,0.340283203
1779237335,2026/05/20-08:35:34.710,-0.074522569
1779237335,2026/05/20-08:35:34.910,0.068495009
1779237335,2026/05/20-08:35:35.110,-0.23507487
1779237335,2026/05/20-08:35:35.310,0.115071615
1779237336,2026/05/20-08:35:35.510,0.08000217
1779237336,2026/05/20-08:35:35.830,0.149593099
1779237336,2026/05/20-08:35:36.030,-0.307405599
1779237336,2026/05/20-08:35:36.230,-0.15616862
1779237336,2026/05/20-08:35:36.430,-0.08055013
1779237337,2026/05/20-08:35:36.630,-0.060275608
1779237337,2026/05/20-08:35:36.880,-0.103564453
1779237337,2026/05/20-08:35:37.110,-0.283295356
1779237337,2026/05/20-08:35:37.310,-0.033425564
1779237338,2026/05/20-08:35:37.510,0.241650391
1779237338,2026/05/20-08:35:37.710,-0.134798177
1779237338,2026/05/20-08:35:37.910,-0.030137804
1779237338,2026/05/20-08:35:38.170,-0.103016493
1779237338,2026/05/20-08:35:38.390,0.254253472
1779237339,2026/05/20-08:35:38.590,0.150141059
1779237339,2026/05/20-08:35:38.790,-0.255349392
1779237339,2026/05/20-08:35:38.990,-0.013699002
1779237339,2026/05/20-08:35:39.190,-0.253157552
1779237339,2026/05/20-08:35:39.450,-0.035617405
1779237340,2026/05/20-08:35:39.670,-0.086577691
1779237340,2026/05/20-08:35:39.870,0.067947049
1779237340,2026/05/20-08:35:40.070,0.083837891
1779237340,2026/05/20-08:35:40.270,-0.324392361
1779237340,2026/05/20-08:35:40.470,-0.087125651
1779237341,2026/05/20-08:35:40.750,0.112331814
1779237341,2026/05/20-08:35:40.950,0.165483941
1779237341,2026/05/20-08:35:41.150,-0.138633898
1779237341,2026/05/20-08:35:41.350,0.07945421
1779237342,2026/05/20-08:35:41.550,-0.218088108
1779237342,2026/05/20-08:35:41.750,0.284939236
1779237342,2026/05/20-08:35:42.030,0.127126736
1779237342,2026/05/20-08:35:42.230,0.035617405
1779237342,2026/05/20-08:35:42.430,-0.008767361
1779237343,2026/05/20-08:35:42.630,0.163292101
1779237343,2026/05/20-08:35:42.830,-0.169867622
1779237343,2026/05/20-08:35:43.040,0.105208333
1779237343,2026/05/20-08:35:43.310,-0.226855469
1779237344,2026/05/20-08:35:43.510,-0.189594184
1779237344,2026/05/20-08:35:43.710,0.041097005
1779237344,2026/05/20-08:35:43.910,0.087673611
1779237344,2026/05/20-08:35:44.110,-0.108496094
1779237344,2026/05/20-08:35:44.370,0.167127821
1779237345,2026/05/20-08:35:44.590,-0.046576606
1779237345,2026/05/20-08:35:44.790,-0.229047309
1779237345,2026/05/20-08:35:44.990,0.182470703
1779237345,2026/05/20-08:35:45.190,-0.027945964
1779237345,2026/05/20-08:35:45.390,-0.050960286
1779237346,2026/05/20-08:35:45.670,-0.284391276
1779237346,2026/05/20-08:35:45.870,0.015890842
1779237346,2026/05/20-08:35:46.070,-0.066303168
1779237346,2026/05/20-08:35:46.270,0.168223741
1779237346,2026/05/20-08:35:46.470,-0.526041667
1779237347,2026/05/20-08:35:46.670,-0.221375868
1779237347,2026/05/20-08:35:46.950,-0.189594184
1779237347,2026/05/20-08:35:47.150,-0.228499349
1779237347,2026/05/20-08:35:47.350,-0.103564453
1779237348,2026/05/20-08:35:47.550,0.056987847
1779237348,2026/05/20-08:35:47.750,0.039453125
1779237348,2026/05/20-08:35:47.970,0.103564453
1779237348,2026/05/20-08:35:48.230,0.452615017
1779237348,2026/05/20-08:35:48.430,-0.103564453
1779237349,2026/05/20-08:35:48.630,0.146853299
1779237349,2026/05/20-08:35:48.830,0.026302083
1779237349,2026/05/20-08:35:49.030,0.074522569
1779237350,2026/05/20-08:35:50.190,0.215896267
1779237351,2026/05/20-08:35:51.190,-0.086029731
1779237352,2026/05/20-08:35:52.190,0.244938151
1779237353,2026/05/20-08:35:53.190,0.39069553
1779237354,2026/05/20-08:35:54.190,0.229595269
1779237355,2026/05/20-08:35:55.200,-0.050960286
1779237356,2026/05/20-08:35:56.220,-0.016986762
1779237357,2026/05/20-08:35:57.200,0.096440972
1779237358,2026/05/20-08:35:58.200,-0.174251302
1779237359,2026/05/20-08:35:59.200,0.044932726
1779237360,2026/05/20-08:36:00.200,-0.207128906
1779237361,2026/05/20-08:36:01.200,0.327680122
1779237362,2026/05/20-08:36:02.230,-0.039453125
1779237363,2026/05/20-08:36:03.200,0.148497179
1779237364,2026/05/20-08:36:04.200,-0.00164388
1779237365,2026/05/20-08:36:05.200,-0.099180773
1779237366,2026/05/20-08:36:06.200,0.095345052
1779237367,2026/05/20-08:36:07.200,0.398914931
1779237368,2026/05/20-08:36:08.200,0.064659288
1779237369,2026/05/20-08:36:09.230,0.168771701
1779237370,2026/05/20-08:36:10.200,0.153428819
1779237371,2026/05/20-08:36:11.200,0.215348307
1779237372,2026/05/20-08:36:12.200,-0.432888455
1779237373,2026/05/20-08:36:13.200,-0.267952474
1779237374,2026/05/20-08:36:14.200,-0.125482856
1779237375,2026/05/20-08:36:15.210,-0.184662543
1779237376,2026/05/20-08:36:16.200,0.252609592
1779237377,2026/05/20-08:36:17.200,-0.263020833
1779237378,2026/05/20-08:36:18.200,0.064659288
1779237379,2026/05/20-08:36:19.200,0.013699002
1779237380,2026/05/20-08:36:20.200,-0.023562283
1779237381,2026/05/20-08:36:21.200,-0.066851128
1779237382,2026/05/20-08:36:22.230,-0.145757378
1779237383,2026/05/20-08:36:23.200,-0.024658203
1779237384,2026/05/20-08:36:24.200,-0.145209418
1779237385,2026/05/20-08:36:25.200,-0.015890842
1779237386,2026/05/20-08:36:26.200,0.125482856
1779237387,2026/05/20-08:36:27.200,-0.256445313
1779237388,2026/05/20-08:36:28.210,0.047672526
1779237389,2026/05/20-08:36:29.210,0.231239149
1779237390,2026/05/20-08:36:30.200,0.07945421
1779237391,2026/05/20-08:36:31.200,0.089317491
1779237392,2026/05/20-08:36:32.200,0.042192925
1779237393,2026/05/20-08:36:33.200,0.23452691
1779237394,2026/05/20-08:36:34.200,-0.283843316
1779237395,2026/05/20-08:36:35.240,-0.049316406
1779237396,2026/05/20-08:36:36.200,-0.378092448
1779237397,2026/05/20-08:36:37.200,0.168223741
1779237398,2026/05/20-08:36:38.200,-0.096988932
1779237399,2026/05/20-08:36:39.200,0.15397678
1779237400,2026/05/20-08:36:40.200,-0.125482856
1779237401,2026/05/20-08:36:41.200,0.425217014
1779237402,2026/05/20-08:36:42.220,-0.277267795
1779237403,2026/05/20-08:36:43.200,0.226307509
1779237404,2026/05/20-08:36:44.200,0.052056207
1779237405,2026/05/20-08:36:45.200,-0.276719835
1779237406,2026/05/20-08:36:46.200,0.39453125
1779237407,2026/05/20-08:36:47.210,0.105756293
1779237408,2026/05/20-08:36:48.230,0.08274197
1779237409,2026/05/20-08:36:49.200,-0.6285102
1779237410,2026/05/20-08:36:50.200,0.163840061
1779237411,2026/05/20-08:36:51.200,0.39781901
1779237412,2026/05/20-08:36:52.200,-0.046576606
1779237413,2026/05/20-08:36:53.200,0.065207248
1779237414,2026/05/20-08:36:54.200,0.029041884
1779237415,2026/05/20-08:36:55.240,0.089865451
1779237416,2026/05/20-08:36:56.200,-0.056987847
1779237417,2026/05/20-08:36:57.200,-0.011507161
1779237418,2026/05/20-08:36:58.200,-0.288226997
1779237419,2026/05/20-08:36:59.200,-0.052056207
1779237420,2026/05/20-08:37:00.200,0.066851128
1779237421,2026/05/20-08:37:01.210,0.16164822
1779237422,2026/05/20-08:37:02.210,0.187402344
1779237423,2026/05/20-08:37:03.210,0.014246962
1779237424,2026/05/20-08:37:04.200,-0.07835829
1779237425,2026/05/20-08:37:05.210,0.066303168
1779237426,2026/05/20-08:37:06.200,-0.113427734
1779237427,2026/05/20-08:37:07.200,0.072878689
1779237428,2026/05/20-08:37:08.230,-0.019178602
1779237429,2026/05/20-08:37:09.200,0.129866536
1779237430,2026/05/20-08:37:10.200,0.022466363
1779237431,2026/05/20-08:37:11.210,0.437272135
1779237432,2026/05/20-08:37:12.200,0.277267795
1779237433,2026/05/20-08:37:13.210,0.426312934
1779237434,2026/05/20-08:37:14.220,-0.016986762
1779237435,2026/05/20-08:37:15.200,0.355078125
1779237436,2026/05/20-08:37:16.200,0.184114583
1779237437,2026/05/20-08:37:17.200,-0.162744141
1779237438,2026/05/20-08:37:18.210,0.070138889
1779237439,2026/05/20-08:37:19.210,-0.211512587
1779237440,2026/05/20-08:37:20.210,0.225759549
1779237441,2026/05/20-08:37:21.220,0.092057292
1779237442,2026/05/20-08:37:22.200,-0.16164822
1779237443,2026/05/20-08:37:23.200,0.327132161
1779237444,2026/05/20-08:37:24.200,-0.23891059
1779237445,2026/05/20-08:37:25.200,0.073974609
1779237446,2026/05/20-08:37:26.200,-0.08274197
1779237447,2026/05/20-08:37:27.240,0.059727648
1779237448,2026/05/20-08:37:28.210,-0.579741753
1779237449,2026/05/20-08:37:29.200,-0.100276693
1779237450,2026/05/20-08:37:30.210,0.253157552
1779237451,2026/05/20-08:37:31.200,-0.200005425
1779237452,2026/05/20-08:37:32.200,-0.23507487
1779237453,2026/05/20-08:37:33.210,-0.357817925
1779237454,2026/05/20-08:37:34.210,-0.162744141
1779237455,2026/05/20-08:37:35.200,-0.268500434
1779237456,2026/05/20-08:37:36.200,0.035069444
1779237457,2026/05/20-08:37:37.210,0.152332899
1779237458,2026/05/20-08:37:38.200,-0.302473958
1779237459,2026/05/20-08:37:39.200,-0.071234809
1779237460,2026/05/20-08:37:40.240,0.136990017
1779237461,2026/05/20-08:37:41.200,0.293158637
1779237462,2026/05/20-08:37:42.200,0.176443142
1779237463,2026/05/20-08:37:43.200,0.007671441
1779237464,2026/05/20-08:37:44.210,0.290418837
1779237465,2026/05/20-08:37:45.200,-0.101372613
1779237466,2026/05/20-08:37:46.200,-0.217540148
1779237467,2026/05/20-08:37:47.210,0.169867622
1779237468,2026/05/20-08:37:48.200,0.00219184
1779237469,2026/05/20-08:37:49.200,-0.056987847
1779237470,2026/05/20-08:37:50.200,-0.16164822
1779237471,2026/05/20-08:37:51.200,-0.230691189
1779237472,2026/05/20-08:37:52.210,-0.07835829
1779237473,2026/05/20-08:37:53.230,0.098084852
1779237474,2026/05/20-08:37:54.200,0.382476128
1779237475,2026/05/20-08:37:55.200,0.15616862
1779237476,2026/05/20-08:37:56.200,0.143565538
1779237477,2026/05/20-08:37:57.200,0.16000434
1779237478,2026/05/20-08:37:58.200,-0.280555556
1779237479,2026/05/20-08:37:59.200,0.121099175
1779237480,2026/05/20-08:38:00.210,0.451519097
1779237481,2026/05/20-08:38:01.200,0.139729818
1779237482,2026/05/20-08:38:02.200,-0.08055013
1779237483,2026/05/20-08:38:03.200,-0.23397895
1779237484,2026/05/20-08:38:04.200,-0.016986762
1779237485,2026/05/20-08:38:05.210,0.105208333
1779237486,2026/05/20-08:38:06.250,0.178634983
1779237487,2026/05/20-08:38:07.200,-0.009863281
1779237488,2026/05/20-08:38:08.200,-0.152880859
1779237489,2026/05/20-08:38:09.200,0.328776042
1779237490,2026/05/20-08:38:10.200,0.115619575
1779237491,2026/05/20-08:38:11.210,0.346858724
1779237492,2026/05/20-08:38:12.200,-0.186854384
1779237493,2026/05/20-08:38:13.210,0.032877604
1779237494,2026/05/20-08:38:14.200,0.089865451
1779237495,2026/05/20-08:38:15.210,-0.31233724
1779237496,2026/05/20-08:38:16.200,-0.100824653
1779237497,2026/05/20-08:38:17.200,0.046028646
1779237498,2026/05/20-08:38:18.200,-0.301378038
1779237499,2026/05/20-08:38:19.230,0.150141059
1779237500,2026/05/20-08:38:20.200,0.228499349
1779237501,2026/05/20-08:38:21.200,-0.178634983
1779237502,2026/05/20-08:38:22.200,0.198361545
1779237503,2026/05/20-08:38:23.200,0.062467448
1779237504,2026/05/20-08:38:24.200,0.230691189
1779237505,2026/05/20-08:38:25.210,-0.117263455
1779237506,2026/05/20-08:38:26.210,-0.201649306
1779237507,2026/05/20-08:38:27.200,-0.120003255
1779237508,2026/05/20-08:38:28.200,0.073426649
1779237509,2026/05/20-08:38:29.200,0.031233724
1779237510,2026/05/20-08:38:30.200,-0.025754123
1779237511,2026/05/20-08:38:31.200,-0.036713325
1779237512,2026/05/20-08:38:32.230,-0.055891927
1779237513,2026/05/20-08:38:33.200,-0.087125651
1779237514,2026/05/20-08:38:34.200,-0.087125651
1779237515,2026/05/20-08:38:35.200,-0.174799262
1779237516,2026/05/20-08:38:36.200,0.021918403
1779237517,2026/05/20-08:38:37.200,0.027398003
1779237518,2026/05/20-08:38:38.210,-0.015890842
1779237519,2026/05/20-08:38:39.200,-0.006027561
1779237520,2026/05/20-08:38:40.200,0.139181858
1779237521,2026/05/20-08:38:41.200,-0.423025174
1779237522,2026/05/20-08:38:42.200,0.250965712
1779237523,2026/05/20-08:38:43.200,-0.095893012
1779237524,2026/05/20-08:38:44.200,0.144113498
1779237525,2026/05/20-08:38:45.210,0.375352648
1779237526,2026/05/20-08:38:46.210,-0.367133247
1779237527,2026/05/20-08:38:47.200,0.053700087
1779237528,2026/05/20-08:38:48.200,-0.00164388
1779237529,2026/05/20-08:38:49.200,-0.056439887
1779237530,2026/05/20-08:38:50.200,-0.166579861
1779237531,2026/05/20-08:38:51.220,0.149593099
1779237532,2026/05/20-08:38:52.200,-0.151784939
1779237533,2026/05/20-08:38:53.200,-0.127126736
1779237534,2026/05/20-08:38:54.210,0.215896267
1779237535,2026/05/20-08:38:55.200,-0.31946072
1779237536,2026/05/20-08:38:56.200,-0.152332899
1779237537,2026/05/20-08:38:57.200,0.020274523
1779237538,2026/05/20-08:38:58.240,0.058083767
1779237539,2026/05/20-08:38:59.200,-0.103016493
1779237540,2026/05/20-08:39:00.200,0.406586372
1779237541,2026/05/20-08:39:01.200,0.030685764
1779237542,2026/05/20-08:39:02.200,-0.036713325
1779237543,2026/05/20-08:39:03.200,-0.497547743
1779237544,2026/05/20-08:39:04.230,-0.07561849
1779237545,2026/05/20-08:39:05.210,0.088221571
1779237546,2026/05/20-08:39:06.200,0.252061632
1779237547,2026/05/20-08:39:07.210,0.066851128
1779237548,2026/05/20-08:39:08.200,-0.39507921
1779237549,2026/05/20-08:39:09.200,0.055343967
1779237550,2026/05/20-08:39:10.200,-0.260281033
1779237551,2026/05/20-08:39:11.210,0.010411241
1779237552,2026/05/20-08:39:12.200,0.303021918
1779237553,2026/05/20-08:39:13.200,-0.183018663
1779237554,2026/05/20-08:39:14.200,-0.006575521
1779237555,2026/05/20-08:39:15.200,0.242746311
1779237556,2026/05/20-08:39:16.200,0.048768446
1779237557,2026/05/20-08:39:17.220,-0.086029731
1779237558,2026/05/20-08:39:18.200,0.019178602
1779237559,2026/05/20-08:39:19.200,0.149045139
1779237560,2026/05/20-08:39:20.200,-0.279459635
1779237561,2026/05/20-08:39:21.200,0.092605252
1779237562,2026/05/20-08:39:22.200,-0.168223741
1779237563,2026/05/20-08:39:23.210,-0.123838976
1779237564,2026/05/20-08:39:24.210,0.16000434
1779237565,2026/05/20-08:39:25.200,0.143565538
1779237566,2026/05/20-08:39:26.200,-0.112331814
1779237567,2026/05/20-08:39:27.210,0.130414497
1779237568,2026/05/20-08:39:28.210,-0.170963542
1779237569,2026/05/20-08:39:29.210,0.410422092
1779237570,2026/05/20-08:39:30.230,0.094797092
1779237571,2026/05/20-08:39:31.200,0
1779237572,2026/05/20-08:39:32.200,0.163292101
1779237573,2026/05/20-08:39:33.210,0.445491536
1779237574,2026/05/20-08:39:34.200,-0.202745226
1779237575,2026/05/20-08:39:35.200,-0.073974609
1779237576,2026/05/20-08:39:36.210,-0.184662543
1779237577,2026/05/20-08:39:37.200,0.208772786
1779237578,2026/05/20-08:39:38.210,0.052056207
1779237579,2026/05/20-08:39:39.200,-0.39507921
1779237580,2026/05/20-08:39:40.200,0.205485026
1779237581,2026/05/20-08:39:41.200,-0.328228082
1779237582,2026/05/20-08:39:42.210,-0.067399089
1779237583,2026/05/20-08:39:43.260,0.100824653
1779237584,2026/05/20-08:39:44.210,-0.104112413
1779237585,2026/05/20-08:39:45.200,-0.123838976
1779237586,2026/05/20-08:39:46.210,-0.367681207
1779237587,2026/05/20-08:39:47.200,-0.126030816
1779237588,2026/05/20-08:39:48.210,-0.242198351
1779237589,2026/05/20-08:39:49.210,-0.250417752
1779237590,2026/05/20-08:39:50.210,0.23617079
1779237591,2026/05/20-08:39:51.200,0.105756293
1779237592,2026/05/20-08:39:52.200,0.018082682
1779237593,2026/05/20-08:39:53.200,-0.041097005
1779237594,2026/05/20-08:39:54.200,-0.321104601
1779237595,2026/05/20-08:39:55.210,0.371516927
1779237596,2026/05/20-08:39:56.250,-0.561659071
1779237597,2026/05/20-08:39:57.200,-0.092605252
1779237598,2026/05/20-08:39:58.200,0.009863281
1779237599,2026/05/20-08:39:59.210,-0.224115668
1779237600,2026/05/20-08:40:00.210,-0.058631727
1779237601,2026/05/20-08:40:01.200,-0.072878689
1779237602,2026/05/20-08:40:02.200,0.008219401
1779237603,2026/05/20-08:40:03.220,0.420285373
1779237604,2026/05/20-08:40:04.210,0.040549045
1779237605,2026/05/20-08:40:05.200,-0.136990017
1779237606,2026/05/20-08:40:06.200,0.186306424
1779237607,2026/05/20-08:40:07.200,0.184114583
1779237608,2026/05/20-08:40:08.200,0.39617513
1779237609,2026/05/20-08:40:09.230,-0.07507053
1779237610,2026/05/20-08:40:10.210,0.215896267
1779237611,2026/05/20-08:40:11.200,-0.226307509
1779237612,2026/05/20-08:40:12.200,0.303569878
1779237613,2026/05/20-08:40:13.210,-0.178087023
1779237614,2026/05/20-08:40:14.200,0.195621745
1779237615,2026/05/20-08:40:15.200,-0.108496094
1779237616,2026/05/20-08:40:16.230,0.032877604
1779237617,2026/05/20-08:40:17.210,-0.071234809
1779237618,2026/05/20-08:40:18.200,0.050960286
1779237619,2026/05/20-08:40:19.200,-0.091509332
1779237620,2026/05/20-08:40:20.210,0.364941406
1779237621,2026/05/20-08:40:21.200,0.009315321
1779237622,2026/05/20-08:40:22.230,-0.243294271
1779237623,2026/05/20-08:40:23.200,-0.086029731
1779237624,2026/05/20-08:40:24.210,-0.120551215
1779237625,2026/05/20-08:40:25.200,0.086029731
1779237626,2026/05/20-08:40:26.200,0.375352648
1779237627,2026/05/20-08:40:27.200,0.309597439
1779237628,2026/05/20-08:40:28.200,0.225211589
1779237629,2026/05/20-08:40:29.220,-0.107400174
1779237630,2026/05/20-08:40:30.210,-0.072878689
1779237631,2026/05/20-08:40:31.210,-0.241102431
1779237632,2026/05/20-08:40:32.200,-0.361653646
1779237633,2026/05/20-08:40:33.200,-0.272336155
1779237634,2026/05/20-08:40:34.200,0.23452691
1779237635,2026/05/20-08:40:35.210,0.026850043
1779237636,2026/05/20-08:40:36.200,-0.282199436
1779237637,2026/05/20-08:40:37.200,0.216444227
1779237638,2026/05/20-08:40:38.200,-0.119455295
1779237639,2026/05/20-08:40:39.210,0.309049479
1779237640,2026/05/20-08:40:40.210,-0.059179688
1779237641,2026/05/20-08:40:41.210,-0.202197266
1779237642,2026/05/20-08:40:42.220,0.024658203
1779237643,2026/05/20-08:40:43.200,-0.175895182
1779237644,2026/05/20-08:40:44.210,-0.368229167
1779237645,2026/05/20-08:40:45.200,-0.055343967
1779237646,2026/05/20-08:40:46.200,0.47124566
1779237647,2026/05/20-08:40:47.210,0.029041884
1779237648,2026/05/20-08:40:48.220,-0.200553385
1779237649,2026/05/20-08:40:49.200,0.044384766
1779237650,2026/05/20-08:40:50.200,-0.039453125
1779237651,2026/05/20-08:40:51.210,0.144113498
1779237652,2026/05/20-08:40:52.210,0.030685764
1779237653,2026/05/20-08:40:53.210,-0.338091363
1779237654,2026/05/20-08:40:54.210,-0.137537977
1779237655,2026/05/20-08:40:55.260,0.032877604
1779237656,2026/05/20-08:40:56.210,0.402202691
1779237657,2026/05/20-08:40:57.210,-0.145209418
1779237658,2026/05/20-08:40:58.200,-0.110687934
1779237659,2026/05/20-08:40:59.210,0.150689019
1779237660,2026/05/20-08:41:00.210,0.072330729
1779237661,2026/05/20-08:41:01.220,0.085481771
1779237662,2026/05/20-08:41:02.210,-0.126030816
1779237663,2026/05/20-08:41:03.210,0.196717665
1779237664,2026/05/20-08:41:04.200,-0.528233507
1779237665,2026/05/20-08:41:05.210,-0.294802517
1779237666,2026/05/20-08:41:06.210,-0.08219401
1779237667,2026/05/20-08:41:07.210,0.201101345
1779237668,2026/05/20-08:41:08.230,0.39836697
1779237669,2026/05/20-08:41:09.210,-0.095893012
1779237670,2026/05/20-08:41:10.210,-0.104660373
1779237671,2026/05/20-08:41:11.210,-0.00219184
1779237672,2026/05/20-08:41:12.210,-0.39069553
1779237673,2026/05/20-08:41:13.210,0.180826823
1779237674,2026/05/20-08:41:14.210,0.151236979
1779237675,2026/05/20-08:41:15.220,-0.258089193
1779237676,2026/05/20-08:41:16.210,0.251513672
1779237677,2026/05/20-08:41:17.210,0.066851128
1779237678,2026/05/20-08:41:18.210,-0.07945421
1779237679,2026/05/20-08:41:19.210,-0.019178602
1779237680,2026/05/20-08:41:20.210,0.300282118
1779237681,2026/05/20-08:41:21.240,0.098632813
1779237682,2026/05/20-08:41:22.200,-0.132606337
1779237683,2026/05/20-08:41:23.210,-0.068495009
1779237684,2026/05/20-08:41:24.210,0.258637153
1779237685,2026/05/20-08:41:25.210,-0.049316406
1779237686,2026/05/20-08:41:26.210,0.191238064
1779237687,2026/05/20-08:41:27.210,0.185210503
1779237688,2026/05/20-08:41:28.230,-0.089317491
1779237689,2026/05/20-08:41:29.210,-0.048220486
1779237690,2026/05/20-08:41:30.210,-0.174251302
1779237691,2026/05/20-08:41:31.210,0.185758464
1779237692,2026/05/20-08:41:32.210,0.206580946
1779237693,2026/05/20-08:41:33.210,0.280007595
1779237694,2026/05/20-08:41:34.220,-0.248225911
1779237695,2026/05/20-08:41:35.210,0.423025174
1779237696,2026/05/20-08:41:36.210,0.07781033
1779237697,2026/05/20-08:41:37.210,-0.056987847
1779237698,2026/05/20-08:41:38.210,-0.106852214
1779237699,2026/05/20-08:41:39.210,-0.15397678
1779237700,2026/05/20-08:41:40.210,0.035617405
1779237701,2026/05/20-08:41:41.250,0.191238064
1779237702,2026/05/20-08:41:42.210,0.112331814
1779237703,2026/05/20-08:41:43.210,-0.021370443
1779237704,2026/05/20-08:41:44.210,0.07781033
1779237705,2026/05/20-08:41:45.210,0.032329644
1779237706,2026/05/20-08:41:46.210,0.256993273
1779237707,2026/05/20-08:41:47.210,-0.093701172
1779237708,2026/05/20-08:41:48.210,0.035617405
1779237709,2026/05/20-08:41:49.210,0.15726454
1779237710,2026/05/20-08:41:50.210,0.068495009
1779237711,2026/05/20-08:41:51.210,0.207128906
1779237712,2026/05/20-08:41:52.210,-0.120551215
1779237713,2026/05/20-08:41:53.210,-0.133702257
1779237714,2026/05/20-08:41:54.250,0.254801432
1779237715,2026/05/20-08:41:55.210,0.294254557
1779237716,2026/05/20-08:41:56.210,0.064659288
1779237717,2026/05/20-08:41:57.210,-0.218088108
1779237718,2026/05/20-08:41:58.210,0.306857639
1779237719,2026/05/20-08:41:59.210,0.104112413
1779237720,2026/05/20-08:42:00.210,-0.032329644
1779237721,2026/05/20-08:42:01.220,0.141373698
1779237722,2026/05/20-08:42:02.210,0.020822483
1779237723,2026/05/20-08:42:03.210,-0.122743056
1779237724,2026/05/20-08:42:04.210,-0.045480686
1779237725,2026/05/20-08:42:05.210,-0.244938151
1779237726,2026/05/20-08:42:06.210,-0.046028646
1779237727,2026/05/20-08:42:07.240,0.095893012
1779237728,2026/05/20-08:42:08.210,-0.009863281
1779237729,2026/05/20-08:42:09.210,0.382476128
1779237730,2026/05/20-08:42:10.210,0.205485026
1779237731,2026/05/20-08:42:11.210,0.067947049
1779237732,2026/05/20-08:42:12.210,0.084933811
1779237733,2026/05/20-08:42:13.210,-0.246034071
1779237734,2026/05/20-08:42:14.210,0.503575304
1779237735,2026/05/20-08:42:15.210,-0.043836806
1779237736,2026/05/20-08:42:16.210,0.024658203
1779237737,2026/05/20-08:42:17.210,-0.139729818
1779237738,2026/05/20-08:42:18.210,0.024110243
1779237739,2026/05/20-08:42:19.210,0.031781684
1779237740,2026/05/20-08:42:20.240,0.205485026
1779237741,2026/05/20-08:42:21.210,-0.083837891
1779237742,2026/05/20-08:42:22.210,0.109592014
1779237743,2026/05/20-08:42:23.210,0.107948134
1779237744,2026/05/20-08:42:24.210,-0.140277778
1779237745,2026/05/20-08:42:25.210,-0.044932726
1779237746,2026/05/20-08:42:26.210,0.308501519
1779237747,2026/05/20-08:42:27.210,-0.373708767
1779237748,2026/05/20-08:42:28.210,-0.493164063
1779237749,2026/05/20-08:42:29.210,-0.025754123
1779237750,2026/05/20-08:42:30.210,-0.047672526
1779237751,2026/05/20-08:42:31.210,0.191786024
1779237752,2026/05/20-08:42:32.210,-0.004383681
1779237753,2026/05/20-08:42:33.230,-0.036165365
1779237754,2026/05/20-08:42:34.210,-0.009315321
1779237755,2026/05/20-08:42:35.210,-0.247129991
1779237756,2026/05/20-08:42:36.210,0.071782769
1779237757,2026/05/20-08:42:37.210,0.187402344
1779237758,2026/05/20-08:42:38.210,-0.307405599
1779237759,2026/05/20-08:42:39.210,0.198361545
1779237760,2026/05/20-08:42:40.210,-0.208772786
1779237761,2026/05/20-08:42:41.210,0.069590929
1779237762,2026/05/20-08:42:42.210,0.020822483
1779237763,2026/05/20-08:42:43.210,-0.202197266
1779237764,2026/05/20-08:42:44.210,-0.112879774
1779237765,2026/05/20-08:42:45.210,0.254801432
1779237766,2026/05/20-08:42:46.230,0.116715495
1779237767,2026/05/20-08:42:47.210,-0.00383572
1779237768,2026/05/20-08:42:48.210,0.127674696
1779237769,2026/05/20-08:42:49.210,-0.029041884
1779237770,2026/05/20-08:42:50.210,0.083837891
1779237771,2026/05/20-08:42:51.210,0.353982205
1779237772,2026/05/20-08:42:52.210,-0.049316406
1779237773,2026/05/20-08:42:53.220,0.066851128
1779237774,2026/05/20-08:42:54.210,-0.041644965
1779237775,2026/05/20-08:42:55.210,-0.105208333
1779237776,2026/05/20-08:42:56.210,-0.065207248
1779237777,2026/05/20-08:42:57.210,0.095893012
1779237778,2026/05/20-08:42:58.210,0.203293186
1779237779,2026/05/20-08:42:59.240,0.253157552
1779237780,2026/05/20-08:43:00.210,-0.262472873
1779237781,2026/05/20-08:43:01.210,-0.361105686
1779237782,2026/05/20-08:43:02.210,-0.128770616
1779237783,2026/05/20-08:43:03.210,0.276171875
1779237784,2026/05/20-08:43:04.210,0.124386936
1779237785,2026/05/20-08:43:05.210,-0.358913845
1779237786,2026/05/20-08:43:06.250,-0.017534722
1779237787,2026/05/20-08:43:07.210,0.135894097
1779237788,2026/05/20-08:43:08.210,-0.39836697
1779237789,2026/05/20-08:43:09.210,-0.089317491
1779237790,2026/05/20-08:43:10.210,-0.022466363
1779237791,2026/05/20-08:43:11.210,0.059179688
1779237792,2026/05/20-08:43:12.210,0.073974609
1779237793,2026/05/20-08:43:13.220,0.00054796
1779237794,2026/05/20-08:43:14.210,-0.104660373
1779237795,2026/05/20-08:43:15.210,-0.298090278
1779237796,2026/05/20-08:43:16.210,0.029041884
1779237797,2026/05/20-08:43:17.210,0.179182943
1779237798,2026/05/20-08:43:18.210,0.070138889
1779237799,2026/05/20-08:43:19.230,0.050412326
1779237800,2026/05/20-08:43:20.210,0.184114583
1779237801,2026/05/20-08:43:21.210,0.046576606
1779237802,2026/05/20-08:43:22.210,0.249321832
1779237803,2026/05/20-08:43:23.210,0.035617405
1779237804,2026/05/20-08:43:24.210,0.333707682
1779237805,2026/05/20-08:43:25.210,0.189594184
1779237806,2026/05/20-08:43:26.220,-0.025206163
1779237807,2026/05/20-08:43:27.210,0.23836263
1779237808,2026/05/20-08:43:28.210,-0.073426649
1779237809,2026/05/20-08:43:29.210,-0.282747396
1779237810,2026/05/20-08:43:30.210,-0.54960395
1779237811,2026/05/20-08:43:31.210,-0.193977865
1779237812,2026/05/20-08:43:32.250,-0.08109809
1779237813,2026/05/20-08:43:33.210,0.16164822
1779237814,2026/05/20-08:43:34.210,-0.148497179
1779237815,2026/05/20-08:43:35.210,0.338639323
1779237816,2026/05/20-08:43:36.210,0.170415582
1779237817,2026/05/20-08:43:37.210,0.293706597
1779237818,2026/05/20-08:43:38.210,-0.065755208
1779237819,2026/05/20-08:43:39.230,0.07945421
1779237820,2026/05/20-08:43:40.210,-0.092605252
1779237821,2026/05/20-08:43:41.210,-0.207128906
1779237822,2026/05/20-08:43:42.210,-0.265760634
1779237823,2026/05/20-08:43:43.210,-0.131510417
1779237824,2026/05/20-08:43:44.210,0.065207248
1779237825,2026/05/20-08:43:45.230,-0.083837891
1779237826,2026/05/20-08:43:46.210,0.452067057
1779237827,2026/05/20-08:43:47.210,-0.049316406
1779237828,2026/05/20-08:43:48.210,-0.009315321
1779237829,2026/05/20-08:43:49.210,-0.060275608
1779237830,2026/05/20-08:43:50.210,0.106304253
1779237831,2026/05/20-08:43:51.210,-0.104660373
1779237832,2026/05/20-08:43:52.280,0.124386936
1779237833,2026/05/20-08:43:53.210,-0.15452474
1779237834,2026/05/20-08:43:54.210,0.203293186
1779237835,2026/05/20-08:43:55.210,-0.293158637
1779237836,2026/05/20-08:43:56.210,0.045480686
1779237837,2026/05/20-08:43:57.210,-0.144661458
1779237838,2026/05/20-08:43:58.210,0.08000217
1779237839,2026/05/20-08:43:59.210,0.029041884
1779237840,2026/05/20-08:44:00.210,0.419737413
1779237841,2026/05/20-08:44:01.210,0.033973524
1779237842,2026/05/20-08:44:02.210,-0.178634983
1779237843,2026/05/20-08:44:03.210,-0.039453125
1779237844,2026/05/20-08:44:04.210,-0.032329644
1779237845,2026/05/20-08:44:05.240,0.106852214
1779237846,2026/05/20-08:44:06.210,-0.032877604
1779237847,2026/05/20-08:44:07.210,0.344118924
1779237848,2026/05/20-08:44:08.210,-0.031233724
1779237849,2026/05/20-08:44:09.210,-0.307405599
1779237850,2026/05/20-08:44:10.210,-0.361105686
1779237851,2026/05/20-08:44:11.210,-0.074522569
1779237852,2026/05/20-08:44:12.210,0.15397678
1779237853,2026/05/20-08:44:13.210,-0.108496094
1779237854,2026/05/20-08:44:14.210,0.037261285
1779237855,2026/05/20-08:44:15.210,-0.064659288
1779237856,2026/05/20-08:44:16.210,-0.466861979
1779237857,2026/05/20-08:44:17.210,-0.057535807
1779237858,2026/05/20-08:44:18.230,-0.00054796
1779237859,2026/05/20-08:44:19.210,-0.016438802
1779237860,2026/05/20-08:44:20.210,-0.364941406
1779237861,2026/05/20-08:44:21.210,-0.162744141
1779237862,2026/05/20-08:44:22.210,0.110687934
1779237863,2026/05/20-08:44:23.210,0.129318576
1779237864,2026/05/20-08:44:24.210,-0.139729818
1779237865,2026/05/20-08:44:25.220,0.122195095
1779237866,2026/05/20-08:44:26.210,0.340283203
1779237867,2026/05/20-08:44:27.210,0.243842231
1779237868,2026/05/20-08:44:28.210,0.055343967
1779237869,2026/05/20-08:44:29.210,-0.065755208
1779237870,2026/05/20-08:44:30.210,-0.072878689
1779237871,2026/05/20-08:44:31.230,-0.202197266
1779237872,2026/05/20-08:44:32.210,0.037809245
1779237873,2026/05/20-08:44:33.210,-0.266856554
1779237874,2026/05/20-08:44:34.210,0.221923828
1779237875,2026/05/20-08:44:35.210,-0.128770616
1779237876,2026/05/20-08:44:36.210,0.035069444
1779237877,2026/05/20-08:44:37.210,-0.092605252
1779237878,2026/05/20-08:44:38.220,0.057535807
1779237879,2026/05/20-08:44:39.210,0.275623915
1779237880,2026/05/20-08:44:40.210,0.023014323
1779237881,2026/05/20-08:44:41.210,-0.088769531
1779237882,2026/05/20-08:44:42.210,-0.164388021
1779237883,2026/05/20-08:44:43.210,0.129318576
1779237884,2026/05/20-08:44:44.210,0.358365885
1779237885,2026/05/20-08:44:45.210,-0.048220486
1779237886,2026/05/20-08:44:46.210,-0.048768446
1779237887,2026/05/20-08:44:47.210,0.269048394
1779237888,2026/05/20-08:44:48.210,-0.194525825
1779237889,2026/05/20-08:44:49.210,-0.184662543
1779237890,2026/05/20-08:44:50.210,-0.194525825
1779237891,2026/05/20-08:44:51.230,0.012055122
1779237892,2026/05/20-08:44:52.210,0.204389106
1779237893,2026/05/20-08:44:53.210,0.399462891
1779237894,2026/05/20-08:44:54.210,-0.305761719
1779237895,2026/05/20-08:44:55.210,0.084933811
1779237896,2026/05/20-08:44:56.210,-0.222471788
1779237897,2026/05/20-08:44:57.220,0.152332899
1779237898,2026/05/20-08:44:58.210,0.212060547
1779237899,2026/05/20-08:44:59.210,-0.294254557
1779237900,2026/05/20-08:45:00.210,0.31507704
1779237901,2026/05/20-08:45:01.210,-0.046028646
1779237902,2026/05/20-08:45:02.210,-0.197813585
1779237903,2026/05/20-08:45:03.210,0.07671441
1779237904,2026/05/20-08:45:04.240,-0.116715495
1779237905,2026/05/20-08:45:05.210,0.004931641
1779237906,2026/05/20-08:45:06.210,-0.113427734
1779237907,2026/05/20-08:45:07.210,-0.146853299
1779237908,2026/05/20-08:45:08.210,0.206580946
1779237909,2026/05/20-08:45:09.210,0.134250217
1779237910,2026/05/20-08:45:10.210,0.012603082
1779237911,2026/05/20-08:45:11.210,0.124934896
1779237912,2026/05/20-08:45:12.210,-0.039453125
1779237913,2026/05/20-08:45:13.210,-0.013151042
1779237914,2026/05/20-08:45:14.210,-0.444395616
1779237915,2026/05/20-08:45:15.210,0.172607422
1779237916,2026/05/20-08:45:16.210,-0.247129991
1779237917,2026/05/20-08:45:17.220,0.336447483
1779237918,2026/05/20-08:45:18.210,0.401106771
1779237919,2026/05/20-08:45:19.210,0.004931641
1779237920,2026/05/20-08:45:20.210,0.109592014
1779237921,2026/05/20-08:45:21.210,0.146853299
1779237922,2026/05/20-08:45:22.210,0.00383572
1779237923,2026/05/20-08:45:23.230,0.406038411
1779237924,2026/05/20-08:45:24.210,0.07835829
1779237925,2026/05/20-08:45:25.210,-0.303569878
1779237926,2026/05/20-08:45:26.210,-0.141921658
1779237927,2026/05/20-08:45:27.210,-0.222471788
1779237928,2026/05/20-08:45:28.210,0.014246962
1779237929,2026/05/20-08:45:29.210,-0.287679036
1779237930,2026/05/20-08:45:30.220,-0.021918403
1779237931,2026/05/20-08:45:31.210,-0.303569878
1779237932,2026/05/20-08:45:32.210,0.048220486
1779237933,2026/05/20-08:45:33.210,0.07616645
1779237934,2026/05/20-08:45:34.210,-0.134798177
1779237935,2026/05/20-08:45:35.210,-0.023562283
1779237936,2026/05/20-08:45:36.240,0.31891276
1779237937,2026/05/20-08:45:37.210,-0.569330512
1779237938,2026/05/20-08:45:38.210,-0.163292101
1779237939,2026/05/20-08:45:39.210,-0.15452474
1779237940,2026/05/20-08:45:40.210,0.164388021
1779237941,2026/05/20-08:45:41.210,0.036165365
1779237942,2026/05/20-08:45:42.210,0.170963542
1779237943,2026/05/20-08:45:43.220,-0.148497179
1779237944,2026/05/20-08:45:44.210,0.309597439
1779237945,2026/05/20-08:45:45.210,0.070138889
1779237946,2026/05/20-08:45:46.210,-0.16000434
1779237947,2026/05/20-08:45:47.210,-0.049316406
1779237948,2026/05/20-08:45:48.210,-0.23726671
1779237949,2026/05/20-08:45:49.220,-0.041644965
1779237950,2026/05/20-08:45:50.210,0.15890842
1779237951,2026/05/20-08:45:51.210,0.045480686
1779237952,2026/05/20-08:45:52.210,0.15616862
1779237953,2026/05/20-08:45:53.210,-0.164388021
1779237954,2026/05/20-08:45:54.210,-0.131510417
1779237955,2026/05/20-08:45:55.210,0.31726888
1779237956,2026/05/20-08:45:56.240,0.074522569
1779237957,2026/05/20-08:45:57.210,0.009315321
1779237958,2026/05/20-08:45:58.210,0.113427734
1779237959,2026/05/20-08:45:59.210,0.280007595
1779237960,2026/05/20-08:46:00.210,0.341379123
1779237961,2026/05/20-08:46:01.210,-0.39288737
1779237962,2026/05/20-08:46:02.220,0.073426649
1779237963,2026/05/20-08:46:03.210,0.065755208
1779237964,2026/05/20-08:46:04.210,-0.067947049
1779237965,2026/05/20-08:46:05.210,-0.224115668
1779237966,2026/05/20-08:46:06.210,0.310693359
1779237967,2026/05/20-08:46:07.210,0.016438802
1779237968,2026/05/20-08:46:08.210,0.23397895
1779237969,2026/05/20-08:46:09.230,-0.288774957
1779237970,2026/05/20-08:46:10.210,-0.065755208
1779237971,2026/05/20-08:46:11.210,-0.170415582
1779237972,2026/05/20-08:46:12.210,-0.131510417
1779237973,2026/05/20-08:46:13.210,-0.15836046
1779237974,2026/05/20-08:46:14.210,-0.232335069
1779237975,2026/05/20-08:46:15.210,0.150141059
1779237976,2026/05/20-08:46:16.220,0.021370443
1779237977,2026/05/20-08:46:17.210,-0.013151042
1779237978,2026/05/20-08:46:18.210,-0.065755208
1779237979,2026/05/20-08:46:19.210,0.088221571
1779237980,2026/05/20-08:46:20.210,0.16000434
1779237981,2026/05/20-08:46:21.210,0.15945638
1779237982,2026/05/20-08:46:22.220,-0.31178928
1779237983,2026/05/20-08:46:23.210,0.414805773
1779237984,2026/05/20-08:46:24.210,-0.276171875
1779237985,2026/05/20-08:46:25.210,-0.132606337
1779237986,2026/05/20-08:46:26.210,0.053700087
1779237987,2026/05/20-08:46:27.210,-0.024110243
1779237988,2026/05/20-08:46:28.210,0.201649306
1779237989,2026/05/20-08:46:29.240,-0.134250217
1779237990,2026/05/20-08:46:30.210,0.147949219
1779237991,2026/05/20-08:46:31.210,-0.435628255
1779237992,2026/05/20-08:46:32.210,-0.037261285
1779237993,2026/05/20-08:46:33.210,-0.120551215
1779237994,2026/05/20-08:46:34.210,-0.493712023
1779237995,2026/05/20-08:46:35.220,0.149593099
1779237996,2026/05/20-08:46:36.210,0.281103516
1779237997,2026/05/20-08:46:37.210,0.184114583
1779237998,2026/05/20-08:46:38.210,0.036165365
1779237999,2026/05/20-08:46:39.210,-0.291514757
1779238000,2026/05/20-08:46:40.210,0.492616102
1779238001,2026/05/20-08:46:41.210,0.150689019
1779238002,2026/05/20-08:46:42.240,0.118359375
1779238003,2026/05/20-08:46:43.210,0.417545573
1779238004,2026/05/20-08:46:44.210,0.458094618
1779238005,2026/05/20-08:46:45.210,-0.640565321
1779238006,2026/05/20-08:46:46.210,0.038905165
1779238007,2026/05/20-08:46:47.210,0.373160807
1779238008,2026/05/20-08:46:48.210,0.39562717
1779238009,2026/05/20-08:46:49.210,-0.067947049
1779238010,2026/05/20-08:46:50.210,-0.186306424
1779238011,2026/05/20-08:46:51.210,-0.021918403
1779238012,2026/05/20-08:46:52.210,0.004931641
1779238013,2026/05/20-08:46:53.210,0.08055013
1779238014,2026/05/20-08:46:54.210,0.128222656
1779238015,2026/05/20-08:46:55.240,-0.047124566
1779238016,2026/05/20-08:46:56.210,0.15397678
1779238017,2026/05/20-08:46:57.210,-0.301925998
1779238018,2026/05/20-08:46:58.210,0.07671441
1779238019,2026/05/20-08:46:59.210,-0.122743056
1779238020,2026/05/20-08:47:00.210,-0.213704427
1779238021,2026/05/20-08:47:01.220,-0.068495009
1779238022,2026/05/20-08:47:02.210,-0.23397895
1779238023,2026/05/20-08:47:03.210,-0.16110026
1779238024,2026/05/20-08:47:04.210,-0.115619575
1779238025,2026/05/20-08:47:05.210,-0.23507487
1779238026,2026/05/20-08:47:06.210,0.090961372
1779238027,2026/05/20-08:47:07.210,0.00383572
1779238028,2026/05/20-08:47:08.220,-0.007123481
1779238029,2026/05/20-08:47:09.210,-0.141373698
1779238030,2026/05/20-08:47:10.210,-0.23397895
1779238031,2026/05/20-08:47:11.210,-0.181922743
1779238032,2026/05/20-08:47:12.210,-0.044384766
1779238033,2026/05/20-08:47:13.210,0.043288845
1779238034,2026/05/20-08:47:14.220,0.136442057
1779238035,2026/05/20-08:47:15.210,0.287131076
1779238036,2026/05/20-08:47:16.210,-0.322748481
1779238037,2026/05/20-08:47:17.210,-0.219184028
1779238038,2026/05/20-08:47:18.210,-0.175895182
1779238039,2026/05/20-08:47:19.210,-0.031781684
1779238040,2026/05/20-08:47:20.210,-0.410422092
1779238041,2026/05/20-08:47:21.230,0.608235677
1779238042,2026/05/20-08:47:22.210,0.299734158
1779238043,2026/05/20-08:47:23.210,-0.086029731
1779238044,2026/05/20-08:47:24.210,0.263568793
1779238045,2026/05/20-08:47:25.210,0.142469618
1779238046,2026/05/20-08:47:26.210,0.074522569
1779238047,2026/05/20-08:47:27.210,-0.07507053
1779238048,2026/05/20-08:47:28.210,-0.15397678
1779238049,2026/05/20-08:47:29.210,0.174251302
1779238050,2026/05/20-08:47:30.210,0.133702257
1779238051,2026/05/20-08:47:31.210,-0.018082682
1779238052,2026/05/20-08:47:32.210,0.090961372
1779238053,2026/05/20-08:47:33.210,0.072330729
1779238054,2026/05/20-08:47:34.240,0.354530165
1779238055,2026/05/20-08:47:35.210,-0.038357205
1779238056,2026/05/20-08:47:36.210,-0.059727648
1779238057,2026/05/20-08:47:37.210,0.132058377
1779238058,2026/05/20-08:47:38.210,0.23836263
1779238059,2026/05/20-08:47:39.210,0.083289931
1779238060,2026/05/20-08:47:40.210,-0.361105686
1779238061,2026/05/20-08:47:41.210,0.31233724
1779238062,2026/05/20-08:47:42.210,-0.08109809
1779238063,2026/05/20-08:47:43.210,0.00054796
1779238064,2026/05/20-08:47:44.210,0.121099175
1779238065,2026/05/20-08:47:45.210,-0.084385851
1779238066,2026/05/20-08:47:46.210,0.206580946
1779238067,2026/05/20-08:47:47.220,-0.47508138
1779238068,2026/05/20-08:47:48.210,0.00054796
1779238069,2026/05/20-08:47:49.210,0.042740885
1779238070,2026/05/20-08:47:50.210,0.084385851
1779238071,2026/05/20-08:47:51.210,0.032329644
1779238072,2026/05/20-08:47:52.210,0.144661458
1779238073,2026/05/20-08:47:53.220,-0.004931641
1779238074,2026/05/20-08:47:54.210,0.432888455
1779238075,2026/05/20-08:47:55.210,-0.108496094
1779238076,2026/05/20-08:47:56.210,-0.038357205
1779238077,2026/05/20-08:47:57.210,0.295350477
1779238078,2026/05/20-08:47:58.210,0.120551215
1779238079,2026/05/20-08:47:59.210,0.104660373
1779238080,2026/05/20-08:48:00.240,-0.140825738
1779238081,2026/05/20-08:48:01.210,-0.326584201
1779238082,2026/05/20-08:48:02.210,0.010959201
1779238083,2026/05/20-08:48:03.210,0.150689019
1779238084,2026/05/20-08:48:04.210,-0.004383681
1779238085,2026/05/20-08:48:05.210,0.207676866
1779238086,2026/05/20-08:48:06.210,0.421929253
1779238087,2026/05/20-08:48:07.210,-0.119455295
1779238088,2026/05/20-08:48:08.210,-0.226855469
1779238089,2026/05/20-08:48:09.210,-0.151236979
1779238090,2026/05/20-08:48:10.210,-0.440011936
1779238091,2026/05/20-08:48:11.210,0.194525825
1779238092,2026/05/20-08:48:12.210,-0.139181858
1779238093,2026/05/20-08:48:13.220,0.140825738
1779238094,2026/05/20-08:48:14.210,0.046576606
1779238095,2026/05/20-08:48:15.210,-0.050960286
1779238096,2026/05/20-08:48:16.210,-0.007123481
1779238097,2026/05/20-08:48:17.210,-0.131510417
1779238098,2026/05/20-08:48:18.210,-0.050960286
1779238099,2026/05/20-08:48:19.210,-0.058631727
1779238100,2026/05/20-08:48:20.230,-0.332611762
1779238101,2026/05/20-08:48:21.210,-0.022466363
1779238102,2026/05/20-08:48:22.210,0.132606337
1779238103,2026/05/20-08:48:23.210,0.368229167
1779238104,2026/05/20-08:48:24.210,-0.104112413
1779238105,2026/05/20-08:48:25.210,-0.3183648
1779238106,2026/05/20-08:48:26.240,0.591796875
1779238107,2026/05/20-08:48:27.210,0.074522569
1779238108,2026/05/20-08:48:28.210,0.192333984
1779238109,2026/05/20-08:48:29.210,-0.208224826
1779238110,2026/05/20-08:48:30.210,0.214252387
1779238111,2026/05/20-08:48:31.210,0.103016493
1779238112,2026/05/20-08:48:32.210,0.066851128
1779238113,2026/05/20-08:48:33.220,-0.300282118
1779238114,2026/05/20-08:48:34.210,0.275623915
1779238115,2026/05/20-08:48:35.210,0.139181858
1779238116,2026/05/20-08:48:36.210,-0.121099175
1779238117,2026/05/20-08:48:37.210,0.230691189
1779238118,2026/05/20-08:48:38.210,0.184662543
1779238119,2026/05/20-08:48:39.250,-0.338091363
1779238120,2026/05/20-08:48:40.210,-0.087673611
1779238121,2026/05/20-08:48:41.210,-0.165483941
1779238122,2026/05/20-08:48:42.210,-0.31178928
1779238123,2026/05/20-08:48:43.210,0.174799262
1779238124,2026/05/20-08:48:44.210,-0.117811415
1779238125,2026/05/20-08:48:45.210,0.071234809
1779238126,2026/05/20-08:48:46.260,0.211512587
1779238127,2026/05/20-08:48:47.210,0.111783854
1779238128,2026/05/20-08:48:48.210,0.1578125
1779238129,2026/05/20-08:48:49.210,-0.204389106
1779238130,2026/05/20-08:48:50.210,-0.138085938
1779238131,2026/05/20-08:48:51.210,0.036165365
1779238132,2026/05/20-08:48:52.220,-0.07507053
1779238133,2026/05/20-08:48:53.210,-0.23343099
1779238134,2026/05/20-08:48:54.210,-0.276719835
1779238135,2026/05/20-08:48:55.210,-0.100824653
1779238136,2026/05/20-08:48:56.210,-0.126030816
1779238137,2026/05/20-08:48:57.210,-0.072330729
1779238138,2026/05/20-08:48:58.210,-0.230691189
1779238139,2026/05/20-08:48:59.240,-0.285487196
1779238140,2026/05/20-08:49:00.210,0.211512587
1779238141,2026/05/20-08:49:01.210,-0.021918403
1779238142,2026/05/20-08:49:02.210,0.08055013
1779238143,2026/05/20-08:49:03.210,-0.015342882
1779238144,2026/05/20-08:49:04.210,-0.059727648
1779238145,2026/05/20-08:49:05.230,-0.174251302
1779238146,2026/05/20-08:49:06.210,0.408230252
1779238147,2026/05/20-08:49:07.210,0.202745226
1779238148,2026/05/20-08:49:08.210,0.070138889
1779238149,2026/05/20-08:49:09.210,0.060823568
1779238150,2026/05/20-08:49:10.210,0.109044054
1779238151,2026/05/20-08:49:11.210,-0.105756293
1779238152,2026/05/20-08:49:12.240,0.272884115
1779238153,2026/05/20-08:49:13.210,-0.031233724
1779238154,2026/05/20-08:49:14.210,0.093701172
1779238155,2026/05/20-08:49:15.210,-0.061371528
1779238156,2026/05/20-08:49:16.210,0.07781033
1779238157,2026/05/20-08:49:17.210,0.288226997
1779238158,2026/05/20-08:49:18.220,-0.39288737
1779238159,2026/05/20-08:49:19.210,-0.31781684
1779238160,2026/05/20-08:49:20.210,-0.096440972
1779238161,2026/05/20-08:49:21.210,-0.0027398
1779238162,2026/05/20-08:49:22.210,0.113975694
1779238163,2026/05/20-08:49:23.210,0.111235894
1779238164,2026/05/20-08:49:24.210,-0.016438802
1779238165,2026/05/20-08:49:25.230,0.1578125
1779238166,2026/05/20-08:49:26.210,-0.223567708
1779238167,2026/05/20-08:49:27.210,-0.167675781
1779238168,2026/05/20-08:49:28.210,-0.330967882
1779238169,2026/05/20-08:49:29.210,-0.202745226
1779238170,2026/05/20-08:49:30.210,-0.127674696
1779238171,2026/05/20-08:49:31.220,0.122743056
1779238172,2026/05/20-08:49:32.210,-0.186854384
1779238173,2026/05/20-08:49:33.210,-0.135894097
1779238174,2026/05/20-08:49:34.210,-0.016438802
1779238175,2026/05/20-08:49:35.210,0.020274523
1779238176,2026/05/20-08:49:36.210,-0.054796007
1779238177,2026/05/20-08:49:37.210,0.136990017
1779238178,2026/05/20-08:49:38.260,-0.23945855
1779238179,2026/05/20-08:49:39.210,0.128770616
1779238180,2026/05/20-08:49:40.210,-0.15836046
1779238181,2026/05/20-08:49:41.210,0.358365885
1779238182,2026/05/20-08:49:42.210,-0.112879774
1779238183,2026/05/20-08:49:43.210,-0.020274523
1779238184,2026/05/20-08:49:44.210,0.378092448
1779238185,2026/05/20-08:49:45.210,-0.043836806
1779238186,2026/05/20-08:49:46.210,0.31891276
1779238187,2026/05/20-08:49:47.210,0.034521484
1779238188,2026/05/20-08:49:48.210,-0.169319661
1779238189,2026/05/20-08:49:49.210,0.145757378
1779238190,2026/05/20-08:49:50.210,-0.039453125
1779238191,2026/05/20-08:49:51.230,-0.266308594
1779238192,2026/05/20-08:49:52.210,0.064659288
1779238193,2026/05/20-08:49:53.210,0.425764974
1779238194,2026/05/20-08:49:54.210,0.073426649
1779238195,2026/05/20-08:49:55.210,-0.085481771
1779238196,2026/05/20-08:49:56.210,-0.47508138
1779238197,2026/05/20-08:49:57.210,-0.086029731
1779238198,2026/05/20-08:49:58.220,0.241650391
1779238199,2026/05/20-08:49:59.210,-0.036165365
1779238200,2026/05/20-08:50:00.210,-0.169319661
1779238201,2026/05/20-08:50:01.210,-0.168223741
1779238437,2026/05/20-08:53:57.210,0.273980035
1779238438,2026/05/20-08:53:58.210,0.171511502
1779238439,2026/05/20-08:53:59.210,0.347406684
1779238440,2026/05/20-08:54:00.210,-0.212608507
1779238441,2026/05/20-08:54:01.210,-0.167127821
1779238442,2026/05/20-08:54:02.210,-0.266856554
1779238443,2026/05/20-08:54:03.210,-0.202197266
1779238444,2026/05/20-08:54:04.210,0.086577691
1779238445,2026/05/20-08:54:05.210,0.132606337
1779238446,2026/05/20-08:54:06.210,0.556727431
1779238447,2026/05/20-08:54:07.210,0.225211589
1779238448,2026/05/20-08:54:08.210,-0.128222656
1779238449,2026/05/20-08:54:09.230,0.495355903
1779238450,2026/05/20-08:54:10.210,-0.523849826
1779238451,2026/05/20-08:54:11.210,-0.562207031
1779238452,2026/05/20-08:54:12.210,-0.289870877
1779238453,2026/05/20-08:54:13.210,0.193429905
1779238454,2026/05/20-08:54:14.210,0.262472873
1779238455,2026/05/20-08:54:15.210,0.175895182
1779238456,2026/05/20-08:54:16.220,-0.120003255
1779238457,2026/05/20-08:54:17.210,0.348502604
1779238458,2026/05/20-08:54:18.210,0.119455295
1779238459,2026/05/20-08:54:19.210,0.025206163
1779238460,2026/05/20-08:54:20.210,0.164935981
1779238461,2026/05/20-08:54:21.210,-0.129866536
1779238462,2026/05/20-08:54:22.260,-0.351242405
1779238463,2026/05/20-08:54:23.210,0.112331814
1779238464,2026/05/20-08:54:24.210,0.229047309
1779238465,2026/05/20-08:54:25.210,-0.046028646
1779238466,2026/05/20-08:54:26.210,0.120003255
1779238467,2026/05/20-08:54:27.210,-0.023014323
1779238468,2026/05/20-08:54:28.210,0.176443142
1779238469,2026/05/20-08:54:29.210,-0.107400174
1779238470,2026/05/20-08:54:30.210,0.042740885
1779238471,2026/05/20-08:54:31.210,-0.202197266
1779238472,2026/05/20-08:54:32.210,-0.144661458
1779238473,2026/05/20-08:54:33.210,0.127674696
1779238474,2026/05/20-08:54:34.210,0.353982205
1779238475,2026/05/20-08:54:35.230,0.163292101
1779238476,2026/05/20-08:54:36.210,-0.162744141
1779238477,2026/05/20-08:54:37.210,-0.358365885
1779238478,2026/05/20-08:54:38.210,0.118907335
1779238479,2026/05/20-08:54:39.210,0.089865451
1779238480,2026/05/20-08:54:40.210,0.142469618
1779238481,2026/05/20-08:54:41.220,0.00383572
1779238482,2026/05/20-08:54:42.210,0.061919488
1779238483,2026/05/20-08:54:43.210,0.269048394
1779238484,2026/05/20-08:54:44.210,-0.581933594
1779238485,2026/05/20-08:54:45.210,-0.184114583
1779238486,2026/05/20-08:54:46.210,-0.030685764
1779238487,2026/05/20-08:54:47.210,0.015342882
1779238488,2026/05/20-08:54:48.220,0.195073785
1779238489,2026/05/20-08:54:49.210,0.241102431
1779238490,2026/05/20-08:54:50.210,0.351790365
1779238491,2026/05/20-08:54:51.210,-0.092057292
1779238492,2026/05/20-08:54:52.210,-0.029589844
1779238493,2026/05/20-08:54:53.210,-0.331515842
1779238494,2026/05/20-08:54:54.240,0.056987847
1779238495,2026/05/20-08:54:55.210,0.111783854
1779238496,2026/05/20-08:54:56.210,0.267952474
1779238497,2026/05/20-08:54:57.210,0.146305339
1779238498,2026/05/20-08:54:58.210,-0.164935981
1779238499,2026/05/20-08:54:59.210,0.087673611
1779238500,2026/05/20-08:55:00.210,0.092057292
1779238501,2026/05/20-08:55:01.270,0.448231337
1779238502,2026/05/20-08:55:02.210,0.249869792
1779238503,2026/05/20-08:55:03.210,-0.023562283
1779238504,2026/05/20-08:55:04.210,-0.07671441
1779238505,2026/05/20-08:55:05.210,0.162744141
1779238506,2026/05/20-08:55:06.210,0.110687934
1779238507,2026/05/20-08:55:07.230,-0.123291016
1779238508,2026/05/20-08:55:08.210,-0.488232422
1779238509,2026/05/20-08:55:09.210,-0.040001085
1779238510,2026/05/20-08:55:10.210,-0.164388021
1779238511,2026/05/20-08:55:11.210,0.055343967
1779238512,2026/05/20-08:55:12.210,0.247129991
1779238513,2026/05/20-08:55:13.210,0.065207248
1779238514,2026/05/20-08:55:14.230,-0.177539063
1779238515,2026/05/20-08:55:15.210,-0.117811415
1779238516,2026/05/20-08:55:16.210,-0.126578776
1779238517,2026/05/20-08:55:17.210,-0.136442057
1779238518,2026/05/20-08:55:18.210,-0.173155382
1779238519,2026/05/20-08:55:19.210,0.303569878
1779238520,2026/05/20-08:55:20.220,0.066303168
1779238521,2026/05/20-08:55:21.210,-0.060823568
1779238522,2026/05/20-08:55:22.210,-0.169867622
1779238523,2026/05/20-08:55:23.210,-0.219184028
1779238524,2026/05/20-08:55:24.210,-0.021370443
1779238525,2026/05/20-08:55:25.210,0.086577691
1779238526,2026/05/20-08:55:26.210,-0.060823568
1779238527,2026/05/20-08:55:27.240,-0.032877604
1779238528,2026/05/20-08:55:28.210,-0.115071615
1779238529,2026/05/20-08:55:29.210,-0.112331814
1779238530,2026/05/20-08:55:30.210,0.099180773
1779238531,2026/05/20-08:55:31.210,0.139729818
1779238532,2026/05/20-08:55:32.210,-0.221375868
1779238533,2026/05/20-08:55:33.230,-0.070686849
1779238534,2026/05/20-08:55:34.210,-0.189046224
1779238535,2026/05/20-08:55:35.210,-0.096988932
1779238536,2026/05/20-08:55:36.210,0.163292101
1779238537,2026/05/20-08:55:37.210,0.128770616
1779238538,2026/05/20-08:55:38.210,-0.139181858
1779238539,2026/05/20-08:55:39.210,0.008767361
1779238540,2026/05/20-08:55:40.230,0.133702257
1779238541,2026/05/20-08:55:41.210,0.029589844
1779238542,2026/05/20-08:55:42.210,-0.183566623
1779238543,2026/05/20-08:55:43.210,-0.125482856
1779238544,2026/05/20-08:55:44.210,0.592892795
1779238545,2026/05/20-08:55:45.210,0.027398003
1779238546,2026/05/20-08:55:46.220,-0.121647135
1779238547,2026/05/20-08:55:47.210,0.263020833
1779238548,2026/05/20-08:55:48.210,0.037809245
1779238549,2026/05/20-08:55:49.210,0.07890625
1779238550,2026/05/20-08:55:50.210,-0.196717665
1779238551,2026/05/20-08:55:51.210,-0.334255642
1779238552,2026/05/20-08:55:52.210,0.31343316
1779238553,2026/05/20-08:55:53.220,-0.230143229
1779238554,2026/05/20-08:55:54.210,-0.113975694
1779238555,2026/05/20-08:55:55.210,-0.132606337
1779238556,2026/05/20-08:55:56.210,-0.022466363
1779238557,2026/05/20-08:55:57.210,0.643853082
1779238558,2026/05/20-08:55:58.210,-0.16000434
1779238559,2026/05/20-08:55:59.250,-0.062467448
1779238560,2026/05/20-08:56:00.210,0.096440972
1779238561,2026/05/20-08:56:01.210,-0.025206163
1779238562,2026/05/20-08:56:02.210,0.204937066
1779238563,2026/05/20-08:56:03.210,-0.381928168
1779238564,2026/05/20-08:56:04.210,-0.305213759
1779238565,2026/05/20-08:56:05.210,0.144661458
1779238566,2026/05/20-08:56:06.210,-0.105208333
1779238567,2026/05/20-08:56:07.210,3.47E-15
1779238568,2026/05/20-08:56:08.210,-0.08219401
1779238569,2026/05/20-08:56:09.210,-0.045480686
1779238570,2026/05/20-08:56:10.210,-0.386859809
1779238571,2026/05/20-08:56:11.210,-0.282199436
1779238572,2026/05/20-08:56:12.240,0.147401259
1779238573,2026/05/20-08:56:13.210,-0.105756293
1779238574,2026/05/20-08:56:14.210,-0.016438802
1779238575,2026/05/20-08:56:15.210,0.071782769
1779238576,2026/05/20-08:56:16.210,0.127674696
1779238577,2026/05/20-08:56:17.210,0.324940321
1779238578,2026/05/20-08:56:18.210,0.101372613
1779238579,2026/05/20-08:56:19.210,0.23343099
1779238580,2026/05/20-08:56:20.210,-0.0027398
1779238581,2026/05/20-08:56:21.210,-0.146305339
1779238582,2026/05/20-08:56:22.210,0.143565538
1779238583,2026/05/20-08:56:23.210,-0.00109592
1779238584,2026/05/20-08:56:24.210,-0.100276693
1779238585,2026/05/20-08:56:25.230,-0.008219401
1779238586,2026/05/20-08:56:26.210,0.172059462
1779238587,2026/05/20-08:56:27.210,0.087125651
1779238588,2026/05/20-08:56:28.210,0.679470486
1779238589,2026/05/20-08:56:29.210,0.23671875
1779238590,2026/05/20-08:56:30.210,-0.118907335
1779238591,2026/05/20-08:56:31.220,-0.166031901
1779238592,2026/05/20-08:56:32.210,0.379736328
1779238593,2026/05/20-08:56:33.210,-0.120551215
1779238594,2026/05/20-08:56:34.210,-0.008767361
1779238595,2026/05/20-08:56:35.210,-0.066303168
1779238596,2026/05/20-08:56:36.210,0.112879774
1779238597,2026/05/20-08:56:37.210,-0.23945855
1779238598,2026/05/20-08:56:38.260,-0.070138889
1779238599,2026/05/20-08:56:39.210,-0.021370443
1779238600,2026/05/20-08:56:40.210,0.064659288
1779238601,2026/05/20-08:56:41.210,0.092057292
1779238602,2026/05/20-08:56:42.210,0.270692274
1779238603,2026/05/20-08:56:43.210,-0.415901693
1779238604,2026/05/20-08:56:44.210,0.037261285
1779238605,2026/05/20-08:56:45.210,0.379188368
1779238606,2026/05/20-08:56:46.210,0.107948134
1779238607,2026/05/20-08:56:47.210,0.204937066
1779238608,2026/05/20-08:56:48.210,0.186854384
1779238609,2026/05/20-08:56:49.210,0.269596354
1779238610,2026/05/20-08:56:50.210,0.1605523
1779238611,2026/05/20-08:56:51.250,0.179730903
1779238612,2026/05/20-08:56:52.210,-0.191786024
1779238613,2026/05/20-08:56:53.210,0.15452474
1779238614,2026/05/20-08:56:54.210,-0.23617079
1779238615,2026/05/20-08:56:55.210,0.050412326
1779238616,2026/05/20-08:56:56.210,0.120003255
1779238617,2026/05/20-08:56:57.220,-0.497547743
1779238618,2026/05/20-08:56:58.210,-0.034521484
1779238619,2026/05/20-08:56:59.210,0.072878689
1779238620,2026/05/20-08:57:00.210,0.026302083
1779238621,2026/05/20-08:57:01.210,0.225759549
1779238622,2026/05/20-08:57:02.210,0.034521484
1779238623,2026/05/20-08:57:03.210,0.135346137
1779238624,2026/05/20-08:57:04.240,0.130414497
1779238625,2026/05/20-08:57:05.210,0.263568793
1779238626,2026/05/20-08:57:06.210,0.064111328
1779238627,2026/05/20-08:57:07.210,-0.171511502
1779238628,2026/05/20-08:57:08.210,-0.034521484
1779238629,2026/05/20-08:57:09.210,-0.180826823
1779238630,2026/05/20-08:57:10.210,0.419189453
1779238631,2026/05/20-08:57:11.210,-0.063563368
1779238632,2026/05/20-08:57:12.210,-0.216444227
1779238633,2026/05/20-08:57:13.210,0.010959201
1779238634,2026/05/20-08:57:14.210,-0.31781684
1779238635,2026/05/20-08:57:15.210,0.072878689
1779238636,2026/05/20-08:57:16.210,0.179182943
1779238637,2026/05/20-08:57:17.240,-0.009863281
1779238638,2026/05/20-08:57:18.210,-0.402750651
1779238639,2026/05/20-08:57:19.210,-0.223567708
1779238640,2026/05/20-08:57:20.210,0.131510417
1779238641,2026/05/20-08:57:21.210,0.224115668
1779238642,2026/05/20-08:57:22.210,0.418641493
1779238643,2026/05/20-08:57:23.210,-0.071782769
1779238644,2026/05/20-08:57:24.220,-0.032329644
1779238645,2026/05/20-08:57:25.210,0.364393446
1779238646,2026/05/20-08:57:26.210,0.016438802
1779238647,2026/05/20-08:57:27.210,0.012055122
1779238648,2026/05/20-08:57:28.210,0.175347222
1779238649,2026/05/20-08:57:29.210,0.07616645
1779238650,2026/05/20-08:57:30.230,0.116715495
1779238651,2026/05/20-08:57:31.210,-0.041097005
1779238652,2026/05/20-08:57:32.210,0.010959201
1779238653,2026/05/20-08:57:33.210,0.367681207
1779238654,2026/05/20-08:57:34.210,0.088769531
1779238655,2026/05/20-08:57:35.210,0.688785807
1779238656,2026/05/20-08:57:36.210,-0.270692274
1779238657,2026/05/20-08:57:37.230,-0.1605523
1779238658,2026/05/20-08:57:38.210,0.144661458
1779238659,2026/05/20-08:57:39.210,-0.147401259
1779238660,2026/05/20-08:57:40.210,0.644949002
1779238661,2026/05/20-08:57:41.210,0.487684462
1779238662,2026/05/20-08:57:42.210,-0.125482856
1779238663,2026/05/20-08:57:43.210,0.057535807
1779238664,2026/05/20-08:57:44.210,0.108496094
1779238665,2026/05/20-08:57:45.210,-0.270144314
1779238666,2026/05/20-08:57:46.210,0.124934896
1779238667,2026/05/20-08:57:47.210,0.146305339
1779238668,2026/05/20-08:57:48.210,0.23452691
1779238669,2026/05/20-08:57:49.210,-0.195621745
1779238670,2026/05/20-08:57:50.230,-0.049316406
1779238671,2026/05/20-08:57:51.210,-0.08000217
1779238672,2026/05/20-08:57:52.210,-0.107948134
1779238673,2026/05/20-08:57:53.210,0.122195095
1779238674,2026/05/20-08:57:54.210,-0.196169705
1779238675,2026/05/20-08:57:55.210,0.354530165
1779238676,2026/05/20-08:57:56.210,-0.447683377
1779238677,2026/05/20-08:57:57.210,-0.214252387
1779238678,2026/05/20-08:57:58.210,-0.064111328
1779238679,2026/05/20-08:57:59.210,-0.07671441
1779238680,2026/05/20-08:58:00.210,0.041644965
1779238681,2026/05/20-08:58:01.210,0.066851128
1779238682,2026/05/20-08:58:02.210,-0.389599609
1779238683,2026/05/20-08:58:03.250,0.223019748
1779238684,2026/05/20-08:58:04.210,-0.416997613
1779238685,2026/05/20-08:58:05.210,-0.164388021
1779238686,2026/05/20-08:58:06.210,0.123838976
1779238687,2026/05/20-08:58:07.210,-0.07781033
1779238688,2026/05/20-08:58:08.210,-0.176991102
1779238689,2026/05/20-08:58:09.230,-0.306309679
1779238690,2026/05/20-08:58:10.210,-0.087673611
1779238691,2026/05/20-08:58:11.210,-0.00328776
1779238692,2026/05/20-08:58:12.210,0.042192925
1779238693,2026/05/20-08:58:13.210,-0.031233724
1779238694,2026/05/20-08:58:14.210,-0.146305339
1779238695,2026/05/20-08:58:15.210,0.106304253
1779238696,2026/05/20-08:58:16.230,-0.033425564
1779238697,2026/05/20-08:58:17.210,-0.07781033
1779238698,2026/05/20-08:58:18.210,0.174799262
1779238699,2026/05/20-08:58:19.210,0.143565538
1779238700,2026/05/20-08:58:20.210,0.056987847
1779238701,2026/05/20-08:58:21.210,0.030685764
1779238702,2026/05/20-08:58:22.230,-0.283295356
1779238703,2026/05/20-08:58:23.210,0.109044054
1779238704,2026/05/20-08:58:24.210,0.008767361
1779238705,2026/05/20-08:58:25.210,-0.021370443
1779238706,2026/05/20-08:58:26.210,-0.15671658
1779238707,2026/05/20-08:58:27.210,-0.345214844
1779238708,2026/05/20-08:58:28.210,0.169319661
1779238709,2026/05/20-08:58:29.210,-0.037261285
1779238710,2026/05/20-08:58:30.210,-0.179182943
1779238711,2026/05/20-08:58:31.210,-0.099728733
1779238712,2026/05/20-08:58:32.210,-0.244390191
1779238713,2026/05/20-08:58:33.210,0.283295356
1779238714,2026/05/20-08:58:34.210,-0.213704427
1779238715,2026/05/20-08:58:35.250,-0.017534722
1779238716,2026/05/20-08:58:36.210,-0.167675781
1779238717,2026/05/20-08:58:37.210,0.310145399
1779238718,2026/05/20-08:58:38.210,0.332063802
1779238719,2026/05/20-08:58:39.210,0.106304253
1779238720,2026/05/20-08:58:40.210,-0.07671441
1779238721,2026/05/20-08:58:41.210,0.200005425
1779238722,2026/05/20-08:58:42.230,0.211512587
1779238723,2026/05/20-08:58:43.210,0.210964627
1779238724,2026/05/20-08:58:44.210,-0.00383572
1779238725,2026/05/20-08:58:45.210,0.099728733
1779238726,2026/05/20-08:58:46.210,0.119455295
1779238727,2026/05/20-08:58:47.210,-0.387407769
1779238728,2026/05/20-08:58:48.260,0.146853299
1779238729,2026/05/20-08:58:49.210,-0.180826823
1779238730,2026/05/20-08:58:50.210,-0.204389106
1779238731,2026/05/20-08:58:51.210,-0.070138889
1779238732,2026/05/20-08:58:52.210,-0.302473958
1779238733,2026/05/20-08:58:53.210,-0.00164388
1779238734,2026/05/20-08:58:54.210,0.119455295
1779238735,2026/05/20-08:58:55.210,-0.496999783
1779238736,2026/05/20-08:58:56.210,0.083289931
1779238737,2026/05/20-08:58:57.210,-0.092057292
1779238738,2026/05/20-08:58:58.210,0.15836046
1779238739,2026/05/20-08:58:59.210,0.021370443
1779238740,2026/05/20-08:59:00.210,-0.045480686
1779238741,2026/05/20-08:59:01.240,0.097536892
1779238742,2026/05/20-08:59:02.210,-0.322200521
1779238743,2026/05/20-08:59:03.210,-0.300830078
1779238744,2026/05/20-08:59:04.210,-0.128222656
1779238745,2026/05/20-08:59:05.210,0.047124566
1779238746,2026/05/20-08:59:06.210,-0.193977865
1779238747,2026/05/20-08:59:07.210,-0.149593099
1779238748,2026/05/20-08:59:08.220,0.063015408
1779238749,2026/05/20-08:59:09.210,0.39672309
1779238750,2026/05/20-08:59:10.210,0.084933811
1779238751,2026/05/20-08:59:11.210,0.027398003
1779238752,2026/05/20-08:59:12.210,0.171511502
1779238753,2026/05/20-08:59:13.210,-0.195073785
1779238754,2026/05/20-08:59:14.260,-0.019178602
1779238755,2026/05/20-08:59:15.210,-0.024110243
1779238756,2026/05/20-08:59:16.210,0.133154297
1779238757,2026/05/20-08:59:17.210,-0.094797092
1779238758,2026/05/20-08:59:18.210,0.152332899
1779238759,2026/05/20-08:59:19.210,-0.148497179
1779238760,2026/05/20-08:59:20.210,-0.021370443
1779238761,2026/05/20-08:59:21.230,0.301378038
1779238762,2026/05/20-08:59:22.210,-0.331515842
1779238763,2026/05/20-08:59:23.210,0.0027398
1779238764,2026/05/20-08:59:24.210,0.095345052
1779238765,2026/05/20-08:59:25.210,-0.026850043
1779238766,2026/05/20-08:59:26.210,-0.360557726
1779238767,2026/05/20-08:59:27.240,-0.410970052
1779238768,2026/05/20-08:59:28.210,0.127126736
1779238769,2026/05/20-08:59:29.210,0.230143229
1779238770,2026/05/20-08:59:30.210,-0.028493924
1779238771,2026/05/20-08:59:31.210,-0.162196181
1779238772,2026/05/20-08:59:32.210,-0.23781467
1779238773,2026/05/20-08:59:33.210,-0.08109809
1779238774,2026/05/20-08:59:34.220,0.279459635
1779238775,2026/05/20-08:59:35.210,0.249869792
1779238776,2026/05/20-08:59:36.210,0.280007595
1779238777,2026/05/20-08:59:37.210,-0.112879774
1779238778,2026/05/20-08:59:38.210,-0.136442057
1779238779,2026/05/20-08:59:39.210,0.404394531
1779238780,2026/05/20-08:59:40.240,-0.041097005
1779238781,2026/05/20-08:59:41.210,0.048768446
1779238782,2026/05/20-08:59:42.210,0.032329644
1779238783,2026/05/20-08:59:43.210,-0.044384766
1779238784,2026/05/20-08:59:44.210,-0.260828993
1779238785,2026/05/20-08:59:45.210,-0.141373698
1779238786,2026/05/20-08:59:46.210,-0.045480686
1779238787,2026/05/20-08:59:47.210,0.140825738
1779238788,2026/05/20-08:59:48.210,0.00383572
1779238789,2026/05/20-08:59:49.210,0.035069444
1779238790,2026/05/20-08:59:50.210,-0.251513672
1779238791,2026/05/20-08:59:51.210,-0.105208333
1779238792,2026/05/20-08:59:52.210,-0.643853082
1779238793,2026/05/20-08:59:53.270,-0.07726237
1779238794,2026/05/20-08:59:54.210,0.339735243
1779238795,2026/05/20-08:59:55.210,-0.097536892
1779238796,2026/05/20-08:59:56.210,0.256993273
1779238797,2026/05/20-08:59:57.210,0.341379123
1779238798,2026/05/20-08:59:58.210,0.009315321
1779238799,2026/05/20-08:59:59.210,0.287131076
1779238800,2026/05/20-09:00:00.220,-0.058083767
1779238801,2026/05/20-09:00:01.210,-0.286035156
1779238802,2026/05/20-09:00:02.210,-0.054796007
1779238803,2026/05/20-09:00:03.210,-0.099180773
1779238804,2026/05/20-09:00:04.210,-0.040001085
1779238805,2026/05/20-09:00:05.210,-0.207676866
1779238806,2026/05/20-09:00:06.220,0.114523655
1779238807,2026/05/20-09:00:07.210,-0.017534722
1779238808,2026/05/20-09:00:08.210,-0.296994358
1779238809,2026/05/20-09:00:09.210,-0.033425564
1779238810,2026/05/20-09:00:10.210,-0.00328776
1779238811,2026/05/20-09:00:11.210,0.138633898
1779238812,2026/05/20-09:00:12.210,-0.331515842
1779238813,2026/05/20-09:00:13.240,0.268500434
1779238814,2026/05/20-09:00:14.210,0.143565538
1779238815,2026/05/20-09:00:15.210,-0.123291016
1779238816,2026/05/20-09:00:16.210,0.110687934
1779238817,2026/05/20-09:00:17.210,-0.306857639
1779238818,2026/05/20-09:00:18.210,-0.129318576
1779238819,2026/05/20-09:00:19.220,-0.119455295
1779238820,2026/05/20-09:00:20.210,-0.199457465
1779238821,2026/05/20-09:00:21.210,0.146853299
1779238822,2026/05/20-09:00:22.210,-0.187950304
1779238823,2026/05/20-09:00:23.210,-0.109592014
1779238824,2026/05/20-09:00:24.210,0.31398112
1779238825,2026/05/20-09:00:25.210,-0.596180556
1779238826,2026/05/20-09:00:26.240,0.0027398
1779238827,2026/05/20-09:00:27.210,-0.447683377
1779238828,2026/05/20-09:00:28.210,0.137537977
1779238829,2026/05/20-09:00:29.210,0.339187283
1779238830,2026/05/20-09:00:30.210,0.134250217
1779238831,2026/05/20-09:00:31.210,0.116167535
1779238832,2026/05/20-09:00:32.230,0.033425564
1779238833,2026/05/20-09:00:33.210,-0.247677951
1779238834,2026/05/20-09:00:34.210,0.215348307
1779238835,2026/05/20-09:00:35.210,0.195621745
1779238836,2026/05/20-09:00:36.210,-0.363297526
1779238837,2026/05/20-09:00:37.210,-0.045480686
1779238838,2026/05/20-09:00:38.210,0.15945638
1779238839,2026/05/20-09:00:39.230,-0.216992188
1779238840,2026/05/20-09:00:40.210,-0.012603082
1779238841,2026/05/20-09:00:41.210,-0.277815755
1779238842,2026/05/20-09:00:42.210,-0.270144314
1779238843,2026/05/20-09:00:43.210,0.059727648
1779238844,2026/05/20-09:00:44.210,0.423573134
1779238845,2026/05/20-09:00:45.210,-0.118907335
1779238846,2026/05/20-09:00:46.210,0.306309679
1779238847,2026/05/20-09:00:47.210,0.052056207
1779238848,2026/05/20-09:00:48.210,0.07781033
1779238849,2026/05/20-09:00:49.210,-0.004383681
1779238850,2026/05/20-09:00:50.210,0.029041884
1779238851,2026/05/20-09:00:51.210,0.356722005
1779238852,2026/05/20-09:00:52.250,0.311241319
1779238853,2026/05/20-09:00:53.210,-0.363297526
1779238854,2026/05/20-09:00:54.210,-0.025754123
1779238855,2026/05/20-09:00:55.210,-0.269596354
1779238856,2026/05/20-09:00:56.210,0.262472873
1779238857,2026/05/20-09:00:57.210,0.15836046
1779238858,2026/05/20-09:00:58.210,0.232335069
1779238859,2026/05/20-09:00:59.230,-0.143017578
1779238860,2026/05/20-09:01:00.210,-0.31178928
1779238861,2026/05/20-09:01:01.210,0.227403429
1779238862,2026/05/20-09:01:02.210,-0.016438802
1779238863,2026/05/20-09:01:03.210,0.173155382
1779238864,2026/05/20-09:01:04.210,0.063563368
1779238865,2026/05/20-09:01:05.240,0.140277778
1779238866,2026/05/20-09:01:06.210,0.165483941
1779238867,2026/05/20-09:01:07.210,0.218088108
1779238868,2026/05/20-09:01:08.210,0.247677951
1779238869,2026/05/20-09:01:09.210,-0.173155382
1779238870,2026/05/20-09:01:10.210,-0.042740885
1779238871,2026/05/20-09:01:11.210,-0.091509332
1779238872,2026/05/20-09:01:12.220,0.053152127
1779238873,2026/05/20-09:01:13.210,0.129866536
1779238874,2026/05/20-09:01:14.210,0.358913845
1779238875,2026/05/20-09:01:15.210,-0.104660373
1779238876,2026/05/20-09:01:16.210,0.184662543
1779238877,2026/05/20-09:01:17.210,0.009863281
1779238878,2026/05/20-09:01:18.250,-0.07890625
1779238879,2026/05/20-09:01:19.210,0.361105686
1779238880,2026/05/20-09:01:20.210,0.140825738
1779238881,2026/05/20-09:01:21.210,0.175347222
1779238882,2026/05/20-09:01:22.210,0.064111328
1779238883,2026/05/20-09:01:23.210,-0.004931641
1779238884,2026/05/20-09:01:24.210,-0.150689019
1779238885,2026/05/20-09:01:25.220,-0.134798177
1779238886,2026/05/20-09:01:26.210,0.15562066
1779238887,2026/05/20-09:01:27.210,-0.117263455
1779238888,2026/05/20-09:01:28.210,-0.105756293
1779238889,2026/05/20-09:01:29.210,-0.113427734
1779238890,2026/05/20-09:01:30.210,0.044932726
1779238891,2026/05/20-09:01:31.240,0
1779238892,2026/05/20-09:01:32.210,0.226855469
1779238893,2026/05/20-09:01:33.210,0.210416667
1779238894,2026/05/20-09:01:34.210,0.122743056
1779238895,2026/05/20-09:01:35.210,-0.425764974
1779238896,2026/05/20-09:01:36.210,0.193429905
1779238897,2026/05/20-09:01:37.210,-0.170963542
1779238898,2026/05/20-09:01:38.230,-0.133154297
1779238899,2026/05/20-09:01:39.210,0.306857639
1779238900,2026/05/20-09:01:40.210,0.191786024
1779238901,2026/05/20-09:01:41.210,-0.126030816
1779238902,2026/05/20-09:01:42.210,0.042740885
1779238903,2026/05/20-09:01:43.210,-0.007123481
1779238904,2026/05/20-09:01:44.250,0.512342665
1779238905,2026/05/20-09:01:45.210,0.07507053
1779238906,2026/05/20-09:01:46.210,-0.23288303
1779238907,2026/05/20-09:01:47.210,0.16000434
1779238908,2026/05/20-09:01:48.210,0.140825738
1779238909,2026/05/20-09:01:49.210,-0.15397678
1779238910,2026/05/20-09:01:50.210,-0.023014323
1779238911,2026/05/20-09:01:51.220,0.00219184
1779238912,2026/05/20-09:01:52.210,0.188498264
1779238913,2026/05/20-09:01:53.210,0.064659288
1779238914,2026/05/20-09:01:54.210,-0.00054796
1779238915,2026/05/20-09:01:55.210,-0.231239149
1779238916,2026/05/20-09:01:56.210,-0.168771701
1779238917,2026/05/20-09:01:57.260,-0.141373698
1779238918,2026/05/20-09:01:58.210,0.104112413
1779238919,2026/05/20-09:01:59.210,-0.009863281
1779238920,2026/05/20-09:02:00.210,-0.241650391
1779238921,2026/05/20-09:02:01.210,0.064659288
1779238922,2026/05/20-09:02:02.210,0.093153212
1779238923,2026/05/20-09:02:03.210,-0.116715495
1779238924,2026/05/20-09:02:04.210,-0.100824653
1779238925,2026/05/20-09:02:05.210,-0.336995443
1779238926,2026/05/20-09:02:06.210,-0.110687934
1779238927,2026/05/20-09:02:07.210,0.478369141
1779238928,2026/05/20-09:02:08.210,-0.348502604
1779238929,2026/05/20-09:02:09.210,0.15890842
1779238930,2026/05/20-09:02:10.220,0.032329644
1779238931,2026/05/20-09:02:11.210,0.035069444
1779238932,2026/05/20-09:02:12.210,0.224115668
1779238933,2026/05/20-09:02:13.210,0.151784939
1779238934,2026/05/20-09:02:14.210,-0.288774957
1779238935,2026/05/20-09:02:15.210,0.004383681
1779238936,2026/05/20-09:02:16.210,-0.129866536
1779238937,2026/05/20-09:02:17.240,-0.216992188
1779238938,2026/05/20-09:02:18.210,0.153428819
1779238939,2026/05/20-09:02:19.210,-0.118907335
1779238940,2026/05/20-09:02:20.210,-0.013699002
1779238941,2026/05/20-09:02:21.210,0.191786024
1779238942,2026/05/20-09:02:22.210,-0.263568793
1779238943,2026/05/20-09:02:23.220,0.351790365
1779238944,2026/05/20-09:02:24.210,0.069590929
1779238945,2026/05/20-09:02:25.210,-2.78E-15
1779238946,2026/05/20-09:02:26.210,0.182470703
1779238947,2026/05/20-09:02:27.210,0.008767361
1779238948,2026/05/20-09:02:28.210,-0.221375868
1779238949,2026/05/20-09:02:29.210,0.31398112
1779238950,2026/05/20-09:02:30.230,-0.184662543
1779238951,2026/05/20-09:02:31.210,-0.038905165
1779238952,2026/05/20-09:02:32.210,0.087673611
1779238953,2026/05/20-09:02:33.210,-0.188498264
1779238954,2026/05/20-09:02:34.210,-0.109592014
1779238955,2026/05/20-09:02:35.210,0.130414497
1779238956,2026/05/20-09:02:36.220,0.019178602
1779238957,2026/05/20-09:02:37.210,-0.263568793
1779238958,2026/05/20-09:02:38.210,0.058083767
1779238959,2026/05/20-09:02:39.210,-0.214800347
1779238960,2026/05/20-09:02:40.210,-0.086577691
1779238961,2026/05/20-09:02:41.210,-0.269596354
1779238962,2026/05/20-09:02:42.210,-0.096988932
1779238963,2026/05/20-09:02:43.240,-0.00109592
1779238964,2026/05/20-09:02:44.210,0.061919488
1779238965,2026/05/20-09:02:45.210,0.183566623
1779238966,2026/05/20-09:02:46.210,0.027398003
1779238967,2026/05/20-09:02:47.210,-0.096440972
1779238968,2026/05/20-09:02:48.210,-0.389599609
1779238969,2026/05/20-09:02:49.220,-0.290418837
1779238970,2026/05/20-09:02:50.210,0.333159722
1779238971,2026/05/20-09:02:51.210,0.366585286
1779238972,2026/05/20-09:02:52.210,0.088769531
1779238973,2026/05/20-09:02:53.210,-0.15397678
1779238974,2026/05/20-09:02:54.210,0.140825738
1779238975,2026/05/20-09:02:55.210,-0.23781467
1779238976,2026/05/20-09:02:56.240,0.120003255
1779238977,2026/05/20-09:02:57.210,-0.050412326
1779238978,2026/05/20-09:02:58.210,0.136990017
1779238979,2026/05/20-09:02:59.210,-0.042740885
1779238980,2026/05/20-09:03:00.210,0.1550727
1779238981,2026/05/20-09:03:01.210,-0.089865451
1779238982,2026/05/20-09:03:02.230,0.050412326
1779238983,2026/05/20-09:03:03.210,-0.141373698
1779238984,2026/05/20-09:03:04.210,-0.528233507
1779238985,2026/05/20-09:03:05.210,0.1578125
1779238986,2026/05/20-09:03:06.210,-0.041097005
1779238987,2026/05/20-09:03:07.210,0.016438802
1779238988,2026/05/20-09:03:08.210,-0.123291016
1779238989,2026/05/20-09:03:09.230,0.193977865
1779238990,2026/05/20-09:03:10.210,0.056439887
1779238991,2026/05/20-09:03:11.210,0.148497179
1779238992,2026/05/20-09:03:12.210,-0.007671441
1779238993,2026/05/20-09:03:13.210,0.045480686
1779238994,2026/05/20-09:03:14.210,-0.040549045
1779238995,2026/05/20-09:03:15.220,0.024658203
1779238996,2026/05/20-09:03:16.210,0.021370443
1779238997,2026/05/20-09:03:17.210,-0.016986762
1779238998,2026/05/20-09:03:18.210,0.186854384
1779238999,2026/05/20-09:03:19.210,-0.035617405
1779239000,2026/05/20-09:03:20.210,0.624126519
1779239001,2026/05/20-09:03:21.210,-0.31233724
1779239002,2026/05/20-09:03:22.260,-0.010959201
1779239003,2026/05/20-09:03:23.210,0.277267795
1779239004,2026/05/20-09:03:24.210,0.23671875
1779239005,2026/05/20-09:03:25.210,0.048220486
1779239006,2026/05/20-09:03:26.210,-0.23945855
1779239007,2026/05/20-09:03:27.210,0.030685764
1779239008,2026/05/20-09:03:28.210,-0.127126736
1779239009,2026/05/20-09:03:29.220,0.053152127
1779239010,2026/05/20-09:03:30.210,0.072330729
1779239011,2026/05/20-09:03:31.210,0.031233724
1779239012,2026/05/20-09:03:32.210,-0.102468533
1779239013,2026/05/20-09:03:33.210,-0.105756293
1779239014,2026/05/20-09:03:34.210,-0.298090278
1779239015,2026/05/20-09:03:35.220,0.004383681
1779239016,2026/05/20-09:03:36.210,-0.085481771
1779239017,2026/05/20-09:03:37.210,0.345214844
1779239018,2026/05/20-09:03:38.210,-0.203293186
1779239019,2026/05/20-09:03:39.210,0.401106771
1779239020,2026/05/20-09:03:40.210,0.116715495
1779239021,2026/05/20-09:03:41.210,-0.118359375
1779239022,2026/05/20-09:03:42.220,0.209320747
1779239023,2026/05/20-09:03:43.210,-0.07616645
1779239024,2026/05/20-09:03:44.210,-0.038357205
1779239025,2026/05/20-09:03:45.210,0.226307509
1779239026,2026/05/20-09:03:46.210,0.486040582
1779239027,2026/05/20-09:03:47.210,0.197265625
1779239028,2026/05/20-09:03:48.250,-0.188498264
1779239029,2026/05/20-09:03:49.210,-0.31398112
1779239030,2026/05/20-09:03:50.210,0.366037326
1779239031,2026/05/20-09:03:51.210,-0.245486111
1779239032,2026/05/20-09:03:52.210,-0.204389106
1779239033,2026/05/20-09:03:53.210,0.354530165
1779239034,2026/05/20-09:03:54.220,0.110687934
1779239035,2026/05/20-09:03:55.210,-0.056439887
1779239036,2026/05/20-09:03:56.210,0.501931424
1779239037,2026/05/20-09:03:57.210,0.08274197
1779239038,2026/05/20-09:03:58.210,0.324940321
1779239039,2026/05/20-09:03:59.210,-0.16164822
1779239040,2026/05/20-09:04:00.210,-0.091509332
1779239041,2026/05/20-09:04:01.250,-0.117811415
1779239042,2026/05/20-09:04:02.210,-0.204389106
1779239043,2026/05/20-09:04:03.210,-0.112879774
1779239044,2026/05/20-09:04:04.210,-0.031781684
1779239045,2026/05/20-09:04:05.210,0.31891276
1779239046,2026/05/20-09:04:06.210,-0.019178602
1779239047,2026/05/20-09:04:07.210,0.056987847
1779239048,2026/05/20-09:04:08.220,0.16000434
1779239049,2026/05/20-09:04:09.210,-0.107948134
1779239050,2026/05/20-09:04:10.210,0.15562066
1779239051,2026/05/20-09:04:11.210,-0.123838976
1779239052,2026/05/20-09:04:12.210,-0.030685764
1779239053,2026/05/20-09:04:13.210,0.290966797
1779239054,2026/05/20-09:04:14.240,0.296994358
1779239055,2026/05/20-09:04:15.210,-0.112331814
1779239056,2026/05/20-09:04:16.210,0.049316406
1779239057,2026/05/20-09:04:17.210,-0.124386936
1779239058,2026/05/20-09:04:18.210,0.273432075
1779239059,2026/05/20-09:04:19.210,0.311241319
1779239060,2026/05/20-09:04:20.220,0.144113498
1779239061,2026/05/20-09:04:21.210,-0.248773872
1779239062,2026/05/20-09:04:22.210,-0.015342882
1779239063,2026/05/20-09:04:23.210,0.298638238
1779239064,2026/05/20-09:04:24.210,0.093153212
1779239065,2026/05/20-09:04:25.210,-0.146853299
1779239066,2026/05/20-09:04:26.210,0.065755208
1779239067,2026/05/20-09:04:27.230,-0.147949219
1779239068,2026/05/20-09:04:28.210,0.256445313
1779239069,2026/05/20-09:04:29.210,0.572070313
1779239070,2026/05/20-09:04:30.210,0.124934896
1779239071,2026/05/20-09:04:31.210,-0.059727648
1779239072,2026/05/20-09:04:32.210,-0.150141059
1779239073,2026/05/20-09:04:33.210,0.127674696
1779239074,2026/05/20-09:04:34.220,-0.124934896
1779239075,2026/05/20-09:04:35.210,-0.23891059
1779239076,2026/05/20-09:04:36.210,-0.442751736
1779239077,2026/05/20-09:04:37.210,-0.464122179
1779239078,2026/05/20-09:04:38.210,-0.006575521
1779239079,2026/05/20-09:04:39.210,0.045480686
1779239080,2026/05/20-09:04:40.280,0.151236979
1779239081,2026/05/20-09:04:41.210,0.221923828
1779239082,2026/05/20-09:04:42.210,0.068495009
1779239083,2026/05/20-09:04:43.210,-0.15671658
1779239084,2026/05/20-09:04:44.210,0.15616862
1779239085,2026/05/20-09:04:45.210,-0.173155382
1779239086,2026/05/20-09:04:46.210,-0.172607422
1779239087,2026/05/20-09:04:47.220,-0.043836806
1779239088,2026/05/20-09:04:48.210,0.098632813
1779239089,2026/05/20-09:04:49.210,0.132606337
1779239090,2026/05/20-09:04:50.210,-0.596728516
1779239091,2026/05/20-09:04:51.210,-0.423573134
1779239092,2026/05/20-09:04:52.210,0.23343099
1779239093,2026/05/20-09:04:53.270,-0.018082682
1779239094,2026/05/20-09:04:54.210,0.15452474
1779239095,2026/05/20-09:04:55.210,-0.006575521
1779239096,2026/05/20-09:04:56.210,-0.038357205
1779239097,2026/05/20-09:04:57.210,-0.200005425
1779239098,2026/05/20-09:04:58.210,0.461382378
1779239099,2026/05/20-09:04:59.210,0.013151042
1779239100,2026/05/20-09:05:00.220,-0.361653646
1779239101,2026/05/20-09:05:01.210,0.224115668
1779239102,2026/05/20-09:05:02.210,-0.133702257
1779239103,2026/05/20-09:05:03.210,0.117811415
1779239104,2026/05/20-09:05:04.210,0.065207248
1779239105,2026/05/20-09:05:05.210,-0.011507161
1779239106,2026/05/20-09:05:06.230,-0.042740885
1779239107,2026/05/20-09:05:07.210,-0.208772786
1779239108,2026/05/20-09:05:08.210,0.257541233
1779239109,2026/05/20-09:05:09.210,-0.246034071
1779239110,2026/05/20-09:05:10.210,-0.16000434
1779239111,2026/05/20-09:05:11.210,-0.145209418
1779239112,2026/05/20-09:05:12.210,-0.022466363
1779239113,2026/05/20-09:05:13.280,0.055343967
1779239114,2026/05/20-09:05:14.210,-0.212060547
1779239115,2026/05/20-09:05:15.210,0.101920573
1779239116,2026/05/20-09:05:16.210,0.204389106
1779239117,2026/05/20-09:05:17.210,-0.351790365
1779239118,2026/05/20-09:05:18.210,-0.088221571
1779239119,2026/05/20-09:05:19.230,0.16000434
1779239120,2026/05/20-09:05:20.210,-0.358365885
1779239121,2026/05/20-09:05:21.210,-0.207128906
1779239122,2026/05/20-09:05:22.210,0.08164605
1779239123,2026/05/20-09:05:23.210,0.192881944
1779239124,2026/05/20-09:05:24.210,-0.152880859
1779239125,2026/05/20-09:05:25.210,-0.363297526
1779239126,2026/05/20-09:05:26.260,0.053700087
1779239127,2026/05/20-09:05:27.210,-0.066851128
1779239128,2026/05/20-09:05:28.210,0.031781684
1779239129,2026/05/20-09:05:29.210,-0.089317491
1779239130,2026/05/20-09:05:30.210,-0.087673611
1779239131,2026/05/20-09:05:31.210,-0.033973524
1779239132,2026/05/20-09:05:32.210,0.006027561
1779239133,2026/05/20-09:05:33.220,-0.008767361
1779239134,2026/05/20-09:05:34.210,0.164935981
1779239135,2026/05/20-09:05:35.210,-0.104660373
1779239136,2026/05/20-09:05:36.210,-0.110139974
1779239137,2026/05/20-09:05:37.210,0.038357205
1779239138,2026/05/20-09:05:38.210,-0.086577691
1779239139,2026/05/20-09:05:39.260,-0.16110026
1779239140,2026/05/20-09:05:40.210,-0.208224826
1779239141,2026/05/20-09:05:41.210,0.164935981
1779239142,2026/05/20-09:05:42.210,-0.067399089
1779239143,2026/05/20-09:05:43.210,-0.135346137
1779239144,2026/05/20-09:05:44.210,-0.030685764
1779239145,2026/05/20-09:05:45.210,0.131510417
1779239146,2026/05/20-09:05:46.210,0.298638238
1779239147,2026/05/20-09:05:47.210,-0.087125651
1779239148,2026/05/20-09:05:48.210,-0.049316406
1779239149,2026/05/20-09:05:49.210,-0.419737413
1779239150,2026/05/20-09:05:50.210,0.034521484
1779239151,2026/05/20-09:05:51.210,0.224663628
1779239152,2026/05/20-09:05:52.270,0.089317491
1779239153,2026/05/20-09:05:53.210,0.23343099
1779239154,2026/05/20-09:05:54.210,0.226307509
1779239155,2026/05/20-09:05:55.210,-0.15452474
1779239156,2026/05/20-09:05:56.210,-0.15671658
1779239157,2026/05/20-09:05:57.210,-0.108496094
1779239158,2026/05/20-09:05:58.210,-0.145757378
1779239159,2026/05/20-09:05:59.230,-0.196169705
1779239160,2026/05/20-09:06:00.210,-0.179730903
1779239161,2026/05/20-09:06:01.210,0.346858724
1779239162,2026/05/20-09:06:02.210,0.168771701
1779239163,2026/05/20-09:06:03.210,-0.133154297
1779239164,2026/05/20-09:06:04.210,0.450971137
1779239165,2026/05/20-09:06:05.240,0.007123481
1779239166,2026/05/20-09:06:06.210,-0.272884115
1779239167,2026/05/20-09:06:07.210,-0.241650391
1779239168,2026/05/20-09:06:08.210,0.019726563
1779239169,2026/05/20-09:06:09.210,0.144661458
1779239170,2026/05/20-09:06:10.210,0.015890842
1779239171,2026/05/20-09:06:11.210,0.227403429
1779239172,2026/05/20-09:06:12.220,0.145209418
1779239173,2026/05/20-09:06:13.210,0.096988932
1779239174,2026/05/20-09:06:14.210,0.23507487
1779239175,2026/05/20-09:06:15.210,-0.263568793
1779239176,2026/05/20-09:06:16.210,-0.165483941
1779239177,2026/05/20-09:06:17.210,-0.036165365
1779239178,2026/05/20-09:06:18.220,0.068495009
1779239179,2026/05/20-09:06:19.210,-0.109044054
1779239180,2026/05/20-09:06:20.210,-0.230143229
1779239181,2026/05/20-09:06:21.210,-0.242746311
1779239182,2026/05/20-09:06:22.210,-0.040549045
1779239183,2026/05/20-09:06:23.210,-0.31726888
1779239184,2026/05/20-09:06:24.210,-0.310693359
1779239185,2026/05/20-09:06:25.230,0.113975694
1779239186,2026/05/20-09:06:26.210,-0.060823568
1779239187,2026/05/20-09:06:27.210,-0.064111328
1779239188,2026/05/20-09:06:28.210,-0.025206163
1779239189,2026/05/20-09:06:29.210,0.020274523
1779239190,2026/05/20-09:06:30.210,-0.036165365
1779239191,2026/05/20-09:06:31.230,0.072330729
1779239192,2026/05/20-09:06:32.210,0.168223741
1779239193,2026/05/20-09:06:33.210,-0.087673611
1779239194,2026/05/20-09:06:34.210,-0.177539063
1779239195,2026/05/20-09:06:35.210,-0.216444227
1779239196,2026/05/20-09:06:36.210,-0.497547743
1779239197,2026/05/20-09:06:37.210,-0.023014323
1779239198,2026/05/20-09:06:38.260,0.010411241
1779239199,2026/05/20-09:06:39.210,-0.051508247
1779239200,2026/05/20-09:06:40.210,-0.172059462
1779239201,2026/05/20-09:06:41.210,-0.046028646
1779239202,2026/05/20-09:06:42.210,-0.099728733
1779239203,2026/05/20-09:06:43.210,0.269048394
1779239204,2026/05/20-09:06:44.250,0.478917101
1779239205,2026/05/20-09:06:45.210,0.006027561
1779239206,2026/05/20-09:06:46.210,0.145209418
1779239207,2026/05/20-09:06:47.210,0.15562066
1779239208,2026/05/20-09:06:48.210,-0.089317491
1779239209,2026/05/20-09:06:49.210,0.174251302
1779239210,2026/05/20-09:06:50.210,-0.032329644
1779239211,2026/05/20-09:06:51.220,0.127674696
1779239212,2026/05/20-09:06:52.210,-0.364393446
1779239213,2026/05/20-09:06:53.210,0.118359375
1779239214,2026/05/20-09:06:54.210,0.367133247
1779239215,2026/05/20-09:06:55.210,0.169867622
1779239216,2026/05/20-09:06:56.210,-0.072330729
1779239217,2026/05/20-09:06:57.270,-0.117811415
1779239218,2026/05/20-09:06:58.210,0.15452474
1779239219,2026/05/20-09:06:59.210,-0.102468533
1779239220,2026/05/20-09:07:00.210,0.186306424
1779239221,2026/05/20-09:07:01.210,-0.225759549
1779239222,2026/05/20-09:07:02.210,1.73E-15
1779239223,2026/05/20-09:07:03.220,-0.004931641
1779239224,2026/05/20-09:07:04.220,0.103016493
1779239225,2026/05/20-09:07:05.210,0.120003255
1779239226,2026/05/20-09:07:06.210,-0.009863281
1779239227,2026/05/20-09:07:07.210,-0.089317491
1779239228,2026/05/20-09:07:08.210,0.145757378
1779239229,2026/05/20-09:07:09.210,-0.012055122
1779239230,2026/05/20-09:07:10.260,-0.304665799
1779239231,2026/05/20-09:07:11.210,0.004383681
1779239232,2026/05/20-09:07:12.210,0.136442057
1779239233,2026/05/20-09:07:13.210,-0.170963542
1779239234,2026/05/20-09:07:14.210,-0.16164822
1779239235,2026/05/20-09:07:15.210,-0.190142144
1779239236,2026/05/20-09:07:16.220,-0.207676866
1779239237,2026/05/20-09:07:17.210,-0.032877604
1779239238,2026/05/20-09:07:18.210,0.098084852
1779239239,2026/05/20-09:07:19.210,0.231239149
1779239240,2026/05/20-09:07:20.210,0.124934896
1779239241,2026/05/20-09:07:21.210,-0.170415582
1779239242,2026/05/20-09:07:22.210,0.058083767
1779239243,2026/05/20-09:07:23.240,-0.092605252
1779239244,2026/05/20-09:07:24.210,-0.145757378
1779239245,2026/05/20-09:07:25.210,0.129866536
1779239246,2026/05/20-09:07:26.210,-0.068495009
1779239247,2026/05/20-09:07:27.210,0.112879774
1779239248,2026/05/20-09:07:28.210,0.146305339
1779239249,2026/05/20-09:07:29.220,-0.214252387
1779239250,2026/05/20-09:07:30.210,-0.031781684
1779239251,2026/05/20-09:07:31.210,-0.324392361
1779239252,2026/05/20-09:07:32.210,0.23781467
1779239253,2026/05/20-09:07:33.210,-0.129318576
1779239254,2026/05/20-09:07:34.210,0.343023003
1779239255,2026/05/20-09:07:35.210,0.245486111
1779239256,2026/05/20-09:07:36.270,0.051508247
1779239257,2026/05/20-09:07:37.210,-0.08055013
1779239258,2026/05/20-09:07:38.210,-0.192333984
1779239259,2026/05/20-09:07:39.210,0.110139974
1779239260,2026/05/20-09:07:40.210,0.208772786
1779239261,2026/05/20-09:07:41.210,0.022466363
1779239262,2026/05/20-09:07:42.210,0.048768446
1779239263,2026/05/20-09:07:43.220,-0.23945855
1779239264,2026/05/20-09:07:44.210,-0.104112413
1779239265,2026/05/20-09:07:45.210,-0.320008681
1779239266,2026/05/20-09:07:46.210,-0.23343099
1779239267,2026/05/20-09:07:47.210,-0.31398112
1779239268,2026/05/20-09:07:48.210,-0.214800347
1779239269,2026/05/20-09:07:49.260,-0.093701172
1779239270,2026/05/20-09:07:50.210,0.136990017
1779239271,2026/05/20-09:07:51.210,0.173155382
1779239272,2026/05/20-09:07:52.210,0.217540148
1779239273,2026/05/20-09:07:53.210,0.026850043
1779239274,2026/05/20-09:07:54.210,0.084933811
1779239275,2026/05/20-09:07:55.220,0.191238064
1779239276,2026/05/20-09:07:56.210,-0.163292101
1779239277,2026/05/20-09:07:57.210,0.363297526
1779239278,2026/05/20-09:07:58.210,-0.026302083
1779239279,2026/05/20-09:07:59.210,-0.07781033
1779239280,2026/05/20-09:08:00.210,0.175347222
1779239281,2026/05/20-09:08:01.210,-0.058083767
1779239282,2026/05/20-09:08:02.260,-0.266856554
1779239283,2026/05/20-09:08:03.210,0.095345052
1779239284,2026/05/20-09:08:04.210,0.100276693
1779239285,2026/05/20-09:08:05.210,-0.208772786
1779239286,2026/05/20-09:08:06.210,-0.296994358
1779239287,2026/05/20-09:08:07.210,-0.134250217
1779239288,2026/05/20-09:08:08.210,0.203293186
1779239289,2026/05/20-09:08:09.220,-0.153428819
1779239290,2026/05/20-09:08:10.210,-0.241650391
1779239291,2026/05/20-09:08:11.210,-0.136442057
1779239292,2026/05/20-09:08:12.210,0.151784939
1779239293,2026/05/20-09:08:13.210,0.260828993
1779239294,2026/05/20-09:08:14.210,0.153428819
1779239295,2026/05/20-09:08:15.270,-0.138633898
1779239296,2026/05/20-09:08:16.210,-0.083837891
1779239297,2026/05/20-09:08:17.210,0.030137804
1779239298,2026/05/20-09:08:18.210,-0.255349392
1779239299,2026/05/20-09:08:19.210,-0.007123481
1779239300,2026/05/20-09:08:20.210,-0.005479601
1779239301,2026/05/20-09:08:21.210,-0.257541233
1779239302,2026/05/20-09:08:22.240,0.116167535
1779239303,2026/05/20-09:08:23.210,0.176443142
1779239304,2026/05/20-09:08:24.210,0.103016493
1779239305,2026/05/20-09:08:25.210,0.287679036
1779239306,2026/05/20-09:08:26.210,0.100276693
1779239307,2026/05/20-09:08:27.210,0.067399089
1779239308,2026/05/20-09:08:28.230,-0.260281033
1779239309,2026/05/20-09:08:29.210,-0.307953559
1779239310,2026/05/20-09:08:30.210,-0.139729818
1779239311,2026/05/20-09:08:31.210,-0.202197266
1779239312,2026/05/20-09:08:32.210,0.205485026
1779239313,2026/05/20-09:08:33.210,-0.142469618
1779239314,2026/05/20-09:08:34.210,0.025206163
1779239315,2026/05/20-09:08:35.220,0.035617405
1779239316,2026/05/20-09:08:36.210,-0.23507487
1779239317,2026/05/20-09:08:37.210,-0.006575521
1779239318,2026/05/20-09:08:38.210,-0.321104601
1779239319,2026/05/20-09:08:39.210,-0.069042969
1779239320,2026/05/20-09:08:40.210,-0.004383681
1779239321,2026/05/20-09:08:41.240,-0.349598524
1779239322,2026/05/20-09:08:42.210,0.045480686
1779239323,2026/05/20-09:08:43.210,0.386311849
1779239324,2026/05/20-09:08:44.210,0.061919488
1779239325,2026/05/20-09:08:45.210,-0.097536892
1779239326,2026/05/20-09:08:46.210,-0.022466363
1779239327,2026/05/20-09:08:47.220,0.282199436
1779239328,2026/05/20-09:08:48.210,-0.145209418
1779239329,2026/05/20-09:08:49.210,0.055891927
1779239330,2026/05/20-09:08:50.210,0.253705512
1779239331,2026/05/20-09:08:51.210,0.279459635
1779239332,2026/05/20-09:08:52.210,0.013699002
1779239333,2026/05/20-09:08:53.210,0.096440972
1779239334,2026/05/20-09:08:54.230,-0.093701172
1779239335,2026/05/20-09:08:55.210,0.086577691
1779239336,2026/05/20-09:08:56.210,-0.067947049
1779239337,2026/05/20-09:08:57.210,-0.379736328
1779239338,2026/05/20-09:08:58.210,-0.300830078
1779239339,2026/05/20-09:08:59.210,0.041097005
1779239340,2026/05/20-09:09:00.220,0.136442057
1779239341,2026/05/20-09:09:01.210,-0.31178928
1779239342,2026/05/20-09:09:02.210,0.241102431
1779239343,2026/05/20-09:09:03.210,0.118359375
1779239344,2026/05/20-09:09:04.210,-0.228499349
1779239345,2026/05/20-09:09:05.210,-0.087125651
1779239346,2026/05/20-09:09:06.210,-0.046576606
1779239347,2026/05/20-09:09:07.250,0.037261285
1779239348,2026/05/20-09:09:08.210,0.046576606
1779239349,2026/05/20-09:09:09.210,-0.035069444
1779239350,2026/05/20-09:09:10.210,-0.037809245
1779239351,2026/05/20-09:09:11.210,-0.337543403
1779239352,2026/05/20-09:09:12.210,-0.311241319
1779239353,2026/05/20-09:09:13.220,0.016986762
1779239354,2026/05/20-09:09:14.210,-0.084385851
1779239355,2026/05/20-09:09:15.210,-0.102468533
1779239356,2026/05/20-09:09:16.210,-0.100276693
1779239357,2026/05/20-09:09:17.210,-0.179182943
1779239358,2026/05/20-09:09:18.210,-0.063563368
1779239359,2026/05/20-09:09:19.210,-0.120003255
1779239360,2026/05/20-09:09:20.220,-0.00219184
1779239361,2026/05/20-09:09:21.210,-0.209320747
1779239362,2026/05/20-09:09:22.210,0.007671441
1779239363,2026/05/20-09:09:23.210,0.124386936
1779239364,2026/05/20-09:09:24.210,-0.224663628
1779239365,2026/05/20-09:09:25.210,0.16110026
1779239366,2026/05/20-09:09:26.210,-0.277815755
1779239367,2026/05/20-09:09:27.220,0.15836046
1779239368,2026/05/20-09:09:28.210,0.037261285
1779239369,2026/05/20-09:09:29.210,-0.169319661
1779239370,2026/05/20-09:09:30.210,-0.021918403
1779239371,2026/05/20-09:09:31.210,0.200553385
1779239372,2026/05/20-09:09:32.210,-0.040549045
1779239373,2026/05/20-09:09:33.230,-0.169867622
1779239374,2026/05/20-09:09:34.210,-0.020274523
1779239375,2026/05/20-09:09:35.210,-0.39288737
1779239376,2026/05/20-09:09:36.210,-0.226307509
1779239377,2026/05/20-09:09:37.210,0.189594184
1779239378,2026/05/20-09:09:38.210,0.038905165
1779239379,2026/05/20-09:09:39.220,0.089317491
1779239380,2026/05/20-09:09:40.220,-0.196717665
1779239381,2026/05/20-09:09:41.210,-0.106304253
1779239382,2026/05/20-09:09:42.210,0.038905165
1779239383,2026/05/20-09:09:43.210,0.208224826
1779239384,2026/05/20-09:09:44.210,-0.271788194
1779239385,2026/05/20-09:09:45.210,0.108496094
1779239386,2026/05/20-09:09:46.250,0.274527995
1779239387,2026/05/20-09:09:47.210,-0.031781684
1779239388,2026/05/20-09:09:48.210,0.303021918
1779239389,2026/05/20-09:09:49.210,0.041644965
1779239390,2026/05/20-09:09:50.210,0.208772786
1779239391,2026/05/20-09:09:51.210,-0.226855469
1779239392,2026/05/20-09:09:52.210,-0.065755208
1779239393,2026/05/20-09:09:53.220,0.167127821
1779239394,2026/05/20-09:09:54.210,-0.358365885
1779239395,2026/05/20-09:09:55.210,0.182470703
1779239396,2026/05/20-09:09:56.210,-0.15836046
1779239397,2026/05/20-09:09:57.210,-0.241102431
1779239398,2026/05/20-09:09:58.210,-0.040001085
1779239399,2026/05/20-09:09:59.250,-0.050960286
1779239400,2026/05/20-09:10:00.210,0.166031901
1779239401,2026/05/20-09:10:01.210,0.213156467
1779239402,2026/05/20-09:10:02.210,-0.222471788
1779239403,2026/05/20-09:10:03.210,0.252061632
1779239404,2026/05/20-09:10:04.210,-0.137537977
1779239405,2026/05/20-09:10:05.210,0.280555556
1779239406,2026/05/20-09:10:06.280,0.190142144
1779239407,2026/05/20-09:10:07.210,0.108496094
1779239408,2026/05/20-09:10:08.210,0.019726563
1779239409,2026/05/20-09:10:09.210,0.300830078
1779239410,2026/05/20-09:10:10.210,0.042740885
1779239411,2026/05/20-09:10:11.210,0.563302951
1779239412,2026/05/20-09:10:12.250,-0.097536892
1779239413,2026/05/20-09:10:13.210,-0.118907335
1779239414,2026/05/20-09:10:14.210,0.098084852
1779239415,2026/05/20-09:10:15.210,0.31946072
1779239416,2026/05/20-09:10:16.210,0.306309679
1779239417,2026/05/20-09:10:17.210,-0.227403429
1779239418,2026/05/20-09:10:18.210,0.132058377
1779239419,2026/05/20-09:10:19.230,-0.152332899
1779239420,2026/05/20-09:10:20.210,-0.353434245
1779239421,2026/05/20-09:10:21.210,-0.083289931
1779239422,2026/05/20-09:10:22.210,0.130414497
1779239423,2026/05/20-09:10:23.210,-0.418093533
1779239424,2026/05/20-09:10:24.210,-0.006027561
1779239425,2026/05/20-09:10:25.230,-0.016986762
1779239426,2026/05/20-09:10:26.210,-0.020274523
1779239427,2026/05/20-09:10:27.210,-0.15945638
1779239428,2026/05/20-09:10:28.210,0.043836806
1779239429,2026/05/20-09:10:29.210,0.267404514
1779239430,2026/05/20-09:10:30.210,0.224663628
1779239431,2026/05/20-09:10:31.210,-0.012603082
1779239432,2026/05/20-09:10:32.220,-0.043836806
1779239433,2026/05/20-09:10:33.210,-0.244390191
1779239434,2026/05/20-09:10:34.210,0.104112413
1779239435,2026/05/20-09:10:35.210,-0.204937066
1779239436,2026/05/20-09:10:36.210,0.210964627
1779239437,2026/05/20-09:10:37.210,0.153428819
1779239438,2026/05/20-09:10:38.240,0.007671441
1779239439,2026/05/20-09:10:39.210,-0.08055013
1779239440,2026/05/20-09:10:40.210,0.015890842
1779239441,2026/05/20-09:10:41.210,0.192881944
1779239442,2026/05/20-09:10:42.210,0.224115668
1779239443,2026/05/20-09:10:43.210,0.266308594
1779239444,2026/05/20-09:10:44.220,0.08055013
1779239445,2026/05/20-09:10:45.210,0.23343099
1779239446,2026/05/20-09:10:46.210,0.261376953
1779239447,2026/05/20-09:10:47.210,-0.102468533
1779239448,2026/05/20-09:10:48.210,-0.138633898
1779239449,2026/05/20-09:10:49.210,0.034521484
1779239450,2026/05/20-09:10:50.210,-0.275623915
1779239451,2026/05/20-09:10:51.300,0.145209418
1779239452,2026/05/20-09:10:52.210,0.007123481
1779239453,2026/05/20-09:10:53.210,0.168223741
1779239454,2026/05/20-09:10:54.210,-0.224663628
1779239455,2026/05/20-09:10:55.210,-0.180278863
1779239456,2026/05/20-09:10:56.210,-0.267404514
1779239457,2026/05/20-09:10:57.220,0.122195095
1779239458,2026/05/20-09:10:58.220,0.187402344
1779239459,2026/05/20-09:10:59.210,-0.065755208
1779239460,2026/05/20-09:11:00.210,-0.109044054
1779239461,2026/05/20-09:11:01.210,-0.069042969
1779239462,2026/05/20-09:11:02.210,-0.052604167
1779239463,2026/05/20-09:11:03.210,-0.059727648
1779239464,2026/05/20-09:11:04.250,0.012055122
1779239465,2026/05/20-09:11:05.210,-0.250417752
1779239466,2026/05/20-09:11:06.210,0.448231337
1779239467,2026/05/20-09:11:07.210,-0.089317491
1779239468,2026/05/20-09:11:08.210,0.042192925
1779239469,2026/05/20-09:11:09.210,-0.007123481
1779239470,2026/05/20-09:11:10.220,-0.232335069
1779239471,2026/05/20-09:11:11.220,-0.057535807
1779239472,2026/05/20-09:11:12.210,-0.16164822
1779239473,2026/05/20-09:11:13.210,0.032877604
1779239474,2026/05/20-09:11:14.210,-0.009315321
1779239475,2026/05/20-09:11:15.210,-0.298638238
1779239476,2026/05/20-09:11:16.210,-0.264664714
1779239477,2026/05/20-09:11:17.250,-0.091509332
1779239478,2026/05/20-09:11:18.210,0.296446398
1779239479,2026/05/20-09:11:19.210,-0.07726237
1779239480,2026/05/20-09:11:20.210,-0.213704427
1779239481,2026/05/20-09:11:21.210,-0.252061632
1779239482,2026/05/20-09:11:22.210,0.145757378
1779239483,2026/05/20-09:11:23.220,-0.089317491
1779239484,2026/05/20-09:11:24.210,0.221923828
1779239485,2026/05/20-09:11:25.210,-0.310145399
1779239486,2026/05/20-09:11:26.210,-0.038357205
1779239487,2026/05/20-09:11:27.210,-0.193429905
1779239488,2026/05/20-09:11:28.210,-0.207128906
1779239489,2026/05/20-09:11:29.210,0.285487196
1779239490,2026/05/20-09:11:30.240,0.098084852
1779239491,2026/05/20-09:11:31.210,0.253157552
1779239492,2026/05/20-09:11:32.210,-0.038905165
1779239493,2026/05/20-09:11:33.210,0.301378038
1779239494,2026/05/20-09:11:34.210,-0.00328776
1779239495,2026/05/20-09:11:35.210,-0.087673611
1779239496,2026/05/20-09:11:36.220,-0.096988932
1779239497,2026/05/20-09:11:37.220,0.030685764
1779239498,2026/05/20-09:11:38.210,-0.164388021
1779239499,2026/05/20-09:11:39.210,0.101372613
1779239500,2026/05/20-09:11:40.210,-0.286035156
1779239501,2026/05/20-09:11:41.210,0.039453125
1779239502,2026/05/20-09:11:42.210,-0.021918403
1779239503,2026/05/20-09:11:43.230,0.066303168
1779239504,2026/05/20-09:11:44.210,0.333159722
1779239505,2026/05/20-09:11:45.210,-0.037261285
1779239506,2026/05/20-09:11:46.210,-0.105756293
1779239507,2026/05/20-09:11:47.210,-0.247129991
1779239508,2026/05/20-09:11:48.210,0.055891927
1779239509,2026/05/20-09:11:49.230,-0.013699002
1779239510,2026/05/20-09:11:50.210,-0.31452908
1779239511,2026/05/20-09:11:51.210,0.010411241
1779239512,2026/05/20-09:11:52.210,-0.16110026
1779239513,2026/05/20-09:11:53.210,-0.31891276
1779239514,2026/05/20-09:11:54.210,0.026302083
1779239515,2026/05/20-09:11:55.210,-0.224115668
1779239516,2026/05/20-09:11:56.250,-0.031233724
1779239517,2026/05/20-09:11:57.210,-0.105756293
1779239518,2026/05/20-09:11:58.210,-0.169867622
1779239519,2026/05/20-09:11:59.210,0.004383681
1779239520,2026/05/20-09:12:00.210,0.174251302
1779239521,2026/05/20-09:12:01.210,0.042192925
1779239522,2026/05/20-09:12:02.220,0.026302083
1779239523,2026/05/20-09:12:03.220,0.110139974
1779239524,2026/05/20-09:12:04.210,0.267404514
1779239525,2026/05/20-09:12:05.210,0.064659288
1779239526,2026/05/20-09:12:06.210,0.328228082
1779239527,2026/05/20-09:12:07.210,-0.057535807
1779239528,2026/05/20-09:12:08.210,-0.295350477
1779239529,2026/05/20-09:12:09.250,0.084933811
1779239530,2026/05/20-09:12:10.210,-0.223567708
1779239531,2026/05/20-09:12:11.210,0.136990017
1779239532,2026/05/20-09:12:12.210,-0.030137804
1779239533,2026/05/20-09:12:13.210,0.030137804
1779239534,2026/05/20-09:12:14.210,0.578097873
1779239535,2026/05/20-09:12:15.220,0.054796007
1779239536,2026/05/20-09:12:16.210,-0.149045139
1779239537,2026/05/20-09:12:17.210,0.109592014
1779239538,2026/05/20-09:12:18.210,-0.208224826
1779239539,2026/05/20-09:12:19.210,-0.315625
1779239540,2026/05/20-09:12:20.210,0.018082682
1779239541,2026/05/20-09:12:21.210,0.209868707
1779239542,2026/05/20-09:12:22.240,0.098084852
1779239543,2026/05/20-09:12:23.210,-0.182470703
1779239544,2026/05/20-09:12:24.210,0.07890625
1779239545,2026/05/20-09:12:25.210,-0.355078125
1779239546,2026/05/20-09:12:26.210,0.15452474
1779239547,2026/05/20-09:12:27.210,0.184114583
1779239548,2026/05/20-09:12:28.220,-0.134798177
1779239549,2026/05/20-09:12:29.210,-0.035069444
1779239550,2026/05/20-09:12:30.210,-0.294802517
1779239551,2026/05/20-09:12:31.210,-0.07671441
1779239552,2026/05/20-09:12:32.210,0.231239149
1779239553,2026/05/20-09:12:33.210,-0.132606337
1779239554,2026/05/20-09:12:34.210,-0.286583116
1779239555,2026/05/20-09:12:35.250,0.113427734
1779239556,2026/05/20-09:12:36.210,-0.035069444
1779239557,2026/05/20-09:12:37.210,-0.005479601
1779239558,2026/05/20-09:12:38.210,0.094797092
1779239559,2026/05/20-09:12:39.210,0.08219401
1779239560,2026/05/20-09:12:40.210,-0.010959201
1779239561,2026/05/20-09:12:41.220,0.072330729
1779239562,2026/05/20-09:12:42.220,-0.255349392
1779239563,2026/05/20-09:12:43.210,-0.565494792
1779239564,2026/05/20-09:12:44.210,-0.16164822
1779239565,2026/05/20-09:12:45.210,-0.246034071
1779239566,2026/05/20-09:12:46.210,-0.07890625
1779239567,2026/05/20-09:12:47.210,-0.004931641
1779239568,2026/05/20-09:12:48.240,0.040001085
1779239569,2026/05/20-09:12:49.210,0.31617296
1779239570,2026/05/20-09:12:50.210,-0.195073785
1779239571,2026/05/20-09:12:51.210,-0.218088108
1779239572,2026/05/20-09:12:52.210,-0.08274197
1779239573,2026/05/20-09:12:53.210,-0.360009766
1779239574,2026/05/20-09:12:54.220,-0.224663628
1779239575,2026/05/20-09:12:55.220,-0.110139974
1779239576,2026/05/20-09:12:56.210,0.014246962
1779239577,2026/05/20-09:12:57.210,-0.202745226
1779239578,2026/05/20-09:12:58.210,-0.307405599
1779239579,2026/05/20-09:12:59.210,0.041097005
1779239580,2026/05/20-09:13:00.210,0.069042969
1779239581,2026/05/20-09:13:01.240,-0.275075955
1779239582,2026/05/20-09:13:02.220,0.045480686
1779239583,2026/05/20-09:13:03.210,-0.005479601
1779239584,2026/05/20-09:13:04.210,-0.138633898
1779239585,2026/05/20-09:13:05.210,-0.402750651
1779239586,2026/05/20-09:13:06.210,-0.284939236
1779239587,2026/05/20-09:13:07.220,0.15945638
1779239588,2026/05/20-09:13:08.210,0.012055122
1779239589,2026/05/20-09:13:09.210,-0.216992188
1779239590,2026/05/20-09:13:10.210,-0.055891927
1779239591,2026/05/20-09:13:11.210,0.343023003
1779239592,2026/05/20-09:13:12.210,0.006027561
1779239593,2026/05/20-09:13:13.210,-0.031233724
1779239594,2026/05/20-09:13:14.230,0.144661458
1779239595,2026/05/20-09:13:15.210,0.031233724
1779239596,2026/05/20-09:13:16.210,0.007671441
1779239597,2026/05/20-09:13:17.210,0.524397786
1779239598,2026/05/20-09:13:18.210,0.357269965
1779239599,2026/05/20-09:13:19.210,0.372064887
1779239600,2026/05/20-09:13:20.220,0.010411241
1779239601,2026/05/20-09:13:21.210,0.259185113
1779239602,2026/05/20-09:13:22.210,0.416997613
1779239603,2026/05/20-09:13:23.220,-0.436724175
1779239604,2026/05/20-09:13:24.210,0.172607422
1779239605,2026/05/20-09:13:25.210,0.139181858
1779239606,2026/05/20-09:13:26.210,0.142469618
1779239607,2026/05/20-09:13:27.220,-0.231239149
1779239608,2026/05/20-09:13:28.210,-0.131510417
1779239609,2026/05/20-09:13:29.210,0.16000434
1779239610,2026/05/20-09:13:30.210,0.172059462
1779239611,2026/05/20-09:13:31.210,-0.004383681
1779239612,2026/05/20-09:13:32.210,0.012603082
1779239613,2026/05/20-09:13:33.220,-0.39781901
1779239614,2026/05/20-09:13:34.220,-0.256993273
1779239615,2026/05/20-09:13:35.210,0.051508247
1779239616,2026/05/20-09:13:36.210,0.068495009
1779239617,2026/05/20-09:13:37.210,0.147401259
1779239618,2026/05/20-09:13:38.210,-0.095345052
1779239619,2026/05/20-09:13:39.210,-0.00328776
1779239620,2026/05/20-09:13:40.230,-0.263568793
1779239621,2026/05/20-09:13:41.210,-0.026850043
1779239622,2026/05/20-09:13:42.210,0.07945421
1779239623,2026/05/20-09:13:43.220,-0.105208333
1779239624,2026/05/20-09:13:44.220,0.118359375
1779239625,2026/05/20-09:13:45.210,0.010411241
1779239626,2026/05/20-09:13:46.220,-0.065207248
1779239627,2026/05/20-09:13:47.210,0.101372613
1779239628,2026/05/20-09:13:48.220,-0.108496094
1779239629,2026/05/20-09:13:49.210,0.15890842
1779239630,2026/05/20-09:13:50.210,0.07561849
1779239631,2026/05/20-09:13:51.210,-0.227951389
1779239632,2026/05/20-09:13:52.220,0.23288303
1779239633,2026/05/20-09:13:53.240,-0.092605252
1779239634,2026/05/20-09:13:54.220,0.128222656
1779239635,2026/05/20-09:13:55.210,0.073974609
1779239636,2026/05/20-09:13:56.210,-0.151236979
1779239637,2026/05/20-09:13:57.210,0.284391276
1779239638,2026/05/20-09:13:58.220,-0.225759549
1779239639,2026/05/20-09:13:59.220,0.135894097
1779239640,2026/05/20-09:14:00.210,0.215348307
1779239641,2026/05/20-09:14:01.220,0.243842231
1779239642,2026/05/20-09:14:02.220,0.246582031
1779239643,2026/05/20-09:14:03.210,-0.202197266
1779239644,2026/05/20-09:14:04.220,0.071234809
1779239645,2026/05/20-09:14:05.210,-0.022466363
1779239646,2026/05/20-09:14:06.230,-0.270144314
1779239647,2026/05/20-09:14:07.220,-0.183566623
1779239648,2026/05/20-09:14:08.210,-0.086577691
1779239649,2026/05/20-09:14:09.220,-0.105756293
1779239650,2026/05/20-09:14:10.220,0.207128906
1779239651,2026/05/20-09:14:11.210,0.23671875
1779239652,2026/05/20-09:14:12.230,0.054248047
1779239653,2026/05/20-09:14:13.210,0.021370443
1779239654,2026/05/20-09:14:14.220,-0.360009766
1779239655,2026/05/20-09:14:15.210,0.166579861
1779239656,2026/05/20-09:14:16.220,-0.047124566
1779239657,2026/05/20-09:14:17.220,0.410970052
1779239658,2026/05/20-09:14:18.220,0.184114583
1779239659,2026/05/20-09:14:19.240,-0.007671441
1779239660,2026/05/20-09:14:20.210,0.306857639
1779239661,2026/05/20-09:14:21.210,0.352886285
1779239662,2026/05/20-09:14:22.210,0.070686849
1779239663,2026/05/20-09:14:23.220,-0.124386936
1779239664,2026/05/20-09:14:24.210,-0.248773872
1779239665,2026/05/20-09:14:25.220,-0.147949219
1779239666,2026/05/20-09:14:26.220,0.009863281
1779239667,2026/05/20-09:14:27.210,0.121647135
1779239668,2026/05/20-09:14:28.220,-0.00219184
1779239669,2026/05/20-09:14:29.210,-0.115619575
1779239670,2026/05/20-09:14:30.210,0.271240234
1779239671,2026/05/20-09:14:31.210,-0.247677951
1779239672,2026/05/20-09:14:32.240,0.107400174
1779239673,2026/05/20-09:14:33.220,-0.006027561
1779239674,2026/05/20-09:14:34.220,0.401654731
1779239675,2026/05/20-09:14:35.210,0.085481771
1779239676,2026/05/20-09:14:36.210,-0.090413411
1779239677,2026/05/20-09:14:37.220,-0.216444227
1779239678,2026/05/20-09:14:38.220,0.147949219
1779239679,2026/05/20-09:14:39.250,0.041644965
1779239680,2026/05/20-09:14:40.220,0.110139974
1779239681,2026/05/20-09:14:41.220,-0.067947049
1779239682,2026/05/20-09:14:42.210,-0.153428819
1779239683,2026/05/20-09:14:43.220,-0.208224826
1779239684,2026/05/20-09:14:44.220,0.196717665
1779239685,2026/05/20-09:14:45.240,-0.259733073
1779239686,2026/05/20-09:14:46.210,-0.291514757
1779239687,2026/05/20-09:14:47.210,-0.031233724
1779239688,2026/05/20-09:14:48.210,0.0027398
1779239689,2026/05/20-09:14:49.220,-0.107948134
1779239690,2026/05/20-09:14:50.220,0.465766059
1779239691,2026/05/20-09:14:51.220,-0.130414497
1779239692,2026/05/20-09:14:52.220,-0.256445313
1779239693,2026/05/20-09:14:53.210,0.124386936
1779239694,2026/05/20-09:14:54.210,0.008767361
1779239695,2026/05/20-09:14:55.220,-0.022466363
1779239696,2026/05/20-09:14:56.210,-0.138085938
1779239697,2026/05/20-09:14:57.220,-0.15452474
1779239698,2026/05/20-09:14:58.260,-0.009315321
1779239699,2026/05/20-09:14:59.210,0.063563368
1779239700,2026/05/20-09:15:00.220,-0.166031901
1779239701,2026/05/20-09:15:01.210,0.099180773
1779239702,2026/05/20-09:15:02.210,0.069042969
1779239703,2026/05/20-09:15:03.220,0.103016493
1779239704,2026/05/20-09:15:04.220,-0.046028646
1779239705,2026/05/20-09:15:05.220,-0.216992188
1779239706,2026/05/20-09:15:06.210,-0.358913845
1779239707,2026/05/20-09:15:07.220,0.112879774
1779239708,2026/05/20-09:15:08.220,-0.083289931
1779239709,2026/05/20-09:15:09.220,0.054796007
1779239710,2026/05/20-09:15:10.220,0.226855469
1779239711,2026/05/20-09:15:11.230,0.123838976
1779239712,2026/05/20-09:15:12.220,0.047672526
1779239713,2026/05/20-09:15:13.220,0.304117839
1779239714,2026/05/20-09:15:14.220,0.140825738
1779239715,2026/05/20-09:15:15.220,0.096440972
1779239716,2026/05/20-09:15:16.220,0.250417752
1779239717,2026/05/20-09:15:17.210,0.032329644
1779239718,2026/05/20-09:15:18.230,0.326584201
1779239719,2026/05/20-09:15:19.220,-0.084933811
1779239720,2026/05/20-09:15:20.210,-0.018082682
1779239721,2026/05/20-09:15:21.220,0.031233724
1779239722,2026/05/20-09:15:22.220,-0.228499349
1779239723,2026/05/20-09:15:23.220,0.187402344
1779239724,2026/05/20-09:15:24.230,-0.046028646
1779239725,2026/05/20-09:15:25.220,0.069590929
1779239726,2026/05/20-09:15:26.220,-0.209868707
1779239727,2026/05/20-09:15:27.210,0.006027561
1779239728,2026/05/20-09:15:28.210,-0.215896267
1779239729,2026/05/20-09:15:29.220,0.046028646
1779239730,2026/05/20-09:15:30.220,-0.112879774
1779239731,2026/05/20-09:15:31.260,0.134250217
1779239732,2026/05/20-09:15:32.220,-0.047672526
1779239733,2026/05/20-09:15:33.220,0.164935981
1779239734,2026/05/20-09:15:34.210,-0.068495009
1779239735,2026/05/20-09:15:35.220,0.269048394
1779239736,2026/05/20-09:15:36.220,0.106304253
1779239737,2026/05/20-09:15:37.230,-0.030137804
1779239738,2026/05/20-09:15:38.220,0.219184028
1779239739,2026/05/20-09:15:39.210,0.173703342
1779239740,2026/05/20-09:15:40.210,0.059727648
1779239741,2026/05/20-09:15:41.220,-0.508506944
1779239742,2026/05/20-09:15:42.220,-0.083837891
1779239743,2026/05/20-09:15:43.220,0.08055013
1779239744,2026/05/20-09:15:44.240,0.133154297
1779239745,2026/05/20-09:15:45.220,0.428504774
1779239746,2026/05/20-09:15:46.220,0.104112413
1779239747,2026/05/20-09:15:47.220,-0.063015408
1779239748,2026/05/20-09:15:48.220,0.041097005
1779239749,2026/05/20-09:15:49.220,-0.138633898
1779239750,2026/05/20-09:15:50.250,0.125482856
1779239751,2026/05/20-09:15:51.220,0.122195095
1779239752,2026/05/20-09:15:52.220,0.020822483
1779239753,2026/05/20-09:15:53.220,0.069042969
1779239754,2026/05/20-09:15:54.220,0.067399089
1779239755,2026/05/20-09:15:55.220,-0.140825738
1779239756,2026/05/20-09:15:56.220,-0.010959201
1779239757,2026/05/20-09:15:57.270,-0.23836263
1779239758,2026/05/20-09:15:58.220,0.073974609
1779239759,2026/05/20-09:15:59.220,0.038905165
1779239760,2026/05/20-09:16:00.220,0.286035156
1779239761,2026/05/20-09:16:01.210,0.113427734
1779239762,2026/05/20-09:16:02.220,0.052056207
1779239763,2026/05/20-09:16:03.230,0.004383681
1779239764,2026/05/20-09:16:04.220,0.116715495
1779239765,2026/05/20-09:16:05.220,-0.066303168
1779239766,2026/05/20-09:16:06.220,-0.071782769
1779239767,2026/05/20-09:16:07.220,0.302473958
1779239768,2026/05/20-09:16:08.220,0.445491536
1779239769,2026/05/20-09:16:09.220,0.014794922
1779239770,2026/05/20-09:16:10.240,0.128770616
1779239771,2026/05/20-09:16:11.220,-0.08164605
1779239772,2026/05/20-09:16:12.220,0.113427734
1779239773,2026/05/20-09:16:13.220,0.260828993
1779239774,2026/05/20-09:16:14.220,0.029041884
1779239775,2026/05/20-09:16:15.210,0.037261285
1779239776,2026/05/20-09:16:16.250,0.267952474
1779239777,2026/05/20-09:16:17.210,-0.006575521
1779239778,2026/05/20-09:16:18.220,0.029589844
1779239779,2026/05/20-09:16:19.220,0.170415582
1779239780,2026/05/20-09:16:20.220,0.128222656
1779239781,2026/05/20-09:16:21.220,0.305761719
1779239782,2026/05/20-09:16:22.220,-0.15616862
1779239783,2026/05/20-09:16:23.230,0.08000217
1779239784,2026/05/20-09:16:24.220,-0.292062717
1779239785,2026/05/20-09:16:25.220,-0.376448568
1779239786,2026/05/20-09:16:26.220,-0.08219401
1779239787,2026/05/20-09:16:27.220,0.111235894
1779239788,2026/05/20-09:16:28.220,-0.255897352
1779239789,2026/05/20-09:16:29.230,0.201649306
1779239790,2026/05/20-09:16:30.220,0.185210503
1779239791,2026/05/20-09:16:31.220,-0.244390191
1779239792,2026/05/20-09:16:32.220,-0.150141059
1779239793,2026/05/20-09:16:33.220,0.39507921
1779239794,2026/05/20-09:16:34.220,-0.147949219
1779239795,2026/05/20-09:16:35.220,0.253705512
1779239796,2026/05/20-09:16:36.250,-0.378092448
1779239797,2026/05/20-09:16:37.220,-0.106304253
1779239798,2026/05/20-09:16:38.220,0.244938151
1779239799,2026/05/20-09:16:39.220,-0.226307509
1779239800,2026/05/20-09:16:40.220,-0.031233724
1779239801,2026/05/20-09:16:41.220,0.112331814
1779239802,2026/05/20-09:16:42.220,-0.134798177
1779239803,2026/05/20-09:16:43.220,-0.087673611
1779239804,2026/05/20-09:16:44.220,0.144661458
1779239805,2026/05/20-09:16:45.220,-0.118907335
1779239806,2026/05/20-09:16:46.220,0.095893012
1779239807,2026/05/20-09:16:47.220,0.034521484
1779239808,2026/05/20-09:16:48.220,0.180278863
1779239809,2026/05/20-09:16:49.240,0.306857639
1779239810,2026/05/20-09:16:50.220,-0.244938151
1779239811,2026/05/20-09:16:51.220,0.404942491
1779239812,2026/05/20-09:16:52.220,-0.179182943
1779239813,2026/05/20-09:16:53.220,-0.127674696
1779239814,2026/05/20-09:16:54.220,-0.261924913
1779239815,2026/05/20-09:16:55.220,-0.369873047
1779239816,2026/05/20-09:16:56.220,-0.069042969
1779239817,2026/05/20-09:16:57.220,0.121099175
1779239818,2026/05/20-09:16:58.220,0.010411241
1779239819,2026/05/20-09:16:59.220,0.300282118
1779239820,2026/05/20-09:17:00.220,-0.089865451
1779239821,2026/05/20-09:17:01.220,0.130414497
1779239822,2026/05/20-09:17:02.280,0.192333984
1779239823,2026/05/20-09:17:03.220,-0.113427734
1779239824,2026/05/20-09:17:04.220,0.038905165
1779239825,2026/05/20-09:17:05.220,0.069590929
1779239826,2026/05/20-09:17:06.220,0.087125651
1779239827,2026/05/20-09:17:07.220,-0.109044054
1779239828,2026/05/20-09:17:08.220,0.044384766
1779239829,2026/05/20-09:17:09.220,0.328228082
1779239830,2026/05/20-09:17:10.220,-0.092057292
1779239831,2026/05/20-09:17:11.220,0.113427734
1779239832,2026/05/20-09:17:12.220,-0.117811415
1779239833,2026/05/20-09:17:13.220,-0.035617405
1779239834,2026/05/20-09:17:14.220,-0.004383681
1779239835,2026/05/20-09:17:15.250,-0.118359375
1779239836,2026/05/20-09:17:16.220,0.085481771
1779239837,2026/05/20-09:17:17.220,-0.009315321
1779239838,2026/05/20-09:17:18.220,0.00383572
1779239839,2026/05/20-09:17:19.220,-0.136442057
1779239840,2026/05/20-09:17:20.220,-0.150141059
1779239841,2026/05/20-09:17:21.220,-0.00164388
1779239842,2026/05/20-09:17:22.220,-0.168771701
1779239843,2026/05/20-09:17:23.220,-0.132058377
1779239844,2026/05/20-09:17:24.220,0.054796007
1779239845,2026/05/20-09:17:25.220,0.148497179
1779239846,2026/05/20-09:17:26.220,-0.019178602
1779239847,2026/05/20-09:17:27.220,-0.130414497
1779239848,2026/05/20-09:17:28.250,-0.016986762
1779239849,2026/05/20-09:17:29.220,0.283843316
1779239850,2026/05/20-09:17:30.220,0.056439887
1779239851,2026/05/20-09:17:31.220,0.436724175
1779239852,2026/05/20-09:17:32.220,-0.138085938
1779239853,2026/05/20-09:17:33.220,0.132606337
1779239854,2026/05/20-09:17:34.220,0.465218099
1779239855,2026/05/20-09:17:35.220,-0.206032986
1779239856,2026/05/20-09:17:36.220,0.242198351
1779239857,2026/05/20-09:17:37.220,-0.444943576
1779239858,2026/05/20-09:17:38.220,-0.099728733
1779239859,2026/05/20-09:17:39.220,0.064659288
1779239860,2026/05/20-09:17:40.220,-0.068495009
1779239861,2026/05/20-09:17:41.250,-0.134250217
1779239862,2026/05/20-09:17:42.220,-0.231787109
1779239863,2026/05/20-09:17:43.220,0.110139974
1779239864,2026/05/20-09:17:44.220,0.092057292
1779239865,2026/05/20-09:17:45.220,0.060275608
1779239866,2026/05/20-09:17:46.220,0.050412326
1779239867,2026/05/20-09:17:47.220,-0.369325087
1779239868,2026/05/20-09:17:48.220,0.100824653
1779239869,2026/05/20-09:17:49.220,0.031233724
1779239870,2026/05/20-09:17:50.220,-0.151236979
1779239871,2026/05/20-09:17:51.220,0.254801432
1779239872,2026/05/20-09:17:52.220,-0.042192925
1779239873,2026/05/20-09:17:53.220,0.179182943
1779239874,2026/05/20-09:17:54.250,0.006027561
1779239875,2026/05/20-09:17:55.220,0.030137804
1779239876,2026/05/20-09:17:56.220,0.243842231
1779239877,2026/05/20-09:17:57.220,-0.067947049
1779239878,2026/05/20-09:17:58.220,0.067399089
1779239879,2026/05/20-09:17:59.220,0.041097005
1779239880,2026/05/20-09:18:00.220,-0.010411241
1779239881,2026/05/20-09:18:01.220,0.15671658
1779239882,2026/05/20-09:18:02.220,0.247677951
1779239883,2026/05/20-09:18:03.220,-0.08164605
1779239884,2026/05/20-09:18:04.220,-0.096988932
1779239885,2026/05/20-09:18:05.220,0.170415582
1779239886,2026/05/20-09:18:06.220,0.207676866
1779239887,2026/05/20-09:18:07.250,0.409874132
1779239888,2026/05/20-09:18:08.220,0.060275608
1779239889,2026/05/20-09:18:09.220,-0.269596354
1779239890,2026/05/20-09:18:10.220,0.042192925
1779239891,2026/05/20-09:18:11.220,-0.064659288
1779239892,2026/05/20-09:18:12.220,0.135346137
1779239893,2026/05/20-09:18:13.220,-0.016986762
1779239894,2026/05/20-09:18:14.220,-0.036713325
1779239895,2026/05/20-09:18:15.220,-0.009863281
1779239896,2026/05/20-09:18:16.220,0.288226997
1779239897,2026/05/20-09:18:17.220,0.047124566
1779239898,2026/05/20-09:18:18.220,-0.24055447
1779239899,2026/05/20-09:18:19.220,0.282199436
1779239900,2026/05/20-09:18:20.230,0.322200521
1779239901,2026/05/20-09:18:21.220,0.23343099
1779239902,2026/05/20-09:18:22.220,0.184114583
1779239903,2026/05/20-09:18:23.220,-0.048220486
1779239904,2026/05/20-09:18:24.220,0.042740885
1779239905,2026/05/20-09:18:25.220,0.070686849
1779239906,2026/05/20-09:18:26.220,0.275623915
1779239907,2026/05/20-09:18:27.230,0.005479601
1779239908,2026/05/20-09:18:28.220,-0.39672309
1779239909,2026/05/20-09:18:29.220,0.299186198
1779239910,2026/05/20-09:18:30.220,0.248225911
1779239911,2026/05/20-09:18:31.220,-0.179182943
1779239912,2026/05/20-09:18:32.220,0.262472873
1779239913,2026/05/20-09:18:33.240,0.227951389
1779239914,2026/05/20-09:18:34.220,0.180278863
1779239915,2026/05/20-09:18:35.220,0.123291016
1779239916,2026/05/20-09:18:36.220,0.063015408
1779239917,2026/05/20-09:18:37.220,-0.041644965
1779239918,2026/05/20-09:18:38.220,-0.015342882
1779239919,2026/05/20-09:18:39.220,0.026302083
1779239920,2026/05/20-09:18:40.230,-0.23726671
1779239921,2026/05/20-09:18:41.220,-0.435080295
1779239922,2026/05/20-09:18:42.220,0.146305339
1779239923,2026/05/20-09:18:43.220,0.085481771
1779239924,2026/05/20-09:18:44.220,0.128770616
1779239925,2026/05/20-09:18:45.220,0.560563151
1779239926,2026/05/20-09:18:46.230,0.011507161
1779239927,2026/05/20-09:18:47.220,0.464122179
1779239928,2026/05/20-09:18:48.220,0.282199436
1779239929,2026/05/20-09:18:49.220,0.147401259
1779239930,2026/05/20-09:18:50.220,0.277815755
1779239931,2026/05/20-09:18:51.220,0.015342882
1779239932,2026/05/20-09:18:52.220,-0.329871962
1779239933,2026/05/20-09:18:53.260,0.051508247
1779239934,2026/05/20-09:18:54.220,0.044932726
1779239935,2026/05/20-09:18:55.220,-0.169867622
1779239936,2026/05/20-09:18:56.220,-0.424121094
1779239937,2026/05/20-09:18:57.220,0.197813585
1779239938,2026/05/20-09:18:58.220,0.15945638
1779239939,2026/05/20-09:18:59.220,0.207128906
1779239940,2026/05/20-09:19:00.220,0.015342882
1779239941,2026/05/20-09:19:01.220,0.107400174
1779239942,2026/05/20-09:19:02.220,0.117811415
1779239943,2026/05/20-09:19:03.220,-0.212608507
1779239944,2026/05/20-09:19:04.220,0.152880859
1779239945,2026/05/20-09:19:05.220,-0.014794922
1779239946,2026/05/20-09:19:06.220,-0.040001085
1779239947,2026/05/20-09:19:07.220,-0.00219184
1779239948,2026/05/20-09:19:08.220,-0.139729818
1779239949,2026/05/20-09:19:09.220,0.570426432
1779239950,2026/05/20-09:19:10.220,0.284939236
1779239951,2026/05/20-09:19:11.220,0.189594184
1779239952,2026/05/20-09:19:12.260,-0.00383572
1779239953,2026/05/20-09:19:13.220,-0.115071615
1779239954,2026/05/20-09:19:14.220,-0.320008681
1779239955,2026/05/20-09:19:15.220,0.061371528
1779239956,2026/05/20-09:19:16.220,-0.029589844
1779239957,2026/05/20-09:19:17.220,0.098632813
1779239958,2026/05/20-09:19:18.250,0.23288303
1779239959,2026/05/20-09:19:19.220,0.193429905
1779239960,2026/05/20-09:19:20.220,0.180826823
1779239961,2026/05/20-09:19:21.220,-0.073426649
1779239962,2026/05/20-09:19:22.220,-0.005479601
1779239963,2026/05/20-09:19:23.220,0.069590929
1779239964,2026/05/20-09:19:24.220,-0.093701172
1779239965,2026/05/20-09:19:25.220,0.025206163
1779239966,2026/05/20-09:19:26.220,-0.061371528
1779239967,2026/05/20-09:19:27.220,0.043288845
1779239968,2026/05/20-09:19:28.220,0.024658203
1779239969,2026/05/20-09:19:29.220,-0.090961372
1779239970,2026/05/20-09:19:30.220,-0.123291016
1779239971,2026/05/20-09:19:31.230,-0.673990885
1779239972,2026/05/20-09:19:32.220,0.334803602
1779239973,2026/05/20-09:19:33.220,0.15836046
1779239974,2026/05/20-09:19:34.220,-0.029589844
1779239975,2026/05/20-09:19:35.220,-0.280555556
1779239976,2026/05/20-09:19:36.220,0.083837891
1779239977,2026/05/20-09:19:37.220,-0.052056207
1779239978,2026/05/20-09:19:38.250,0.090413411
1779239979,2026/05/20-09:19:39.220,0.129866536
1779239980,2026/05/20-09:19:40.220,0.08055013
1779239981,2026/05/20-09:19:41.220,-0.386859809
1779239982,2026/05/20-09:19:42.220,0.121099175
1779239983,2026/05/20-09:19:43.220,0.529877387
1779239984,2026/05/20-09:19:44.220,0.261924913
1779239985,2026/05/20-09:19:45.220,0.163292101
1779239986,2026/05/20-09:19:46.220,-0.147949219
1779239987,2026/05/20-09:19:47.220,-0.1605523
1779239988,2026/05/20-09:19:48.220,-0.247677951
1779239989,2026/05/20-09:19:49.220,0.168223741
1779239990,2026/05/20-09:19:50.220,0.284939236
1779239991,2026/05/20-09:19:51.250,-0.032329644
1779239992,2026/05/20-09:19:52.220,-0.137537977
1779239993,2026/05/20-09:19:53.220,0.281103516
1779239994,2026/05/20-09:19:54.220,0.056439887
1779239995,2026/05/20-09:19:55.220,0.31672092
1779239996,2026/05/20-09:19:56.220,-0.030685764
1779239997,2026/05/20-09:19:57.230,0.00054796
1779239998,2026/05/20-09:19:58.220,-0.047672526
1779239999,2026/05/20-09:19:59.220,0.090413411
1779240000,2026/05/20-09:20:00.220,0.416997613
1779240001,2026/05/20-09:20:01.220,-0.140277778
1779240002,2026/05/20-09:20:02.220,0.15836046
1779240003,2026/05/20-09:20:03.220,-0.025754123
1779240004,2026/05/20-09:20:04.230,-0.065207248
1779240005,2026/05/20-09:20:05.220,0.113975694
1779240006,2026/05/20-09:20:06.220,-0.070686849
1779240007,2026/05/20-09:20:07.220,-0.050960286
1779240008,2026/05/20-09:20:08.220,-0.054796007
1779240009,2026/05/20-09:20:09.220,0.295350477
1779240010,2026/05/20-09:20:10.230,0.247129991
1779240011,2026/05/20-09:20:11.220,0.011507161
1779240012,2026/05/20-09:20:12.220,0.328228082
1779240013,2026/05/20-09:20:13.220,0.264116753
1779240014,2026/05/20-09:20:14.220,-0.164935981
1779240015,2026/05/20-09:20:15.220,-0.321104601
1779240016,2026/05/20-09:20:16.220,-0.333707682
1779240017,2026/05/20-09:20:17.260,0.141373698
1779240018,2026/05/20-09:20:18.220,-0.049864366
1779240019,2026/05/20-09:20:19.220,-0.23671875
1779240020,2026/05/20-09:20:20.220,-0.191238064
1779240021,2026/05/20-09:20:21.220,0.23507487
1779240022,2026/05/20-09:20:22.220,-0.39672309
1779240023,2026/05/20-09:20:23.240,-0.128770616
1779240024,2026/05/20-09:20:24.220,-0.144661458
1779240025,2026/05/20-09:20:25.220,0.169867622
1779240026,2026/05/20-09:20:26.220,-0.23397895
1779240027,2026/05/20-09:20:27.220,-0.284939236
1779240028,2026/05/20-09:20:28.220,0.15616862
1779240029,2026/05/20-09:20:29.220,0.112331814
1779240030,2026/05/20-09:20:30.250,0.058631727
1779240031,2026/05/20-09:20:31.220,0.168223741
1779240032,2026/05/20-09:20:32.220,-0.223567708
1779240033,2026/05/20-09:20:33.220,-0.24000651
1779240034,2026/05/20-09:20:34.220,0.093153212
1779240035,2026/05/20-09:20:35.220,-0.046576606
1779240036,2026/05/20-09:20:36.230,0.228499349
1779240037,2026/05/20-09:20:37.220,0.256993273
1779240038,2026/05/20-09:20:38.220,-0.304117839
1779240039,2026/05/20-09:20:39.220,-0.015890842
1779240040,2026/05/20-09:20:40.220,0.00328776
1779240041,2026/05/20-09:20:41.220,-0.273980035
1779240042,2026/05/20-09:20:42.220,-0.211512587
1779240043,2026/05/20-09:20:43.260,0.257541233
1779240044,2026/05/20-09:20:44.220,-0.0027398
1779240045,2026/05/20-09:20:45.220,-0.026302083
1779240046,2026/05/20-09:20:46.220,-0.088769531
1779240047,2026/05/20-09:20:47.220,-0.130414497
1779240048,2026/05/20-09:20:48.220,0.348502604
1779240049,2026/05/20-09:20:49.270,-0.121647135
1779240050,2026/05/20-09:20:50.220,-0.030685764
1779240051,2026/05/20-09:20:51.220,-0.005479601
1779240052,2026/05/20-09:20:52.220,0.031233724
1779240053,2026/05/20-09:20:53.220,0.248773872
1779240054,2026/05/20-09:20:54.220,0.130962457
1779240055,2026/05/20-09:20:55.220,0.07507053
1779240056,2026/05/20-09:20:56.230,-0.098632813
1779240057,2026/05/20-09:20:57.220,0.177539063
1779240058,2026/05/20-09:20:58.220,0.038905165
1779240059,2026/05/20-09:20:59.220,-0.049864366
1779240060,2026/05/20-09:21:00.220,0.453162977
1779240061,2026/05/20-09:21:01.220,0.07726237
1779240062,2026/05/20-09:21:02.240,-0.007123481
1779240063,2026/05/20-09:21:03.220,0.021370443
1779240064,2026/05/20-09:21:04.220,0.118907335
1779240065,2026/05/20-09:21:05.220,-0.032877604
1779240066,2026/05/20-09:21:06.220,0.197265625
1779240067,2026/05/20-09:21:07.220,-0.364393446
1779240068,2026/05/20-09:21:08.220,0.069590929
1779240069,2026/05/20-09:21:09.230,-0.226855469
1779240070,2026/05/20-09:21:10.220,0.106304253
1779240071,2026/05/20-09:21:11.220,-0.290966797
1779240072,2026/05/20-09:21:12.220,-0.181374783
1779240073,2026/05/20-09:21:13.220,-0.046576606
1779240074,2026/05/20-09:21:14.220,0.198909505
1779240075,2026/05/20-09:21:15.220,0.306857639
1779240076,2026/05/20-09:21:16.220,-0.110139974
1779240077,2026/05/20-09:21:17.220,-0.052056207
1779240078,2026/05/20-09:21:18.220,0.184114583
1779240079,2026/05/20-09:21:19.220,-0.23726671
1779240080,2026/05/20-09:21:20.220,0.060823568
1779240081,2026/05/20-09:21:21.220,0.009315321
1779240082,2026/05/20-09:21:22.260,-0.117263455
1779240083,2026/05/20-09:21:23.220,-0.036165365
1779240084,2026/05/20-09:21:24.220,-0.086577691
1779240085,2026/05/20-09:21:25.220,-0.31398112
1779240086,2026/05/20-09:21:26.220,-0.142469618
1779240087,2026/05/20-09:21:27.220,0.084933811
1779240088,2026/05/20-09:21:28.220,-0.356722005
1779240089,2026/05/20-09:21:29.220,-0.398914931
1779240090,2026/05/20-09:21:30.220,-0.210416667
1779240091,2026/05/20-09:21:31.220,0.128222656
1779240092,2026/05/20-09:21:32.220,-0.329324002
1779240093,2026/05/20-09:21:33.220,-0.085481771
1779240094,2026/05/20-09:21:34.220,-0.129866536
1779240095,2026/05/20-09:21:35.240,-0.056439887
1779240096,2026/05/20-09:21:36.220,0.059179688
1779240097,2026/05/20-09:21:37.220,-0.004931641
1779240098,2026/05/20-09:21:38.220,-0.232335069
1779240099,2026/05/20-09:21:39.220,0.307405599
1779240100,2026/05/20-09:21:40.220,0.08000217
1779240101,2026/05/20-09:21:41.220,0.597276476
1779240102,2026/05/20-09:21:42.230,-0.031233724
1779240103,2026/05/20-09:21:43.220,-0.180278863
1779240104,2026/05/20-09:21:44.220,-0.15836046
1779240105,2026/05/20-09:21:45.220,0.249869792
1779240106,2026/05/20-09:21:46.220,0.294254557
1779240107,2026/05/20-09:21:47.220,-0.287679036
1779240108,2026/05/20-09:21:48.250,-0.123838976
1779240109,2026/05/20-09:21:49.220,0.043836806
1779240110,2026/05/20-09:21:50.220,-0.353434245
1779240111,2026/05/20-09:21:51.220,0.16000434
1779240112,2026/05/20-09:21:52.220,0.104660373
1779240113,2026/05/20-09:21:53.220,0.23343099
1779240114,2026/05/20-09:21:54.220,0.110139974
1779240115,2026/05/20-09:21:55.230,-0.361653646
1779240116,2026/05/20-09:21:56.220,0.15836046
1779240117,2026/05/20-09:21:57.220,-0.089317491
1779240118,2026/05/20-09:21:58.220,0.071234809
1779240119,2026/05/20-09:21:59.220,0.087673611
1779240120,2026/05/20-09:22:00.220,-0.192881944
1779240121,2026/05/20-09:22:01.230,0.278363715
1779240122,2026/05/20-09:22:02.220,-0.304665799
1779240123,2026/05/20-09:22:03.220,0.495355903
1779240124,2026/05/20-09:22:04.220,0.121099175
1779240125,2026/05/20-09:22:05.220,-0.046576606
1779240126,2026/05/20-09:22:06.220,0.171511502
1779240127,2026/05/20-09:22:07.220,-0.106852214
1779240128,2026/05/20-09:22:08.230,-0.247129991
1779240129,2026/05/20-09:22:09.220,0.192881944
1779240130,2026/05/20-09:22:10.220,-0.404942491
1779240131,2026/05/20-09:22:11.220,0.109592014
1779240132,2026/05/20-09:22:12.220,0.206580946
1779240133,2026/05/20-09:22:13.220,-0.098632813
1779240134,2026/05/20-09:22:14.240,-0.128770616
1779240135,2026/05/20-09:22:15.220,-0.15945638
1779240136,2026/05/20-09:22:16.220,0.004383681
1779240137,2026/05/20-09:22:17.220,0.189046224
1779240138,2026/05/20-09:22:18.220,0.021918403
1779240139,2026/05/20-09:22:19.220,0.1550727
1779240140,2026/05/20-09:22:20.220,-0.335351563
1779240141,2026/05/20-09:22:21.260,0.300830078
1779240142,2026/05/20-09:22:22.220,-0.461930339
1779240143,2026/05/20-09:22:23.220,-0.308501519
1779240144,2026/05/20-09:22:24.220,-0.043836806
1779240145,2026/05/20-09:22:25.220,0.042192925
1779240146,2026/05/20-09:22:26.220,0.486040582
1779240147,2026/05/20-09:22:27.250,0.098084852
1779240148,2026/05/20-09:22:28.220,-0.170415582
1779240149,2026/05/20-09:22:29.220,0.074522569
1779240150,2026/05/20-09:22:30.220,0.137537977
1779240151,2026/05/20-09:22:31.220,-0.062467448
1779240152,2026/05/20-09:22:32.220,0.100276693
1779240153,2026/05/20-09:22:33.220,0.144661458
1779240154,2026/05/20-09:22:34.240,0.012603082
1779240155,2026/05/20-09:22:35.220,-0.378640408
1779240156,2026/05/20-09:22:36.220,-0.018082682
1779240157,2026/05/20-09:22:37.220,-0.23397895
1779240158,2026/05/20-09:22:38.220,-0.459190538
1779240159,2026/05/20-09:22:39.220,0.043836806
1779240160,2026/05/20-09:22:40.220,-0.054796007
1779240161,2026/05/20-09:22:41.220,-0.024110243
1779240162,2026/05/20-09:22:42.220,0.31452908
1779240163,2026/05/20-09:22:43.220,0.067399089
1779240164,2026/05/20-09:22:44.220,-0.019178602
1779240165,2026/05/20-09:22:45.220,-0.197813585
1779240166,2026/05/20-09:22:46.220,0.126030816
1779240167,2026/05/20-09:22:47.250,-0.175347222
1779240168,2026/05/20-09:22:48.220,-0.009863281
1779240169,2026/05/20-09:22:49.220,0.038905165
1779240170,2026/05/20-09:22:50.220,-0.012603082
1779240171,2026/05/20-09:22:51.220,-0.027945964
1779240172,2026/05/20-09:22:52.220,0.045480686
1779240173,2026/05/20-09:22:53.220,-0.046028646
1779240174,2026/05/20-09:22:54.220,-0.016986762
1779240175,2026/05/20-09:22:55.220,-0.07890625
1779240176,2026/05/20-09:22:56.220,-0.364393446
1779240177,2026/05/20-09:22:57.220,0.327132161
1779240178,2026/05/20-09:22:58.220,-0.15562066
1779240179,2026/05/20-09:22:59.220,0.016986762
1779240180,2026/05/20-09:23:00.240,-0.15616862
1779240181,2026/05/20-09:23:01.220,-0.129866536
1779240182,2026/05/20-09:23:02.220,0.367681207
1779240183,2026/05/20-09:23:03.220,0.067947049
1779240184,2026/05/20-09:23:04.220,0.389051649
1779240185,2026/05/20-09:23:05.220,0.250965712
1779240186,2026/05/20-09:23:06.220,0.087673611
1779240187,2026/05/20-09:23:07.250,0.122743056
1779240188,2026/05/20-09:23:08.220,-0.00054796
1779240189,2026/05/20-09:23:09.220,0.210964627
1779240190,2026/05/20-09:23:10.220,0.194525825
1779240191,2026/05/20-09:23:11.220,0.195073785
1779240192,2026/05/20-09:23:12.220,-0.293158637
1779240193,2026/05/20-09:23:13.230,-0.094249132
1779240194,2026/05/20-09:23:14.220,-0.402750651
1779240195,2026/05/20-09:23:15.220,0.126030816
1779240196,2026/05/20-09:23:16.220,-0.145757378
1779240197,2026/05/20-09:23:17.220,-0.141921658
1779240198,2026/05/20-09:23:18.220,0.013151042
1779240199,2026/05/20-09:23:19.220,0.086029731
1779240200,2026/05/20-09:23:20.240,-0.299186198
1779240201,2026/05/20-09:23:21.220,0.419737413
1779240202,2026/05/20-09:23:22.220,0.030685764
1779240203,2026/05/20-09:23:23.220,0.056439887
1779240204,2026/05/20-09:23:24.220,-0.064111328
1779240205,2026/05/20-09:23:25.220,0.029589844
1779240206,2026/05/20-09:23:26.220,-0.006027561
1779240207,2026/05/20-09:23:27.220,0.284939236
1779240208,2026/05/20-09:23:28.220,0.224115668
1779240209,2026/05/20-09:23:29.220,0.100276693
1779240210,2026/05/20-09:23:30.220,0.202197266
1779240211,2026/05/20-09:23:31.220,0.197265625
1779240212,2026/05/20-09:23:32.220,0.419189453
1779240213,2026/05/20-09:23:33.270,-0.346310764
1779240214,2026/05/20-09:23:34.220,0.00054796
1779240215,2026/05/20-09:23:35.220,0.035617405
1779240216,2026/05/20-09:23:36.220,-0.263020833
1779240217,2026/05/20-09:23:37.220,0.050412326
1779240218,2026/05/20-09:23:38.220,-0.056439887
1779240219,2026/05/20-09:23:39.220,0.097536892
1779240220,2026/05/20-09:23:40.230,-0.012603082
1779240221,2026/05/20-09:23:41.220,-0.026302083
1779240222,2026/05/20-09:23:42.220,0.055891927
1779240223,2026/05/20-09:23:43.220,0.283295356
1779240224,2026/05/20-09:23:44.220,0.23945855
1779240225,2026/05/20-09:23:45.220,-0.339735243
1779240226,2026/05/20-09:23:46.240,-0.39179145
1779240227,2026/05/20-09:23:47.220,-0.046576606
1779240228,2026/05/20-09:23:48.220,-0.179730903
1779240229,2026/05/20-09:23:49.220,-0.4734375
1779240230,2026/05/20-09:23:50.220,0.198361545
1779240231,2026/05/20-09:23:51.220,0.16110026
1779240232,2026/05/20-09:23:52.220,-0.245486111
1779240233,2026/05/20-09:23:53.250,-0.065755208
1779240234,2026/05/20-09:23:54.220,0.139181858
1779240235,2026/05/20-09:23:55.220,0.133154297
1779240236,2026/05/20-09:23:56.220,-0.196169705
1779240237,2026/05/20-09:23:57.220,0.005479601
1779240238,2026/05/20-09:23:58.220,0.15452474
1779240239,2026/05/20-09:23:59.250,-0.095345052
1779240240,2026/05/20-09:24:00.220,-0.009863281
1779240241,2026/05/20-09:24:01.220,-0.105756293
1779240242,2026/05/20-09:24:02.220,0.105756293
1779240243,2026/05/20-09:24:03.220,-0.059727648
1779240244,2026/05/20-09:24:04.220,-0.021918403
1779240245,2026/05/20-09:24:05.220,-0.31946072
1779240246,2026/05/20-09:24:06.250,-0.182470703
1779240247,2026/05/20-09:24:07.220,0.126030816
1779240248,2026/05/20-09:24:08.220,-0.387955729
1779240249,2026/05/20-09:24:09.220,-0.257541233
1779240250,2026/05/20-09:24:10.220,0.045480686
1779240251,2026/05/20-09:24:11.220,0.137537977
1779240252,2026/05/20-09:24:12.230,0.16000434
1779240253,2026/05/20-09:24:13.220,0.046028646
1779240254,2026/05/20-09:24:14.220,-0.376448568
1779240255,2026/05/20-09:24:15.220,-0.121099175
1779240256,2026/05/20-09:24:16.220,0.186306424
1779240257,2026/05/20-09:24:17.220,0.282747396
1779240258,2026/05/20-09:24:18.220,0.007671441
1779240259,2026/05/20-09:24:19.240,0.007671441
1779240260,2026/05/20-09:24:20.220,0.101920573
1779240261,2026/05/20-09:24:21.220,0.184662543
1779240262,2026/05/20-09:24:22.220,-0.429600694
1779240263,2026/05/20-09:24:23.220,-0.046028646
1779240264,2026/05/20-09:24:24.220,0.254801432
1779240265,2026/05/20-09:24:25.220,-0.203293186
1779240266,2026/05/20-09:24:26.220,-0.051508247
1779240267,2026/05/20-09:24:27.220,-0.267404514
1779240268,2026/05/20-09:24:28.220,0.459738498
1779240269,2026/05/20-09:24:29.220,0.044932726
1779240270,2026/05/20-09:24:30.220,-0.246582031
1779240271,2026/05/20-09:24:31.220,-0.050960286
1779240272,2026/05/20-09:24:32.230,0.361105686
1779240273,2026/05/20-09:24:33.220,0.166031901
1779240274,2026/05/20-09:24:34.220,0.443299696
1779240275,2026/05/20-09:24:35.220,0.163292101
1779240276,2026/05/20-09:24:36.220,-0.07726237
1779240277,2026/05/20-09:24:37.220,0.043288845
1779240278,2026/05/20-09:24:38.220,0.242198351
1779240279,2026/05/20-09:24:39.230,0.119455295
1779240280,2026/05/20-09:24:40.220,0.227951389
1779240281,2026/05/20-09:24:41.220,0.352338325
1779240282,2026/05/20-09:24:42.220,0.311241319
1779240283,2026/05/20-09:24:43.220,0.139181858
1779240284,2026/05/20-09:24:44.220,0.024110243
1779240285,2026/05/20-09:24:45.240,0.305213759
1779240286,2026/05/20-09:24:46.220,0.170963542
1779240287,2026/05/20-09:24:47.220,0.052056207
1779240288,2026/05/20-09:24:48.220,0.246034071
1779240289,2026/05/20-09:24:49.220,-0.052056207
1779240290,2026/05/20-09:24:50.220,-0.042740885
1779240291,2026/05/20-09:24:51.220,-0.175895182
1779240292,2026/05/20-09:24:52.220,0.149593099
1779240293,2026/05/20-09:24:53.220,0.039453125
1779240294,2026/05/20-09:24:54.220,0.037809245
1779240295,2026/05/20-09:24:55.220,0.008767361
1779240296,2026/05/20-09:24:56.220,0.027398003
1779240297,2026/05/20-09:24:57.220,0.1550727
1779240298,2026/05/20-09:24:58.250,0.050960286
1779240299,2026/05/20-09:24:59.220,0.204389106
1779240300,2026/05/20-09:25:00.220,0.197813585
1779240301,2026/05/20-09:25:01.220,0.263020833
1779240302,2026/05/20-09:25:02.220,0.257541233
1779240303,2026/05/20-09:25:03.220,-0.148497179
1779240304,2026/05/20-09:25:04.230,0.187402344
1779240305,2026/05/20-09:25:05.220,-0.15836046
1779240306,2026/05/20-09:25:06.220,-0.330967882
1779240307,2026/05/20-09:25:07.220,0.124386936
1779240308,2026/05/20-09:25:08.220,-0.177539063
1779240309,2026/05/20-09:25:09.220,0.200553385
1779240310,2026/05/20-09:25:10.220,-0.593988715
1779240311,2026/05/20-09:25:11.220,0.195621745
1779240312,2026/05/20-09:25:12.220,-0.087673611
1779240313,2026/05/20-09:25:13.220,0.186306424
1779240314,2026/05/20-09:25:14.220,0.115071615
1779240315,2026/05/20-09:25:15.220,0.229595269
1779240316,2026/05/20-09:25:16.220,0.032329644
1779240317,2026/05/20-09:25:17.250,0.023014323
1779240318,2026/05/20-09:25:18.220,-0.041097005
1779240319,2026/05/20-09:25:19.220,0.213156467
1779240320,2026/05/20-09:25:20.220,0.165483941
1779240321,2026/05/20-09:25:21.220,0.016986762
1779240322,2026/05/20-09:25:22.220,-0.07507053
1779240323,2026/05/20-09:25:23.220,0.152332899
1779240324,2026/05/20-09:25:24.250,-0.0027398
1779240325,2026/05/20-09:25:25.220,-0.141373698
1779240326,2026/05/20-09:25:26.220,-0.489876302
1779240327,2026/05/20-09:25:27.220,-0.012055122
1779240328,2026/05/20-09:25:28.220,-0.346310764
1779240329,2026/05/20-09:25:29.220,-0.403298611
1779240330,2026/05/20-09:25:30.240,0.281651476
1779240331,2026/05/20-09:25:31.220,-0.170415582
1779240332,2026/05/20-09:25:32.220,0.289870877
1779240333,2026/05/20-09:25:33.220,0.261924913
1779240334,2026/05/20-09:25:34.220,0.027945964
1779240335,2026/05/20-09:25:35.220,0.035617405
1779240336,2026/05/20-09:25:36.220,-0.31946072
1779240337,2026/05/20-09:25:37.260,0.174799262
1779240338,2026/05/20-09:25:38.220,0.129866536
1779240339,2026/05/20-09:25:39.220,0.026850043
1779240340,2026/05/20-09:25:40.220,-0.051508247
1779240341,2026/05/20-09:25:41.220,-0.053152127
1779240342,2026/05/20-09:25:42.220,0.005479601
1779240343,2026/05/20-09:25:43.230,-0.259733073
1779240344,2026/05/20-09:25:44.220,0.041644965
1779240345,2026/05/20-09:25:45.220,0.032329644
1779240346,2026/05/20-09:25:46.220,0.212060547
1779240347,2026/05/20-09:25:47.220,-0.099728733
1779240348,2026/05/20-09:25:48.220,0.073974609
1779240349,2026/05/20-09:25:49.220,0.068495009
1779240350,2026/05/20-09:25:50.240,0.197813585
1779240351,2026/05/20-09:25:51.220,-0.043836806
1779240352,2026/05/20-09:25:52.220,0.053700087
1779240353,2026/05/20-09:25:53.220,0.294802517
1779240354,2026/05/20-09:25:54.220,-0.409326172
1779240355,2026/05/20-09:25:55.220,0.530425347
1779240356,2026/05/20-09:25:56.220,0.016438802
1779240357,2026/05/20-09:25:57.220,0.073974609
1779240358,2026/05/20-09:25:58.220,-0.450971137
1779240359,2026/05/20-09:25:59.220,-0.108496094
1779240360,2026/05/20-09:26:00.220,0.007123481
1779240361,2026/05/20-09:26:01.220,0.23562283
1779240362,2026/05/20-09:26:02.220,-0.070686849
1779240363,2026/05/20-09:26:03.240,0.220279948
1779240364,2026/05/20-09:26:04.220,0.15890842
1779240365,2026/05/20-09:26:05.220,0.213156467
1779240366,2026/05/20-09:26:06.220,0.227951389
1779240367,2026/05/20-09:26:07.220,0.15397678
1779240368,2026/05/20-09:26:08.220,0.054248047
1779240369,2026/05/20-09:26:09.220,-0.014794922
1779240370,2026/05/20-09:26:10.230,-0.087673611
1779240371,2026/05/20-09:26:11.220,0.342475043
1779240372,2026/05/20-09:26:12.220,-0.093153212
1779240373,2026/05/20-09:26:13.220,-0.353434245
1779240374,2026/05/20-09:26:14.220,-0.294802517
1779240375,2026/05/20-09:26:15.220,0.171511502
1779240376,2026/05/20-09:26:16.240,0.310693359
1779240377,2026/05/20-09:26:17.220,0.213156467
1779240378,2026/05/20-09:26:18.220,0.032329644
1779240379,2026/05/20-09:26:19.220,-0.044932726
1779240380,2026/05/20-09:26:20.220,0.242746311
1779240381,2026/05/20-09:26:21.220,-0.030685764
1779240382,2026/05/20-09:26:22.220,0.221923828
1779240383,2026/05/20-09:26:23.240,-0.106852214
1779240384,2026/05/20-09:26:24.220,-0.128222656
1779240385,2026/05/20-09:26:25.220,0.15671658
1779240386,2026/05/20-09:26:26.220,0.088769531
1779240387,2026/05/20-09:26:27.220,-0.084933811
1779240388,2026/05/20-09:26:28.220,-0.116715495
1779240389,2026/05/20-09:26:29.240,-0.143565538
1779240390,2026/05/20-09:26:30.220,0.241102431
1779240391,2026/05/20-09:26:31.220,-0.152880859
1779240392,2026/05/20-09:26:32.220,-0.004931641
1779240393,2026/05/20-09:26:33.220,0.204389106
1779240394,2026/05/20-09:26:34.220,-0.193429905
1779240395,2026/05/20-09:26:35.220,-0.201101345
1779240396,2026/05/20-09:26:36.270,0.225211589
1779240397,2026/05/20-09:26:37.220,0.115071615
1779240398,2026/05/20-09:26:38.220,0.004383681
1779240399,2026/05/20-09:26:39.220,-0.122743056
1779240400,2026/05/20-09:26:40.220,0.00054796
1779240401,2026/05/20-09:26:41.220,-0.189046224
1779240402,2026/05/20-09:26:42.240,0.141921658
1779240403,2026/05/20-09:26:43.220,0.129318576
1779240404,2026/05/20-09:26:44.220,-0.217540148
1779240405,2026/05/20-09:26:45.220,-0.018630642
1779240406,2026/05/20-09:26:46.220,0.047124566
1779240407,2026/05/20-09:26:47.220,0.351242405
1779240408,2026/05/20-09:26:48.220,-0.070686849
1779240409,2026/05/20-09:26:49.240,-0.026850043
1779240410,2026/05/20-09:26:50.220,0.273980035
1779240411,2026/05/20-09:26:51.220,-0.053700087
1779240412,2026/05/20-09:26:52.220,-0.300830078
1779240413,2026/05/20-09:26:53.220,0.279459635
1779240414,2026/05/20-09:26:54.220,0.091509332
1779240415,2026/05/20-09:26:55.240,0.138633898
1779240416,2026/05/20-09:26:56.220,0.228499349
1779240417,2026/05/20-09:26:57.220,-0.00328776
1779240418,2026/05/20-09:26:58.220,0.066851128
1779240419,2026/05/20-09:26:59.220,0.053152127
1779240420,2026/05/20-09:27:00.220,0.171511502
1779240421,2026/05/20-09:27:01.220,-0.388503689
1779240422,2026/05/20-09:27:02.240,-0.028493924
1779240423,2026/05/20-09:27:03.220,0.482204861
1779240424,2026/05/20-09:27:04.220,-0.288226997
1779240425,2026/05/20-09:27:05.220,-0.274527995
1779240426,2026/05/20-09:27:06.220,0.018082682
1779240427,2026/05/20-09:27:07.220,0.274527995
1779240428,2026/05/20-09:27:08.220,0.367681207
1779240429,2026/05/20-09:27:09.230,-0.195073785
1779240430,2026/05/20-09:27:10.220,0.226307509
1779240431,2026/05/20-09:27:11.220,-0.246034071
1779240432,2026/05/20-09:27:12.220,0.083289931
1779240433,2026/05/20-09:27:13.220,-0.424669054
1779240434,2026/05/20-09:27:14.220,0.122743056
1779240435,2026/05/20-09:27:15.240,0.420833333
1779240436,2026/05/20-09:27:16.220,-0.055343967
1779240437,2026/05/20-09:27:17.220,-0.1605523
1779240438,2026/05/20-09:27:18.220,0.185210503
1779240439,2026/05/20-09:27:19.220,0.150689019
1779240440,2026/05/20-09:27:20.220,-0.08055013
1779240441,2026/05/20-09:27:21.220,-0.384120009
1779240442,2026/05/20-09:27:22.260,-0.15562066
1779240443,2026/05/20-09:27:23.220,0.224663628
1779240444,2026/05/20-09:27:24.220,-0.528781467
1779240445,2026/05/20-09:27:25.220,-0.08000217
1779240446,2026/05/20-09:27:26.220,0.557823351
1779240447,2026/05/20-09:27:27.220,0.013699002
1779240448,2026/05/20-09:27:28.230,0.016986762
1779240449,2026/05/20-09:27:29.220,0.168771701
1779240450,2026/05/20-09:27:30.220,-0.310145399
1779240451,2026/05/20-09:27:31.220,-0.031781684
1779240452,2026/05/20-09:27:32.220,-0.362201606
1779240453,2026/05/20-09:27:33.220,0.198909505
1779240454,2026/05/20-09:27:34.220,0.00054796
1779240455,2026/05/20-09:27:35.240,0.183566623
1779240456,2026/05/20-09:27:36.220,0.012055122
1779240457,2026/05/20-09:27:37.220,0.023014323
1779240458,2026/05/20-09:27:38.220,0.299734158
1779240459,2026/05/20-09:27:39.220,-0.307405599
1779240460,2026/05/20-09:27:40.220,-0.274527995
1779240461,2026/05/20-09:27:41.250,-0.498095703
1779240462,2026/05/20-09:27:42.220,-0.290966797
1779240463,2026/05/20-09:27:43.220,0.590700955
1779240464,2026/05/20-09:27:44.220,0.030685764
1779240465,2026/05/20-09:27:45.220,0.409874132
1779240466,2026/05/20-09:27:46.220,-0.045480686
1779240467,2026/05/20-09:27:47.220,-0.333159722
1779240468,2026/05/20-09:27:48.260,-0.189046224
1779240469,2026/05/20-09:27:49.220,-0.103016493
1779240470,2026/05/20-09:27:50.220,-0.254801432
1779240471,2026/05/20-09:27:51.220,0.224115668
1779240472,2026/05/20-09:27:52.220,-0.343023003
1779240473,2026/05/20-09:27:53.220,0.138633898
1779240474,2026/05/20-09:27:54.250,-0.043288845
1779240475,2026/05/20-09:27:55.220,-0.092057292
1779240476,2026/05/20-09:27:56.220,0.162744141
1779240477,2026/05/20-09:27:57.220,0.103564453
1779240478,2026/05/20-09:27:58.220,-0.072330729
1779240479,2026/05/20-09:27:59.220,-0.084933811
1779240480,2026/05/20-09:28:00.220,0.029041884
1779240481,2026/05/20-09:28:01.250,-0.195073785
1779240482,2026/05/20-09:28:02.220,-0.398914931
1779240483,2026/05/20-09:28:03.220,-0.223567708
1779240484,2026/05/20-09:28:04.220,0.052056207
1779240485,2026/05/20-09:28:05.220,-0.006575521
1779240486,2026/05/20-09:28:06.220,0.31398112
1779240487,2026/05/20-09:28:07.230,-0.170415582
1779240488,2026/05/20-09:28:08.220,0.054248047
1779240489,2026/05/20-09:28:09.220,0.085481771
1779240490,2026/05/20-09:28:10.220,0.23397895
1779240491,2026/05/20-09:28:11.220,0.342475043
1779240492,2026/05/20-09:28:12.220,0.035617405
1779240493,2026/05/20-09:28:13.220,0.086029731
1779240494,2026/05/20-09:28:14.260,-0.129866536
1779240495,2026/05/20-09:28:15.220,0.189594184
1779240496,2026/05/20-09:28:16.220,-0.056439887
1779240497,2026/05/20-09:28:17.220,-0.146305339
1779240498,2026/05/20-09:28:18.220,-0.07890625
1779240499,2026/05/20-09:28:19.220,-0.062467448
1779240500,2026/05/20-09:28:20.220,-0.07507053
1779240501,2026/05/20-09:28:21.220,-0.068495009
1779240502,2026/05/20-09:28:22.220,-0.252061632
1779240503,2026/05/20-09:28:23.220,0.273432075
1779240504,2026/05/20-09:28:24.220,0.145209418
1779240505,2026/05/20-09:28:25.220,0.502479384
1779240506,2026/05/20-09:28:26.220,0.385763889
1779240507,2026/05/20-09:28:27.230,0.049864366
1779240508,2026/05/20-09:28:28.220,0.334255642
1779240509,2026/05/20-09:28:29.220,-0.086577691
1779240510,2026/05/20-09:28:30.220,0.194525825
1779240511,2026/05/20-09:28:31.220,-0.118907335
1779240512,2026/05/20-09:28:32.220,-0.08164605
1779240513,2026/05/20-09:28:33.220,0.133154297
1779240514,2026/05/20-09:28:34.290,-0.208772786
1779240515,2026/05/20-09:28:35.220,-0.023562283
1779240516,2026/05/20-09:28:36.220,0.293158637
1779240517,2026/05/20-09:28:37.220,-0.060275608
1779240518,2026/05/20-09:28:38.220,0.066303168
1779240519,2026/05/20-09:28:39.220,-0.060823568
1779240520,2026/05/20-09:28:40.230,0.145757378
1779240521,2026/05/20-09:28:41.220,0.140825738
1779240522,2026/05/20-09:28:42.220,0.047672526
1779240523,2026/05/20-09:28:43.220,0.033973524
1779240524,2026/05/20-09:28:44.220,-0.31452908
1779240525,2026/05/20-09:28:45.220,-0.514534505
1779240526,2026/05/20-09:28:46.220,0.117811415
1779240527,2026/05/20-09:28:47.250,-0.31726888
1779240528,2026/05/20-09:28:48.220,0.059179688
1779240529,2026/05/20-09:28:49.220,0.059179688
1779240530,2026/05/20-09:28:50.220,0.321104601
1779240531,2026/05/20-09:28:51.220,-0.064659288
1779240532,2026/05/20-09:28:52.220,0.362201606
1779240533,2026/05/20-09:28:53.230,-0.107400174
1779240534,2026/05/20-09:28:54.220,-0.070686849
1779240535,2026/05/20-09:28:55.220,-0.07561849
1779240536,2026/05/20-09:28:56.220,0.16110026
1779240537,2026/05/20-09:28:57.220,-0.245486111
1779240538,2026/05/20-09:28:58.220,-0.336447483
1779240539,2026/05/20-09:28:59.220,0.142469618
1779240540,2026/05/20-09:29:00.240,-0.366037326
1779240541,2026/05/20-09:29:01.220,-0.268500434
1779240542,2026/05/20-09:29:02.220,-0.093153212
1779240543,2026/05/20-09:29:03.220,-0.127674696
1779240544,2026/05/20-09:29:04.220,-0.008767361
1779240545,2026/05/20-09:29:05.220,0.032877604
1779240546,2026/05/20-09:29:06.250,0.327680122
1779240547,2026/05/20-09:29:07.220,0.252609592
1779240548,2026/05/20-09:29:08.220,0.07781033
1779240549,2026/05/20-09:29:09.220,-0.216444227
1779240550,2026/05/20-09:29:10.220,-0.185210503
1779240551,2026/05/20-09:29:11.220,0.070138889
1779240552,2026/05/20-09:29:12.220,0.093153212
1779240553,2026/05/20-09:29:13.220,0.193977865
1779240554,2026/05/20-09:29:14.220,0.053152127
1779240555,2026/05/20-09:29:15.220,0.060275608
1779240556,2026/05/20-09:29:16.220,-0.033973524
1779240557,2026/05/20-09:29:17.220,0.213156467
1779240558,2026/05/20-09:29:18.220,-0.198909505
1779240559,2026/05/20-09:29:19.240,-0.016986762
1779240560,2026/05/20-09:29:20.220,0.185758464
1779240561,2026/05/20-09:29:21.220,0.038357205
1779240562,2026/05/20-09:29:22.220,0.219731988
1779240563,2026/05/20-09:29:23.220,-0.200553385
1779240564,2026/05/20-09:29:24.220,-0.305213759
1779240565,2026/05/20-09:29:25.220,-0.251513672
1779240566,2026/05/20-09:29:26.250,-0.098632813
1779240567,2026/05/20-09:29:27.220,-0.47398546
1779240568,2026/05/20-09:29:28.220,0.590152995
1779240569,2026/05/20-09:29:29.220,-0.066303168
1779240570,2026/05/20-09:29:30.220,0.089865451
1779240571,2026/05/20-09:29:31.220,-0.183566623
1779240572,2026/05/20-09:29:32.240,0.144113498
1779240573,2026/05/20-09:29:33.220,0.120003255
1779240574,2026/05/20-09:29:34.220,0.16000434
1779240575,2026/05/20-09:29:35.220,-0.198909505
1779240576,2026/05/20-09:29:36.220,0.101920573
1779240577,2026/05/20-09:29:37.220,-0.23397895
1779240578,2026/05/20-09:29:38.220,0.021370443
1779240579,2026/05/20-09:29:39.240,0.320556641
1779240580,2026/05/20-09:29:40.220,0.044384766
1779240581,2026/05/20-09:29:41.220,1.39E-15
1779240582,2026/05/20-09:29:42.220,-0.208224826
1779240583,2026/05/20-09:29:43.220,-0.123291016
1779240584,2026/05/20-09:29:44.220,0.032877604
1779240585,2026/05/20-09:29:45.240,-0.041644965
1779240586,2026/05/20-09:29:46.220,-0.23726671
1779240587,2026/05/20-09:29:47.220,0.048220486
1779240588,2026/05/20-09:29:48.220,-0.109592014
1779240589,2026/05/20-09:29:49.220,-0.227403429
1779240590,2026/05/20-09:29:50.220,-0.266308594
1779240591,2026/05/20-09:29:51.220,0.335351563
1779240592,2026/05/20-09:29:52.260,0.166031901
1779240593,2026/05/20-09:29:53.220,-0.282747396
1779240594,2026/05/20-09:29:54.220,0.099180773
1779240595,2026/05/20-09:29:55.220,-0.15671658
1779240596,2026/05/20-09:29:56.220,0.217540148
1779240597,2026/05/20-09:29:57.220,0.046576606
1779240598,2026/05/20-09:29:58.230,-0.175347222
1779240599,2026/05/20-09:29:59.220,0.170415582
1779240600,2026/05/20-09:30:00.220,-0.381380208
1779240601,2026/05/20-09:30:01.220,0.269048394
1779240602,2026/05/20-09:30:02.220,-0.200005425
1779240603,2026/05/20-09:30:03.220,0.014794922
1779240604,2026/05/20-09:30:04.220,0.254253472
1779240605,2026/05/20-09:30:05.250,-0.334255642
1779240606,2026/05/20-09:30:06.220,0.049864366
1779240607,2026/05/20-09:30:07.220,0.23617079
1779240608,2026/05/20-09:30:08.220,0.143017578
1779240609,2026/05/20-09:30:09.220,0.219184028
1779240610,2026/05/20-09:30:10.220,0.464670139
1779240611,2026/05/20-09:30:11.240,0.113427734
1779240612,2026/05/20-09:30:12.220,0.366585286
1779240613,2026/05/20-09:30:13.220,0.424669054
1779240614,2026/05/20-09:30:14.220,0.216992188
1779240615,2026/05/20-09:30:15.220,0.223567708
1779240616,2026/05/20-09:30:16.220,0.093153212
1779240617,2026/05/20-09:30:17.220,-0.027398003
1779240618,2026/05/20-09:30:18.260,0.053700087
1779240619,2026/05/20-09:30:19.220,-0.119455295
1779240620,2026/05/20-09:30:20.220,0.259733073
1779240621,2026/05/20-09:30:21.220,0.198361545
1779240622,2026/05/20-09:30:22.220,0.039453125
1779240623,2026/05/20-09:30:23.220,0.329871962
1779240624,2026/05/20-09:30:24.220,0.094797092
1779240625,2026/05/20-09:30:25.220,0.106304253
1779240626,2026/05/20-09:30:26.220,-0.182470703
1779240627,2026/05/20-09:30:27.220,0.172059462
1779240628,2026/05/20-09:30:28.220,-0.122195095
1779240629,2026/05/20-09:30:29.220,-0.149045139
1779240630,2026/05/20-09:30:30.220,-0.018082682
1779240631,2026/05/20-09:30:31.260,0.135894097
1779240632,2026/05/20-09:30:32.220,-0.106304253
1779240633,2026/05/20-09:30:33.220,-0.143565538
1779240634,2026/05/20-09:30:34.220,0.041097005
1779240635,2026/05/20-09:30:35.220,-0.171511502
1779240636,2026/05/20-09:30:36.220,0.052604167
1779240637,2026/05/20-09:30:37.220,-0.035617405
1779240638,2026/05/20-09:30:38.220,-0.188498264
1779240639,2026/05/20-09:30:39.220,-0.201101345
1779240640,2026/05/20-09:30:40.220,0.089317491
1779240641,2026/05/20-09:30:41.220,-0.336995443
1779240642,2026/05/20-09:30:42.220,0.08274197
1779240643,2026/05/20-09:30:43.220,-0.029041884
1779240644,2026/05/20-09:30:44.280,0.132058377
1779240645,2026/05/20-09:30:45.220,0.133702257
1779240646,2026/05/20-09:30:46.220,-0.204937066
1779240647,2026/05/20-09:30:47.220,-0.175347222
1779240648,2026/05/20-09:30:48.220,0.00109592
1779240649,2026/05/20-09:30:49.220,0.096988932
1779240650,2026/05/20-09:30:50.220,-0.047124566
1779240651,2026/05/20-09:30:51.220,-0.209868707
1779240652,2026/05/20-09:30:52.220,0.061919488
1779240653,2026/05/20-09:30:53.220,-0.243842231
1779240654,2026/05/20-09:30:54.220,-0.067947049
1779240655,2026/05/20-09:30:55.220,0.176991102
1779240656,2026/05/20-09:30:56.220,-0.195073785
1779240657,2026/05/20-09:30:57.250,-0.500835503
1779240658,2026/05/20-09:30:58.220,0.098084852
1779240659,2026/05/20-09:30:59.220,0.035617405
1779240660,2026/05/20-09:31:00.220,0.291514757
1779240661,2026/05/20-09:31:01.220,-0.057535807
1779240662,2026/05/20-09:31:02.220,-0.055343967
1779240663,2026/05/20-09:31:03.220,0.185758464
1779240664,2026/05/20-09:31:04.220,0.109044054
1779240665,2026/05/20-09:31:05.220,-0.188498264
1779240666,2026/05/20-09:31:06.220,0.132606337
1779240667,2026/05/20-09:31:07.220,0.026850043
1779240668,2026/05/20-09:31:08.220,-0.219184028
1779240669,2026/05/20-09:31:09.220,0.054248047
1779240670,2026/05/20-09:31:10.240,-0.123291016
1779240671,2026/05/20-09:31:11.220,0.447135417
1779240672,2026/05/20-09:31:12.220,0.004931641
1779240673,2026/05/20-09:31:13.220,0.138085938
1779240674,2026/05/20-09:31:14.220,0.010959201
1779240675,2026/05/20-09:31:15.220,0.264116753
1779240676,2026/05/20-09:31:16.220,-0.106852214
1779240677,2026/05/20-09:31:17.230,0.016438802
1779240678,2026/05/20-09:31:18.220,0.009863281
1779240679,2026/05/20-09:31:19.220,-0.091509332
1779240680,2026/05/20-09:31:20.220,0.332063802
1779240681,2026/05/20-09:31:21.220,0.16000434
1779240682,2026/05/20-09:31:22.220,-0.361105686
1779240683,2026/05/20-09:31:23.280,-0.177539063
1779240684,2026/05/20-09:31:24.220,-0.266308594
1779240685,2026/05/20-09:31:25.220,0.062467448
1779240686,2026/05/20-09:31:26.220,-0.202197266
1779240687,2026/05/20-09:31:27.220,-0.07890625
1779240688,2026/05/20-09:31:28.220,0.219184028
1779240689,2026/05/20-09:31:29.230,-0.195621745
1779240690,2026/05/20-09:31:30.220,-0.035069444
1779240691,2026/05/20-09:31:31.220,-0.033425564
1779240692,2026/05/20-09:31:32.220,-0.344118924
1779240693,2026/05/20-09:31:33.220,-0.1550727
1779240694,2026/05/20-09:31:34.220,0.07726237
1779240695,2026/05/20-09:31:35.220,-0.135894097
1779240696,2026/05/20-09:31:36.250,0.184662543
1779240697,2026/05/20-09:31:37.220,-0.108496094
1779240698,2026/05/20-09:31:38.220,-0.065755208
1779240699,2026/05/20-09:31:39.220,0.013699002
1779240700,2026/05/20-09:31:40.220,0.105208333
1779240701,2026/05/20-09:31:41.220,-0.242746311
1779240702,2026/05/20-09:31:42.240,-0.088221571
1779240703,2026/05/20-09:31:43.220,0.338639323
1779240704,2026/05/20-09:31:44.220,0.016986762
1779240705,2026/05/20-09:31:45.220,-0.245486111
1779240706,2026/05/20-09:31:46.220,-0.016986762
1779240707,2026/05/20-09:31:47.220,-0.144661458
1779240708,2026/05/20-09:31:48.220,0.030137804
1779240709,2026/05/20-09:31:49.240,-0.089865451
1779240710,2026/05/20-09:31:50.220,0.116715495
1779240711,2026/05/20-09:31:51.220,-0.31781684
1779240712,2026/05/20-09:31:52.220,0.111235894
1779240713,2026/05/20-09:31:53.220,0.048220486
1779240714,2026/05/20-09:31:54.220,-0.184114583
1779240715,2026/05/20-09:31:55.230,-0.163292101
1779240716,2026/05/20-09:31:56.220,0.285487196
1779240717,2026/05/20-09:31:57.220,-0.23945855
1779240718,2026/05/20-09:31:58.220,0.141921658
1779240719,2026/05/20-09:31:59.220,-0.218088108
1779240720,2026/05/20-09:32:00.220,-0.031233724
1779240721,2026/05/20-09:32:01.220,0.183566623
1779240722,2026/05/20-09:32:02.250,0.136442057
1779240723,2026/05/20-09:32:03.220,-0.426860894
1779240724,2026/05/20-09:32:04.220,-0.065755208
1779240725,2026/05/20-09:32:05.220,0.027945964
1779240726,2026/05/20-09:32:06.220,-0.151784939
1779240727,2026/05/20-09:32:07.220,-0.08000217
1779240728,2026/05/20-09:32:08.230,0.139181858
1779240729,2026/05/20-09:32:09.220,-0.101372613
1779240730,2026/05/20-09:32:10.220,0.479465061
1779240731,2026/05/20-09:32:11.220,0.131510417
1779240732,2026/05/20-09:32:12.220,-0.029589844
1779240733,2026/05/20-09:32:13.220,-0.064659288
1779240734,2026/05/20-09:32:14.220,-0.147401259
1779240735,2026/05/20-09:32:15.280,0.308501519
1779240736,2026/05/20-09:32:16.220,-0.281651476
1779240737,2026/05/20-09:32:17.220,-0.384667969
1779240738,2026/05/20-09:32:18.220,0.535356988
1779240739,2026/05/20-09:32:19.220,0.073974609
1779240740,2026/05/20-09:32:20.220,0.16000434
1779240741,2026/05/20-09:32:21.220,-0.050412326
1779240742,2026/05/20-09:32:22.220,-0.39781901
1779240743,2026/05/20-09:32:23.220,0.035069444
1779240744,2026/05/20-09:32:24.220,0.294802517
1779240745,2026/05/20-09:32:25.220,-0.259733073
1779240746,2026/05/20-09:32:26.220,-0.069590929
1779240747,2026/05/20-09:32:27.220,-0.0027398
1779240748,2026/05/20-09:32:28.240,0.146305339
1779240749,2026/05/20-09:32:29.220,0.051508247
1779240750,2026/05/20-09:32:30.220,-0.099180773
1779240751,2026/05/20-09:32:31.220,0.116715495
1779240752,2026/05/20-09:32:32.220,-0.207128906
1779240753,2026/05/20-09:32:33.220,0.296446398
1779240754,2026/05/20-09:32:34.220,0.150689019
1779240755,2026/05/20-09:32:35.220,0.118359375
1779240756,2026/05/20-09:32:36.220,0.066851128
1779240757,2026/05/20-09:32:37.220,-0.110687934
1779240758,2026/05/20-09:32:38.220,0.096440972
1779240759,2026/05/20-09:32:39.220,0.016438802
1779240760,2026/05/20-09:32:40.220,0.136442057
1779240761,2026/05/20-09:32:41.260,0.047124566
1779240762,2026/05/20-09:32:42.220,-0.216992188
1779240763,2026/05/20-09:32:43.220,-0.201649306
1779240764,2026/05/20-09:32:44.220,-0.493164063
1779240765,2026/05/20-09:32:45.220,0.087673611
1779240766,2026/05/20-09:32:46.220,-0.512342665
1779240767,2026/05/20-09:32:47.220,-0.129318576
1779240768,2026/05/20-09:32:48.230,-0.087673611
1779240769,2026/05/20-09:32:49.220,0.228499349
1779240770,2026/05/20-09:32:50.220,-0.051508247
1779240771,2026/05/20-09:32:51.220,-0.290418837
1779240772,2026/05/20-09:32:52.220,-0.00164388
1779240773,2026/05/20-09:32:53.220,-0.147949219
1779240774,2026/05/20-09:32:54.250,-0.088221571
1779240775,2026/05/20-09:32:55.220,0.259733073
1779240776,2026/05/20-09:32:56.220,-0.004931641
1779240777,2026/05/20-09:32:57.220,-0.058083767
1779240778,2026/05/20-09:32:58.220,-0.204937066
1779240779,2026/05/20-09:32:59.220,0.097536892
1779240780,2026/05/20-09:33:00.220,0.15452474
1779240781,2026/05/20-09:33:01.230,0.288226997
1779240782,2026/05/20-09:33:02.220,0.223019748
1779240783,2026/05/20-09:33:03.220,-0.336995443
1779240784,2026/05/20-09:33:04.220,-0.061371528
1779240785,2026/05/20-09:33:05.220,0.073974609
1779240786,2026/05/20-09:33:06.220,0.197813585
1779240787,2026/05/20-09:33:07.240,0.052604167
1779240788,2026/05/20-09:33:08.220,0.225759549
1779240789,2026/05/20-09:33:09.220,-0.009315321
1779240790,2026/05/20-09:33:10.220,0.121647135
1779240791,2026/05/20-09:33:11.220,0.361105686
1779240792,2026/05/20-09:33:12.220,0.340283203
1779240793,2026/05/20-09:33:13.220,0.185758464
1779240794,2026/05/20-09:33:14.230,0.406586372
1779240795,2026/05/20-09:33:15.220,0.31672092
1779240796,2026/05/20-09:33:16.220,0.201649306
1779240797,2026/05/20-09:33:17.220,0.012603082
1779240798,2026/05/20-09:33:18.220,-0.352338325
1779240799,2026/05/20-09:33:19.220,0.191238064
1779240800,2026/05/20-09:33:20.250,-0.267952474
1779240801,2026/05/20-09:33:21.220,0.122195095
1779240802,2026/05/20-09:33:22.220,-0.00109592
1779240803,2026/05/20-09:33:23.220,-0.040001085
1779240804,2026/05/20-09:33:24.220,0.15890842
1779240805,2026/05/20-09:33:25.220,-0.085481771
1779240806,2026/05/20-09:33:26.220,-0.377544488
1779240807,2026/05/20-09:33:27.230,-0.105208333
1779240808,2026/05/20-09:33:28.220,0.07561849
1779240809,2026/05/20-09:33:29.220,-0.345214844
1779240810,2026/05/20-09:33:30.220,0.370421007
1779240811,2026/05/20-09:33:31.220,-0.013151042
1779240812,2026/05/20-09:33:32.220,0.150689019
1779240813,2026/05/20-09:33:33.290,0.129866536
1779240814,2026/05/20-09:33:34.220,0.366037326
1779240815,2026/05/20-09:33:35.220,-0.416449653
1779240816,2026/05/20-09:33:36.220,0.379188368
1779240817,2026/05/20-09:33:37.220,-0.145757378
1779240818,2026/05/20-09:33:38.220,0.367133247
1779240819,2026/05/20-09:33:39.220,0.184114583
1779240820,2026/05/20-09:33:40.230,-0.117811415
1779240821,2026/05/20-09:33:41.220,-0.183566623
1779240822,2026/05/20-09:33:42.220,0.215896267
1779240823,2026/05/20-09:33:43.220,0.138633898
1779240824,2026/05/20-09:33:44.220,-0.225759549
1779240825,2026/05/20-09:33:45.220,-0.070686849
1779240826,2026/05/20-09:33:46.260,0.247129991
1779240827,2026/05/20-09:33:47.220,-0.111235894
1779240828,2026/05/20-09:33:48.220,-0.145757378
1779240829,2026/05/20-09:33:49.220,-0.369873047
1779240830,2026/05/20-09:33:50.220,-0.055891927
1779240831,2026/05/20-09:33:51.220,-0.204389106
1779240832,2026/05/20-09:33:52.220,0.249869792
1779240833,2026/05/20-09:33:53.270,-0.219731988
1779240834,2026/05/20-09:33:54.220,0.092057292
1779240835,2026/05/20-09:33:55.220,-0.00219184
1779240836,2026/05/20-09:33:56.220,0.55289171
1779240837,2026/05/20-09:33:57.220,-0.256993273
1779240838,2026/05/20-09:33:58.220,0.047672526
1779240839,2026/05/20-09:33:59.240,0.287131076
1779240840,2026/05/20-09:34:00.220,-0.199457465
1779240841,2026/05/20-09:34:01.220,-0.073974609
1779240842,2026/05/20-09:34:02.220,-0.356174045
1779240843,2026/05/20-09:34:03.220,-0.364941406
1779240844,2026/05/20-09:34:04.220,0.064111328
1779240845,2026/05/20-09:34:05.220,0.016986762
1779240846,2026/05/20-09:34:06.220,-0.221375868
1779240847,2026/05/20-09:34:07.220,-0.120551215
1779240848,2026/05/20-09:34:08.220,-0.118359375
1779240849,2026/05/20-09:34:09.220,0.026302083
1779240850,2026/05/20-09:34:10.220,-0.350146484
1779240851,2026/05/20-09:34:11.220,0.112331814
1779240852,2026/05/20-09:34:12.250,0.311241319
1779240853,2026/05/20-09:34:13.220,-0.023014323
1779240854,2026/05/20-09:34:14.220,0.010411241
1779240855,2026/05/20-09:34:15.220,-0.071234809
1779240856,2026/05/20-09:34:16.220,-0.283843316
1779240857,2026/05/20-09:34:17.220,-0.163292101
1779240858,2026/05/20-09:34:18.220,0.336447483
1779240859,2026/05/20-09:34:19.220,-0.064111328
1779240860,2026/05/20-09:34:20.220,-0.007671441
1779240861,2026/05/20-09:34:21.220,-0.094797092
1779240862,2026/05/20-09:34:22.220,0.116167535
1779240863,2026/05/20-09:34:23.220,0.034521484
1779240864,2026/05/20-09:34:24.220,0.044932726
1779240865,2026/05/20-09:34:25.250,-0.510698785
1779240866,2026/05/20-09:34:26.220,-0.051508247
1779240867,2026/05/20-09:34:27.220,-0.050412326
1779240868,2026/05/20-09:34:28.220,-0.086029731
1779240869,2026/05/20-09:34:29.220,-0.016986762
1779240870,2026/05/20-09:34:30.220,-0.23726671
1779240871,2026/05/20-09:34:31.220,-0.054248047
1779240872,2026/05/20-09:34:32.250,-0.047672526
1779240873,2026/05/20-09:34:33.220,0.1605523
1779240874,2026/05/20-09:34:34.220,0.046028646
1779240875,2026/05/20-09:34:35.220,0.143017578
1779240876,2026/05/20-09:34:36.220,0.257541233
1779240877,2026/05/20-09:34:37.220,0.033425564
1779240878,2026/05/20-09:34:38.260,0.038905165
1779240879,2026/05/20-09:34:39.220,-0.069042969
1779240880,2026/05/20-09:34:40.220,-0.357817925
1779240881,2026/05/20-09:34:41.220,0.120003255
1779240882,2026/05/20-09:34:42.220,0.117263455
1779240883,2026/05/20-09:34:43.220,-0.034521484
1779240884,2026/05/20-09:34:44.220,-0.1605523
1779240885,2026/05/20-09:34:45.280,0.305213759
1779240886,2026/05/20-09:34:46.220,-0.132058377
1779240887,2026/05/20-09:34:47.220,-0.017534722
1779240888,2026/05/20-09:34:48.220,0.145209418
1779240889,2026/05/20-09:34:49.220,0.210416667
1779240890,2026/05/20-09:34:50.220,-0.144661458
1779240891,2026/05/20-09:34:51.240,0.298638238
1779240892,2026/05/20-09:34:52.220,-0.152332899
1779240893,2026/05/20-09:34:53.220,-0.052056207
1779240894,2026/05/20-09:34:54.220,0.486040582
1779240895,2026/05/20-09:34:55.220,0.227951389
1779240896,2026/05/20-09:34:56.220,-0.020274523
1779240897,2026/05/20-09:34:57.220,-0.152880859
1779240898,2026/05/20-09:34:58.220,-0.125482856
1779240899,2026/05/20-09:34:59.220,-0.012603082
1779240900,2026/05/20-09:35:00.220,0.253705512
1779240901,2026/05/20-09:35:01.220,-0.248225911
1779240902,2026/05/20-09:35:02.220,-0.184114583
1779240903,2026/05/20-09:35:03.220,0.044932726
1779240904,2026/05/20-09:35:04.260,-0.175347222
1779240905,2026/05/20-09:35:05.220,-0.243842231
1779240906,2026/05/20-09:35:06.220,0.366037326
1779240907,2026/05/20-09:35:07.220,0.723307292
1779240908,2026/05/20-09:35:08.220,-0.017534722
1779240909,2026/05/20-09:35:09.220,0.273980035
1779240910,2026/05/20-09:35:10.220,-0.227951389
1779240911,2026/05/20-09:35:11.220,-0.486588542
1779240912,2026/05/20-09:35:12.220,-0.183566623
1779240913,2026/05/20-09:35:13.220,0.460834418
1779240914,2026/05/20-09:35:14.220,0.490972222
1779240915,2026/05/20-09:35:15.220,-0.383572049
1779240916,2026/05/20-09:35:16.220,-0.104112413
1779240917,2026/05/20-09:35:17.260,-0.113427734
1779240918,2026/05/20-09:35:18.220,0.255897352
1779240919,2026/05/20-09:35:19.220,0.221923828
1779240920,2026/05/20-09:35:20.220,-0.129866536
1779240921,2026/05/20-09:35:21.220,0.091509332
1779240922,2026/05/20-09:35:22.220,0.141921658
1779240923,2026/05/20-09:35:23.220,0.276171875
1779240924,2026/05/20-09:35:24.220,-0.23836263
1779240925,2026/05/20-09:35:25.220,-0.16164822
1779240926,2026/05/20-09:35:26.220,-0.24000651
1779240927,2026/05/20-09:35:27.220,0.193429905
1779240928,2026/05/20-09:35:28.220,-0.217540148
1779240929,2026/05/20-09:35:29.220,0.23945855
1779240930,2026/05/20-09:35:30.240,-0.08164605
1779240931,2026/05/20-09:35:31.220,0.00383572
1779240932,2026/05/20-09:35:32.220,-0.00219184
1779240933,2026/05/20-09:35:33.220,0.199457465
1779240934,2026/05/20-09:35:34.220,0.31781684
1779240935,2026/05/20-09:35:35.220,0.059179688
1779240936,2026/05/20-09:35:36.230,-0.260828993
1779240937,2026/05/20-09:35:37.220,-0.23671875
1779240938,2026/05/20-09:35:38.220,-0.024658203
1779240939,2026/05/20-09:35:39.220,0.520562066
1779240940,2026/05/20-09:35:40.220,0.0027398
1779240941,2026/05/20-09:35:41.220,0.367133247
1779240942,2026/05/20-09:35:42.220,-0.168223741
1779240943,2026/05/20-09:35:43.240,0.186854384
1779240944,2026/05/20-09:35:44.220,-0.126578776
1779240945,2026/05/20-09:35:45.220,0.036713325
1779240946,2026/05/20-09:35:46.220,-0.530425347
1779240947,2026/05/20-09:35:47.220,0.032877604
1779240948,2026/05/20-09:35:48.220,0.068495009
1779240949,2026/05/20-09:35:49.230,-0.127126736
1779240950,2026/05/20-09:35:50.220,-0.3183648
1779240951,2026/05/20-09:35:51.220,-0.509602865
1779240952,2026/05/20-09:35:52.220,0.216992188
1779240953,2026/05/20-09:35:53.220,0.120551215
1779240954,2026/05/20-09:35:54.220,0.373160807
1779240955,2026/05/20-09:35:55.220,-0.342475043
1779240956,2026/05/20-09:35:56.260,-0.140277778
1779240957,2026/05/20-09:35:57.220,-0.062467448
1779240958,2026/05/20-09:35:58.220,0.102468533
1779240959,2026/05/20-09:35:59.220,0.282747396
1779240960,2026/05/20-09:36:00.220,0.07507053
1779240961,2026/05/20-09:36:01.220,0.192333984
1779240962,2026/05/20-09:36:02.220,-0.250417752
1779240963,2026/05/20-09:36:03.230,-0.111783854
1779240964,2026/05/20-09:36:04.220,-0.15397678
1779240965,2026/05/20-09:36:05.220,-0.231239149
1779240966,2026/05/20-09:36:06.220,-0.072330729
1779240967,2026/05/20-09:36:07.220,0.023014323
1779240968,2026/05/20-09:36:08.220,0.027945964
1779240969,2026/05/20-09:36:09.230,-0.413709852
1779240970,2026/05/20-09:36:10.220,-0.023562283
1779240971,2026/05/20-09:36:11.220,-0.320556641
1779240972,2026/05/20-09:36:12.220,-0.026302083
1779240973,2026/05/20-09:36:13.220,-0.286583116
1779240974,2026/05/20-09:36:14.220,0.026302083
1779240975,2026/05/20-09:36:15.220,-0.151236979
1779240976,2026/05/20-09:36:16.260,-0.179182943
1779240977,2026/05/20-09:36:17.220,-0.244938151
1779240978,2026/05/20-09:36:18.220,-0.00328776
1779240979,2026/05/20-09:36:19.220,-0.121647135
1779240980,2026/05/20-09:36:20.220,0.265760634
1779240981,2026/05/20-09:36:21.220,0.087673611
1779240982,2026/05/20-09:36:22.220,0.490972222
1779240983,2026/05/20-09:36:23.250,0.125482856
1779240984,2026/05/20-09:36:24.220,0.005479601
1779240985,2026/05/20-09:36:25.220,-0.07561849
1779240986,2026/05/20-09:36:26.220,-0.088769531
1779240987,2026/05/20-09:36:27.220,-0.006575521
1779240988,2026/05/20-09:36:28.220,0.180826823
1779240989,2026/05/20-09:36:29.220,0.221375868
1779240990,2026/05/20-09:36:30.220,0.060275608
1779240991,2026/05/20-09:36:31.220,0.375352648
1779240992,2026/05/20-09:36:32.220,0.07616645
1779240993,2026/05/20-09:36:33.220,0.116715495
1779240994,2026/05/20-09:36:34.220,0.221923828
1779240995,2026/05/20-09:36:35.220,-0.066851128
1779240996,2026/05/20-09:36:36.260,0.091509332
1779240997,2026/05/20-09:36:37.220,0.021918403
1779240998,2026/05/20-09:36:38.220,0.219184028
1779240999,2026/05/20-09:36:39.220,-0.062467448
1779241000,2026/05/20-09:36:40.220,0.011507161
1779241001,2026/05/20-09:36:41.220,0.389051649
1779241002,2026/05/20-09:36:42.220,0.163292101
1779241003,2026/05/20-09:36:43.230,-0.386859809
1779241004,2026/05/20-09:36:44.220,0.055343967
1779241005,2026/05/20-09:36:45.220,-0.216992188
1779241006,2026/05/20-09:36:46.220,-0.014794922
1779241007,2026/05/20-09:36:47.220,0.259185113
1779241008,2026/05/20-09:36:48.220,-0.173155382
1779241009,2026/05/20-09:36:49.250,-0.111783854
1779241010,2026/05/20-09:36:50.220,0.353434245