1779235200.110000,2026/05/20-08:00:00.110,13.146110026
1779235200.380000,2026/05/20-08:00:00.380,14.3899793837
1779235200.580000,2026/05/20-08:00:00.580,13.1921386719
1779235200.780000,2026/05/20-08:00:00.780,14.2469618056
1779235200.980000,2026/05/20-08:00:00.980,14.2086046007
1779235201.180000,2026/05/20-08:00:01.180,14.8217719184
1779235201.440000,2026/05/20-08:00:01.440,14.7784830729
1779235201.660000,2026/05/20-08:00:01.660,13.3915961372
1779235201.860000,2026/05/20-08:00:01.860,13.6365342882
1779235202.060000,2026/05/20-08:00:02.060,14.6146430122
1779235202.260000,2026/05/20-08:00:02.260,14.6951931424
1779235202.460000,2026/05/20-08:00:02.460,12.6770562066
1779235202.720000,2026/05/20-08:00:02.720,14.0321614583
1779235202.900000,2026/05/20-08:00:02.900,13.8228407118
1779235203.100000,2026/05/20-08:00:03.100,14.4118977865
1779235203.300000,2026/05/20-08:00:03.300,14.7494411892
1779235203.500000,2026/05/20-08:00:03.500,14.0716145833
1779235203.700000,2026/05/20-08:00:03.700,12.7663736979
1779235203.950000,2026/05/20-08:00:03.950,13.8288682726
1779235204.140000,2026/05/20-08:00:04.140,13.3806369358
1779235204.340000,2026/05/20-08:00:04.340,13.4946126302
1779235204.540000,2026/05/20-08:00:04.540,14.8990342882
1779235204.740000,2026/05/20-08:00:04.740,14.9423231337
1779235204.940000,2026/05/20-08:00:04.940,13.1515896267
1779235205.200000,2026/05/20-08:00:05.200,12.7926757812
1779235205.420000,2026/05/20-08:00:05.420,13.8617458767
1779235205.620000,2026/05/20-08:00:05.620,14.4047743056
1779235205.820000,2026/05/20-08:00:05.820,13.0425455729
1779235206.020000,2026/05/20-08:00:06.020,14.5806694878
1779235206.220000,2026/05/20-08:00:06.220,14.1899739583
1779235206.470000,2026/05/20-08:00:06.470,14.5779296875
1779235206.660000,2026/05/20-08:00:06.660,14.0584635417
1779235206.860000,2026/05/20-08:00:06.860,14.4299804687
1779235207.060000,2026/05/20-08:00:07.060,13.1417263455
1779235207.260000,2026/05/20-08:00:07.260,14.5866970486
1779235207.460000,2026/05/20-08:00:07.460,14.1291503906
1779235207.740000,2026/05/20-08:00:07.740,14.1784667969
1779235207.940000,2026/05/20-08:00:07.940,14.1286024306
1779235208.140000,2026/05/20-08:00:08.140,13.7718804253
1779235208.340000,2026/05/20-08:00:08.340,13.5461208767
1779235208.540000,2026/05/20-08:00:08.540,14.9757486979
1779235208.740000,2026/05/20-08:00:08.740,14.4332682292
1779235209.020000,2026/05/20-08:00:09.020,14.2551812066
1779235209.220000,2026/05/20-08:00:09.220,13.6551649306
1779235209.420000,2026/05/20-08:00:09.420,14.1236707899
1779235209.620000,2026/05/20-08:00:09.620,14.6327256944
1779235209.820000,2026/05/20-08:00:09.820,12.8419921875
1779235210.020000,2026/05/20-08:00:10.020,14.4305284288
1779235210.270000,2026/05/20-08:00:10.270,13.3198133681
1779235210.460000,2026/05/20-08:00:10.460,13.6206434462
1779235210.660000,2026/05/20-08:00:10.660,13.721468099
1779235210.860000,2026/05/20-08:00:10.860,15.0091742622
1779235211.060000,2026/05/20-08:00:11.060,14.9888997396
1779235211.260000,2026/05/20-08:00:11.260,14.1275065104
1779235211.530000,2026/05/20-08:00:11.530,14.628889974
1779235211.740000,2026/05/20-08:00:11.740,13.8781846788
1779235211.940000,2026/05/20-08:00:11.940,13.8370876736
1779235212.140000,2026/05/20-08:00:12.140,14.574093967
1779235212.340000,2026/05/20-08:00:12.340,14.3801161024
1779235212.540000,2026/05/20-08:00:12.540,15.4480902778
1779235212.800000,2026/05/20-08:00:12.800,13.6973578559
1779235213.020000,2026/05/20-08:00:13.020,14.2047688802
1779235213.220000,2026/05/20-08:00:13.220,13.5368055556
1779235213.420000,2026/05/20-08:00:13.420,14.5680664062
1779235213.620000,2026/05/20-08:00:13.620,14.5971082899
1779235213.820000,2026/05/20-08:00:13.820,13.7077690972
1779235214.100000,2026/05/20-08:00:14.100,14.4464192708
1779235214.300000,2026/05/20-08:00:14.300,13.8748969184
1779235214.500000,2026/05/20-08:00:14.500,14.4042263455
1779235214.700000,2026/05/20-08:00:14.700,15.5779568142
1779235214.900000,2026/05/20-08:00:14.900,13.8025661892
1779235215.120000,2026/05/20-08:00:15.120,13.2885796441
1779235215.380000,2026/05/20-08:00:15.380,14.28203125
1779235215.580000,2026/05/20-08:00:15.580,14.1176432292
1779235215.780000,2026/05/20-08:00:15.780,13.3411838108
1779235215.980000,2026/05/20-08:00:15.980,15.2952094184
1779235216.180000,2026/05/20-08:00:16.180,12.7170572917
1779235216.410000,2026/05/20-08:00:16.410,14.0195583767
1779235216.660000,2026/05/20-08:00:16.660,13.374609375
1779235216.860000,2026/05/20-08:00:16.860,13.0573404948
1779235217.060000,2026/05/20-08:00:17.060,14.5866970486
1779235217.260000,2026/05/20-08:00:17.260,13.5428331163
1779235217.460000,2026/05/20-08:00:17.460,13.6442057292
1779235217.720000,2026/05/20-08:00:17.720,13.7587293837
1779235217.940000,2026/05/20-08:00:17.940,12.6058213976
1779235218.140000,2026/05/20-08:00:18.140,13.6233832465
1779235218.340000,2026/05/20-08:00:18.340,15.2793185764
1779235218.540000,2026/05/20-08:00:18.540,13.6513292101
1779235218.740000,2026/05/20-08:00:18.740,13.8935275608
1779235219.000000,2026/05/20-08:00:19.000,13.2984429253
1779235219.220000,2026/05/20-08:00:19.220,14.0573676215
1779235219.420000,2026/05/20-08:00:19.420,14.5587510851
1779235219.620000,2026/05/20-08:00:19.620,13.7072211372
1779235219.820000,2026/05/20-08:00:19.820,15.3083604601
1779235220.020000,2026/05/20-08:00:20.020,13.2047417535
1779235220.300000,2026/05/20-08:00:20.300,13.8031141493
1779235220.500000,2026/05/20-08:00:20.500,12.0140245226
1779235220.700000,2026/05/20-08:00:20.700,13.8677734375
1779235220.900000,2026/05/20-08:00:20.900,12.9302137587
1779235221.100000,2026/05/20-08:00:21.100,11.607438151
1779235221.310000,2026/05/20-08:00:21.310,15.0069824219
1779235221.580000,2026/05/20-08:00:21.580,12.2189615885
1779235221.780000,2026/05/20-08:00:21.780,13.6168077257
1779235221.980000,2026/05/20-08:00:21.980,13.839827474
1779235222.180000,2026/05/20-08:00:22.180,14.5697102865
1779235222.380000,2026/05/20-08:00:22.380,13.856266276
1779235222.660000,2026/05/20-08:00:22.660,14.4546386719
1779235222.860000,2026/05/20-08:00:22.860,14.274359809
1779235223.060000,2026/05/20-08:00:23.060,13.8803765191
1779235223.260000,2026/05/20-08:00:23.260,14.0113389757
1779235223.460000,2026/05/20-08:00:23.460,13.9066786024
1779235223.660000,2026/05/20-08:00:23.660,14.1538085938
1779235223.920000,2026/05/20-08:00:23.920,14.9636935764
1779235224.140000,2026/05/20-08:00:24.140,13.1329589844
1779235224.340000,2026/05/20-08:00:24.340,14.6354654948
1779235224.540000,2026/05/20-08:00:24.540,13.5992730035
1779235224.740000,2026/05/20-08:00:24.740,14.3855957031
1779235224.940000,2026/05/20-08:00:24.940,14.5538194444
1779235225.190000,2026/05/20-08:00:25.190,15.3993218316
1779235225.380000,2026/05/20-08:00:25.380,13.5274902344
1779235225.580000,2026/05/20-08:00:25.580,13.1274793837
1779235225.780000,2026/05/20-08:00:25.780,14.8688964844
1779235225.980000,2026/05/20-08:00:25.980,13.7488661024
1779235226.180000,2026/05/20-08:00:26.180,13.1422743056
1779235226.440000,2026/05/20-08:00:26.440,13.6277669271
1779235226.660000,2026/05/20-08:00:26.660,13.4814615885
1779235226.860000,2026/05/20-08:00:26.860,13.1170681424
1779235227.060000,2026/05/20-08:00:27.060,13.5346137153
1779235227.260000,2026/05/20-08:00:27.260,14.6979329427
1779235227.460000,2026/05/20-08:00:27.460,14.9817762587
1779235227.700000,2026/05/20-08:00:27.700,13.5121473524
1779235227.900000,2026/05/20-08:00:27.900,13.0014485677
1779235228.100000,2026/05/20-08:00:28.100,12.656781684
1779235228.300000,2026/05/20-08:00:28.300,13.5822862413
1779235228.500000,2026/05/20-08:00:28.500,13.3641981337
1779235228.700000,2026/05/20-08:00:28.700,14.5160101997
1779235228.950000,2026/05/20-08:00:28.950,14.2239474826
1779235229.140000,2026/05/20-08:00:29.140,13.2255642361
1779235229.340000,2026/05/20-08:00:29.340,13.7324273003
1779235229.540000,2026/05/20-08:00:29.540,14.6332736545
1779235229.740000,2026/05/20-08:00:29.740,15.1708224826
1779235229.940000,2026/05/20-08:00:29.940,13.3263888889
1779235230.190000,2026/05/20-08:00:30.190,13.8228407118
1779235230.380000,2026/05/20-08:00:30.380,14.645328776
1779235230.580000,2026/05/20-08:00:30.580,14.4381998698
1779235230.780000,2026/05/20-08:00:30.780,13.9061306424
1779235230.980000,2026/05/20-08:00:30.980,13.5274902344
1779235231.180000,2026/05/20-08:00:31.180,13.982297092
1779235231.430000,2026/05/20-08:00:31.430,13.8672254774
1779235231.620000,2026/05/20-08:00:31.620,12.6523980035
1779235231.820000,2026/05/20-08:00:31.820,13.8069498698
1779235232.020000,2026/05/20-08:00:32.020,13.6606445312
1779235232.220000,2026/05/20-08:00:32.220,13.918733724
1779235232.420000,2026/05/20-08:00:32.420,13.1072048611
1779235232.670000,2026/05/20-08:00:32.670,13.5466688368
1779235232.860000,2026/05/20-08:00:32.860,14.3307996962
1779235233.060000,2026/05/20-08:00:33.060,13.5494086372
1779235233.260000,2026/05/20-08:00:33.260,13.9094184028
1779235233.460000,2026/05/20-08:00:33.460,14.6283420139
1779235233.660000,2026/05/20-08:00:33.660,14.8113606771
1779235233.920000,2026/05/20-08:00:33.920,13.6414659288
1779235234.140000,2026/05/20-08:00:34.140,14.108327908
1779235234.340000,2026/05/20-08:00:34.340,13.2748806424
1779235234.540000,2026/05/20-08:00:34.540,14.3855957031
1779235234.740000,2026/05/20-08:00:34.740,12.6704806858
1779235234.940000,2026/05/20-08:00:34.940,14.7845106337
1779235235.220000,2026/05/20-08:00:35.220,13.2140570747
1779235235.420000,2026/05/20-08:00:35.420,14.7795789931
1779235235.620000,2026/05/20-08:00:35.620,15.5932996962
1779235235.820000,2026/05/20-08:00:35.820,14.0853135851
1779235236.020000,2026/05/20-08:00:36.020,13.4578993056
1779235236.220000,2026/05/20-08:00:36.220,14.2102484809
1779235236.500000,2026/05/20-08:00:36.500,14.4820366753
1779235236.700000,2026/05/20-08:00:36.700,12.1378634983
1779235236.900000,2026/05/20-08:00:36.900,12.6502061632
1779235237.100000,2026/05/20-08:00:37.100,15.0223253038
1779235237.300000,2026/05/20-08:00:37.300,13.5806423611
1779235237.500000,2026/05/20-08:00:37.500,13.8864040799
1779235237.780000,2026/05/20-08:00:37.780,14.7954698351
1779235237.980000,2026/05/20-08:00:37.980,12.1449869792
1779235238.180000,2026/05/20-08:00:38.180,15.6683702257
1779235238.380000,2026/05/20-08:00:38.380,14.6754665799
1779235238.580000,2026/05/20-08:00:38.580,14.6634114583
1779235238.790000,2026/05/20-08:00:38.790,13.3866644965
1779235239.060000,2026/05/20-08:00:39.060,16.4563368056
1779235239.260000,2026/05/20-08:00:39.260,14.3225802951
1779235239.460000,2026/05/20-08:00:39.460,14.5779296875
1779235239.660000,2026/05/20-08:00:39.660,15.418500434
1779235239.860000,2026/05/20-08:00:39.860,13.7411946615
1779235240.140000,2026/05/20-08:00:40.140,15.0168457031
1779235240.340000,2026/05/20-08:00:40.340,14.8683485243
1779235240.540000,2026/05/20-08:00:40.540,15.3878146701
1779235240.740000,2026/05/20-08:00:40.740,13.4096788194
1779235240.940000,2026/05/20-08:00:40.940,14.9872558594
1779235241.140000,2026/05/20-08:00:41.140,13.5307779948
1779235241.400000,2026/05/20-08:00:41.400,14.400390625
1779235241.620000,2026/05/20-08:00:41.620,13.7811957465
1779235241.820000,2026/05/20-08:00:41.820,12.9422688802
1779235242.020000,2026/05/20-08:00:42.020,13.1083007812
1779235242.220000,2026/05/20-08:00:42.220,14.8699924045
1779235242.420000,2026/05/20-08:00:42.420,13.3181694878
1779235242.670000,2026/05/20-08:00:42.670,13.501188151
1779235242.860000,2026/05/20-08:00:42.860,14.3538140191
1779235243.060000,2026/05/20-08:00:43.060,13.8118815104
1779235243.260000,2026/05/20-08:00:43.260,14.3938151042
1779235243.460000,2026/05/20-08:00:43.460,13.169124349
1779235243.660000,2026/05/20-08:00:43.660,13.5570800781
1779235243.880000,2026/05/20-08:00:43.880,13.5132432726
1779235244.100000,2026/05/20-08:00:44.100,14.9768446181
1779235244.300000,2026/05/20-08:00:44.300,14.3423068576
1779235244.500000,2026/05/20-08:00:44.500,13.2069335938
1779235244.700000,2026/05/20-08:00:44.700,14.0453125
1779235244.900000,2026/05/20-08:00:44.900,14.4584743924
1779235245.120000,2026/05/20-08:00:45.120,13.8672254774
1779235245.340000,2026/05/20-08:00:45.340,13.7110568576
1779235245.540000,2026/05/20-08:00:45.540,13.4047471788
1779235245.740000,2026/05/20-08:00:45.740,14.2721679688
1779235245.940000,2026/05/20-08:00:45.940,12.9778862847
1779235246.140000,2026/05/20-08:00:46.140,13.2222764757
1779235246.350000,2026/05/20-08:00:46.350,13.5581759983
1779235246.620000,2026/05/20-08:00:46.620,14.6305338542
1779235246.820000,2026/05/20-08:00:46.820,13.9773654514
1779235247.020000,2026/05/20-08:00:47.020,14.0584635417
1779235247.220000,2026/05/20-08:00:47.220,14.0118869358
1779235247.420000,2026/05/20-08:00:47.420,15.0086263021
1779235247.670000,2026/05/20-08:00:47.670,14.9965711806
1779235247.900000,2026/05/20-08:00:47.900,13.6940700955
1779235248.100000,2026/05/20-08:00:48.100,13.8129774306
1779235248.300000,2026/05/20-08:00:48.300,13.6343424479
1779235248.500000,2026/05/20-08:00:48.500,14.7467013889
1779235248.700000,2026/05/20-08:00:48.700,13.9516113281
1779235248.980000,2026/05/20-08:00:48.980,13.7932508681
1779235249.180000,2026/05/20-08:00:49.180,13.6962619358
1779235249.380000,2026/05/20-08:00:49.380,15.4020616319
1779235249.580000,2026/05/20-08:00:49.580,13.65078125
1779235249.780000,2026/05/20-08:00:49.780,13.4726942274
1779235250.000000,2026/05/20-08:00:50.000,14.0113389757
1779235250.260000,2026/05/20-08:00:50.260,13.7932508681
1779235250.460000,2026/05/20-08:00:50.460,14.3061414931
1779235250.660000,2026/05/20-08:00:50.660,13.7784559462
1779235250.860000,2026/05/20-08:00:50.860,14.6272460937
1779235251.060000,2026/05/20-08:00:51.060,14.7280707465
1779235251.290000,2026/05/20-08:00:51.290,13.9077745226
1779235251.540000,2026/05/20-08:00:51.540,13.043093533
1779235251.740000,2026/05/20-08:00:51.740,14.1214789497
1779235251.940000,2026/05/20-08:00:51.940,14.8305392795
1779235252.140000,2026/05/20-08:00:52.140,13.5148871528
1779235252.340000,2026/05/20-08:00:52.340,14.550531684
1779235252.620000,2026/05/20-08:00:52.620,14.8036892361
1779235252.820000,2026/05/20-08:00:52.820,14.2672363281
1779235253.020000,2026/05/20-08:00:53.020,14.3160047743
1779235253.220000,2026/05/20-08:00:53.220,14.2097005208
1779235253.420000,2026/05/20-08:00:53.420,13.4277615017
1779235253.620000,2026/05/20-08:00:53.620,14.4343641493
1779235253.870000,2026/05/20-08:00:53.870,14.1675075955
1779235254.060000,2026/05/20-08:00:54.060,10.8254991319
1779235254.260000,2026/05/20-08:00:54.260,14.3883355035
1779235254.460000,2026/05/20-08:00:54.460,13.4233778212
1779235254.660000,2026/05/20-08:00:54.660,13.7735243056
1779235254.860000,2026/05/20-08:00:54.860,15.0130099826
1779235255.110000,2026/05/20-08:00:55.110,14.329155816
1779235255.300000,2026/05/20-08:00:55.300,13.4124186198
1779235255.500000,2026/05/20-08:00:55.500,15.062874349
1779235255.700000,2026/05/20-08:00:55.700,13.1422743056
1779235255.900000,2026/05/20-08:00:55.900,13.8666775174
1779235256.100000,2026/05/20-08:00:56.100,13.8590060764
1779235256.360000,2026/05/20-08:00:56.360,14.5236816406
1779235256.580000,2026/05/20-08:00:56.580,14.4310763889
1779235256.780000,2026/05/20-08:00:56.780,14.0431206597
1779235256.980000,2026/05/20-08:00:56.980,13.9236653646
1779235257.180000,2026/05/20-08:00:57.180,13.5537923177
1779235257.380000,2026/05/20-08:00:57.380,13.8727050781
1779235257.630000,2026/05/20-08:00:57.630,14.4299804687
1779235257.820000,2026/05/20-08:00:57.820,13.6874945747
1779235258.020000,2026/05/20-08:00:58.020,13.7888671875
1779235258.220000,2026/05/20-08:00:58.220,13.6831108941
1779235258.420000,2026/05/20-08:00:58.420,14.250249566
1779235258.620000,2026/05/20-08:00:58.620,13.1833713108
1779235258.900000,2026/05/20-08:00:58.900,14.6677951389
1779235259.100000,2026/05/20-08:00:59.100,14.2102484809
1779235259.300000,2026/05/20-08:00:59.300,14.0453125
1779235259.500000,2026/05/20-08:00:59.500,14.8749240451
1779235259.700000,2026/05/20-08:00:59.700,13.4913248698
1779235259.910000,2026/05/20-08:00:59.910,14.6151909722
1779235260.180000,2026/05/20-08:01:00.180,13.1756998698
1779235260.380000,2026/05/20-08:01:00.380,15.2261664497
1779235260.580000,2026/05/20-08:01:00.580,13.5746148003
1779235260.780000,2026/05/20-08:01:00.780,12.9006239149
1779235260.980000,2026/05/20-08:01:00.980,14.0338053385
1779235261.220000,2026/05/20-08:01:01.220,14.4486111111
1779235261.460000,2026/05/20-08:01:01.460,12.8984320747
1779235261.660000,2026/05/20-08:01:01.660,14.1828504774
1779235261.860000,2026/05/20-08:01:01.860,15.3680881076
1779235262.060000,2026/05/20-08:01:02.060,13.1915907118
1779235262.260000,2026/05/20-08:01:02.260,14.8442382812
1779235262.480000,2026/05/20-08:01:02.480,14.0475043403
1779235262.740000,2026/05/20-08:01:02.740,14.7253309462
1779235262.940000,2026/05/20-08:01:02.940,13.5729709201
1779235263.140000,2026/05/20-08:01:03.140,14.3702528212
1779235263.340000,2026/05/20-08:01:03.340,12.2573187934
1779235263.540000,2026/05/20-08:01:03.540,14.3708007812
1779235263.790000,2026/05/20-08:01:03.790,13.1165201823
1779235264.020000,2026/05/20-08:01:04.020,14.574093967
1779235264.220000,2026/05/20-08:01:04.220,13.1126844618
1779235264.420000,2026/05/20-08:01:04.420,13.9680501302
1779235264.620000,2026/05/20-08:01:04.620,13.7647569444
1779235264.820000,2026/05/20-08:01:04.820,13.8776367187
1779235265.080000,2026/05/20-08:01:05.080,14.2694281684
1779235265.300000,2026/05/20-08:01:05.300,14.4891601562
1779235265.500000,2026/05/20-08:01:05.500,13.8135253906
1779235265.700000,2026/05/20-08:01:05.700,13.8661295573
1779235265.900000,2026/05/20-08:01:05.900,14.7834147135
1779235266.100000,2026/05/20-08:01:06.100,13.8474989149
1779235266.350000,2026/05/20-08:01:06.350,14.8754720052
1779235266.580000,2026/05/20-08:01:06.580,13.7439344618
1779235266.780000,2026/05/20-08:01:06.780,13.7231119792
1779235266.980000,2026/05/20-08:01:06.980,14.1143554687
1779235267.180000,2026/05/20-08:01:07.180,13.1307671441
1779235267.380000,2026/05/20-08:01:07.380,13.8727050781
1779235267.630000,2026/05/20-08:01:07.630,14.2310709635
1779235267.820000,2026/05/20-08:01:07.820,14.7275227865
1779235268.020000,2026/05/20-08:01:08.020,13.7170844184
1779235268.220000,2026/05/20-08:01:08.220,14.7582085503
1779235268.420000,2026/05/20-08:01:08.420,14.0902452257
1779235268.620000,2026/05/20-08:01:08.620,13.7011935764
1779235268.880000,2026/05/20-08:01:08.880,15.3401421441
1779235269.100000,2026/05/20-08:01:09.100,14.0305175781
1779235269.300000,2026/05/20-08:01:09.300,14.692453342
1779235269.500000,2026/05/20-08:01:09.500,14.3006618924
1779235269.700000,2026/05/20-08:01:09.700,13.6168077257
1779235269.900000,2026/05/20-08:01:09.900,13.3598144531
1779235270.160000,2026/05/20-08:01:10.160,-13.2557020399
1779235270.380000,2026/05/20-08:01:10.380,13.7647569444
1779235270.580000,2026/05/20-08:01:10.580,14.115999349
1779235270.780000,2026/05/20-08:01:10.780,14.6025878906
1779235270.980000,2026/05/20-08:01:10.980,14.1565483941
1779235271.180000,2026/05/20-08:01:11.180,14.1214789497
1779235271.440000,2026/05/20-08:01:11.440,14.3072374132
1779235271.660000,2026/05/20-08:01:11.660,14.6036838108
1779235271.860000,2026/05/20-08:01:11.860,14.6732747396
1779235272.060000,2026/05/20-08:01:12.060,14.6782063802
1779235272.260000,2026/05/20-08:01:12.260,14.1806586372
1779235272.460000,2026/05/20-08:01:12.460,14.4151855469
1779235272.740000,2026/05/20-08:01:12.740,13.6403700087
1779235272.940000,2026/05/20-08:01:12.940,13.2726888021
1779235273.140000,2026/05/20-08:01:13.140,14.8573893229
1779235273.340000,2026/05/20-08:01:13.340,12.9778862847
1779235273.540000,2026/05/20-08:01:13.540,14.4403917101
1779235273.750000,2026/05/20-08:01:13.750,14.3466905382
1779235274.020000,2026/05/20-08:01:14.020,14.2206597222
1779235274.220000,2026/05/20-08:01:14.220,14.3434027778
1779235274.420000,2026/05/20-08:01:14.420,14.1866861979
1779235274.620000,2026/05/20-08:01:14.620,14.013530816
1779235274.820000,2026/05/20-08:01:14.820,14.7899902344
1779235275.040000,2026/05/20-08:01:15.040,13.8140733507
1779235275.300000,2026/05/20-08:01:15.300,14.9850640191
1779235275.500000,2026/05/20-08:01:15.500,14.1521647135
1779235275.700000,2026/05/20-08:01:15.700,13.2354275174
1779235275.900000,2026/05/20-08:01:15.900,12.8080186632
1779235276.100000,2026/05/20-08:01:16.100,14.2332628038
1779235276.350000,2026/05/20-08:01:16.350,14.1960015191
1779235276.580000,2026/05/20-08:01:16.580,14.0020236545
1779235276.780000,2026/05/20-08:01:16.780,14.5642306858
1779235276.980000,2026/05/20-08:01:16.980,14.1253146701
1779235277.180000,2026/05/20-08:01:17.180,14.2195638021
1779235277.380000,2026/05/20-08:01:17.380,14.147781033
1779235277.630000,2026/05/20-08:01:17.630,13.5696831597
1779235277.820000,2026/05/20-08:01:17.820,13.2578938802
1779235278.020000,2026/05/20-08:01:18.020,13.4069390191
1779235278.220000,2026/05/20-08:01:18.220,14.4047743056
1779235278.420000,2026/05/20-08:01:18.420,13.0458333333
1779235278.620000,2026/05/20-08:01:18.620,13.5280381944
1779235278.910000,2026/05/20-08:01:18.910,13.7258517795
1779235279.100000,2026/05/20-08:01:19.100,14.621218533
1779235279.300000,2026/05/20-08:01:19.300,13.3455674913
1779235279.500000,2026/05/20-08:01:19.500,12.5948621962
1779235279.700000,2026/05/20-08:01:19.700,13.5526963976
1779235279.900000,2026/05/20-08:01:19.900,14.2595648872
1779235280.150000,2026/05/20-08:01:20.150,14.5883409288
1779235280.340000,2026/05/20-08:01:20.340,13.6168077257
1779235280.540000,2026/05/20-08:01:20.540,14.5061469184
1779235280.740000,2026/05/20-08:01:20.740,14.0727105035
1779235280.940000,2026/05/20-08:01:20.940,14.2557291667
1779235281.140000,2026/05/20-08:01:21.140,14.1938096788
1779235281.400000,2026/05/20-08:01:21.400,14.8979383681
1779235281.620000,2026/05/20-08:01:21.620,13.6946180556
1779235281.820000,2026/05/20-08:01:21.820,14.6557400174
1779235282.020000,2026/05/20-08:01:22.020,13.8677734375
1779235282.220000,2026/05/20-08:01:22.220,13.8129774306
1779235282.420000,2026/05/20-08:01:22.420,15.1850694444
1779235282.700000,2026/05/20-08:01:22.700,13.4710503472
1779235282.900000,2026/05/20-08:01:22.900,13.5499565972
1779235283.100000,2026/05/20-08:01:23.100,14.1105197483
1779235283.300000,2026/05/20-08:01:23.300,15.3379503038
1779235283.500000,2026/05/20-08:01:23.500,14.0666829427
1779235283.720000,2026/05/20-08:01:23.720,14.1044921875
1779235283.980000,2026/05/20-08:01:23.980,13.0332302517
1779235284.180000,2026/05/20-08:01:24.180,14.1587402344
1779235284.380000,2026/05/20-08:01:24.380,13.7811957465
1779235284.580000,2026/05/20-08:01:24.580,12.4677354601
1779235284.780000,2026/05/20-08:01:24.780,13.5274902344
1779235285.040000,2026/05/20-08:01:25.040,13.7861273872
1779235285.260000,2026/05/20-08:01:25.260,14.8212239583
1779235285.460000,2026/05/20-08:01:25.460,13.2206325955
1779235285.660000,2026/05/20-08:01:25.660,15.0826009115
1779235285.860000,2026/05/20-08:01:25.860,14.6968370226
1779235286.060000,2026/05/20-08:01:26.060,15.1664388021
1779235286.320000,2026/05/20-08:01:26.320,14.1620279948
1779235286.500000,2026/05/20-08:01:26.500,13.1367947049
1779235286.700000,2026/05/20-08:01:26.700,13.1406304253
1779235286.900000,2026/05/20-08:01:26.900,14.4343641493
1779235287.100000,2026/05/20-08:01:27.100,13.6283148872
1779235287.300000,2026/05/20-08:01:27.300,11.7789496528
1779235287.550000,2026/05/20-08:01:27.550,13.9992838542
1779235287.780000,2026/05/20-08:01:27.780,13.4272135417
1779235287.980000,2026/05/20-08:01:27.980,14.2606608073
1779235288.180000,2026/05/20-08:01:28.180,14.1105197483
1779235288.380000,2026/05/20-08:01:28.380,14.1499728733
1779235288.580000,2026/05/20-08:01:28.580,14.0792860243
1779235288.830000,2026/05/20-08:01:28.830,14.8338270399
1779235289.020000,2026/05/20-08:01:29.020,14.5280653212
1779235289.220000,2026/05/20-08:01:29.220,15.4141167535
1779235289.420000,2026/05/20-08:01:29.420,13.8151692708
1779235289.620000,2026/05/20-08:01:29.620,12.696234809
1779235289.820000,2026/05/20-08:01:29.820,14.7987575955
1779235290.070000,2026/05/20-08:01:30.070,13.2157009549
1779235290.260000,2026/05/20-08:01:30.260,14.4699815538
1779235290.460000,2026/05/20-08:01:30.460,14.8590332031
1779235290.660000,2026/05/20-08:01:30.660,13.9138020833
1779235290.860000,2026/05/20-08:01:30.860,14.7719075521
1779235291.060000,2026/05/20-08:01:31.060,15.126437717
1779235291.340000,2026/05/20-08:01:31.340,14.4014865451
1779235291.540000,2026/05/20-08:01:31.540,14.1061360677
1779235291.740000,2026/05/20-08:01:31.740,13.4288574219
1779235291.940000,2026/05/20-08:01:31.940,15.1686306424
1779235292.140000,2026/05/20-08:01:32.140,13.4085828993
1779235292.350000,2026/05/20-08:01:32.350,14.3729926215
1779235292.620000,2026/05/20-08:01:32.620,12.932405599
1779235292.820000,2026/05/20-08:01:32.820,13.540641276
1779235293.020000,2026/05/20-08:01:33.020,13.6946180556
1779235293.220000,2026/05/20-08:01:33.220,13.1115885417
1779235293.420000,2026/05/20-08:01:33.420,14.6250542535
1779235293.640000,2026/05/20-08:01:33.640,14.0332573785
1779235293.900000,2026/05/20-08:01:33.900,13.7954427083
1779235294.100000,2026/05/20-08:01:34.100,14.1910698785
1779235294.300000,2026/05/20-08:01:34.300,13.5587239583
1779235294.500000,2026/05/20-08:01:34.500,13.5220106337
1779235294.700000,2026/05/20-08:01:34.700,12.9806260851
1779235294.910000,2026/05/20-08:01:34.910,13.848046875
1779235295.180000,2026/05/20-08:01:35.180,13.6014648438
1779235295.380000,2026/05/20-08:01:35.380,14.5198459201
1779235295.580000,2026/05/20-08:01:35.580,14.1675075955
1779235295.780000,2026/05/20-08:01:35.780,14.8935546875
1779235295.980000,2026/05/20-08:01:35.980,14.4371039497
1779235296.240000,2026/05/20-08:01:36.240,13.2124131944
1779235296.460000,2026/05/20-08:01:36.460,14.1439453125
1779235296.660000,2026/05/20-08:01:36.660,14.526421441
1779235296.860000,2026/05/20-08:01:36.860,13.003640408
1779235297.060000,2026/05/20-08:01:37.060,13.6173556858
1779235297.260000,2026/05/20-08:01:37.260,14.6968370226
1779235297.520000,2026/05/20-08:01:37.520,15.0321885851
1779235297.740000,2026/05/20-08:01:37.740,14.1291503906
1779235297.940000,2026/05/20-08:01:37.940,14.6431369358
1779235298.140000,2026/05/20-08:01:38.140,14.747249349
1779235298.340000,2026/05/20-08:01:38.340,13.4485839844
1779235298.540000,2026/05/20-08:01:38.540,14.3455946181
1779235298.790000,2026/05/20-08:01:38.790,14.1839463976
1779235299.020000,2026/05/20-08:01:39.020,14.6677951389
1779235299.220000,2026/05/20-08:01:39.220,14.3938151042
1779235299.420000,2026/05/20-08:01:39.420,13.4765299479
1779235299.620000,2026/05/20-08:01:39.620,14.5368326823
1779235299.820000,2026/05/20-08:01:39.820,14.7543728299
1779235300.090000,2026/05/20-08:01:40.090,13.1017252604
1779235300.300000,2026/05/20-08:01:40.300,13.5083116319
1779235300.500000,2026/05/20-08:01:40.500,13.879828559
1779235300.700000,2026/05/20-08:01:40.700,15.6059027778
1779235300.900000,2026/05/20-08:01:40.900,12.7806206597
1779235301.100000,2026/05/20-08:01:41.100,15.1543836806
1779235301.380000,2026/05/20-08:01:41.380,15.3565809462
1779235301.580000,2026/05/20-08:01:41.580,14.684781901
1779235301.780000,2026/05/20-08:01:41.780,13.2595377604
1779235301.980000,2026/05/20-08:01:41.980,14.2535373264
1779235302.180000,2026/05/20-08:01:42.180,14.3428548177
1779235302.380000,2026/05/20-08:01:42.380,14.7943739149
1779235302.660000,2026/05/20-08:01:42.660,12.7691134983
1779235302.860000,2026/05/20-08:01:42.860,14.5160101997
1779235303.060000,2026/05/20-08:01:43.060,13.2200846354
1779235303.260000,2026/05/20-08:01:43.260,14.1088758681
1779235303.460000,2026/05/20-08:01:43.460,14.2518934462
1779235303.660000,2026/05/20-08:01:43.660,14.2239474826
1779235303.940000,2026/05/20-08:01:43.940,13.9998318142
1779235304.140000,2026/05/20-08:01:44.140,12.8124023437
1779235304.340000,2026/05/20-08:01:44.340,13.8721571181
1779235304.540000,2026/05/20-08:01:44.540,13.8211968316
1779235304.740000,2026/05/20-08:01:44.740,13.1740559896
1779235304.950000,2026/05/20-08:01:44.950,15.2727430556
1779235305.220000,2026/05/20-08:01:45.220,14.6009440104
1779235305.420000,2026/05/20-08:01:45.420,14.6782063802
1779235305.620000,2026/05/20-08:01:45.620,13.0063802083
1779235305.820000,2026/05/20-08:01:45.820,14.3116210937
1779235306.020000,2026/05/20-08:01:46.020,12.4869140625
1779235306.240000,2026/05/20-08:01:46.240,13.7954427083
1779235306.500000,2026/05/20-08:01:46.500,13.3148817274
1779235306.700000,2026/05/20-08:01:46.700,13.1800835503
1779235306.900000,2026/05/20-08:01:46.900,13.6299587674
1779235307.100000,2026/05/20-08:01:47.100,14.100656467
1779235307.300000,2026/05/20-08:01:47.300,15.1236979167
1779235307.560000,2026/05/20-08:01:47.560,14.2272352431
1779235307.780000,2026/05/20-08:01:47.780,13.6294108073
1779235307.980000,2026/05/20-08:01:47.980,14.3960069444
1779235308.180000,2026/05/20-08:01:48.180,13.6370822483
1779235308.380000,2026/05/20-08:01:48.380,14.8310872396
1779235308.580000,2026/05/20-08:01:48.580,14.6902615017
1779235308.810000,2026/05/20-08:01:48.810,15.0245171441
1779235309.020000,2026/05/20-08:01:49.020,14.3154568142
1779235309.220000,2026/05/20-08:01:49.220,14.7456054687
1779235309.420000,2026/05/20-08:01:49.420,14.6393012153
1779235309.620000,2026/05/20-08:01:49.620,14.4803927951
1779235309.820000,2026/05/20-08:01:49.820,13.0984375
1779235310.050000,2026/05/20-08:01:50.050,13.8201009115
1779235310.300000,2026/05/20-08:01:50.300,13.6179036458
1779235310.500000,2026/05/20-08:01:50.500,14.5236816406
1779235310.700000,2026/05/20-08:01:50.700,12.695686849
1779235310.900000,2026/05/20-08:01:50.900,13.9866807726
1779235311.100000,2026/05/20-08:01:51.100,14.1817545573
1779235311.360000,2026/05/20-08:01:51.360,13.4480360243
1779235311.580000,2026/05/20-08:01:51.580,12.8403483073
1779235311.780000,2026/05/20-08:01:51.780,15.1494520399
1779235311.980000,2026/05/20-08:01:51.980,12.6195203993
1779235312.180000,2026/05/20-08:01:52.180,13.0239149306
1779235312.380000,2026/05/20-08:01:52.380,13.5740668403
1779235312.640000,2026/05/20-08:01:52.640,12.7093858507
1779235312.860000,2026/05/20-08:01:52.860,13.1093967014
1779235313.060000,2026/05/20-08:01:53.060,13.6502332899
1779235313.260000,2026/05/20-08:01:53.260,13.2737847222
1779235313.460000,2026/05/20-08:01:53.460,14.4913519965
1779235313.660000,2026/05/20-08:01:53.660,13.4891330295
1779235313.940000,2026/05/20-08:01:53.940,14.1938096788
1779235314.140000,2026/05/20-08:01:54.140,13.6874945747
1779235314.340000,2026/05/20-08:01:54.340,14.6776584201
1779235314.540000,2026/05/20-08:01:54.540,14.5291612413
1779235314.740000,2026/05/20-08:01:54.740,14.1302463108
1779235314.950000,2026/05/20-08:01:54.950,14.3346354167
1779235315.220000,2026/05/20-08:01:55.220,13.6611924913
1779235315.420000,2026/05/20-08:01:55.420,14.0842176649
1779235315.620000,2026/05/20-08:01:55.620,12.656233724
1779235315.820000,2026/05/20-08:01:55.820,14.313812934
1779235316.020000,2026/05/20-08:01:56.020,13.3976236979
1779235316.240000,2026/05/20-08:01:56.240,13.1022732205
1779235316.500000,2026/05/20-08:01:56.500,13.9335286458
1779235316.700000,2026/05/20-08:01:56.700,13.6869466146
1779235316.900000,2026/05/20-08:01:56.900,14.3899793837
1779235317.100000,2026/05/20-08:01:57.100,14.7028645833
1779235317.300000,2026/05/20-08:01:57.300,13.8770887587
1779235317.530000,2026/05/20-08:01:57.530,14.4628580729
1779235317.780000,2026/05/20-08:01:57.780,13.792702908
1779235317.980000,2026/05/20-08:01:57.980,14.3620334201
1779235318.180000,2026/05/20-08:01:58.180,15.3932942708
1779235318.380000,2026/05/20-08:01:58.380,14.8256076389
1779235318.580000,2026/05/20-08:01:58.580,14.7784830729
1779235318.850000,2026/05/20-08:01:58.850,13.6951660156
1779235319.060000,2026/05/20-08:01:59.060,13.8431152344
1779235319.260000,2026/05/20-08:01:59.260,12.9669270833
1779235319.460000,2026/05/20-08:01:59.460,12.9888454861
1779235319.660000,2026/05/20-08:01:59.660,13.0809027778
1779235319.860000,2026/05/20-08:01:59.860,13.0200792101
1779235320.110000,2026/05/20-08:02:00.110,14.9149251302
1779235320.340000,2026/05/20-08:02:00.340,13.722016059
1779235320.540000,2026/05/20-08:02:00.540,15.6760416667
1779235320.740000,2026/05/20-08:02:00.740,13.8447591146
1779235320.940000,2026/05/20-08:02:00.940,14.5209418403
1779235321.140000,2026/05/20-08:02:01.140,14.2321668837
1779235321.400000,2026/05/20-08:02:01.400,13.3636501736
1779235321.620000,2026/05/20-08:02:01.620,14.6168348524
1779235321.820000,2026/05/20-08:02:01.820,13.5806423611
1779235322.020000,2026/05/20-08:02:02.020,14.2080566406
1779235322.220000,2026/05/20-08:02:02.220,14.842594401
1779235322.420000,2026/05/20-08:02:02.420,14.4409396701
1779235322.670000,2026/05/20-08:02:02.670,13.8496907552
1779235322.860000,2026/05/20-08:02:02.860,13.4206380208
1779235323.060000,2026/05/20-08:02:03.060,13.3472113715
1779235323.260000,2026/05/20-08:02:03.260,14.1066840278
1779235323.460000,2026/05/20-08:02:03.460,14.6003960503
1779235323.660000,2026/05/20-08:02:03.660,12.9773383247
1779235323.940000,2026/05/20-08:02:03.940,14.5483398438
1779235324.140000,2026/05/20-08:02:04.140,13.4677625868
1779235324.340000,2026/05/20-08:02:04.340,12.3822536892
1779235324.540000,2026/05/20-08:02:04.540,14.6727267795
1779235324.740000,2026/05/20-08:02:04.740,14.0776421441
1779235324.950000,2026/05/20-08:02:04.950,15.5949435764
1779235325.220000,2026/05/20-08:02:05.220,13.8173611111
1779235325.420000,2026/05/20-08:02:05.420,14.7165635851
1779235325.620000,2026/05/20-08:02:05.620,15.836593967
1779235325.820000,2026/05/20-08:02:05.820,13.2233723958
1779235326.020000,2026/05/20-08:02:06.020,13.0819986979
1779235326.250000,2026/05/20-08:02:06.250,13.6513292101
1779235326.500000,2026/05/20-08:02:06.500,13.4025553385
1779235326.700000,2026/05/20-08:02:06.700,13.8694173177
1779235326.900000,2026/05/20-08:02:06.900,13.7735243056
1779235327.100000,2026/05/20-08:02:07.100,14.0886013455
1779235327.300000,2026/05/20-08:02:07.300,13.3915961372
1779235327.560000,2026/05/20-08:02:07.560,14.6338216146
1779235327.780000,2026/05/20-08:02:07.780,13.6600965712
1779235327.980000,2026/05/20-08:02:07.980,14.4842285156
1779235328.180000,2026/05/20-08:02:08.180,15.1253417969
1779235328.380000,2026/05/20-08:02:08.380,14.534640842
1779235328.580000,2026/05/20-08:02:08.580,14.1406575521
1779235328.830000,2026/05/20-08:02:08.830,13.9817491319
1779235329.020000,2026/05/20-08:02:09.020,13.5170789931
1779235329.220000,2026/05/20-08:02:09.220,15.3231553819
1779235329.420000,2026/05/20-08:02:09.420,14.1866861979
1779235329.620000,2026/05/20-08:02:09.620,13.524750434
1779235329.820000,2026/05/20-08:02:09.820,13.5044759115
1779235330.100000,2026/05/20-08:02:10.100,13.958186849
1779235330.300000,2026/05/20-08:02:10.300,15.0064344618
1779235330.500000,2026/05/20-08:02:10.500,13.358718533
1779235330.700000,2026/05/20-08:02:10.700,15.0053385417
1779235330.900000,2026/05/20-08:02:10.900,13.0880262587
1779235331.100000,2026/05/20-08:02:11.100,13.6946180556
1779235331.420000,2026/05/20-08:02:11.420,13.8157172309
1779235331.620000,2026/05/20-08:02:11.620,14.6946451823
1779235331.820000,2026/05/20-08:02:11.820,14.4425835503
1779235332.020000,2026/05/20-08:02:12.020,13.9598307292
1779235332.220000,2026/05/20-08:02:12.220,13.0984375
1779235332.450000,2026/05/20-08:02:12.450,14.6519042969
1779235332.700000,2026/05/20-08:02:12.700,15.299593099
1779235332.900000,2026/05/20-08:02:12.900,13.3592664931
1779235333.100000,2026/05/20-08:02:13.100,15.3445258247
1779235333.300000,2026/05/20-08:02:13.300,13.0365180122
1779235333.500000,2026/05/20-08:02:13.500,14.0266818576
1779235333.710000,2026/05/20-08:02:13.710,14.6113552517
1779235333.940000,2026/05/20-08:02:13.940,14.3664171007
1779235334.140000,2026/05/20-08:02:14.140,14.0042154948
1779235334.340000,2026/05/20-08:02:14.340,13.9247612847
1779235334.540000,2026/05/20-08:02:14.540,14.3280598958
1779235334.740000,2026/05/20-08:02:14.740,13.682562934
1779235334.980000,2026/05/20-08:02:14.980,15.1664388021
1779235335.220000,2026/05/20-08:02:15.220,14.179562717
1779235335.420000,2026/05/20-08:02:15.420,14.4897081163
1779235335.620000,2026/05/20-08:02:15.620,14.4836805556
1779235335.820000,2026/05/20-08:02:15.820,12.8956922743
1779235336.020000,2026/05/20-08:02:16.020,14.0222981771
1779235336.240000,2026/05/20-08:02:16.240,14.502859158
1779235336.500000,2026/05/20-08:02:16.500,15.7527560764
1779235336.700000,2026/05/20-08:02:16.700,14.5083387587
1779235336.900000,2026/05/20-08:02:16.900,14.3318956163
1779235337.100000,2026/05/20-08:02:17.100,13.7406467014
1779235337.300000,2026/05/20-08:02:17.300,14.6869737413
1779235337.550000,2026/05/20-08:02:17.550,14.5280653212
1779235337.740000,2026/05/20-08:02:17.740,14.3198404948
1779235337.940000,2026/05/20-08:02:17.940,13.7143446181
1779235338.140000,2026/05/20-08:02:18.140,13.7948947483
1779235338.340000,2026/05/20-08:02:18.340,14.2634006076
1779235338.540000,2026/05/20-08:02:18.540,13.7335232205
1779235338.800000,2026/05/20-08:02:18.800,14.6414930556
1779235339.020000,2026/05/20-08:02:19.020,13.6442057292
1779235339.220000,2026/05/20-08:02:19.220,14.7625922309
1779235339.420000,2026/05/20-08:02:19.420,14.9176649306
1779235339.620000,2026/05/20-08:02:19.620,13.5433810764
1779235339.820000,2026/05/20-08:02:19.820,14.2003851997
1779235340.100000,2026/05/20-08:02:20.100,14.0233940972
1779235340.300000,2026/05/20-08:02:20.300,14.021750217
1779235340.500000,2026/05/20-08:02:20.500,12.8277452257
1779235340.700000,2026/05/20-08:02:20.700,13.2628255208
1779235340.900000,2026/05/20-08:02:20.900,13.2869357639
1779235341.130000,2026/05/20-08:02:21.130,13.2069335937
1779235341.380000,2026/05/20-08:02:21.380,13.6343424479
1779235341.580000,2026/05/20-08:02:21.580,13.7417426215
1779235341.780000,2026/05/20-08:02:21.780,14.1527126736
1779235341.980000,2026/05/20-08:02:21.980,13.3252929687
1779235342.180000,2026/05/20-08:02:22.180,14.0902452257
1779235342.390000,2026/05/20-08:02:22.390,14.3494303385
1779235342.660000,2026/05/20-08:02:22.660,13.2765245226
1779235342.860000,2026/05/20-08:02:22.860,14.4157335069
1779235343.060000,2026/05/20-08:02:23.060,14.3077853733
1779235343.260000,2026/05/20-08:02:23.260,15.4552137587
1779235343.460000,2026/05/20-08:02:23.460,14.5883409288
1779235343.720000,2026/05/20-08:02:23.720,14.7686197917
1779235343.940000,2026/05/20-08:02:23.940,14.4568305122
1779235344.140000,2026/05/20-08:02:24.140,13.4951605903
1779235344.340000,2026/05/20-08:02:24.340,12.7165093316
1779235344.540000,2026/05/20-08:02:24.540,13.5417371962
1779235344.740000,2026/05/20-08:02:24.740,13.6622884115
1779235345.010000,2026/05/20-08:02:25.010,14.3275119358
1779235345.220000,2026/05/20-08:02:25.220,14.2431260851
1779235345.420000,2026/05/20-08:02:25.420,13.1554253472
1779235345.620000,2026/05/20-08:02:25.620,13.2376193576
1779235345.820000,2026/05/20-08:02:25.820,13.8502387153
1779235346.020000,2026/05/20-08:02:26.020,13.3576226128
1779235346.270000,2026/05/20-08:02:26.270,14.0990125868
1779235346.460000,2026/05/20-08:02:26.460,13.8732530382
1779235346.660000,2026/05/20-08:02:26.660,14.3850477431
1779235346.860000,2026/05/20-08:02:26.860,14.2392903646
1779235347.060000,2026/05/20-08:02:27.060,14.0573676215
1779235347.260000,2026/05/20-08:02:27.260,14.5198459201
1779235347.510000,2026/05/20-08:02:27.510,12.3395128038
1779235347.700000,2026/05/20-08:02:27.700,14.4031304253
1779235347.900000,2026/05/20-08:02:27.900,14.9702690972
1779235348.100000,2026/05/20-08:02:28.100,14.9719129774
1779235348.300000,2026/05/20-08:02:28.300,14.1833984375
1779235348.500000,2026/05/20-08:02:28.500,15.2305501302
1779235348.760000,2026/05/20-08:02:28.760,14.5697102865
1779235348.940000,2026/05/20-08:02:28.940,13.4732421875
1779235349.140000,2026/05/20-08:02:29.140,14.1357259115
1779235349.340000,2026/05/20-08:02:29.340,14.1960015191
1779235349.540000,2026/05/20-08:02:29.540,14.029421658
1779235349.740000,2026/05/20-08:02:29.740,14.4508029514
1779235350.000000,2026/05/20-08:02:30.000,13.760921224
1779235350.220000,2026/05/20-08:02:30.220,14.2853190104
1779235350.420000,2026/05/20-08:02:30.420,15.008078342
1779235350.620000,2026/05/20-08:02:30.620,13.4277615017
1779235350.820000,2026/05/20-08:02:30.820,14.1675075955
1779235351.020000,2026/05/20-08:02:31.020,13.8732530382
1779235351.300000,2026/05/20-08:02:31.300,14.0880533854
1779235351.500000,2026/05/20-08:02:31.500,13.6332465278
1779235351.700000,2026/05/20-08:02:31.700,14.0606553819
1779235351.900000,2026/05/20-08:02:31.900,12.9581597222
1779235352.100000,2026/05/20-08:02:32.100,13.7916069878
1779235352.300000,2026/05/20-08:02:32.300,14.3390190972
1779235352.580000,2026/05/20-08:02:32.580,14.2151801215
1779235352.780000,2026/05/20-08:02:32.780,13.816265191
1779235352.980000,2026/05/20-08:02:32.980,13.6485894097
1779235353.180000,2026/05/20-08:02:33.180,14.5477918837
1779235353.380000,2026/05/20-08:02:33.380,14.850265842
1779235353.610000,2026/05/20-08:02:33.610,13.5154351128
1779235353.860000,2026/05/20-08:02:33.860,15.3664442274
1779235354.060000,2026/05/20-08:02:34.060,14.3406629774
1779235354.260000,2026/05/20-08:02:34.260,14.7149197049
1779235354.460000,2026/05/20-08:02:34.460,13.1318630642
1779235354.660000,2026/05/20-08:02:34.660,13.5625596788
1779235354.870000,2026/05/20-08:02:34.870,14.0661349826
1779235355.140000,2026/05/20-08:02:35.140,14.1669596354
1779235355.340000,2026/05/20-08:02:35.340,14.5971082899
1779235355.540000,2026/05/20-08:02:35.540,13.4957085503
1779235355.740000,2026/05/20-08:02:35.740,15.1905490451
1779235355.940000,2026/05/20-08:02:35.940,15.0809570312
1779235356.190000,2026/05/20-08:02:36.190,13.4814615885
1779235356.420000,2026/05/20-08:02:36.420,14.605875651
1779235356.620000,2026/05/20-08:02:36.620,14.4392957899
1779235356.820000,2026/05/20-08:02:36.820,13.2896755642
1779235357.020000,2026/05/20-08:02:37.020,13.9401041667
1779235357.220000,2026/05/20-08:02:37.220,14.1625759549
1779235357.470000,2026/05/20-08:02:37.470,13.935172526
1779235357.660000,2026/05/20-08:02:37.660,13.1861111111
1779235357.860000,2026/05/20-08:02:37.860,15.5412434896
1779235358.060000,2026/05/20-08:02:38.060,13.8064019097
1779235358.260000,2026/05/20-08:02:38.260,13.8491427951
1779235358.460000,2026/05/20-08:02:38.460,14.6119032118
1779235358.700000,2026/05/20-08:02:38.700,13.2995388455
1779235358.900000,2026/05/20-08:02:38.900,14.2233995226
1779235359.100000,2026/05/20-08:02:39.100,13.25625
1779235359.300000,2026/05/20-08:02:39.300,13.0315863715
1779235359.500000,2026/05/20-08:02:39.500,13.3620062934
1779235359.700000,2026/05/20-08:02:39.700,13.2661132813
1779235359.980000,2026/05/20-08:02:39.980,13.0304904514
1779235360.180000,2026/05/20-08:02:40.180,14.5614908854
1779235360.380000,2026/05/20-08:02:40.380,13.4233778212
1779235360.580000,2026/05/20-08:02:40.580,14.7598524306
1779235360.780000,2026/05/20-08:02:40.780,14.8053331163
1779235360.980000,2026/05/20-08:02:40.980,13.7444824219
1779235361.260000,2026/05/20-08:02:41.260,14.0590115017
1779235361.460000,2026/05/20-08:02:41.460,14.4760091146
1779235361.660000,2026/05/20-08:02:41.660,13.2047417535
1779235361.860000,2026/05/20-08:02:41.860,13.6283148872
1779235362.060000,2026/05/20-08:02:42.060,13.6913302951
1779235362.290000,2026/05/20-08:02:42.290,14.5850531684
1779235362.540000,2026/05/20-08:02:42.540,14.2392903646
1779235362.740000,2026/05/20-08:02:42.740,12.9461046007
1779235362.940000,2026/05/20-08:02:42.940,12.9121310764
1779235363.140000,2026/05/20-08:02:43.140,13.2666612413
1779235363.340000,2026/05/20-08:02:43.340,12.9028157552
1779235363.560000,2026/05/20-08:02:43.560,15.4332953559
1779235363.820000,2026/05/20-08:02:43.820,14.7258789062
1779235364.020000,2026/05/20-08:02:44.020,15.157671441
1779235364.220000,2026/05/20-08:02:44.220,15.2475368924
1779235364.420000,2026/05/20-08:02:44.420,13.7702365451
1779235364.620000,2026/05/20-08:02:44.620,13.7811957465
1779235364.830000,2026/05/20-08:02:44.830,13.0332302517
1779235365.060000,2026/05/20-08:02:45.060,13.7285915799
1779235365.260000,2026/05/20-08:02:45.260,13.8880479601
1779235365.460000,2026/05/20-08:02:45.460,14.1844943576
1779235365.660000,2026/05/20-08:02:45.660,14.3949110243
1779235365.860000,2026/05/20-08:02:45.860,14.5329969618
1779235366.070000,2026/05/20-08:02:46.070,13.2737847222
1779235366.300000,2026/05/20-08:02:46.300,14.0507921007
1779235366.500000,2026/05/20-08:02:46.500,13.7762641059
1779235366.700000,2026/05/20-08:02:46.700,12.9707628038
1779235366.900000,2026/05/20-08:02:46.900,13.8442111545
1779235367.100000,2026/05/20-08:02:47.100,13.8754448785
1779235367.350000,2026/05/20-08:02:47.350,13.7324273003
1779235367.580000,2026/05/20-08:02:47.580,14.0343532986
1779235367.780000,2026/05/20-08:02:47.780,14.203125
1779235367.980000,2026/05/20-08:02:47.980,14.2557291667
1779235368.180000,2026/05/20-08:02:48.180,13.524202474
1779235368.380000,2026/05/20-08:02:48.380,13.4518717448
1779235368.630000,2026/05/20-08:02:48.630,15.0924641927
1779235368.860000,2026/05/20-08:02:48.860,14.1499728733
1779235369.060000,2026/05/20-08:02:49.060,14.1143554687
1779235369.260000,2026/05/20-08:02:49.260,14.0995605469
1779235369.460000,2026/05/20-08:02:49.460,14.2146321615
1779235369.660000,2026/05/20-08:02:49.660,14.5576551649
1779235369.920000,2026/05/20-08:02:49.920,14.6261501736
1779235370.140000,2026/05/20-08:02:50.140,15.4902832031
1779235370.340000,2026/05/20-08:02:50.340,14.1784667969
1779235370.540000,2026/05/20-08:02:50.540,15.3346625434
1779235370.740000,2026/05/20-08:02:50.740,13.8036621094
1779235370.940000,2026/05/20-08:02:50.940,13.5318739149
1779235371.190000,2026/05/20-08:02:51.190,13.7921549479
1779235371.380000,2026/05/20-08:02:51.380,13.374609375
1779235371.580000,2026/05/20-08:02:51.580,13.903390842
1779235371.780000,2026/05/20-08:02:51.780,14.1368218316
1779235371.980000,2026/05/20-08:02:51.980,15.0058865017
1779235372.180000,2026/05/20-08:02:52.180,14.100656467
1779235372.440000,2026/05/20-08:02:52.440,14.2677842882
1779235372.620000,2026/05/20-08:02:52.620,14.345046658
1779235372.820000,2026/05/20-08:02:52.820,13.7674967448
1779235373.020000,2026/05/20-08:02:53.020,13.9412000868
1779235373.220000,2026/05/20-08:02:53.220,13.9570909288
1779235373.420000,2026/05/20-08:02:53.420,14.1576443142
1779235373.670000,2026/05/20-08:02:53.670,14.7675238715
1779235373.860000,2026/05/20-08:02:53.860,13.6337944878
1779235374.060000,2026/05/20-08:02:54.060,13.8787326389
1779235374.260000,2026/05/20-08:02:54.260,13.3285807292
1779235374.460000,2026/05/20-08:02:54.460,13.8831163194
1779235374.660000,2026/05/20-08:02:54.660,14.5362847222
1779235374.910000,2026/05/20-08:02:54.910,15.5494628906
1779235375.100000,2026/05/20-08:02:55.100,14.147781033
1779235375.300000,2026/05/20-08:02:55.300,13.5707790799
1779235375.500000,2026/05/20-08:02:55.500,14.3888834635
1779235375.700000,2026/05/20-08:02:55.700,12.988297526
1779235375.900000,2026/05/20-08:02:55.900,13.3888563368
1779235376.140000,2026/05/20-08:02:56.140,13.485297309
1779235376.340000,2026/05/20-08:02:56.340,13.2600857205
1779235376.540000,2026/05/20-08:02:56.540,14.8272515191
1779235376.740000,2026/05/20-08:02:56.740,14.5554633247
1779235376.940000,2026/05/20-08:02:56.940,14.2370985243
1779235377.140000,2026/05/20-08:02:57.140,12.9274739583
1779235377.380000,2026/05/20-08:02:57.380,14.9149251302
1779235377.580000,2026/05/20-08:02:57.580,13.7987304688
1779235377.780000,2026/05/20-08:02:57.780,15.6426161024
1779235377.980000,2026/05/20-08:02:57.980,14.2491536458
1779235378.180000,2026/05/20-08:02:58.180,14.8135525174
1779235378.380000,2026/05/20-08:02:58.380,14.2069607205
1779235378.640000,2026/05/20-08:02:58.640,13.8195529514
1779235378.820000,2026/05/20-08:02:58.820,14.7373860677
1779235379.020000,2026/05/20-08:02:59.020,14.6825900608
1779235379.220000,2026/05/20-08:02:59.220,14.5719021267
1779235379.420000,2026/05/20-08:02:59.420,14.2223036024
1779235379.620000,2026/05/20-08:02:59.620,13.5833821615
1779235379.860000,2026/05/20-08:02:59.860,13.9439398872
1779235380.100000,2026/05/20-08:03:00.100,14.2792914497
1779235380.300000,2026/05/20-08:03:00.300,13.2228244358
1779235380.500000,2026/05/20-08:03:00.500,15.1560275608
1779235380.700000,2026/05/20-08:03:00.700,14.0381890191
1779235380.900000,2026/05/20-08:03:00.900,14.6732747396
1779235381.160000,2026/05/20-08:03:01.160,15.0831488715
1779235381.380000,2026/05/20-08:03:01.380,14.1110677083
1779235381.580000,2026/05/20-08:03:01.580,13.4025553385
1779235381.780000,2026/05/20-08:03:01.780,14.0414767795
1779235381.980000,2026/05/20-08:03:01.980,14.9806803385
1779235382.180000,2026/05/20-08:03:02.180,14.2913465712
1779235382.460000,2026/05/20-08:03:02.460,14.6272460937
1779235382.660000,2026/05/20-08:03:02.660,14.1647677951
1779235382.860000,2026/05/20-08:03:02.860,14.747797309
1779235383.060000,2026/05/20-08:03:03.060,14.5127224392
1779235383.260000,2026/05/20-08:03:03.260,14.0957248264
1779235383.460000,2026/05/20-08:03:03.460,14.5242296007
1779235383.740000,2026/05/20-08:03:03.740,14.100656467
1779235383.940000,2026/05/20-08:03:03.940,14.1368218316
1779235384.140000,2026/05/20-08:03:04.140,14.1220269097
1779235384.340000,2026/05/20-08:03:04.340,13.8929796007
1779235384.540000,2026/05/20-08:03:04.540,14.431624349
1779235384.760000,2026/05/20-08:03:04.760,13.9833930122
1779235385.020000,2026/05/20-08:03:05.020,13.351047092
1779235385.220000,2026/05/20-08:03:05.220,14.6798502604
1779235385.420000,2026/05/20-08:03:05.420,15.2409613715
1779235385.620000,2026/05/20-08:03:05.620,14.2283311632
1779235385.820000,2026/05/20-08:03:05.820,14.1450412326
1779235386.050000,2026/05/20-08:03:06.050,14.463406033
1779235386.300000,2026/05/20-08:03:06.300,13.8129774306
1779235386.500000,2026/05/20-08:03:06.500,12.0753960503
1779235386.700000,2026/05/20-08:03:06.700,13.958734809
1779235386.900000,2026/05/20-08:03:06.900,14.147781033
1779235387.100000,2026/05/20-08:03:07.100,13.9422960069
1779235387.370000,2026/05/20-08:03:07.370,14.9620496962
1779235387.580000,2026/05/20-08:03:07.580,11.7986762153
1779235387.780000,2026/05/20-08:03:07.780,13.8946234809
1779235387.980000,2026/05/20-08:03:07.980,14.6354654948
1779235388.180000,2026/05/20-08:03:08.180,14.0398328993
1779235388.380000,2026/05/20-08:03:08.380,14.7998535156
1779235388.660000,2026/05/20-08:03:08.660,15.2584960937
1779235388.860000,2026/05/20-08:03:08.860,12.4326660156
1779235389.060000,2026/05/20-08:03:09.060,13.8409233941
1779235389.260000,2026/05/20-08:03:09.260,14.6831380208
1779235389.460000,2026/05/20-08:03:09.460,13.5910536024
1779235389.660000,2026/05/20-08:03:09.660,15.062874349
1779235389.910000,2026/05/20-08:03:09.910,13.5987250434
1779235390.100000,2026/05/20-08:03:10.100,14.0458604601
1779235390.300000,2026/05/20-08:03:10.300,14.2551812066
1779235390.500000,2026/05/20-08:03:10.500,14.5258734809
1779235390.700000,2026/05/20-08:03:10.700,13.6721516927
1779235390.900000,2026/05/20-08:03:10.900,13.548312717
1779235391.150000,2026/05/20-08:03:11.150,14.1488769531
1779235391.340000,2026/05/20-08:03:11.340,14.3154568142
1779235391.540000,2026/05/20-08:03:11.540,14.226687283
1779235391.740000,2026/05/20-08:03:11.740,13.3132378472
1779235391.940000,2026/05/20-08:03:11.940,12.7767849392
1779235392.140000,2026/05/20-08:03:12.140,14.2573730469
1779235392.390000,2026/05/20-08:03:12.390,13.2699490017
1779235392.580000,2026/05/20-08:03:12.580,14.0820258247
1779235392.780000,2026/05/20-08:03:12.780,13.9675021701
1779235392.980000,2026/05/20-08:03:12.980,13.8064019097
1779235393.180000,2026/05/20-08:03:13.180,13.043093533
1779235393.380000,2026/05/20-08:03:13.380,14.3718967014
1779235393.630000,2026/05/20-08:03:13.630,13.6721516927
1779235393.820000,2026/05/20-08:03:13.820,13.8880479601
1779235394.020000,2026/05/20-08:03:14.020,13.7855794271
1779235394.220000,2026/05/20-08:03:14.220,13.3368001302
1779235394.420000,2026/05/20-08:03:14.420,14.7954698351
1779235394.620000,2026/05/20-08:03:14.620,14.8743760851
1779235394.880000,2026/05/20-08:03:14.880,14.1198350694
1779235395.100000,2026/05/20-08:03:15.100,12.474858941
1779235395.300000,2026/05/20-08:03:15.300,14.3044976128
1779235395.500000,2026/05/20-08:03:15.500,14.1784667969
1779235395.700000,2026/05/20-08:03:15.700,12.4567762587
1779235395.900000,2026/05/20-08:03:15.900,14.4151855469
1779235396.180000,2026/05/20-08:03:16.180,13.0480251736
1779235396.380000,2026/05/20-08:03:16.380,14.5647786458
1779235396.580000,2026/05/20-08:03:16.580,14.5192979601
1779235396.780000,2026/05/20-08:03:16.780,13.2940592448
1779235396.980000,2026/05/20-08:03:16.980,14.1812065972
1779235397.180000,2026/05/20-08:03:17.180,14.2551812066
1779235397.500000,2026/05/20-08:03:17.500,14.5477918837
1779235397.700000,2026/05/20-08:03:17.700,14.9735568576
1779235397.900000,2026/05/20-08:03:17.900,13.9395562066
1779235398.100000,2026/05/20-08:03:18.100,13.4858452691
1779235398.300000,2026/05/20-08:03:18.300,14.8617730035
1779235398.510000,2026/05/20-08:03:18.510,14.4771050347
1779235398.780000,2026/05/20-08:03:18.780,15.1198621962
1779235398.980000,2026/05/20-08:03:18.980,14.6129991319
1779235399.180000,2026/05/20-08:03:19.180,13.5099555122
1779235399.380000,2026/05/20-08:03:19.380,15.1176703559
1779235399.580000,2026/05/20-08:03:19.580,13.9148980035
1779235399.820000,2026/05/20-08:03:19.820,14.4365559896
1779235400.060000,2026/05/20-08:03:20.060,13.5258463542
1779235400.260000,2026/05/20-08:03:20.260,14.8979383681
1779235400.460000,2026/05/20-08:03:20.460,14.1779188368
1779235400.660000,2026/05/20-08:03:20.660,14.6283420139
1779235400.860000,2026/05/20-08:03:20.860,13.3521430122
1779235401.120000,2026/05/20-08:03:21.120,13.9532552083
1779235401.340000,2026/05/20-08:03:21.340,14.487516276
1779235401.540000,2026/05/20-08:03:21.540,14.700124783
1779235401.740000,2026/05/20-08:03:21.740,14.9297200521
1779235401.940000,2026/05/20-08:03:21.940,14.2157280816
1779235402.140000,2026/05/20-08:03:22.140,13.5828342014
1779235402.380000,2026/05/20-08:03:22.380,13.4085828993
1779235402.580000,2026/05/20-08:03:22.580,13.3883083767
1779235402.780000,2026/05/20-08:03:22.780,14.3094292535
1779235402.980000,2026/05/20-08:03:22.980,14.7171115451
1779235403.180000,2026/05/20-08:03:23.180,14.4579264323
1779235403.380000,2026/05/20-08:03:23.380,14.1992892795
1779235403.660000,2026/05/20-08:03:23.660,12.9696668837
1779235403.860000,2026/05/20-08:03:23.860,13.8337999132
1779235404.060000,2026/05/20-08:03:24.060,14.8387586806
1779235404.260000,2026/05/20-08:03:24.260,13.2743326823
1779235404.460000,2026/05/20-08:03:24.460,12.672124566
1779235404.670000,2026/05/20-08:03:24.670,13.4820095486
1779235404.940000,2026/05/20-08:03:24.940,13.7647569444
1779235405.140000,2026/05/20-08:03:25.140,14.0935329861
1779235405.340000,2026/05/20-08:03:25.340,12.9789822049
1779235405.540000,2026/05/20-08:03:25.540,13.5883138021
1779235405.740000,2026/05/20-08:03:25.740,14.5417643229
1779235405.960000,2026/05/20-08:03:25.960,14.2601128472
1779235406.180000,2026/05/20-08:03:26.180,14.5598470052
1779235406.380000,2026/05/20-08:03:26.380,13.5252983941
1779235406.580000,2026/05/20-08:03:26.580,14.0064073351
1779235406.780000,2026/05/20-08:03:26.780,14.0601074219
1779235406.980000,2026/05/20-08:03:26.980,14.7450575087
1779235407.190000,2026/05/20-08:03:27.190,14.352718099
1779235407.460000,2026/05/20-08:03:27.460,14.5751898872
1779235407.660000,2026/05/20-08:03:27.660,14.0475043403
1779235407.860000,2026/05/20-08:03:27.860,13.7159884983
1779235408.060000,2026/05/20-08:03:28.060,13.5521484375
1779235408.260000,2026/05/20-08:03:28.260,14.2524414062
1779235408.520000,2026/05/20-08:03:28.520,14.960405816
1779235408.740000,2026/05/20-08:03:28.740,14.0255859375
1779235408.940000,2026/05/20-08:03:28.940,13.8579101562
1779235409.140000,2026/05/20-08:03:29.140,13.3083062066
1779235409.340000,2026/05/20-08:03:29.340,14.558203125
1779235409.540000,2026/05/20-08:03:29.540,13.9707899306
1779235409.790000,2026/05/20-08:03:29.790,14.1773708767
1779235410.020000,2026/05/20-08:03:30.020,13.7154405382
1779235410.220000,2026/05/20-08:03:30.220,13.5548882378
1779235410.420000,2026/05/20-08:03:30.420,14.337375217
1779235410.620000,2026/05/20-08:03:30.620,15.1927408854
1779235410.820000,2026/05/20-08:03:30.820,14.4842285156
1779235411.070000,2026/05/20-08:03:31.070,14.266140408
1779235411.300000,2026/05/20-08:03:31.300,14.4995713976
1779235411.500000,2026/05/20-08:03:31.500,13.4162543403
1779235411.700000,2026/05/20-08:03:31.700,13.3872124566
1779235411.900000,2026/05/20-08:03:31.900,14.684233941
1779235412.100000,2026/05/20-08:03:32.100,13.9072265625
1779235412.360000,2026/05/20-08:03:32.360,14.684781901
1779235412.540000,2026/05/20-08:03:32.540,13.5581759983
1779235412.740000,2026/05/20-08:03:32.740,13.6579047309
1779235412.940000,2026/05/20-08:03:32.940,14.2212076823
1779235413.140000,2026/05/20-08:03:33.140,13.6310546875
1779235413.340000,2026/05/20-08:03:33.340,15.2409613715
1779235413.600000,2026/05/20-08:03:33.600,13.209125434
1779235413.820000,2026/05/20-08:03:33.820,14.0798339844
1779235414.020000,2026/05/20-08:03:34.020,14.3647732205
1779235414.220000,2026/05/20-08:03:34.220,14.1970974392
1779235414.420000,2026/05/20-08:03:34.420,13.5384494358
1779235414.620000,2026/05/20-08:03:34.620,13.9795572917
1779235414.900000,2026/05/20-08:03:34.900,14.7609483507
1779235415.100000,2026/05/20-08:03:35.100,14.1812065972
1779235415.300000,2026/05/20-08:03:35.300,14.629437934
1779235415.500000,2026/05/20-08:03:35.500,13.9148980035
1779235415.700000,2026/05/20-08:03:35.700,12.972406684
1779235415.900000,2026/05/20-08:03:35.900,13.1192599826
1779235416.180000,2026/05/20-08:03:36.180,15.0031467014
1779235416.380000,2026/05/20-08:03:36.380,14.2097005208
1779235416.580000,2026/05/20-08:03:36.580,13.6184516059
1779235416.780000,2026/05/20-08:03:36.780,13.7494140625
1779235416.980000,2026/05/20-08:03:36.980,14.1154513889
1779235417.220000,2026/05/20-08:03:37.220,15.3253472222
1779235417.460000,2026/05/20-08:03:37.460,12.9115831163
1779235417.660000,2026/05/20-08:03:37.660,13.2310438368
1779235417.860000,2026/05/20-08:03:37.860,13.3554307726
1779235418.060000,2026/05/20-08:03:38.060,13.6453016493
1779235418.260000,2026/05/20-08:03:38.260,15.2047960069
1779235418.510000,2026/05/20-08:03:38.510,14.6535481771
1779235418.740000,2026/05/20-08:03:38.740,14.0069552951
1779235418.940000,2026/05/20-08:03:38.940,13.0551486545
1779235419.140000,2026/05/20-08:03:39.140,14.7132758247
1779235419.340000,2026/05/20-08:03:39.340,13.6600965712
1779235419.540000,2026/05/20-08:03:39.540,14.9560221354
1779235419.800000,2026/05/20-08:03:39.800,13.737906901
1779235420.020000,2026/05/20-08:03:40.020,12.5795193142
1779235420.220000,2026/05/20-08:03:40.220,15.339046224
1779235420.420000,2026/05/20-08:03:40.420,14.486968316
1779235420.620000,2026/05/20-08:03:40.620,13.7822916667
1779235420.820000,2026/05/20-08:03:40.820,14.3384711372
1779235421.100000,2026/05/20-08:03:41.100,14.250249566
1779235421.300000,2026/05/20-08:03:41.300,13.185015191
1779235421.500000,2026/05/20-08:03:41.500,15.0639702691
1779235421.700000,2026/05/20-08:03:41.700,14.9379394531
1779235421.900000,2026/05/20-08:03:41.900,13.7581814236
1779235422.100000,2026/05/20-08:03:42.100,14.8086208767
1779235422.380000,2026/05/20-08:03:42.380,13.697905816
1779235422.580000,2026/05/20-08:03:42.580,14.297922092
1779235422.780000,2026/05/20-08:03:42.780,14.8453342014
1779235422.980000,2026/05/20-08:03:42.980,14.6776584201
1779235423.180000,2026/05/20-08:03:43.180,14.4727213542
1779235423.380000,2026/05/20-08:03:43.380,12.9872016059
1779235423.620000,2026/05/20-08:03:43.620,12.8803493924
1779235423.820000,2026/05/20-08:03:43.820,14.6825900608
1779235424.020000,2026/05/20-08:03:44.020,14.1094238281
1779235424.220000,2026/05/20-08:03:44.220,13.0639160156
1779235424.420000,2026/05/20-08:03:44.420,14.6502604167
1779235424.620000,2026/05/20-08:03:44.620,14.9236924913
1779235424.870000,2026/05/20-08:03:44.870,13.618999566
1779235425.060000,2026/05/20-08:03:45.060,13.6359863281
1779235425.260000,2026/05/20-08:03:45.260,14.084765625
1779235425.460000,2026/05/20-08:03:45.460,14.8217719184
1779235425.660000,2026/05/20-08:03:45.660,14.8743760851
1779235425.860000,2026/05/20-08:03:45.860,14.0875054253
1779235426.140000,2026/05/20-08:03:46.140,13.4041992187
1779235426.340000,2026/05/20-08:03:46.340,13.7625651042
1779235426.540000,2026/05/20-08:03:46.540,13.7044813368
1779235426.740000,2026/05/20-08:03:46.740,14.0042154948
1779235426.940000,2026/05/20-08:03:46.940,14.3949110243
1779235427.150000,2026/05/20-08:03:47.150,14.4973795573
1779235427.420000,2026/05/20-08:03:47.420,13.1417263455
1779235427.620000,2026/05/20-08:03:47.620,14.5719021267
1779235427.820000,2026/05/20-08:03:47.820,13.2047417535
1779235428.020000,2026/05/20-08:03:48.020,13.3483072917
1779235428.220000,2026/05/20-08:03:48.220,13.0184353299
1779235428.480000,2026/05/20-08:03:48.480,14.3549099392
1779235428.700000,2026/05/20-08:03:48.700,14.6206705729
1779235428.900000,2026/05/20-08:03:48.900,14.7105360243
1779235429.100000,2026/05/20-08:03:49.100,13.8354437934
1779235429.300000,2026/05/20-08:03:49.300,13.7444824219
1779235429.500000,2026/05/20-08:03:49.500,13.6107801649
1779235429.760000,2026/05/20-08:03:49.760,14.502859158
1779235429.980000,2026/05/20-08:03:49.980,12.6704806858
1779235430.180000,2026/05/20-08:03:50.180,13.1389865451
1779235430.380000,2026/05/20-08:03:50.380,13.9181857639
1779235430.580000,2026/05/20-08:03:50.580,13.9916124132
1779235430.780000,2026/05/20-08:03:50.780,14.9154730903
1779235431.030000,2026/05/20-08:03:51.030,14.6250542535
1779235431.220000,2026/05/20-08:03:51.220,14.5450520833
1779235431.420000,2026/05/20-08:03:51.420,14.8436903212
1779235431.620000,2026/05/20-08:03:51.620,13.0765190972
1779235431.820000,2026/05/20-08:03:51.820,13.7965386285
1779235432.020000,2026/05/20-08:03:52.020,13.4924207899
1779235432.270000,2026/05/20-08:03:52.270,13.4595431858
1779235432.460000,2026/05/20-08:03:52.460,14.147781033
1779235432.660000,2026/05/20-08:03:52.660,13.603656684
1779235432.860000,2026/05/20-08:03:52.860,14.3784722222
1779235433.060000,2026/05/20-08:03:53.060,13.5850260417
1779235433.260000,2026/05/20-08:03:53.260,13.5631076389
1779235433.510000,2026/05/20-08:03:53.510,14.1203830295
1779235433.700000,2026/05/20-08:03:53.700,14.2623046875
1779235433.900000,2026/05/20-08:03:53.900,13.4496799045
1779235434.100000,2026/05/20-08:03:54.100,14.0190104167
1779235434.300000,2026/05/20-08:03:54.300,13.3258409288
1779235434.500000,2026/05/20-08:03:54.500,12.7028103299
1779235434.780000,2026/05/20-08:03:54.780,13.4589952257
1779235434.980000,2026/05/20-08:03:54.980,13.9751736111
1779235435.180000,2026/05/20-08:03:55.180,16.1012586806
1779235435.380000,2026/05/20-08:03:55.380,12.4474609375
1779235435.580000,2026/05/20-08:03:55.580,14.3094292535
1779235435.790000,2026/05/20-08:03:55.790,14.4491590712
1779235436.060000,2026/05/20-08:03:56.060,14.234358724
1779235436.260000,2026/05/20-08:03:56.260,14.9708170573
1779235436.460000,2026/05/20-08:03:56.460,14.0042154948
1779235436.660000,2026/05/20-08:03:56.660,16.0322157118
1779235436.860000,2026/05/20-08:03:56.860,13.3641981337
1779235437.060000,2026/05/20-08:03:57.060,15.1384928385
1779235437.340000,2026/05/20-08:03:57.340,14.0354492188
1779235437.540000,2026/05/20-08:03:57.540,13.303374566
1779235437.740000,2026/05/20-08:03:57.740,13.0200792101
1779235437.940000,2026/05/20-08:03:57.940,13.9275010851
1779235438.140000,2026/05/20-08:03:58.140,14.5729980469
1779235438.370000,2026/05/20-08:03:58.370,15.5587782118
1779235438.660000,2026/05/20-08:03:58.660,13.8606499566
1779235438.860000,2026/05/20-08:03:58.860,14.2765516493
1779235439.060000,2026/05/20-08:03:59.060,14.7368381076
1779235439.260000,2026/05/20-08:03:59.260,14.037641059
1779235439.460000,2026/05/20-08:03:59.460,12.6814398872
1779235439.730000,2026/05/20-08:03:59.730,13.4644748264
1779235439.940000,2026/05/20-08:03:59.940,14.8376627604
1779235440.140000,2026/05/20-08:04:00.140,13.0682996962
1779235440.340000,2026/05/20-08:04:00.340,14.1214789497
1779235440.540000,2026/05/20-08:04:00.540,12.8107584635
1779235440.740000,2026/05/20-08:04:00.740,13.6655761719
1779235440.990000,2026/05/20-08:04:00.990,14.9675292969
1779235441.180000,2026/05/20-08:04:01.180,13.6968098958
1779235441.380000,2026/05/20-08:04:01.380,13.9850368924
1779235441.580000,2026/05/20-08:04:01.580,13.4463921441
1779235441.780000,2026/05/20-08:04:01.780,14.7834147135
1779235441.980000,2026/05/20-08:04:01.980,15.0168457031
1779235442.240000,2026/05/20-08:04:02.240,13.7981825087
1779235442.460000,2026/05/20-08:04:02.460,13.5061197917
1779235442.660000,2026/05/20-08:04:02.660,13.4869411892
1779235442.860000,2026/05/20-08:04:02.860,13.3707736545
1779235443.060000,2026/05/20-08:04:03.060,14.8732801649
1779235443.260000,2026/05/20-08:04:03.260,14.6727267795
1779235443.510000,2026/05/20-08:04:03.510,13.0989854601
1779235443.700000,2026/05/20-08:04:03.700,13.9801052517
1779235443.900000,2026/05/20-08:04:03.900,14.0502441406
1779235444.100000,2026/05/20-08:04:04.100,14.3905273438
1779235444.300000,2026/05/20-08:04:04.300,14.5445041233
1779235444.500000,2026/05/20-08:04:04.500,14.2151801215
1779235444.770000,2026/05/20-08:04:04.770,12.5181477865
1779235444.980000,2026/05/20-08:04:04.980,13.7664008247
1779235445.180000,2026/05/20-08:04:05.180,13.3110460069
1779235445.380000,2026/05/20-08:04:05.380,14.605875651
1779235445.580000,2026/05/20-08:04:05.580,12.8173339844
1779235445.780000,2026/05/20-08:04:05.780,14.502859158
1779235446.030000,2026/05/20-08:04:06.030,13.7028374566
1779235446.260000,2026/05/20-08:04:06.260,14.3757324219
1779235446.460000,2026/05/20-08:04:06.460,13.4403645833
1779235446.660000,2026/05/20-08:04:06.660,15.6196017795
1779235446.860000,2026/05/20-08:04:06.860,13.2606336806
1779235447.060000,2026/05/20-08:04:07.060,13.3839246962
1779235447.340000,2026/05/20-08:04:07.340,13.7702365451
1779235447.540000,2026/05/20-08:04:07.540,14.0853135851
1779235447.740000,2026/05/20-08:04:07.740,14.3592936198
1779235447.940000,2026/05/20-08:04:07.940,14.6234103733
1779235448.140000,2026/05/20-08:04:08.140,13.7664008247
1779235448.340000,2026/05/20-08:04:08.340,14.708344184
1779235448.620000,2026/05/20-08:04:08.620,13.9203776042
1779235448.820000,2026/05/20-08:04:08.820,12.9461046007
1779235449.020000,2026/05/20-08:04:09.020,14.4864203559
1779235449.220000,2026/05/20-08:04:09.220,13.3455674913
1779235449.420000,2026/05/20-08:04:09.420,14.7006727431
1779235449.630000,2026/05/20-08:04:09.630,14.9708170573
1779235449.900000,2026/05/20-08:04:09.900,14.4732693142
1779235450.100000,2026/05/20-08:04:10.100,14.5253255208
1779235450.300000,2026/05/20-08:04:10.300,13.9762695312
1779235450.500000,2026/05/20-08:04:10.500,14.4360080295
1779235450.700000,2026/05/20-08:04:10.700,14.1757269965
1779235450.920000,2026/05/20-08:04:10.920,14.5565592448
1779235451.180000,2026/05/20-08:04:11.180,13.7055772569
1779235451.380000,2026/05/20-08:04:11.380,14.1286024306
1779235451.580000,2026/05/20-08:04:11.580,15.000406901
1779235451.780000,2026/05/20-08:04:11.780,14.1307942708
1779235451.980000,2026/05/20-08:04:11.980,13.9116102431
1779235452.240000,2026/05/20-08:04:12.240,12.7230848524
1779235452.460000,2026/05/20-08:04:12.460,13.0836425781
1779235452.660000,2026/05/20-08:04:12.660,13.800374349
1779235452.860000,2026/05/20-08:04:12.860,12.8496636285
1779235453.060000,2026/05/20-08:04:13.060,14.0014756944
1779235453.260000,2026/05/20-08:04:13.260,13.5581759983
1779235453.540000,2026/05/20-08:04:13.540,12.7450032552
1779235453.740000,2026/05/20-08:04:13.740,13.7877712674
1779235453.940000,2026/05/20-08:04:13.940,14.4447753906
1779235454.140000,2026/05/20-08:04:14.140,12.4129394531
1779235454.340000,2026/05/20-08:04:14.340,13.659000651
1779235454.540000,2026/05/20-08:04:14.540,13.6102322049
1779235454.820000,2026/05/20-08:04:14.820,14.4502549913
1779235455.020000,2026/05/20-08:04:15.020,11.6742892795
1779235455.220000,2026/05/20-08:04:15.220,13.682014974
1779235455.420000,2026/05/20-08:04:15.420,14.0672309028
1779235455.620000,2026/05/20-08:04:15.620,14.8206759983
1779235455.820000,2026/05/20-08:04:15.820,13.0984375
1779235456.080000,2026/05/20-08:04:16.080,15.0228732639
1779235456.300000,2026/05/20-08:04:16.300,14.621218533
1779235456.500000,2026/05/20-08:04:16.500,14.3220323351
1779235456.700000,2026/05/20-08:04:16.700,13.4080349392
1779235456.900000,2026/05/20-08:04:16.900,14.905609809
1779235457.100000,2026/05/20-08:04:17.100,13.453515625
1779235457.350000,2026/05/20-08:04:17.350,13.4025553385
1779235457.540000,2026/05/20-08:04:17.540,13.5570800781
1779235457.740000,2026/05/20-08:04:17.740,12.7208930122
1779235457.940000,2026/05/20-08:04:17.940,15.0245171441
1779235458.140000,2026/05/20-08:04:18.140,14.7971137153
1779235458.340000,2026/05/20-08:04:18.340,14.8009494358
1779235458.620000,2026/05/20-08:04:18.620,13.627218967
1779235458.820000,2026/05/20-08:04:18.820,13.5209147135
1779235459.020000,2026/05/20-08:04:19.020,13.0359700521
1779235459.220000,2026/05/20-08:04:19.220,13.840375434
1779235459.420000,2026/05/20-08:04:19.420,13.7083170573
1779235459.630000,2026/05/20-08:04:19.630,13.9631184896
1779235459.860000,2026/05/20-08:04:19.860,13.1806315104
1779235460.060000,2026/05/20-08:04:20.060,14.3872395833
1779235460.260000,2026/05/20-08:04:20.260,14.2475097656
1779235460.460000,2026/05/20-08:04:20.460,13.5307779948
1779235460.660000,2026/05/20-08:04:20.660,14.3390190972
1779235460.870000,2026/05/20-08:04:20.870,13.9203776042
1779235461.140000,2026/05/20-08:04:21.140,13.4589952257
1779235461.340000,2026/05/20-08:04:21.340,14.9806803385
1779235461.540000,2026/05/20-08:04:21.540,14.6245062934
1779235461.740000,2026/05/20-08:04:21.740,14.4135416667
1779235461.940000,2026/05/20-08:04:21.940,15.1050672743
1779235462.160000,2026/05/20-08:04:22.160,13.9603786892
1779235462.420000,2026/05/20-08:04:22.420,13.950515408
1779235462.620000,2026/05/20-08:04:22.620,13.926953125
1779235462.820000,2026/05/20-08:04:22.820,14.5866970486
1779235463.020000,2026/05/20-08:04:23.020,14.156000434
1779235463.220000,2026/05/20-08:04:23.220,14.6738226997
1779235463.500000,2026/05/20-08:04:23.500,14.8299913194
1779235463.700000,2026/05/20-08:04:23.700,14.4201171875
1779235463.900000,2026/05/20-08:04:23.900,14.1806586372
1779235464.100000,2026/05/20-08:04:24.100,13.9894205729
1779235464.300000,2026/05/20-08:04:24.300,13.9285970052
1779235464.500000,2026/05/20-08:04:24.500,12.475406901
1779235464.780000,2026/05/20-08:04:24.780,14.2053168403
1779235464.980000,2026/05/20-08:04:24.980,14.0266818576
1779235465.180000,2026/05/20-08:04:25.180,14.0820258247
1779235465.380000,2026/05/20-08:04:25.380,14.3444986979
1779235465.580000,2026/05/20-08:04:25.580,13.1406304253
1779235465.790000,2026/05/20-08:04:25.790,14.2557291667
1779235466.060000,2026/05/20-08:04:26.060,13.7466742622
1779235466.260000,2026/05/20-08:04:26.260,14.2453179253
1779235466.460000,2026/05/20-08:04:26.460,14.4957356771
1779235466.660000,2026/05/20-08:04:26.660,14.486968316
1779235466.860000,2026/05/20-08:04:26.860,13.7269476997
1779235467.080000,2026/05/20-08:04:27.080,14.2442220052
1779235467.340000,2026/05/20-08:04:27.340,14.4683376736
1779235467.540000,2026/05/20-08:04:27.540,12.9795301649
1779235467.740000,2026/05/20-08:04:27.740,13.5948893229
1779235467.940000,2026/05/20-08:04:27.940,14.0716145833
1779235468.140000,2026/05/20-08:04:28.140,13.3236490885
1779235468.400000,2026/05/20-08:04:28.400,13.7899631076
1779235468.620000,2026/05/20-08:04:28.620,14.3088812934
1779235468.820000,2026/05/20-08:04:28.820,13.5181749132
1779235469.020000,2026/05/20-08:04:29.020,15.2710991753
1779235469.220000,2026/05/20-08:04:29.220,13.7937988281
1779235469.420000,2026/05/20-08:04:29.420,13.9916124132
1779235469.670000,2026/05/20-08:04:29.670,14.100656467
1779235469.900000,2026/05/20-08:04:29.900,14.5708062066
1779235470.100000,2026/05/20-08:04:30.100,12.301703559
1779235470.300000,2026/05/20-08:04:30.300,14.6880696615
1779235470.500000,2026/05/20-08:04:30.500,14.7291666667
1779235470.700000,2026/05/20-08:04:30.700,15.1752061632
1779235470.910000,2026/05/20-08:04:30.910,14.6573838976
1779235471.140000,2026/05/20-08:04:31.140,13.3817328559
1779235471.340000,2026/05/20-08:04:31.340,14.7094401042
1779235471.540000,2026/05/20-08:04:31.540,13.6091362847
1779235471.740000,2026/05/20-08:04:31.740,14.7801269531
1779235471.940000,2026/05/20-08:04:31.940,12.214577908
1779235472.200000,2026/05/20-08:04:32.200,13.9691460503
1779235472.420000,2026/05/20-08:04:32.420,13.4825575087
1779235472.620000,2026/05/20-08:04:32.620,14.9105414497
1779235472.820000,2026/05/20-08:04:32.820,14.5099826389
1779235473.020000,2026/05/20-08:04:33.020,15.1697265625
1779235473.220000,2026/05/20-08:04:33.220,14.1461371528
1779235473.470000,2026/05/20-08:04:33.470,14.3751844618
1779235473.660000,2026/05/20-08:04:33.660,13.3543348524
1779235473.860000,2026/05/20-08:04:33.860,14.100656467
1779235474.060000,2026/05/20-08:04:34.060,13.6316026476
1779235474.260000,2026/05/20-08:04:34.260,14.290250651
1779235474.460000,2026/05/20-08:04:34.460,13.7422905816
1779235474.730000,2026/05/20-08:04:34.730,13.8080457899
1779235474.940000,2026/05/20-08:04:34.940,14.8195800781
1779235475.140000,2026/05/20-08:04:35.140,13.3126898872
1779235475.340000,2026/05/20-08:04:35.340,15.5280924479
1779235475.540000,2026/05/20-08:04:35.540,14.6623155382
1779235475.740000,2026/05/20-08:04:35.740,13.9883246528
1779235476.030000,2026/05/20-08:04:36.030,13.9812011719
1779235476.220000,2026/05/20-08:04:36.220,12.1000542535
1779235476.420000,2026/05/20-08:04:36.420,14.2233995226
1779235476.620000,2026/05/20-08:04:36.620,12.8748697917
1779235476.820000,2026/05/20-08:04:36.820,13.8770887587
1779235477.020000,2026/05/20-08:04:37.020,14.5253255208
1779235477.250000,2026/05/20-08:04:37.250,15.3993218316
1779235477.500000,2026/05/20-08:04:37.500,14.4261447483
1779235477.700000,2026/05/20-08:04:37.700,12.4715711806
1779235477.900000,2026/05/20-08:04:37.900,14.8984863281
1779235478.100000,2026/05/20-08:04:38.100,13.1466579861
1779235478.300000,2026/05/20-08:04:38.300,13.2107693142
1779235478.570000,2026/05/20-08:04:38.570,13.4946126302
1779235478.780000,2026/05/20-08:04:38.780,14.7138237847
1779235478.980000,2026/05/20-08:04:38.980,13.8107855903
1779235479.180000,2026/05/20-08:04:39.180,14.3992947049
1779235479.380000,2026/05/20-08:04:39.380,13.6463975694
1779235479.580000,2026/05/20-08:04:39.580,13.9285970052
1779235479.830000,2026/05/20-08:04:39.830,15.3187717014
1779235480.060000,2026/05/20-08:04:40.060,14.2398383247
1779235480.260000,2026/05/20-08:04:40.260,14.8130045573
1779235480.460000,2026/05/20-08:04:40.460,14.1433973524
1779235480.660000,2026/05/20-08:04:40.660,14.4201171875
1779235480.860000,2026/05/20-08:04:40.860,13.1510416667
1779235481.120000,2026/05/20-08:04:41.120,13.7006456163
1779235481.340000,2026/05/20-08:04:41.340,14.4935438368
1779235481.540000,2026/05/20-08:04:41.540,13.469406467
1779235481.740000,2026/05/20-08:04:41.740,14.920952691
1779235481.940000,2026/05/20-08:04:41.940,14.6009440104
1779235482.140000,2026/05/20-08:04:42.140,14.4699815538
1779235482.400000,2026/05/20-08:04:42.400,13.6765353733
1779235482.580000,2026/05/20-08:04:42.580,14.7708116319
1779235482.780000,2026/05/20-08:04:42.780,14.4968315972
1779235482.980000,2026/05/20-08:04:42.980,14.3044976128
1779235483.180000,2026/05/20-08:04:43.180,13.3050184462
1779235483.380000,2026/05/20-08:04:43.380,14.0025716146
1779235483.630000,2026/05/20-08:04:43.630,14.9198567708
1779235483.820000,2026/05/20-08:04:43.820,14.8141004774
1779235484.020000,2026/05/20-08:04:44.020,14.6656032986
1779235484.220000,2026/05/20-08:04:44.220,13.3340603299
1779235484.420000,2026/05/20-08:04:44.420,14.0803819444
1779235484.620000,2026/05/20-08:04:44.620,14.2064127604
1779235484.900000,2026/05/20-08:04:44.900,14.0990125868
1779235485.100000,2026/05/20-08:04:45.100,13.2902235243
1779235485.300000,2026/05/20-08:04:45.300,12.2501953125
1779235485.500000,2026/05/20-08:04:45.500,14.140109592
1779235485.700000,2026/05/20-08:04:45.700,13.7658528646
1779235485.900000,2026/05/20-08:04:45.900,14.2825792101
1779235486.180000,2026/05/20-08:04:46.180,12.609109158
1779235486.380000,2026/05/20-08:04:46.380,10.9586534288
1779235486.580000,2026/05/20-08:04:46.580,15.1253417969
1779235486.780000,2026/05/20-08:04:46.780,14.9910915799
1779235486.980000,2026/05/20-08:04:46.980,14.3165527344
1779235487.200000,2026/05/20-08:04:47.200,14.4743652344
1779235487.460000,2026/05/20-08:04:47.460,13.9099663628
1779235487.660000,2026/05/20-08:04:47.660,13.3691297743
1779235487.860000,2026/05/20-08:04:47.860,13.9450358073
1779235488.060000,2026/05/20-08:04:48.060,14.2798394097
1779235488.260000,2026/05/20-08:04:48.260,14.5034071181
1779235488.490000,2026/05/20-08:04:48.490,13.8431152344
1779235488.740000,2026/05/20-08:04:48.740,15.323703342
1779235488.940000,2026/05/20-08:04:48.940,15.1669867622
1779235489.140000,2026/05/20-08:04:49.140,14.9960232205
1779235489.340000,2026/05/20-08:04:49.340,15.2946614583
1779235489.540000,2026/05/20-08:04:49.540,13.8990071615
1779235489.800000,2026/05/20-08:04:49.800,13.722016059
1779235490.020000,2026/05/20-08:04:50.020,13.7592773437
1779235490.220000,2026/05/20-08:04:50.220,13.5132432726
1779235490.420000,2026/05/20-08:04:50.420,13.7516059028
1779235490.620000,2026/05/20-08:04:50.620,15.1878092448
1779235490.820000,2026/05/20-08:04:50.820,14.0573676215
1779235491.030000,2026/05/20-08:04:51.030,14.1510687934
1779235491.260000,2026/05/20-08:04:51.260,14.1236707899
1779235491.460000,2026/05/20-08:04:51.460,13.8759928385
1779235491.660000,2026/05/20-08:04:51.660,14.3883355035
1779235491.860000,2026/05/20-08:04:51.860,15.4267198351
1779235492.060000,2026/05/20-08:04:52.060,14.9768446181
1779235492.310000,2026/05/20-08:04:52.310,13.9050347222
1779235492.540000,2026/05/20-08:04:52.540,13.9592827691
1779235492.740000,2026/05/20-08:04:52.740,13.974077691
1779235492.940000,2026/05/20-08:04:52.940,15.2617838542
1779235493.140000,2026/05/20-08:04:53.140,15.1456163194
1779235493.340000,2026/05/20-08:04:53.340,15.2119194878
1779235493.600000,2026/05/20-08:04:53.600,14.5357367622
1779235493.820000,2026/05/20-08:04:53.820,13.6622884115
1779235494.020000,2026/05/20-08:04:54.020,15.0343804253
1779235494.220000,2026/05/20-08:04:54.220,15.1565755208
1779235494.420000,2026/05/20-08:04:54.420,14.053531901
1779235494.620000,2026/05/20-08:04:54.620,13.6053005642
1779235494.870000,2026/05/20-08:04:54.870,13.816265191
1779235495.060000,2026/05/20-08:04:55.060,14.3116210937
1779235495.260000,2026/05/20-08:04:55.260,14.4409396701
1779235495.460000,2026/05/20-08:04:55.460,14.3899793837
1779235495.660000,2026/05/20-08:04:55.660,13.8847601997
1779235495.860000,2026/05/20-08:04:55.860,13.8277723524
1779235496.130000,2026/05/20-08:04:56.130,14.5998480903
1779235496.340000,2026/05/20-08:04:56.340,13.9916124132
1779235496.540000,2026/05/20-08:04:56.540,14.2951822917
1779235496.740000,2026/05/20-08:04:56.740,13.0847384983
1779235496.940000,2026/05/20-08:04:56.940,13.548312717
1779235497.140000,2026/05/20-08:04:57.140,12.5691080729
1779235497.390000,2026/05/20-08:04:57.390,13.5899576823
1779235497.620000,2026/05/20-08:04:57.620,15.0278049045
1779235497.820000,2026/05/20-08:04:57.820,13.8195529514
1779235498.020000,2026/05/20-08:04:58.020,13.2310438368
1779235498.220000,2026/05/20-08:04:58.220,13.8064019097
1779235498.420000,2026/05/20-08:04:58.420,13.8787326389
1779235498.680000,2026/05/20-08:04:58.680,15.1664388021
1779235498.860000,2026/05/20-08:04:58.860,14.8847873264
1779235499.060000,2026/05/20-08:04:59.060,14.9784884983
1779235499.260000,2026/05/20-08:04:59.260,15.513297526
1779235499.460000,2026/05/20-08:04:59.460,13.8496907552
1779235499.660000,2026/05/20-08:04:59.660,14.0359971788
1779235499.940000,2026/05/20-08:04:59.940,14.3592936198
1779235500.140000,2026/05/20-08:05:00.140,14.447515191
1779235500.340000,2026/05/20-08:05:00.340,13.6710557726
1779235500.540000,2026/05/20-08:05:00.540,15.3900065104
1779235500.740000,2026/05/20-08:05:00.740,13.508859592
1779235500.950000,2026/05/20-08:05:00.950,13.926953125
1779235501.220000,2026/05/20-08:05:01.220,15.3056206597
1779235501.420000,2026/05/20-08:05:01.420,15.5631618924
1779235501.620000,2026/05/20-08:05:01.620,13.0496690538
1779235501.820000,2026/05/20-08:05:01.820,12.1236165365
1779235502.020000,2026/05/20-08:05:02.020,12.4485568576
1779235502.230000,2026/05/20-08:05:02.230,12.4408854167
1779235502.500000,2026/05/20-08:05:02.500,14.747797309
1779235502.700000,2026/05/20-08:05:02.700,14.3362792969
1779235502.900000,2026/05/20-08:05:02.900,13.3335123698
1779235503.100000,2026/05/20-08:05:03.100,14.1647677951
1779235503.300000,2026/05/20-08:05:03.300,14.4469672309
1779235503.560000,2026/05/20-08:05:03.560,13.4162543403
1779235503.780000,2026/05/20-08:05:03.780,14.3899793837
1779235503.980000,2026/05/20-08:05:03.980,14.1247667101
1779235504.180000,2026/05/20-08:05:04.180,14.4360080295
1779235504.380000,2026/05/20-08:05:04.380,14.1987413194
1779235504.580000,2026/05/20-08:05:04.580,12.5439019097
1779235504.840000,2026/05/20-08:05:04.840,14.1735351562
1779235505.060000,2026/05/20-08:05:05.060,12.1921115451
1779235505.260000,2026/05/20-08:05:05.260,13.998187934
1779235505.460000,2026/05/20-08:05:05.460,14.1505208333
1779235505.660000,2026/05/20-08:05:05.660,15.1647949219
1779235505.860000,2026/05/20-08:05:05.860,13.7570855035
1779235506.110000,2026/05/20-08:05:06.110,14.5768337674
1779235506.300000,2026/05/20-08:05:06.300,14.4272406684
1779235506.500000,2026/05/20-08:05:06.500,13.9099663628
1779235506.700000,2026/05/20-08:05:06.700,13.074875217
1779235506.900000,2026/05/20-08:05:06.900,14.4102539062
1779235507.100000,2026/05/20-08:05:07.100,13.3384440104
1779235507.360000,2026/05/20-08:05:07.360,14.6179307726
1779235507.540000,2026/05/20-08:05:07.540,12.9208984375
1779235507.740000,2026/05/20-08:05:07.740,14.9488986545
1779235507.940000,2026/05/20-08:05:07.940,13.6321506076
1779235508.140000,2026/05/20-08:05:08.140,15.0086263021
1779235508.340000,2026/05/20-08:05:08.340,14.8710883247
1779235508.610000,2026/05/20-08:05:08.610,13.7143446181
1779235508.820000,2026/05/20-08:05:08.820,13.342827691
1779235509.020000,2026/05/20-08:05:09.020,14.005859375
1779235509.220000,2026/05/20-08:05:09.220,13.7839355469
1779235509.420000,2026/05/20-08:05:09.420,13.303922526
1779235509.620000,2026/05/20-08:05:09.620,14.9976671007
1779235509.870000,2026/05/20-08:05:09.870,13.5296820747
1779235510.060000,2026/05/20-08:05:10.060,12.8326768663
1779235510.260000,2026/05/20-08:05:10.260,14.4097059462
1779235510.460000,2026/05/20-08:05:10.460,14.6069715712
1779235510.660000,2026/05/20-08:05:10.660,15.0491753472
1779235510.860000,2026/05/20-08:05:10.860,13.5203667535
1779235511.140000,2026/05/20-08:05:11.140,14.3729926215
1779235511.340000,2026/05/20-08:05:11.340,15.0995876736
1779235511.540000,2026/05/20-08:05:11.540,13.3203613281
1779235511.740000,2026/05/20-08:05:11.740,13.4540635851
1779235511.940000,2026/05/20-08:05:11.940,15.0842447917
1779235512.160000,2026/05/20-08:05:12.160,13.9225694444
1779235512.420000,2026/05/20-08:05:12.420,13.7894151476
1779235512.620000,2026/05/20-08:05:12.620,14.4891601562
1779235512.820000,2026/05/20-08:05:12.820,13.974077691
1779235513.020000,2026/05/20-08:05:13.020,14.1001085069
1779235513.220000,2026/05/20-08:05:13.220,13.4107747396
1779235513.470000,2026/05/20-08:05:13.470,14.1894259983
1779235513.700000,2026/05/20-08:05:13.700,13.1872070313
1779235513.900000,2026/05/20-08:05:13.900,13.1318630642
1779235514.100000,2026/05/20-08:05:14.100,14.7346462674
1779235514.300000,2026/05/20-08:05:14.300,13.5296820747
1779235514.500000,2026/05/20-08:05:14.500,13.0989854601
1779235514.760000,2026/05/20-08:05:14.760,14.700124783
1779235514.980000,2026/05/20-08:05:14.980,14.5379286024
1779235515.180000,2026/05/20-08:05:15.180,13.2074815538
1779235515.380000,2026/05/20-08:05:15.380,14.7538248698
1779235515.580000,2026/05/20-08:05:15.580,13.4239257813
1779235515.780000,2026/05/20-08:05:15.780,14.5697102865
1779235516.050000,2026/05/20-08:05:16.050,14.5713541667
1779235516.260000,2026/05/20-08:05:16.260,12.4704752604
1779235516.460000,2026/05/20-08:05:16.460,13.484749349
1779235516.660000,2026/05/20-08:05:16.660,14.2710720486
1779235516.860000,2026/05/20-08:05:16.860,13.3888563368
1779235517.060000,2026/05/20-08:05:17.060,14.6809461806
1779235517.310000,2026/05/20-08:05:17.310,13.8990071615
1779235517.500000,2026/05/20-08:05:17.500,14.0431206597
1779235517.700000,2026/05/20-08:05:17.700,14.3362792969
1779235517.900000,2026/05/20-08:05:17.900,12.404172092
1779235518.100000,2026/05/20-08:05:18.100,14.5066948785
1779235518.300000,2026/05/20-08:05:18.300,14.3165527344
1779235518.580000,2026/05/20-08:05:18.580,15.2354817708
1779235518.780000,2026/05/20-08:05:18.780,15.22890625
1779235518.980000,2026/05/20-08:05:18.980,14.3061414931
1779235519.180000,2026/05/20-08:05:19.180,13.8507866753
1779235519.380000,2026/05/20-08:05:19.380,14.4814887153
1779235519.580000,2026/05/20-08:05:19.580,13.6650282118
1779235519.820000,2026/05/20-08:05:19.820,15.3127441406
1779235520.020000,2026/05/20-08:05:20.020,13.9066786024
1779235520.220000,2026/05/20-08:05:20.220,12.7537706163
1779235520.420000,2026/05/20-08:05:20.420,15.5790527344
1779235520.620000,2026/05/20-08:05:20.620,13.9253092448
1779235520.820000,2026/05/20-08:05:20.820,14.2338107639
1779235521.100000,2026/05/20-08:05:21.100,12.6792480469
1779235521.300000,2026/05/20-08:05:21.300,13.3636501736
1779235521.500000,2026/05/20-08:05:21.500,13.7576334635
1779235521.700000,2026/05/20-08:05:21.700,13.2315917969
1779235521.900000,2026/05/20-08:05:21.900,13.6699598524
1779235522.100000,2026/05/20-08:05:22.100,14.4354600694
1779235522.380000,2026/05/20-08:05:22.380,14.2880588108
1779235522.580000,2026/05/20-08:05:22.580,13.9280490451
1779235522.780000,2026/05/20-08:05:22.780,13.3318684896
1779235522.980000,2026/05/20-08:05:22.980,13.1702202691
1779235523.180000,2026/05/20-08:05:23.180,13.2365234375
1779235523.390000,2026/05/20-08:05:23.390,14.9313639323
1779235523.660000,2026/05/20-08:05:23.660,13.5263943142
1779235523.860000,2026/05/20-08:05:23.860,14.7861545139
1779235524.060000,2026/05/20-08:05:24.060,14.8004014757
1779235524.260000,2026/05/20-08:05:24.260,12.8518554687
1779235524.460000,2026/05/20-08:05:24.460,14.1899739583
1779235524.670000,2026/05/20-08:05:24.670,13.659000651
1779235524.940000,2026/05/20-08:05:24.940,13.4984483507
1779235525.140000,2026/05/20-08:05:25.140,14.2140842014
1779235525.340000,2026/05/20-08:05:25.340,13.6831108941
1779235525.540000,2026/05/20-08:05:25.540,14.9220486111
1779235525.740000,2026/05/20-08:05:25.740,14.5165581597
1779235525.960000,2026/05/20-08:05:25.960,14.053531901
1779235526.220000,2026/05/20-08:05:26.220,13.7318793403
1779235526.420000,2026/05/20-08:05:26.420,15.2639756944
1779235526.620000,2026/05/20-08:05:26.620,14.2168240017
1779235526.820000,2026/05/20-08:05:26.820,14.0420247396
1779235527.020000,2026/05/20-08:05:27.020,13.8184570312
1779235527.240000,2026/05/20-08:05:27.240,14.9828721788
1779235527.500000,2026/05/20-08:05:27.500,14.4272406684
1779235527.700000,2026/05/20-08:05:27.700,14.8387586806
1779235527.900000,2026/05/20-08:05:27.900,13.8201009115
1779235528.100000,2026/05/20-08:05:28.100,13.5620117187
1779235528.300000,2026/05/20-08:05:28.300,14.7954698351
1779235528.580000,2026/05/20-08:05:28.580,14.1598361545
1779235528.780000,2026/05/20-08:05:28.780,14.8245117187
1779235528.980000,2026/05/20-08:05:28.980,14.3784722222
1779235529.180000,2026/05/20-08:05:29.180,14.1012044271
1779235529.380000,2026/05/20-08:05:29.380,14.1033962674
1779235529.580000,2026/05/20-08:05:29.580,13.6885904948
1779235529.830000,2026/05/20-08:05:29.830,12.8480197483
1779235530.020000,2026/05/20-08:05:30.020,13.374609375
1779235530.220000,2026/05/20-08:05:30.220,13.2140570747
1779235530.420000,2026/05/20-08:05:30.420,13.9921603733
1779235530.620000,2026/05/20-08:05:30.620,13.501188151
1779235530.820000,2026/05/20-08:05:30.820,14.8382107205
1779235531.100000,2026/05/20-08:05:31.100,14.4672417535
1779235531.300000,2026/05/20-08:05:31.300,13.9379123264
1779235531.500000,2026/05/20-08:05:31.500,13.96640625
1779235531.700000,2026/05/20-08:05:31.700,14.7012207031
1779235531.900000,2026/05/20-08:05:31.900,13.674343533
1779235532.100000,2026/05/20-08:05:32.100,14.9910915799
1779235532.350000,2026/05/20-08:05:32.350,14.0836697049
1779235532.540000,2026/05/20-08:05:32.540,13.9554470486
1779235532.740000,2026/05/20-08:05:32.740,14.345046658
1779235532.940000,2026/05/20-08:05:32.940,13.6683159722
1779235533.140000,2026/05/20-08:05:33.140,14.8004014757
1779235533.340000,2026/05/20-08:05:33.340,14.6365614149
1779235533.600000,2026/05/20-08:05:33.600,13.2540581597
1779235533.820000,2026/05/20-08:05:33.820,13.1241916233
1779235534.020000,2026/05/20-08:05:34.020,15.3105523003
1779235534.220000,2026/05/20-08:05:34.220,15.5971354167
1779235534.420000,2026/05/20-08:05:34.420,12.2233452691
1779235534.620000,2026/05/20-08:05:34.620,14.194905599
1779235534.870000,2026/05/20-08:05:34.870,13.232687717
1779235535.100000,2026/05/20-08:05:35.100,13.1214518229
1779235535.300000,2026/05/20-08:05:35.300,14.0710666233
1779235535.500000,2026/05/20-08:05:35.500,12.9587076823
1779235535.700000,2026/05/20-08:05:35.700,14.1888780382
1779235535.900000,2026/05/20-08:05:35.900,14.6699869792
1779235536.160000,2026/05/20-08:05:36.160,14.0173665365
1779235536.380000,2026/05/20-08:05:36.380,15.0886284722
1779235536.580000,2026/05/20-08:05:36.580,14.4371039497
1779235536.780000,2026/05/20-08:05:36.780,13.8129774306
1779235536.980000,2026/05/20-08:05:36.980,14.747797309
1779235537.180000,2026/05/20-08:05:37.180,14.605327691
1779235537.450000,2026/05/20-08:05:37.450,13.7779079861
1779235537.660000,2026/05/20-08:05:37.660,14.589436849
1779235537.860000,2026/05/20-08:05:37.860,14.4464192708
1779235538.060000,2026/05/20-08:05:38.060,13.9548990885
1779235538.260000,2026/05/20-08:05:38.260,14.0546278212
1779235538.460000,2026/05/20-08:05:38.460,13.6995496962
1779235538.740000,2026/05/20-08:05:38.740,14.2316189236
1779235538.940000,2026/05/20-08:05:38.940,13.1915907118
1779235539.140000,2026/05/20-08:05:39.140,14.384499783
1779235539.340000,2026/05/20-08:05:39.340,14.2995659722
1779235539.540000,2026/05/20-08:05:39.540,14.0091471354
1779235539.740000,2026/05/20-08:05:39.740,14.7445095486
1779235540.060000,2026/05/20-08:05:40.060,12.6370551215
1779235540.260000,2026/05/20-08:05:40.260,13.80859375
1779235540.460000,2026/05/20-08:05:40.460,12.6787000868
1779235540.660000,2026/05/20-08:05:40.660,13.1784396701
1779235540.860000,2026/05/20-08:05:40.860,14.3050455729
1779235541.080000,2026/05/20-08:05:41.080,14.2727159288
1779235541.300000,2026/05/20-08:05:41.300,14.423952908
1779235541.500000,2026/05/20-08:05:41.500,14.1866861979
1779235541.700000,2026/05/20-08:05:41.700,13.5044759115
1779235541.900000,2026/05/20-08:05:41.900,14.7006727431
1779235542.100000,2026/05/20-08:05:42.100,13.382280816
1779235542.320000,2026/05/20-08:05:42.320,13.7932508681
1779235542.540000,2026/05/20-08:05:42.540,14.2255913628
1779235542.740000,2026/05/20-08:05:42.740,14.2080566406
1779235542.940000,2026/05/20-08:05:42.940,13.7959906684
1779235543.140000,2026/05/20-08:05:43.140,13.9806532118
1779235543.340000,2026/05/20-08:05:43.340,14.7834147135
1779235543.550000,2026/05/20-08:05:43.550,14.4738172743
1779235543.780000,2026/05/20-08:05:43.780,13.855718316
1779235543.980000,2026/05/20-08:05:43.980,13.2036458333
1779235544.180000,2026/05/20-08:05:44.180,13.7642089844
1779235544.380000,2026/05/20-08:05:44.380,14.9039659288
1779235544.580000,2026/05/20-08:05:44.580,14.2650444878
1779235544.800000,2026/05/20-08:05:44.800,13.2343315972
1779235545.020000,2026/05/20-08:05:45.020,13.6337944878
1779235545.220000,2026/05/20-08:05:45.220,13.8327039931
1779235545.420000,2026/05/20-08:05:45.420,15.062874349
1779235545.620000,2026/05/20-08:05:45.620,14.9834201389
1779235545.820000,2026/05/20-08:05:45.820,14.9549262153
1779235546.060000,2026/05/20-08:05:46.060,13.0732313368
1779235546.300000,2026/05/20-08:05:46.300,14.6623155382
1779235546.500000,2026/05/20-08:05:46.500,14.2940863715
1779235546.700000,2026/05/20-08:05:46.700,13.4666666667
1779235546.900000,2026/05/20-08:05:46.900,12.9598036024
1779235547.100000,2026/05/20-08:05:47.100,13.5970811632
1779235547.350000,2026/05/20-08:05:47.350,13.7757161458
1779235547.540000,2026/05/20-08:05:47.540,15.0683539497
1779235547.740000,2026/05/20-08:05:47.740,13.8348958333
1779235547.940000,2026/05/20-08:05:47.940,13.9088704427
1779235548.140000,2026/05/20-08:05:48.140,15.4519259983
1779235548.340000,2026/05/20-08:05:48.340,14.0332573785
1779235548.600000,2026/05/20-08:05:48.600,13.1028211806
1779235548.820000,2026/05/20-08:05:48.820,14.9225965712
1779235549.020000,2026/05/20-08:05:49.020,14.4683376736
1779235549.220000,2026/05/20-08:05:49.220,14.8321831597
1779235549.420000,2026/05/20-08:05:49.420,13.7740722656
1779235549.620000,2026/05/20-08:05:49.620,14.9510904948
1779235549.880000,2026/05/20-08:05:49.880,13.1724121094
1779235550.060000,2026/05/20-08:05:50.060,14.2705240885
1779235550.260000,2026/05/20-08:05:50.260,13.4414605035
1779235550.460000,2026/05/20-08:05:50.460,14.6206705729
1779235550.660000,2026/05/20-08:05:50.660,13.2524142795
1779235550.860000,2026/05/20-08:05:50.860,14.4738172743
1779235551.140000,2026/05/20-08:05:51.140,14.8277994792
1779235551.340000,2026/05/20-08:05:51.340,14.2590169271
1779235551.540000,2026/05/20-08:05:51.540,12.9570638021
1779235551.740000,2026/05/20-08:05:51.740,14.0447645399
1779235551.940000,2026/05/20-08:05:51.940,14.2420301649
1779235552.140000,2026/05/20-08:05:52.140,14.2162760417
1779235552.420000,2026/05/20-08:05:52.420,14.9960232205
1779235552.620000,2026/05/20-08:05:52.620,14.4206651476
1779235552.820000,2026/05/20-08:05:52.820,13.8146213108
1779235553.020000,2026/05/20-08:05:53.020,13.6491373698
1779235553.220000,2026/05/20-08:05:53.220,13.3713216146
1779235553.450000,2026/05/20-08:05:53.450,14.7768391927
1779235553.700000,2026/05/20-08:05:53.700,14.6935492622
1779235553.900000,2026/05/20-08:05:53.900,14.6250542535
1779235554.100000,2026/05/20-08:05:54.100,13.4814615885
1779235554.300000,2026/05/20-08:05:54.300,14.5888888889
1779235554.500000,2026/05/20-08:05:54.500,13.3707736545
1779235554.710000,2026/05/20-08:05:54.710,12.7614420573
1779235554.940000,2026/05/20-08:05:54.940,13.342827691
1779235555.140000,2026/05/20-08:05:55.140,14.9932834201
1779235555.340000,2026/05/20-08:05:55.340,14.2935384115
1779235555.540000,2026/05/20-08:05:55.540,13.9538031684
1779235555.740000,2026/05/20-08:05:55.740,13.7642089844
1779235555.950000,2026/05/20-08:05:55.950,13.6869466146
1779235556.220000,2026/05/20-08:05:56.220,14.9878038194
1779235556.420000,2026/05/20-08:05:56.420,13.7181803385
1779235556.620000,2026/05/20-08:05:56.620,14.0875054253
1779235556.820000,2026/05/20-08:05:56.820,14.1916178385
1779235557.020000,2026/05/20-08:05:57.020,13.753249783
1779235557.270000,2026/05/20-08:05:57.270,14.8562934028
1779235557.500000,2026/05/20-08:05:57.500,13.7494140625
1779235557.700000,2026/05/20-08:05:57.700,14.345046658
1779235557.900000,2026/05/20-08:05:57.900,13.540093316
1779235558.100000,2026/05/20-08:05:58.100,14.0940809462
1779235558.300000,2026/05/20-08:05:58.300,12.1521104601
1779235558.570000,2026/05/20-08:05:58.570,14.2853190104
1779235558.780000,2026/05/20-08:05:58.780,14.0491482205
1779235558.980000,2026/05/20-08:05:58.980,14.1499728733
1779235559.180000,2026/05/20-08:05:59.180,13.8990071615
1779235559.380000,2026/05/20-08:05:59.380,14.0233940972
1779235559.580000,2026/05/20-08:05:59.580,13.3472113715
1779235559.860000,2026/05/20-08:05:59.860,13.4820095486
1779235560.060000,2026/05/20-08:06:00.060,13.7916069878
1779235560.260000,2026/05/20-08:06:00.260,14.2173719618
1779235560.460000,2026/05/20-08:06:00.460,14.7373860677
1779235560.660000,2026/05/20-08:06:00.660,13.6557128906
1779235560.860000,2026/05/20-08:06:00.860,14.9867078993
1779235561.140000,2026/05/20-08:06:01.140,13.2233723958
1779235561.340000,2026/05/20-08:06:01.340,15.3812391493
1779235561.540000,2026/05/20-08:06:01.540,14.4897081163
1779235561.740000,2026/05/20-08:06:01.740,14.3198404948
1779235561.940000,2026/05/20-08:06:01.940,14.5516276042
1779235562.150000,2026/05/20-08:06:02.150,14.6403971354
1779235562.420000,2026/05/20-08:06:02.420,13.8222927517
1779235562.620000,2026/05/20-08:06:02.620,14.0886013455
1779235562.820000,2026/05/20-08:06:02.820,14.3861436632
1779235563.020000,2026/05/20-08:06:03.020,14.2091525608
1779235563.220000,2026/05/20-08:06:03.220,14.5921766493
1779235563.430000,2026/05/20-08:06:03.430,13.9148980035
1779235563.700000,2026/05/20-08:06:03.700,14.0672309028
1779235563.900000,2026/05/20-08:06:03.900,15.102875434
1779235564.100000,2026/05/20-08:06:04.100,13.6480414497
1779235564.300000,2026/05/20-08:06:04.300,14.1154513889
1779235564.500000,2026/05/20-08:06:04.500,14.0496961806
1779235564.750000,2026/05/20-08:06:04.750,14.4283365885
1779235564.980000,2026/05/20-08:06:04.980,15.5100097656
1779235565.180000,2026/05/20-08:06:05.180,13.1598090278
1779235565.380000,2026/05/20-08:06:05.380,14.2360026042
1779235565.580000,2026/05/20-08:06:05.580,13.7861273872
1779235565.780000,2026/05/20-08:06:05.780,13.7488661024
1779235566.050000,2026/05/20-08:06:06.050,13.6644802517
1779235566.260000,2026/05/20-08:06:06.260,13.7587293837
1779235566.460000,2026/05/20-08:06:06.460,14.6223144531
1779235566.660000,2026/05/20-08:06:06.660,12.8030870226
1779235566.860000,2026/05/20-08:06:06.860,13.9357204861
1779235567.060000,2026/05/20-08:06:07.060,13.4979003906
1779235567.340000,2026/05/20-08:06:07.340,12.3417046441
1779235567.540000,2026/05/20-08:06:07.540,13.7400987413
1779235567.740000,2026/05/20-08:06:07.740,13.1663845486
1779235567.940000,2026/05/20-08:06:07.940,13.4584472656
1779235568.140000,2026/05/20-08:06:08.140,14.2179199219
1779235568.340000,2026/05/20-08:06:08.340,13.8820203993
1779235568.590000,2026/05/20-08:06:08.590,14.1543565538
1779235568.780000,2026/05/20-08:06:08.780,15.3911024306
1779235568.980000,2026/05/20-08:06:08.980,15.0387641059
1779235569.180000,2026/05/20-08:06:09.180,14.0305175781
1779235569.380000,2026/05/20-08:06:09.380,14.3916232639
1779235569.580000,2026/05/20-08:06:09.580,11.5482584635
1779235569.830000,2026/05/20-08:06:09.830,14.1055881076
1779235570.020000,2026/05/20-08:06:10.020,13.4200900608
1779235570.220000,2026/05/20-08:06:10.220,13.6535210503
1779235570.420000,2026/05/20-08:06:10.420,13.9839409722
1779235570.620000,2026/05/20-08:06:10.620,14.5856011285
1779235570.820000,2026/05/20-08:06:10.820,14.6234103733
1779235571.080000,2026/05/20-08:06:11.080,14.1609320747
1779235571.300000,2026/05/20-08:06:11.300,13.706125217
1779235571.500000,2026/05/20-08:06:11.500,14.1379177517
1779235571.700000,2026/05/20-08:06:11.700,14.2825792101
1779235571.900000,2026/05/20-08:06:11.900,14.0606553819
1779235572.100000,2026/05/20-08:06:12.100,14.8086208767
1779235572.350000,2026/05/20-08:06:12.350,14.3899793837
1779235572.540000,2026/05/20-08:06:12.540,13.6891384549
1779235572.740000,2026/05/20-08:06:12.740,14.2792914497
1779235572.940000,2026/05/20-08:06:12.940,13.9170898437
1779235573.140000,2026/05/20-08:06:13.140,13.9264051649
1779235573.340000,2026/05/20-08:06:13.340,14.8069769965
1779235573.610000,2026/05/20-08:06:13.610,14.369156901
1779235573.820000,2026/05/20-08:06:13.820,15.0146538628
1779235574.020000,2026/05/20-08:06:14.020,14.5993001302
1779235574.220000,2026/05/20-08:06:14.220,14.3160047743
1779235574.420000,2026/05/20-08:06:14.420,14.195453559
1779235574.620000,2026/05/20-08:06:14.620,13.3631022135
1779235574.880000,2026/05/20-08:06:14.880,14.3992947049
1779235575.100000,2026/05/20-08:06:15.100,14.7757432726
1779235575.300000,2026/05/20-08:06:15.300,12.8682942708
1779235575.500000,2026/05/20-08:06:15.500,13.485297309
1779235575.700000,2026/05/20-08:06:15.700,14.1828504774
1779235575.900000,2026/05/20-08:06:15.900,14.1729871962
1779235576.160000,2026/05/20-08:06:16.160,13.9466796875
1779235576.340000,2026/05/20-08:06:16.340,13.1022732205
1779235576.540000,2026/05/20-08:06:16.540,13.5724229601
1779235576.740000,2026/05/20-08:06:16.740,15.2617838542
1779235576.940000,2026/05/20-08:06:16.940,14.8793077257
1779235577.140000,2026/05/20-08:06:17.140,14.5571072049
1779235577.390000,2026/05/20-08:06:17.390,13.6672200521
1779235577.620000,2026/05/20-08:06:17.620,15.4502821181
1779235577.820000,2026/05/20-08:06:17.820,13.3028266059
1779235578.020000,2026/05/20-08:06:18.020,13.7116048177
1779235578.220000,2026/05/20-08:06:18.220,14.3269639757
1779235578.420000,2026/05/20-08:06:18.420,15.0579427083
1779235578.710000,2026/05/20-08:06:18.710,14.1433973524
1779235578.900000,2026/05/20-08:06:18.900,13.3718695747
1779235579.100000,2026/05/20-08:06:19.100,13.5680392795
1779235579.300000,2026/05/20-08:06:19.300,13.580094401
1779235579.500000,2026/05/20-08:06:19.500,14.9987630208
1779235579.700000,2026/05/20-08:06:19.700,14.2403862847
1779235579.950000,2026/05/20-08:06:19.950,13.7285915799
1779235580.140000,2026/05/20-08:06:20.140,14.3466905382
1779235580.340000,2026/05/20-08:06:20.340,14.7193033854
1779235580.540000,2026/05/20-08:06:20.540,14.0075032552
1779235580.740000,2026/05/20-08:06:20.740,13.3472113715
1779235580.940000,2026/05/20-08:06:20.940,13.8129774306
1779235581.220000,2026/05/20-08:06:21.220,13.8157172309
1779235581.420000,2026/05/20-08:06:21.420,15.2809624566
1779235581.620000,2026/05/20-08:06:21.620,14.6360134549
1779235581.820000,2026/05/20-08:06:21.820,14.3801161024
1779235582.020000,2026/05/20-08:06:22.020,14.3461425781
1779235582.220000,2026/05/20-08:06:22.220,13.5357096354
1779235582.500000,2026/05/20-08:06:22.500,14.4277886285
1779235582.700000,2026/05/20-08:06:22.700,13.9379123264
1779235582.900000,2026/05/20-08:06:22.900,13.895171441
1779235583.100000,2026/05/20-08:06:23.100,13.926953125
1779235583.300000,2026/05/20-08:06:23.300,13.0189832899
1779235583.530000,2026/05/20-08:06:23.530,14.6612196181
1779235583.780000,2026/05/20-08:06:23.780,14.0277777778
1779235583.980000,2026/05/20-08:06:23.980,14.0666829427
1779235584.180000,2026/05/20-08:06:24.180,14.8239637587
1779235584.380000,2026/05/20-08:06:24.380,15.3286349826
1779235584.580000,2026/05/20-08:06:24.580,13.0995334201
1779235584.790000,2026/05/20-08:06:24.790,13.9127061632
1779235585.020000,2026/05/20-08:06:25.020,15.0908203125
1779235585.220000,2026/05/20-08:06:25.220,13.9083224826
1779235585.420000,2026/05/20-08:06:25.420,14.2058648003
1779235585.620000,2026/05/20-08:06:25.620,13.7844835069
1779235585.820000,2026/05/20-08:06:25.820,13.6600965712
1779235586.080000,2026/05/20-08:06:26.080,13.8688693576
1779235586.300000,2026/05/20-08:06:26.300,14.1192871094
1779235586.500000,2026/05/20-08:06:26.500,13.5932454427
1779235586.700000,2026/05/20-08:06:26.700,14.4595703125
1779235586.900000,2026/05/20-08:06:26.900,13.3362521701
1779235587.100000,2026/05/20-08:06:27.100,13.7822916667
1779235587.380000,2026/05/20-08:06:27.380,13.6047526042
1779235587.580000,2026/05/20-08:06:27.580,14.5494357639
1779235587.780000,2026/05/20-08:06:27.780,14.0842176649
1779235587.980000,2026/05/20-08:06:27.980,14.0880533854
1779235588.180000,2026/05/20-08:06:28.180,14.6995768229
1779235588.390000,2026/05/20-08:06:28.390,14.3077853733
1779235588.660000,2026/05/20-08:06:28.660,14.0091471354
1779235588.860000,2026/05/20-08:06:28.860,14.5116265191
1779235589.060000,2026/05/20-08:06:29.060,13.6568088108
1779235589.260000,2026/05/20-08:06:29.260,14.6760145399
1779235589.460000,2026/05/20-08:06:29.460,13.422281901
1779235589.680000,2026/05/20-08:06:29.680,13.6020128038
1779235589.940000,2026/05/20-08:06:29.940,13.9828450521
1779235590.140000,2026/05/20-08:06:30.140,13.8359917535
1779235590.340000,2026/05/20-08:06:30.340,13.8809244792
1779235590.540000,2026/05/20-08:06:30.540,15.0113661024
1779235590.740000,2026/05/20-08:06:30.740,12.8332248264
1779235591.000000,2026/05/20-08:06:31.000,14.91328125
1779235591.220000,2026/05/20-08:06:31.220,14.0031195747
1779235591.420000,2026/05/20-08:06:31.420,15.3927463108
1779235591.620000,2026/05/20-08:06:31.620,13.2573459201
1779235591.820000,2026/05/20-08:06:31.820,14.7746473524
1779235592.020000,2026/05/20-08:06:32.020,12.9844618056
1779235592.280000,2026/05/20-08:06:32.280,14.6316297743
1779235592.500000,2026/05/20-08:06:32.500,13.9291449653
1779235592.700000,2026/05/20-08:06:32.700,13.6896864149
1779235592.900000,2026/05/20-08:06:32.900,12.8628146701
1779235593.100000,2026/05/20-08:06:33.100,13.3806369358
1779235593.300000,2026/05/20-08:06:33.300,14.4579264323
1779235593.580000,2026/05/20-08:06:33.580,14.242578125
1779235593.780000,2026/05/20-08:06:33.780,14.6672471788
1779235593.980000,2026/05/20-08:06:33.980,13.7499620226
1779235594.180000,2026/05/20-08:06:34.180,13.8984592014
1779235594.380000,2026/05/20-08:06:34.380,14.3461425781
1779235594.580000,2026/05/20-08:06:34.580,12.8162380642
1779235594.860000,2026/05/20-08:06:34.860,13.8617458767
1779235595.060000,2026/05/20-08:06:35.060,15.0146538628
1779235595.260000,2026/05/20-08:06:35.260,14.0853135851
1779235595.460000,2026/05/20-08:06:35.460,13.5822862413
1779235595.660000,2026/05/20-08:06:35.660,13.6787272135
1779235595.870000,2026/05/20-08:06:35.870,14.9828721788
1779235596.140000,2026/05/20-08:06:36.140,13.7570855035
1779235596.340000,2026/05/20-08:06:36.340,14.3264160156
1779235596.540000,2026/05/20-08:06:36.540,14.7138237847
1779235596.740000,2026/05/20-08:06:36.740,13.6365342882
1779235596.940000,2026/05/20-08:06:36.940,12.9291178385
1779235597.170000,2026/05/20-08:06:37.170,14.7565646701
1779235597.420000,2026/05/20-08:06:37.420,13.6299587674
1779235597.620000,2026/05/20-08:06:37.620,13.0326822917
1779235597.820000,2026/05/20-08:06:37.820,12.901171875
1779235598.020000,2026/05/20-08:06:38.020,14.345046658
1779235598.220000,2026/05/20-08:06:38.220,14.7132758247
1779235598.450000,2026/05/20-08:06:38.450,14.368608941
1779235598.700000,2026/05/20-08:06:38.700,12.4611599392
1779235598.900000,2026/05/20-08:06:38.900,13.4414605035
1779235599.100000,2026/05/20-08:06:39.100,14.1521647135
1779235599.300000,2026/05/20-08:06:39.300,14.6464246962
1779235599.500000,2026/05/20-08:06:39.500,14.9943793403
1779235599.720000,2026/05/20-08:06:39.720,13.9938042535
1779235599.980000,2026/05/20-08:06:39.980,15.9571451823
1779235600.180000,2026/05/20-08:06:40.180,13.050764974
1779235600.380000,2026/05/20-08:06:40.380,14.1527126736
1779235600.580000,2026/05/20-08:06:40.580,15.1653428819
1779235600.780000,2026/05/20-08:06:40.780,13.7828396267
1779235601.010000,2026/05/20-08:06:41.010,14.4075141059
1779235601.260000,2026/05/20-08:06:41.260,14.3110731337
1779235601.460000,2026/05/20-08:06:41.460,13.7384548611
1779235601.660000,2026/05/20-08:06:41.660,14.6069715712
1779235601.860000,2026/05/20-08:06:41.860,13.7033854167
1779235602.060000,2026/05/20-08:06:42.060,14.4392957899
1779235602.310000,2026/05/20-08:06:42.310,14.9631456163
1779235602.540000,2026/05/20-08:06:42.540,13.8195529514
1779235602.740000,2026/05/20-08:06:42.740,14.0650390625
1779235602.940000,2026/05/20-08:06:42.940,14.1631239149
1779235603.140000,2026/05/20-08:06:43.140,14.7910861545
1779235603.340000,2026/05/20-08:06:43.340,14.4491590712
1779235603.600000,2026/05/20-08:06:43.600,14.6223144531
1779235603.820000,2026/05/20-08:06:43.820,14.0990125868
1779235604.020000,2026/05/20-08:06:44.020,13.8781846788
1779235604.220000,2026/05/20-08:06:44.220,14.9428710937
1779235604.420000,2026/05/20-08:06:44.420,14.5116265191
1779235604.620000,2026/05/20-08:06:44.620,14.9088975694
1779235604.880000,2026/05/20-08:06:44.880,12.4365017361
1779235605.060000,2026/05/20-08:06:45.060,13.8551703559
1779235605.260000,2026/05/20-08:06:45.260,14.1275065104
1779235605.460000,2026/05/20-08:06:45.460,14.7067003038
1779235605.660000,2026/05/20-08:06:45.660,13.3609103733
1779235605.860000,2026/05/20-08:06:45.860,13.4858452691
1779235606.140000,2026/05/20-08:06:46.140,14.9680772569
1779235606.340000,2026/05/20-08:06:46.340,12.5444498698
1779235606.540000,2026/05/20-08:06:46.540,14.4108018663
1779235606.740000,2026/05/20-08:06:46.740,14.0502441406
1779235606.940000,2026/05/20-08:06:46.940,13.7702365451
1779235607.150000,2026/05/20-08:06:47.150,14.4984754774
1779235607.420000,2026/05/20-08:06:47.420,14.0781901042
1779235607.620000,2026/05/20-08:06:47.620,13.035422092
1779235607.820000,2026/05/20-08:06:47.820,14.2869628906
1779235608.020000,2026/05/20-08:06:48.020,13.9302408854
1779235608.220000,2026/05/20-08:06:48.220,14.2781955295
1779235608.440000,2026/05/20-08:06:48.440,13.5296820747
1779235608.700000,2026/05/20-08:06:48.700,13.4737901476
1779235608.900000,2026/05/20-08:06:48.900,13.6579047309
1779235609.100000,2026/05/20-08:06:49.100,14.0836697049
1779235609.300000,2026/05/20-08:06:49.300,14.1609320747
1779235609.500000,2026/05/20-08:06:49.500,14.1072319878
1779235609.720000,2026/05/20-08:06:49.720,13.6995496962
1779235609.940000,2026/05/20-08:06:49.940,13.7631130642
1779235610.140000,2026/05/20-08:06:50.140,13.8239366319
1779235610.340000,2026/05/20-08:06:50.340,14.1883300781
1779235610.540000,2026/05/20-08:06:50.540,14.7675238715
1779235610.740000,2026/05/20-08:06:50.740,14.3094292535
1779235610.990000,2026/05/20-08:06:50.990,14.5214898003
1779235611.220000,2026/05/20-08:06:51.220,13.6447536892
1779235611.420000,2026/05/20-08:06:51.420,13.9844889323
1779235611.620000,2026/05/20-08:06:51.620,15.5154893663
1779235611.820000,2026/05/20-08:06:51.820,14.9028700087
1779235612.020000,2026/05/20-08:06:52.020,14.4623101128
1779235612.280000,2026/05/20-08:06:52.280,14.1620279948
1779235612.500000,2026/05/20-08:06:52.500,15.0776692708
1779235612.700000,2026/05/20-08:06:52.700,13.6710557726
1779235612.900000,2026/05/20-08:06:52.900,13.8014702691
1779235613.100000,2026/05/20-08:06:53.100,13.3526909722
1779235613.300000,2026/05/20-08:06:53.300,14.3258680556
1779235613.560000,2026/05/20-08:06:53.560,14.7647840712
1779235613.780000,2026/05/20-08:06:53.780,15.4645290799
1779235613.980000,2026/05/20-08:06:53.980,13.7105088976
1779235614.180000,2026/05/20-08:06:54.180,13.8233886719
1779235614.380000,2026/05/20-08:06:54.380,14.3620334201
1779235614.580000,2026/05/20-08:06:54.580,15.3527452257
1779235614.840000,2026/05/20-08:06:54.840,13.8590060764
1779235615.060000,2026/05/20-08:06:55.060,13.1115885417
1779235615.260000,2026/05/20-08:06:55.260,14.8710883247
1779235615.460000,2026/05/20-08:06:55.460,14.9078016493
1779235615.660000,2026/05/20-08:06:55.660,13.7844835069
1779235615.860000,2026/05/20-08:06:55.860,14.1176432292
1779235616.140000,2026/05/20-08:06:56.140,14.9094455295
1779235616.340000,2026/05/20-08:06:56.340,14.7965657552
1779235616.540000,2026/05/20-08:06:56.540,12.9893934462
1779235616.740000,2026/05/20-08:06:56.740,13.5280381944
1779235616.940000,2026/05/20-08:06:56.940,13.2518663194
1779235617.140000,2026/05/20-08:06:57.140,12.9099392361
1779235617.420000,2026/05/20-08:06:57.420,14.5719021267
1779235617.620000,2026/05/20-08:06:57.620,14.5877929687
1779235617.820000,2026/05/20-08:06:57.820,14.6108072917
1779235618.020000,2026/05/20-08:06:58.020,14.7593044705
1779235618.220000,2026/05/20-08:06:58.220,12.8945963542
1779235618.430000,2026/05/20-08:06:58.430,15.5275444878
1779235618.740000,2026/05/20-08:06:58.740,14.7434136285
1779235618.940000,2026/05/20-08:06:58.940,13.8190049913
1779235619.140000,2026/05/20-08:06:59.140,14.6310818142
1779235619.340000,2026/05/20-08:06:59.340,14.0979166667
1779235619.540000,2026/05/20-08:06:59.540,13.8047580295
1779235619.770000,2026/05/20-08:06:59.770,14.5812174479
1779235620.020000,2026/05/20-08:07:00.020,13.4009114583
1779235620.220000,2026/05/20-08:07:00.220,14.6513563368
1779235620.420000,2026/05/20-08:07:00.420,14.5998480903
1779235620.620000,2026/05/20-08:07:00.620,14.0502441406
1779235620.820000,2026/05/20-08:07:00.820,13.6748914931
1779235621.030000,2026/05/20-08:07:01.030,14.3494303385
1779235621.260000,2026/05/20-08:07:01.260,14.4979275174
1779235621.460000,2026/05/20-08:07:01.460,13.5126953125
1779235621.660000,2026/05/20-08:07:01.660,13.8968153212
1779235621.860000,2026/05/20-08:07:01.860,13.8661295573
1779235622.060000,2026/05/20-08:07:02.060,14.1368218316
1779235622.280000,2026/05/20-08:07:02.280,14.4579264323
1779235622.540000,2026/05/20-08:07:02.540,14.5888888889
1779235622.740000,2026/05/20-08:07:02.740,14.2420301649
1779235622.940000,2026/05/20-08:07:02.940,13.4403645833
1779235623.140000,2026/05/20-08:07:03.140,13.6151638455
1779235623.340000,2026/05/20-08:07:03.340,13.5170789931
1779235623.560000,2026/05/20-08:07:03.560,14.029421658
1779235623.820000,2026/05/20-08:07:03.820,13.3872124566
1779235624.020000,2026/05/20-08:07:04.020,13.659000651
1779235624.220000,2026/05/20-08:07:04.220,14.1050401476
1779235624.420000,2026/05/20-08:07:04.420,13.9017469618
1779235624.620000,2026/05/20-08:07:04.620,13.8146213108
1779235624.870000,2026/05/20-08:07:04.870,14.8272515191
1779235625.100000,2026/05/20-08:07:05.100,14.1313422309
1779235625.300000,2026/05/20-08:07:05.300,14.6524522569
1779235625.500000,2026/05/20-08:07:05.500,14.2140842014
1779235625.700000,2026/05/20-08:07:05.700,13.571875
1779235625.900000,2026/05/20-08:07:05.900,14.6310818142
1779235626.150000,2026/05/20-08:07:06.150,14.211344401
1779235626.380000,2026/05/20-08:07:06.380,12.8995279948
1779235626.580000,2026/05/20-08:07:06.580,13.745578342
1779235626.780000,2026/05/20-08:07:06.780,13.1192599826
1779235626.980000,2026/05/20-08:07:06.980,13.2107693142
1779235627.180000,2026/05/20-08:07:07.180,13.7187282986
1779235627.400000,2026/05/20-08:07:07.400,13.5899576823
1779235627.660000,2026/05/20-08:07:07.660,14.2907986111
1779235627.860000,2026/05/20-08:07:07.860,11.9729275174
1779235628.060000,2026/05/20-08:07:08.060,14.5253255208
1779235628.260000,2026/05/20-08:07:08.260,14.5231336806
1779235628.460000,2026/05/20-08:07:08.460,14.6382052951
1779235628.750000,2026/05/20-08:07:08.750,14.6343695747
1779235628.940000,2026/05/20-08:07:08.940,14.3647732205
1779235629.140000,2026/05/20-08:07:09.140,13.0551486545
1779235629.340000,2026/05/20-08:07:09.340,14.3954589844
1779235629.540000,2026/05/20-08:07:09.540,13.6162597656
1779235629.740000,2026/05/20-08:07:09.740,15.6163140191
1779235630.000000,2026/05/20-08:07:10.000,13.5532443576
1779235630.180000,2026/05/20-08:07:10.180,14.131890191
1779235630.380000,2026/05/20-08:07:10.380,13.5932454427
1779235630.580000,2026/05/20-08:07:10.580,13.5948893229
1779235630.780000,2026/05/20-08:07:10.780,13.114328342
1779235630.980000,2026/05/20-08:07:10.980,15.3521972656
1779235631.240000,2026/05/20-08:07:11.240,14.0239420573
1779235631.460000,2026/05/20-08:07:11.460,13.3674858941
1779235631.660000,2026/05/20-08:07:11.660,14.2003851997
1779235631.860000,2026/05/20-08:07:11.860,13.3778971354
1779235632.060000,2026/05/20-08:07:12.060,13.035422092
1779235632.260000,2026/05/20-08:07:12.260,12.9515842014
1779235632.520000,2026/05/20-08:07:12.520,14.1696994358
1779235632.700000,2026/05/20-08:07:12.700,14.1138075087
1779235632.900000,2026/05/20-08:07:12.900,14.2940863715
1779235633.100000,2026/05/20-08:07:13.100,13.0798068576
1779235633.300000,2026/05/20-08:07:13.300,14.0151746962
1779235633.500000,2026/05/20-08:07:13.500,13.303922526
1779235633.730000,2026/05/20-08:07:13.730,13.9521592882
1779235633.980000,2026/05/20-08:07:13.980,14.1181911892
1779235634.180000,2026/05/20-08:07:14.180,13.7329752604
1779235634.380000,2026/05/20-08:07:14.380,14.0858615451
1779235634.580000,2026/05/20-08:07:14.580,14.5784776476
1779235634.780000,2026/05/20-08:07:14.780,14.4891601562
1779235635.040000,2026/05/20-08:07:15.040,14.5910807292
1779235635.220000,2026/05/20-08:07:15.220,14.6349175347
1779235635.420000,2026/05/20-08:07:15.420,14.5653266059
1779235635.620000,2026/05/20-08:07:15.620,12.901171875
1779235635.820000,2026/05/20-08:07:15.820,14.0721625434
1779235636.020000,2026/05/20-08:07:16.020,14.4754611545
1779235636.230000,2026/05/20-08:07:16.230,13.7959906684
1779235636.500000,2026/05/20-08:07:16.500,14.5866970486
1779235636.700000,2026/05/20-08:07:16.700,14.290250651
1779235636.900000,2026/05/20-08:07:16.900,14.747797309
1779235637.100000,2026/05/20-08:07:17.100,13.8447591146
1779235637.300000,2026/05/20-08:07:17.300,14.3264160156
1779235637.560000,2026/05/20-08:07:17.560,14.5872450087
1779235637.780000,2026/05/20-08:07:17.780,14.5850531684
1779235637.980000,2026/05/20-08:07:17.980,15.0595865885
1779235638.180000,2026/05/20-08:07:18.180,14.2973741319
1779235638.380000,2026/05/20-08:07:18.380,14.3428548177
1779235638.580000,2026/05/20-08:07:18.580,14.3209364149
1779235638.830000,2026/05/20-08:07:18.830,13.6096842448
1779235639.020000,2026/05/20-08:07:19.020,14.5636827257
1779235639.220000,2026/05/20-08:07:19.220,13.7198242187
1779235639.420000,2026/05/20-08:07:19.420,14.7116319444
1779235639.620000,2026/05/20-08:07:19.620,13.3970757378
1779235639.820000,2026/05/20-08:07:19.820,14.6256022135
1779235640.080000,2026/05/20-08:07:20.080,13.5050238715
1779235640.300000,2026/05/20-08:07:20.300,14.3571017795
1779235640.500000,2026/05/20-08:07:20.500,13.7877712674
1779235640.700000,2026/05/20-08:07:20.700,13.7735243056
1779235640.900000,2026/05/20-08:07:20.900,13.7625651042
1779235641.100000,2026/05/20-08:07:21.100,13.5932454427
1779235641.310000,2026/05/20-08:07:21.310,15.3702799479
1779235641.540000,2026/05/20-08:07:21.540,13.2041937934
1779235641.740000,2026/05/20-08:07:21.740,13.0184353299
1779235641.940000,2026/05/20-08:07:21.940,12.7548665365
1779235642.140000,2026/05/20-08:07:22.140,14.3302517361
1779235642.340000,2026/05/20-08:07:22.340,14.3746365017
1779235642.630000,2026/05/20-08:07:22.630,12.5071885851
1779235642.820000,2026/05/20-08:07:22.820,13.4288574219
1779235643.020000,2026/05/20-08:07:23.020,13.9532552083
1779235643.220000,2026/05/20-08:07:23.220,13.6233832465
1779235643.420000,2026/05/20-08:07:23.420,14.1203830295
1779235643.620000,2026/05/20-08:07:23.620,14.6891655816
1779235643.880000,2026/05/20-08:07:23.880,14.1181911892
1779235644.060000,2026/05/20-08:07:24.060,14.1214789497
1779235644.260000,2026/05/20-08:07:24.260,13.7899631076
1779235644.460000,2026/05/20-08:07:24.460,13.8918836806
1779235644.660000,2026/05/20-08:07:24.660,14.6661512587
1779235644.860000,2026/05/20-08:07:24.860,13.4984483507
1779235645.110000,2026/05/20-08:07:25.110,13.5674913194
1779235645.300000,2026/05/20-08:07:25.300,13.2217285156
1779235645.500000,2026/05/20-08:07:25.500,13.0409016927
1779235645.700000,2026/05/20-08:07:25.700,13.8601019965
1779235645.900000,2026/05/20-08:07:25.900,13.5220106337
1779235646.100000,2026/05/20-08:07:26.100,14.2535373264
1779235646.350000,2026/05/20-08:07:26.350,13.800374349
1779235646.540000,2026/05/20-08:07:26.540,13.1729600694
1779235646.740000,2026/05/20-08:07:26.740,14.1642198351
1779235646.940000,2026/05/20-08:07:26.940,13.0047363281
1779235647.140000,2026/05/20-08:07:27.140,13.9494194878
1779235647.340000,2026/05/20-08:07:27.340,14.1116156684
1779235647.600000,2026/05/20-08:07:27.600,13.0973415799
1779235647.780000,2026/05/20-08:07:27.780,14.4836805556
1779235647.980000,2026/05/20-08:07:27.980,14.4409396701
1779235648.180000,2026/05/20-08:07:28.180,12.7647298177
1779235648.380000,2026/05/20-08:07:28.380,14.6365614149
1779235648.580000,2026/05/20-08:07:28.580,14.2069607205
1779235648.840000,2026/05/20-08:07:28.840,13.6025607639
1779235649.060000,2026/05/20-08:07:29.060,13.6283148872
1779235649.260000,2026/05/20-08:07:29.260,15.4787760417
1779235649.460000,2026/05/20-08:07:29.460,13.4442003038
1779235649.660000,2026/05/20-08:07:29.660,14.5368326823
1779235649.860000,2026/05/20-08:07:29.860,14.6743706597
1779235650.110000,2026/05/20-08:07:30.110,14.7061523437
1779235650.300000,2026/05/20-08:07:30.300,13.477077908
1779235650.500000,2026/05/20-08:07:30.500,13.8601019965
1779235650.700000,2026/05/20-08:07:30.700,13.6381781684
1779235650.900000,2026/05/20-08:07:30.900,14.9768446181
1779235651.100000,2026/05/20-08:07:31.100,13.7965386285
1779235651.380000,2026/05/20-08:07:31.380,14.3384711372
1779235651.580000,2026/05/20-08:07:31.580,14.5861490885
1779235651.780000,2026/05/20-08:07:31.780,13.6305067274
1779235651.980000,2026/05/20-08:07:31.980,14.8250596788
1779235652.180000,2026/05/20-08:07:32.180,14.0716145833
1779235652.400000,2026/05/20-08:07:32.400,14.2781955295
1779235652.660000,2026/05/20-08:07:32.660,14.1532606337
1779235652.860000,2026/05/20-08:07:32.860,13.6557128906
1779235653.060000,2026/05/20-08:07:33.060,14.0814778646
1779235653.260000,2026/05/20-08:07:33.260,14.1340820312
1779235653.460000,2026/05/20-08:07:33.460,14.053531901
1779235653.680000,2026/05/20-08:07:33.680,12.9389811198
1779235653.940000,2026/05/20-08:07:33.940,13.5121473524
1779235654.140000,2026/05/20-08:07:34.140,14.3034016927
1779235654.340000,2026/05/20-08:07:34.340,13.974077691
1779235654.540000,2026/05/20-08:07:34.540,14.4376519097
1779235654.740000,2026/05/20-08:07:34.740,14.5724500868
1779235655.000000,2026/05/20-08:07:35.000,13.8195529514
1779235655.220000,2026/05/20-08:07:35.220,13.6442057292
1779235655.420000,2026/05/20-08:07:35.420,13.0814507378
1779235655.620000,2026/05/20-08:07:35.620,14.0475043403
1779235655.820000,2026/05/20-08:07:35.820,13.721468099
1779235656.020000,2026/05/20-08:07:36.020,14.8272515191
1779235656.270000,2026/05/20-08:07:36.270,13.6332465278
1779235656.500000,2026/05/20-08:07:36.500,14.4261447483
1779235656.700000,2026/05/20-08:07:36.700,13.9324327257
1779235656.900000,2026/05/20-08:07:36.900,14.6162868924
1779235657.100000,2026/05/20-08:07:37.100,13.1976182726
1779235657.300000,2026/05/20-08:07:37.300,14.329155816
1779235657.570000,2026/05/20-08:07:37.570,13.3307725694
1779235657.780000,2026/05/20-08:07:37.780,13.5674913194
1779235657.980000,2026/05/20-08:07:37.980,13.8688693576
1779235658.180000,2026/05/20-08:07:38.180,14.0918891059
1779235658.380000,2026/05/20-08:07:38.380,14.5083387587
1779235658.580000,2026/05/20-08:07:38.580,13.6535210503
1779235658.860000,2026/05/20-08:07:38.860,14.2179199219
1779235659.060000,2026/05/20-08:07:39.060,13.279812283
1779235659.260000,2026/05/20-08:07:39.260,14.7099880642
1779235659.460000,2026/05/20-08:07:39.460,13.9532552083
1779235659.660000,2026/05/20-08:07:39.660,13.935172526
1779235659.860000,2026/05/20-08:07:39.860,14.3581976997
1779235660.120000,2026/05/20-08:07:40.120,13.5187228733
1779235660.300000,2026/05/20-08:07:40.300,14.3549099392
1779235660.500000,2026/05/20-08:07:40.500,14.2540852865
1779235660.700000,2026/05/20-08:07:40.700,13.2469346788
1779235660.900000,2026/05/20-08:07:40.900,13.6781792535
1779235661.100000,2026/05/20-08:07:41.100,13.3603624132
1779235661.350000,2026/05/20-08:07:41.350,14.3192925347
1779235661.540000,2026/05/20-08:07:41.540,15.1954806858
1779235661.740000,2026/05/20-08:07:41.740,13.580094401
1779235661.940000,2026/05/20-08:07:41.940,13.8053059896
1779235662.140000,2026/05/20-08:07:42.140,14.6250542535
1779235662.340000,2026/05/20-08:07:42.340,14.5335449219
1779235662.620000,2026/05/20-08:07:42.620,13.3472113715
1779235662.820000,2026/05/20-08:07:42.820,14.4108018663
1779235663.020000,2026/05/20-08:07:43.020,13.2940592448
1779235663.220000,2026/05/20-08:07:43.220,14.8562934028
1779235663.420000,2026/05/20-08:07:43.420,13.5647515191
1779235663.630000,2026/05/20-08:07:43.630,13.540641276
1779235663.900000,2026/05/20-08:07:43.900,14.1187391493
1779235664.100000,2026/05/20-08:07:44.100,15.6464518229
1779235664.300000,2026/05/20-08:07:44.300,14.6508083767
1779235664.500000,2026/05/20-08:07:44.500,14.9078016493
1779235664.700000,2026/05/20-08:07:44.700,14.6250542535
1779235664.930000,2026/05/20-08:07:44.930,13.8990071615
1779235665.180000,2026/05/20-08:07:45.180,13.571875
1779235665.380000,2026/05/20-08:07:45.380,14.1455891927
1779235665.580000,2026/05/20-08:07:45.580,13.2173448351
1779235665.780000,2026/05/20-08:07:45.780,14.4595703125
1779235665.980000,2026/05/20-08:07:45.980,14.9554741753
1779235666.260000,2026/05/20-08:07:46.260,14.1077799479
1779235666.460000,2026/05/20-08:07:46.460,15.4278157552
1779235666.660000,2026/05/20-08:07:46.660,13.9516113281
1779235666.860000,2026/05/20-08:07:46.860,14.1296983507
1779235667.060000,2026/05/20-08:07:47.060,13.0781629774
1779235667.260000,2026/05/20-08:07:47.260,13.4118706597
1779235667.540000,2026/05/20-08:07:47.540,13.3466634115
1779235667.740000,2026/05/20-08:07:47.740,14.5516276042
1779235667.940000,2026/05/20-08:07:47.940,13.2732367622
1779235668.140000,2026/05/20-08:07:48.140,13.2924153646
1779235668.340000,2026/05/20-08:07:48.340,14.187234158
1779235668.550000,2026/05/20-08:07:48.550,14.2562771267
1779235668.820000,2026/05/20-08:07:48.820,12.9219943576
1779235669.020000,2026/05/20-08:07:49.020,12.9099392361
1779235669.220000,2026/05/20-08:07:49.220,13.9642144097
1779235669.420000,2026/05/20-08:07:49.420,14.1686035156
1779235669.620000,2026/05/20-08:07:49.620,15.4168565538
1779235669.840000,2026/05/20-08:07:49.840,14.723687066
1779235670.100000,2026/05/20-08:07:50.100,13.4672146267
1779235670.300000,2026/05/20-08:07:50.300,13.9905164931
1779235670.500000,2026/05/20-08:07:50.500,13.9280490451
1779235670.700000,2026/05/20-08:07:50.700,14.3192925347
1779235670.900000,2026/05/20-08:07:50.900,15.765359158
1779235671.120000,2026/05/20-08:07:51.120,13.5729709201
1779235671.380000,2026/05/20-08:07:51.380,14.0431206597
1779235671.580000,2026/05/20-08:07:51.580,14.1850423177
1779235671.780000,2026/05/20-08:07:51.780,13.5126953125
1779235671.980000,2026/05/20-08:07:51.980,13.5263943142
1779235672.180000,2026/05/20-08:07:52.180,13.1543294271
1779235672.400000,2026/05/20-08:07:52.400,14.9341037326
1779235672.660000,2026/05/20-08:07:52.660,14.4946397569
1779235672.860000,2026/05/20-08:07:52.860,12.3680067274
1779235673.060000,2026/05/20-08:07:53.060,13.7033854167
1779235673.260000,2026/05/20-08:07:53.260,15.0119140625
1779235673.460000,2026/05/20-08:07:53.460,14.0842176649
1779235673.720000,2026/05/20-08:07:53.720,13.9570909288
1779235673.940000,2026/05/20-08:07:53.940,15.2015082465
1779235674.140000,2026/05/20-08:07:54.140,14.3439507378
1779235674.340000,2026/05/20-08:07:54.340,12.971858724
1779235674.540000,2026/05/20-08:07:54.540,13.8474989149
1779235674.740000,2026/05/20-08:07:54.740,15.0968478733
1779235675.010000,2026/05/20-08:07:55.010,15.2519205729
1779235675.220000,2026/05/20-08:07:55.220,14.4551866319
1779235675.420000,2026/05/20-08:07:55.420,13.9148980035
1779235675.620000,2026/05/20-08:07:55.620,13.3795410156
1779235675.820000,2026/05/20-08:07:55.820,14.9253363715
1779235676.020000,2026/05/20-08:07:56.020,14.8064290365
1779235676.270000,2026/05/20-08:07:56.270,14.4381998698
1779235676.500000,2026/05/20-08:07:56.500,13.1252875434
1779235676.700000,2026/05/20-08:07:56.700,14.2990180122
1779235676.900000,2026/05/20-08:07:56.900,15.7286458333
1779235677.100000,2026/05/20-08:07:57.100,14.2332628038
1779235677.300000,2026/05/20-08:07:57.300,14.2442220052
1779235677.580000,2026/05/20-08:07:57.580,13.9631184896
1779235677.780000,2026/05/20-08:07:57.780,12.1411512587
1779235677.980000,2026/05/20-08:07:57.980,12.8524034288
1779235678.180000,2026/05/20-08:07:58.180,14.7456054687
1779235678.380000,2026/05/20-08:07:58.380,12.6551378038
1779235678.590000,2026/05/20-08:07:58.590,13.7127007378
1779235678.860000,2026/05/20-08:07:58.860,13.5872178819
1779235679.060000,2026/05/20-08:07:59.060,13.6896864149
1779235679.260000,2026/05/20-08:07:59.260,13.2704969618
1779235679.460000,2026/05/20-08:07:59.460,13.3844726562
1779235679.660000,2026/05/20-08:07:59.660,13.0244628906
1779235679.870000,2026/05/20-08:07:59.870,14.8288953993
1779235680.140000,2026/05/20-08:08:00.140,13.5603678385
1779235680.340000,2026/05/20-08:08:00.340,13.9028428819
1779235680.540000,2026/05/20-08:08:00.540,13.0293945313
1779235680.740000,2026/05/20-08:08:00.740,13.7225640191
1779235680.940000,2026/05/20-08:08:00.940,14.2628526476
1779235681.150000,2026/05/20-08:08:01.150,13.6337944878
1779235681.420000,2026/05/20-08:08:01.420,14.6990288628
1779235681.620000,2026/05/20-08:08:01.620,14.9987630208
1779235681.820000,2026/05/20-08:08:01.820,13.1724121094
1779235682.020000,2026/05/20-08:08:02.020,14.2787434896
1779235682.220000,2026/05/20-08:08:02.220,14.0962727865
1779235682.450000,2026/05/20-08:08:02.450,14.9379394531
1779235682.700000,2026/05/20-08:08:02.700,13.3915961372
1779235682.900000,2026/05/20-08:08:02.900,14.4036783854
1779235683.100000,2026/05/20-08:08:03.100,14.7149197049
1779235683.300000,2026/05/20-08:08:03.300,13.8135253906
1779235683.500000,2026/05/20-08:08:03.500,14.8672526042
1779235683.710000,2026/05/20-08:08:03.710,12.3247178819
1779235683.940000,2026/05/20-08:08:03.940,13.7285915799
1779235684.140000,2026/05/20-08:08:04.140,14.1614800347
1779235684.340000,2026/05/20-08:08:04.340,14.8146484375
1779235684.540000,2026/05/20-08:08:04.540,13.6381781684
1779235684.740000,2026/05/20-08:08:04.740,14.4782009549
1779235684.970000,2026/05/20-08:08:04.970,15.0738335503
1779235685.220000,2026/05/20-08:08:05.220,14.7773871528
1779235685.420000,2026/05/20-08:08:05.420,14.5379286024
1779235685.620000,2026/05/20-08:08:05.620,14.7921820747
1779235685.820000,2026/05/20-08:08:05.820,13.0343261719
1779235686.020000,2026/05/20-08:08:06.020,15.0530110677
1779235686.230000,2026/05/20-08:08:06.230,15.1505479601
1779235686.460000,2026/05/20-08:08:06.460,13.6091362847
1779235686.660000,2026/05/20-08:08:06.660,14.1981933594
1779235686.860000,2026/05/20-08:08:06.860,12.569656033
1779235687.060000,2026/05/20-08:08:07.060,14.1231228299
1779235687.260000,2026/05/20-08:08:07.260,13.516531033
1779235687.490000,2026/05/20-08:08:07.490,13.390500217
1779235687.740000,2026/05/20-08:08:07.740,15.5976833767
1779235687.940000,2026/05/20-08:08:07.940,13.6200954861
1779235688.140000,2026/05/20-08:08:08.140,14.1379177517
1779235688.340000,2026/05/20-08:08:08.340,13.7499620226
1779235688.540000,2026/05/20-08:08:08.540,13.8266764323
1779235688.800000,2026/05/20-08:08:08.800,13.8042100694
1779235689.020000,2026/05/20-08:08:09.020,13.8633897569
1779235689.220000,2026/05/20-08:08:09.220,13.8310601128
1779235689.420000,2026/05/20-08:08:09.420,14.9461588542
1779235689.620000,2026/05/20-08:08:09.620,14.6858778212
1779235689.820000,2026/05/20-08:08:09.820,14.6897135417
1779235690.030000,2026/05/20-08:08:10.030,14.4497070312
1779235690.300000,2026/05/20-08:08:10.300,14.6316297743
1779235690.500000,2026/05/20-08:08:10.500,14.4655978733
1779235690.700000,2026/05/20-08:08:10.700,13.8250325521
1779235690.900000,2026/05/20-08:08:10.900,13.382280816
1779235691.100000,2026/05/20-08:08:11.100,13.6644802517
1779235691.370000,2026/05/20-08:08:11.370,13.4661187066
1779235691.580000,2026/05/20-08:08:11.580,14.5516276042
1779235691.780000,2026/05/20-08:08:11.780,14.6239583333
1779235691.980000,2026/05/20-08:08:11.980,13.7494140625
1779235692.180000,2026/05/20-08:08:12.180,13.5313259549
1779235692.380000,2026/05/20-08:08:12.380,14.3543619792
1779235692.660000,2026/05/20-08:08:12.660,15.7045355903
1779235692.860000,2026/05/20-08:08:12.860,15.1286295573
1779235693.060000,2026/05/20-08:08:13.060,13.8392795139
1779235693.260000,2026/05/20-08:08:13.260,14.3247721354
1779235693.460000,2026/05/20-08:08:13.460,14.1395616319
1779235693.670000,2026/05/20-08:08:13.670,13.9247612847
1779235693.940000,2026/05/20-08:08:13.940,14.2518934462
1779235694.140000,2026/05/20-08:08:14.140,14.2683322483
1779235694.340000,2026/05/20-08:08:14.340,14.1499728733
1779235694.540000,2026/05/20-08:08:14.540,14.2086046007
1779235694.740000,2026/05/20-08:08:14.740,15.1730143229
1779235694.970000,2026/05/20-08:08:14.970,14.5280653212
1779235695.220000,2026/05/20-08:08:15.220,13.3702256944
1779235695.420000,2026/05/20-08:08:15.420,14.5116265191
1779235695.620000,2026/05/20-08:08:15.620,12.8091145833
1779235695.820000,2026/05/20-08:08:15.820,14.5428602431
1779235696.020000,2026/05/20-08:08:16.020,14.6338216146
1779235696.260000,2026/05/20-08:08:16.260,14.2886067708
1779235696.500000,2026/05/20-08:08:16.500,14.6601236979
1779235696.700000,2026/05/20-08:08:16.700,14.337375217
1779235696.900000,2026/05/20-08:08:16.900,14.6880696615
1779235697.100000,2026/05/20-08:08:17.100,14.5006673177
1779235697.300000,2026/05/20-08:08:17.300,13.2611816406
1779235697.540000,2026/05/20-08:08:17.540,13.9050347222
1779235697.780000,2026/05/20-08:08:17.780,14.2655924479
1779235697.980000,2026/05/20-08:08:17.980,15.4234320747
1779235698.180000,2026/05/20-08:08:18.180,14.8568413628
1779235698.380000,2026/05/20-08:08:18.380,13.8064019097
1779235698.580000,2026/05/20-08:08:18.580,13.5499565972
1779235698.840000,2026/05/20-08:08:18.840,12.6945909288
1779235699.060000,2026/05/20-08:08:19.060,14.0502441406
1779235699.260000,2026/05/20-08:08:19.260,14.1899739583
1779235699.460000,2026/05/20-08:08:19.460,14.1017523872
1779235699.660000,2026/05/20-08:08:19.660,14.3866916233
1779235699.860000,2026/05/20-08:08:19.860,13.7537977431
1779235700.080000,2026/05/20-08:08:20.080,14.1110677083
1779235700.300000,2026/05/20-08:08:20.300,14.8135525174
1779235700.500000,2026/05/20-08:08:20.500,14.2809353299
1779235700.700000,2026/05/20-08:08:20.700,14.5050509983
1779235700.900000,2026/05/20-08:08:20.900,14.9105414497
1779235701.100000,2026/05/20-08:08:21.100,13.4935167101
1779235701.310000,2026/05/20-08:08:21.310,13.65078125
1779235701.580000,2026/05/20-08:08:21.580,13.2030978733
1779235701.780000,2026/05/20-08:08:21.780,14.1625759549
1779235701.980000,2026/05/20-08:08:21.980,13.4759819878
1779235702.180000,2026/05/20-08:08:22.180,14.2047688802
1779235702.380000,2026/05/20-08:08:22.380,14.7614963108
1779235702.630000,2026/05/20-08:08:22.630,14.0003797743
1779235702.860000,2026/05/20-08:08:22.860,13.8124294705
1779235703.060000,2026/05/20-08:08:23.060,13.3959798177
1779235703.260000,2026/05/20-08:08:23.260,13.9965440538
1779235703.460000,2026/05/20-08:08:23.460,13.7570855035
1779235703.660000,2026/05/20-08:08:23.660,14.621218533
1779235703.950000,2026/05/20-08:08:23.950,14.2809353299
1779235704.140000,2026/05/20-08:08:24.140,14.2957302517
1779235704.340000,2026/05/20-08:08:24.340,13.3954318576
1779235704.540000,2026/05/20-08:08:24.540,14.3702528212
1779235704.740000,2026/05/20-08:08:24.740,13.989968533
1779235704.940000,2026/05/20-08:08:24.940,14.3061414931
1779235705.200000,2026/05/20-08:08:25.200,13.9116102431
1779235705.420000,2026/05/20-08:08:25.420,12.5296549479
1779235705.620000,2026/05/20-08:08:25.620,15.4469943576
1779235705.820000,2026/05/20-08:08:25.820,13.8650336372
1779235706.020000,2026/05/20-08:08:26.020,14.0880533854
1779235706.220000,2026/05/20-08:08:26.220,14.2173719618
1779235706.480000,2026/05/20-08:08:26.480,14.589436849
1779235706.700000,2026/05/20-08:08:26.700,14.5231336806
1779235706.900000,2026/05/20-08:08:26.900,11.2496202257
1779235707.100000,2026/05/20-08:08:27.100,13.4792697483
1779235707.300000,2026/05/20-08:08:27.300,13.6957139757
1779235707.500000,2026/05/20-08:08:27.500,14.6321777344
1779235707.780000,2026/05/20-08:08:27.780,13.9636664497
1779235707.980000,2026/05/20-08:08:27.980,13.6913302951
1779235708.180000,2026/05/20-08:08:28.180,13.6255750868
1779235708.380000,2026/05/20-08:08:28.380,14.4524468316
1779235708.580000,2026/05/20-08:08:28.580,13.2206325955
1779235708.790000,2026/05/20-08:08:28.790,14.3521701389
1779235709.060000,2026/05/20-08:08:29.060,13.8151692708
1779235709.260000,2026/05/20-08:08:29.260,15.0387641059
1779235709.460000,2026/05/20-08:08:29.460,15.0508192274
1779235709.660000,2026/05/20-08:08:29.660,14.4858723958
1779235709.860000,2026/05/20-08:08:29.860,13.7636610243
1779235710.080000,2026/05/20-08:08:30.080,14.3740885417
1779235710.340000,2026/05/20-08:08:30.340,13.169124349
1779235710.540000,2026/05/20-08:08:30.540,13.8337999132
1779235710.740000,2026/05/20-08:08:30.740,14.0759982639
1779235710.940000,2026/05/20-08:08:30.940,15.3658962674
1779235711.140000,2026/05/20-08:08:31.140,13.5055718316
1779235711.400000,2026/05/20-08:08:31.400,13.7384548611
1779235711.620000,2026/05/20-08:08:31.620,14.0458604601
1779235711.820000,2026/05/20-08:08:31.820,14.108327908
1779235712.020000,2026/05/20-08:08:32.020,14.0781901042
1779235712.220000,2026/05/20-08:08:32.220,12.8715820313
1779235712.420000,2026/05/20-08:08:32.420,13.7565375434
1779235712.680000,2026/05/20-08:08:32.680,13.6995496962
1779235712.900000,2026/05/20-08:08:32.900,14.6858778212
1779235713.100000,2026/05/20-08:08:33.100,15.023421224
1779235713.300000,2026/05/20-08:08:33.300,14.3379231771
1779235713.500000,2026/05/20-08:08:33.500,13.611328125
1779235713.700000,2026/05/20-08:08:33.700,13.1548773872
1779235713.950000,2026/05/20-08:08:33.950,13.3959798177
1779235714.140000,2026/05/20-08:08:34.140,12.7871961806
1779235714.340000,2026/05/20-08:08:34.340,14.4524468316
1779235714.540000,2026/05/20-08:08:34.540,14.5149142795
1779235714.740000,2026/05/20-08:08:34.740,13.9888726128
1779235714.940000,2026/05/20-08:08:34.940,14.4195692274
1779235715.200000,2026/05/20-08:08:35.200,14.8321831597
1779235715.420000,2026/05/20-08:08:35.420,13.3472113715
1779235715.620000,2026/05/20-08:08:35.620,14.3543619792
1779235715.820000,2026/05/20-08:08:35.820,14.3198404948
1779235716.020000,2026/05/20-08:08:36.020,13.7017415365
1779235716.220000,2026/05/20-08:08:36.220,13.2118652344
1779235716.470000,2026/05/20-08:08:36.470,14.5993001302
1779235716.660000,2026/05/20-08:08:36.660,14.1236707899
1779235716.860000,2026/05/20-08:08:36.860,12.8178819444
1779235717.060000,2026/05/20-08:08:37.060,14.0327094184
1779235717.260000,2026/05/20-08:08:37.260,13.0485731337
1779235717.460000,2026/05/20-08:08:37.460,13.5625596788
1779235717.740000,2026/05/20-08:08:37.740,12.5839029948
1779235717.940000,2026/05/20-08:08:37.940,12.664453125
1779235718.140000,2026/05/20-08:08:38.140,13.6737955729
1779235718.340000,2026/05/20-08:08:38.340,13.998187934
1779235718.540000,2026/05/20-08:08:38.540,14.4458713108
1779235718.740000,2026/05/20-08:08:38.740,14.1346299913
1779235718.990000,2026/05/20-08:08:38.990,14.5795735677
1779235719.180000,2026/05/20-08:08:39.180,14.1784667969
1779235719.380000,2026/05/20-08:08:39.380,13.3839246962
1779235719.580000,2026/05/20-08:08:39.580,14.8223198785
1779235719.780000,2026/05/20-08:08:39.780,13.5061197917
1779235719.980000,2026/05/20-08:08:39.980,13.2124131944
1779235720.270000,2026/05/20-08:08:40.270,14.0053114149
1779235720.460000,2026/05/20-08:08:40.460,14.1192871094
1779235720.660000,2026/05/20-08:08:40.660,14.0272298177
1779235720.860000,2026/05/20-08:08:40.860,14.116547309
1779235721.060000,2026/05/20-08:08:41.060,13.1329589844
1779235721.260000,2026/05/20-08:08:41.260,15.0409559462
1779235721.530000,2026/05/20-08:08:41.530,14.510530599
1779235721.740000,2026/05/20-08:08:41.740,12.892952474
1779235721.940000,2026/05/20-08:08:41.940,14.1044921875
1779235722.140000,2026/05/20-08:08:42.140,13.6874945747
1779235722.340000,2026/05/20-08:08:42.340,13.3685818142
1779235722.540000,2026/05/20-08:08:42.540,14.1735351563
1779235722.790000,2026/05/20-08:08:42.790,14.865608724
1779235722.980000,2026/05/20-08:08:42.980,15.1324652778
1779235723.180000,2026/05/20-08:08:43.180,13.769140625
1779235723.380000,2026/05/20-08:08:43.380,14.1039442274
1779235723.580000,2026/05/20-08:08:43.580,14.471077474
1779235723.780000,2026/05/20-08:08:43.780,13.879280599
1779235724.040000,2026/05/20-08:08:44.040,13.5477647569
1779235724.220000,2026/05/20-08:08:44.220,14.7182074653
1779235724.420000,2026/05/20-08:08:44.420,12.8233615451
1779235724.620000,2026/05/20-08:08:44.620,14.3658691406
1779235724.820000,2026/05/20-08:08:44.820,14.574093967
1779235725.020000,2026/05/20-08:08:45.020,12.917062717
1779235725.280000,2026/05/20-08:08:45.280,14.5077907986
1779235725.460000,2026/05/20-08:08:45.460,14.2020290799
1779235725.660000,2026/05/20-08:08:45.660,14.1225748698
1779235725.860000,2026/05/20-08:08:45.860,15.3648003472
1779235726.060000,2026/05/20-08:08:46.060,13.3631022135
1779235726.260000,2026/05/20-08:08:46.260,12.9954210069
1779235726.540000,2026/05/20-08:08:46.540,14.7593044705
1779235726.740000,2026/05/20-08:08:46.740,13.169124349
1779235726.940000,2026/05/20-08:08:46.940,13.4381727431
1779235727.140000,2026/05/20-08:08:47.140,14.1965494792
1779235727.340000,2026/05/20-08:08:47.340,14.0047634549
1779235727.540000,2026/05/20-08:08:47.540,14.4584743924
1779235727.820000,2026/05/20-08:08:47.820,14.4469672309
1779235728.020000,2026/05/20-08:08:48.020,13.3954318576
1779235728.220000,2026/05/20-08:08:48.220,13.8524305556
1779235728.420000,2026/05/20-08:08:48.420,13.7581814236
1779235728.620000,2026/05/20-08:08:48.620,14.6984809028
1779235728.830000,2026/05/20-08:08:48.830,13.2825520833
1779235729.100000,2026/05/20-08:08:49.100,13.8464029948
1779235729.300000,2026/05/20-08:08:49.300,13.1904947917
1779235729.500000,2026/05/20-08:08:49.500,13.6688639323
1779235729.700000,2026/05/20-08:08:49.700,12.9735026042
1779235729.900000,2026/05/20-08:08:49.900,13.5713270399
1779235730.120000,2026/05/20-08:08:50.120,14.0496961806
1779235730.380000,2026/05/20-08:08:50.380,13.4474880642
1779235730.580000,2026/05/20-08:08:50.580,13.3439236111
1779235730.780000,2026/05/20-08:08:50.780,14.0716145833
1779235730.980000,2026/05/20-08:08:50.980,13.9609266493
1779235731.180000,2026/05/20-08:08:51.180,14.7417697483
1779235731.460000,2026/05/20-08:08:51.460,13.7921549479
1779235731.660000,2026/05/20-08:08:51.660,14.8546495226
1779235731.860000,2026/05/20-08:08:51.860,13.3641981337
1779235732.060000,2026/05/20-08:08:52.060,13.4124186198
1779235732.260000,2026/05/20-08:08:52.260,14.4842285156
1779235732.460000,2026/05/20-08:08:52.460,13.311593967
1779235732.740000,2026/05/20-08:08:52.740,13.8858561198
1779235732.940000,2026/05/20-08:08:52.940,15.0256130642
1779235733.140000,2026/05/20-08:08:53.140,13.6600965712
1779235733.340000,2026/05/20-08:08:53.340,13.3718695747
1779235733.540000,2026/05/20-08:08:53.540,14.1625759549
1779235733.740000,2026/05/20-08:08:53.740,13.1307671441
1779235734.060000,2026/05/20-08:08:54.060,15.0053385417
1779235734.260000,2026/05/20-08:08:54.260,14.3877875434
1779235734.460000,2026/05/20-08:08:54.460,14.5576551649
1779235734.660000,2026/05/20-08:08:54.660,13.8644856771
1779235734.860000,2026/05/20-08:08:54.860,14.1905219184
1779235735.070000,2026/05/20-08:08:55.070,13.8431152344
1779235735.340000,2026/05/20-08:08:55.340,14.3609375
1779235735.540000,2026/05/20-08:08:55.540,14.9417751736
1779235735.740000,2026/05/20-08:08:55.740,12.9400770399
1779235735.940000,2026/05/20-08:08:55.940,14.3034016927
1779235736.140000,2026/05/20-08:08:56.140,14.1055881076
1779235736.400000,2026/05/20-08:08:56.400,13.4189941406
1779235736.620000,2026/05/20-08:08:56.620,14.1050401476
1779235736.820000,2026/05/20-08:08:56.820,14.8404025608
1779235737.020000,2026/05/20-08:08:57.020,14.5949164497
1779235737.220000,2026/05/20-08:08:57.220,15.079313151
1779235737.420000,2026/05/20-08:08:57.420,14.8349229601
1779235737.680000,2026/05/20-08:08:57.680,14.1483289931
1779235737.860000,2026/05/20-08:08:57.860,13.5148871528
1779235738.060000,2026/05/20-08:08:58.060,14.1461371528
1779235738.260000,2026/05/20-08:08:58.260,14.0913411458
1779235738.460000,2026/05/20-08:08:58.460,13.7390028212
1779235738.660000,2026/05/20-08:08:58.660,14.187234158
1779235738.890000,2026/05/20-08:08:58.890,14.1877821181
1779235739.140000,2026/05/20-08:08:59.140,14.3176486545
1779235739.340000,2026/05/20-08:08:59.340,14.8825954861
1779235739.540000,2026/05/20-08:08:59.540,13.5302300347
1779235739.740000,2026/05/20-08:08:59.740,13.8348958333
1779235739.940000,2026/05/20-08:08:59.940,14.5291612413
1779235740.220000,2026/05/20-08:09:00.220,14.7313585069
1779235740.420000,2026/05/20-08:09:00.420,14.9910915799
1779235740.620000,2026/05/20-08:09:00.620,13.9998318142
1779235740.820000,2026/05/20-08:09:00.820,13.6151638455
1779235741.020000,2026/05/20-08:09:01.020,13.7422905816
1779235741.220000,2026/05/20-08:09:01.220,14.9730088976
1779235741.480000,2026/05/20-08:09:01.480,14.4508029514
1779235741.700000,2026/05/20-08:09:01.700,13.8968153212
1779235741.900000,2026/05/20-08:09:01.900,14.1066840278
1779235742.100000,2026/05/20-08:09:02.100,14.3866916233
1779235742.300000,2026/05/20-08:09:02.300,14.5954644097
1779235742.500000,2026/05/20-08:09:02.500,13.1428222656
1779235742.790000,2026/05/20-08:09:02.790,14.1236707899
1779235742.980000,2026/05/20-08:09:02.980,14.5834092882
1779235743.180000,2026/05/20-08:09:03.180,14.7105360243
1779235743.380000,2026/05/20-08:09:03.380,14.9149251302
1779235743.580000,2026/05/20-08:09:03.580,14.7905381944
1779235743.780000,2026/05/20-08:09:03.780,14.6776584201
1779235744.030000,2026/05/20-08:09:04.030,14.1894259983
1779235744.220000,2026/05/20-08:09:04.220,14.4206651476
1779235744.420000,2026/05/20-08:09:04.420,14.5938205295
1779235744.620000,2026/05/20-08:09:04.620,14.2957302517
1779235744.820000,2026/05/20-08:09:04.820,13.8447591146
1779235745.020000,2026/05/20-08:09:05.020,13.2146050347
1779235745.300000,2026/05/20-08:09:05.300,15.4426106771
1779235745.500000,2026/05/20-08:09:05.500,14.7340983073
1779235745.700000,2026/05/20-08:09:05.700,14.4858723958
1779235745.900000,2026/05/20-08:09:05.900,11.1285210503
1779235746.100000,2026/05/20-08:09:06.100,14.4639539931
1779235746.310000,2026/05/20-08:09:06.310,13.5669433594
1779235746.580000,2026/05/20-08:09:06.580,13.800922309
1779235746.780000,2026/05/20-08:09:06.780,13.5702311198
1779235746.980000,2026/05/20-08:09:06.980,12.8151421441
1779235747.180000,2026/05/20-08:09:07.180,14.7614963108
1779235747.380000,2026/05/20-08:09:07.380,13.6217393663
1779235747.610000,2026/05/20-08:09:07.610,14.9488986545
1779235747.860000,2026/05/20-08:09:07.860,13.3121419271
1779235748.060000,2026/05/20-08:09:08.060,13.9066786024
1779235748.260000,2026/05/20-08:09:08.260,14.6601236979
1779235748.460000,2026/05/20-08:09:08.460,13.0129557292
1779235748.660000,2026/05/20-08:09:08.660,14.6743706597
1779235748.890000,2026/05/20-08:09:08.890,14.3675130208
1779235749.140000,2026/05/20-08:09:09.140,14.5647786458
1779235749.340000,2026/05/20-08:09:09.340,13.9439398872
1779235749.540000,2026/05/20-08:09:09.540,14.2365505642
1779235749.740000,2026/05/20-08:09:09.740,13.5965332031
1779235749.940000,2026/05/20-08:09:09.940,13.358718533
1779235750.200000,2026/05/20-08:09:10.200,14.1236707899
1779235750.420000,2026/05/20-08:09:10.420,12.5329427083
1779235750.620000,2026/05/20-08:09:10.620,13.1554253472
1779235750.820000,2026/05/20-08:09:10.820,14.4058702257
1779235751.020000,2026/05/20-08:09:11.020,13.9713378906
1779235751.220000,2026/05/20-08:09:11.220,13.3707736545
1779235751.480000,2026/05/20-08:09:11.480,14.716015625
1779235751.700000,2026/05/20-08:09:11.700,13.3247450087
1779235751.900000,2026/05/20-08:09:11.900,14.5768337674
1779235752.100000,2026/05/20-08:09:12.100,13.8776367188
1779235752.300000,2026/05/20-08:09:12.300,13.958734809
1779235752.500000,2026/05/20-08:09:12.500,14.826155599
1779235752.780000,2026/05/20-08:09:12.780,14.2151801215
1779235752.980000,2026/05/20-08:09:12.980,13.7450303819
1779235753.180000,2026/05/20-08:09:13.180,13.358718533
1779235753.380000,2026/05/20-08:09:13.380,15.0579427083
1779235753.580000,2026/05/20-08:09:13.580,13.9872287326
1779235753.780000,2026/05/20-08:09:13.780,14.2809353299
1779235754.060000,2026/05/20-08:09:14.060,15.1176703559
1779235754.260000,2026/05/20-08:09:14.260,14.4595703125
1779235754.460000,2026/05/20-08:09:14.460,14.7927300347
1779235754.660000,2026/05/20-08:09:14.660,13.5225585937
1779235754.860000,2026/05/20-08:09:14.860,13.6491373698
1779235755.090000,2026/05/20-08:09:15.090,13.919281684
1779235755.340000,2026/05/20-08:09:15.340,13.6721516927
1779235755.540000,2026/05/20-08:09:15.540,13.7357150608
1779235755.740000,2026/05/20-08:09:15.740,13.524202474
1779235755.940000,2026/05/20-08:09:15.940,13.595437283
1779235756.140000,2026/05/20-08:09:16.140,13.9324327257
1779235756.360000,2026/05/20-08:09:16.360,14.4617621528
1779235756.620000,2026/05/20-08:09:16.620,15.5335720486
1779235756.820000,2026/05/20-08:09:16.820,14.7664279514
1779235757.020000,2026/05/20-08:09:17.020,13.7724283854
1779235757.220000,2026/05/20-08:09:17.220,14.9910915799
1779235757.420000,2026/05/20-08:09:17.420,12.5959581163
1779235757.690000,2026/05/20-08:09:17.690,13.6880425347
1779235757.900000,2026/05/20-08:09:17.900,14.2250434028
1779235758.100000,2026/05/20-08:09:18.100,14.1664116753
1779235758.300000,2026/05/20-08:09:18.300,13.4403645833
1779235758.500000,2026/05/20-08:09:18.500,14.8941026476
1779235758.700000,2026/05/20-08:09:18.700,14.6814941406
1779235758.970000,2026/05/20-08:09:18.970,13.9384602865
1779235759.180000,2026/05/20-08:09:19.180,13.4080349392
1779235759.380000,2026/05/20-08:09:19.380,14.983968099
1779235759.580000,2026/05/20-08:09:19.580,15.173562283
1779235759.780000,2026/05/20-08:09:19.780,13.1554253472
1779235759.980000,2026/05/20-08:09:19.980,14.2546332465
1779235760.240000,2026/05/20-08:09:20.240,13.5779025608
1779235760.460000,2026/05/20-08:09:20.460,14.0710666233
1779235760.660000,2026/05/20-08:09:20.660,13.9883246528
1779235760.860000,2026/05/20-08:09:20.860,14.866156684
1779235761.060000,2026/05/20-08:09:21.060,13.7724283854
1779235761.260000,2026/05/20-08:09:21.260,15.3560329861
1779235761.480000,2026/05/20-08:09:21.480,14.2299750434
1779235761.740000,2026/05/20-08:09:21.740,13.5373535156
1779235761.940000,2026/05/20-08:09:21.940,14.3160047743
1779235762.140000,2026/05/20-08:09:22.140,13.8979112413
1779235762.340000,2026/05/20-08:09:22.340,14.1976453993
1779235762.540000,2026/05/20-08:09:22.540,14.2518934462
1779235762.800000,2026/05/20-08:09:22.800,13.6359863281
1779235762.980000,2026/05/20-08:09:22.980,13.5696831597
1779235763.180000,2026/05/20-08:09:23.180,14.7987575955
1779235763.380000,2026/05/20-08:09:23.380,14.423952908
1779235763.580000,2026/05/20-08:09:23.580,14.5127224392
1779235763.780000,2026/05/20-08:09:23.780,12.5888346354
1779235764.040000,2026/05/20-08:09:24.040,13.7762641059
1779235764.260000,2026/05/20-08:09:24.260,13.9992838542
1779235764.460000,2026/05/20-08:09:24.460,14.5669704861
1779235764.660000,2026/05/20-08:09:24.660,14.6031358507
1779235764.860000,2026/05/20-08:09:24.860,14.7828667535
1779235765.060000,2026/05/20-08:09:25.060,14.3828559028
1779235765.300000,2026/05/20-08:09:25.300,14.1768229167
1779235765.500000,2026/05/20-08:09:25.500,14.6124511719
1779235765.700000,2026/05/20-08:09:25.700,13.7022894965
1779235765.900000,2026/05/20-08:09:25.900,14.5527235243
1779235766.100000,2026/05/20-08:09:26.100,13.7724283854
1779235766.300000,2026/05/20-08:09:26.300,13.7642089844
1779235766.550000,2026/05/20-08:09:26.550,14.542312283
1779235766.740000,2026/05/20-08:09:26.740,13.65078125
1779235766.940000,2026/05/20-08:09:26.940,13.8606499566
1779235767.140000,2026/05/20-08:09:27.140,12.9439127604
1779235767.340000,2026/05/20-08:09:27.340,14.4524468316
1779235767.540000,2026/05/20-08:09:27.540,14.2321668837
1779235767.810000,2026/05/20-08:09:27.810,13.4047471788
1779235768.020000,2026/05/20-08:09:28.020,12.885281033
1779235768.220000,2026/05/20-08:09:28.220,13.8453070747
1779235768.420000,2026/05/20-08:09:28.420,14.8694444444
1779235768.620000,2026/05/20-08:09:28.620,13.1904947917
1779235768.820000,2026/05/20-08:09:28.820,14.1198350694
1779235769.100000,2026/05/20-08:09:29.100,13.6118760851
1779235769.300000,2026/05/20-08:09:29.300,14.2842230903
1779235769.500000,2026/05/20-08:09:29.500,14.3910753038
1779235769.700000,2026/05/20-08:09:29.700,15.1697265625
1779235769.900000,2026/05/20-08:09:29.900,13.5143391927
1779235770.110000,2026/05/20-08:09:30.110,14.1001085069
1779235770.380000,2026/05/20-08:09:30.380,13.9203776042
1779235770.580000,2026/05/20-08:09:30.580,13.8233886719
1779235770.780000,2026/05/20-08:09:30.780,12.6836317274
1779235770.980000,2026/05/20-08:09:30.980,14.5439561632
1779235771.180000,2026/05/20-08:09:31.180,14.850265842
1779235771.410000,2026/05/20-08:09:31.410,14.8853352865
1779235771.660000,2026/05/20-08:09:31.660,14.1549045139
1779235771.860000,2026/05/20-08:09:31.860,13.5899576823
1779235772.060000,2026/05/20-08:09:32.060,14.2233995226
1779235772.260000,2026/05/20-08:09:32.260,13.7521538628
1779235772.460000,2026/05/20-08:09:32.460,14.6354654948
1779235772.730000,2026/05/20-08:09:32.730,13.3214572483
1779235772.940000,2026/05/20-08:09:32.940,13.8913357205
1779235773.140000,2026/05/20-08:09:33.140,14.3105251736
1779235773.340000,2026/05/20-08:09:33.340,14.2075086806
1779235773.540000,2026/05/20-08:09:33.540,14.684233941
1779235773.740000,2026/05/20-08:09:33.740,14.4031304253
1779235773.990000,2026/05/20-08:09:33.990,13.8255805122
1779235774.220000,2026/05/20-08:09:34.220,13.5998209635
1779235774.420000,2026/05/20-08:09:34.420,13.4420084635
1779235774.620000,2026/05/20-08:09:34.620,13.2984429253
1779235774.820000,2026/05/20-08:09:34.820,14.1264105903
1779235775.020000,2026/05/20-08:09:35.020,15.7670030382
1779235775.280000,2026/05/20-08:09:35.280,14.502859158
1779235775.500000,2026/05/20-08:09:35.500,13.2200846354
1779235775.700000,2026/05/20-08:09:35.700,14.0601074219
1779235775.900000,2026/05/20-08:09:35.900,14.2529893663
1779235776.100000,2026/05/20-08:09:36.100,13.9231174045
1779235776.300000,2026/05/20-08:09:36.300,13.9921603733
1779235776.560000,2026/05/20-08:09:36.560,13.8776367187
1779235776.740000,2026/05/20-08:09:36.740,13.3696777344
1779235776.940000,2026/05/20-08:09:36.940,11.6255208333
1779235777.140000,2026/05/20-08:09:37.140,13.6080403646
1779235777.340000,2026/05/20-08:09:37.340,13.6239312066
1779235777.540000,2026/05/20-08:09:37.540,13.9176378038
1779235777.800000,2026/05/20-08:09:37.800,11.5953830295
1779235777.980000,2026/05/20-08:09:37.980,13.1970703125
1779235778.180000,2026/05/20-08:09:38.180,13.8787326389
1779235778.380000,2026/05/20-08:09:38.380,13.879828559
1779235778.580000,2026/05/20-08:09:38.580,14.2918945312
1779235778.780000,2026/05/20-08:09:38.780,14.6782063802
1779235779.030000,2026/05/20-08:09:39.030,14.2612087674
1779235779.220000,2026/05/20-08:09:39.220,14.4129937066
1779235779.420000,2026/05/20-08:09:39.420,13.8266764323
1779235779.620000,2026/05/20-08:09:39.620,12.775141059
1779235779.820000,2026/05/20-08:09:39.820,13.8995551215
1779235780.020000,2026/05/20-08:09:40.020,14.6864257813
1779235780.280000,2026/05/20-08:09:40.280,13.4825575087
1779235780.500000,2026/05/20-08:09:40.500,14.3735405816
1779235780.700000,2026/05/20-08:09:40.700,13.3055664062
1779235780.900000,2026/05/20-08:09:40.900,13.5773546007
1779235781.100000,2026/05/20-08:09:41.100,15.1236979167
1779235781.300000,2026/05/20-08:09:41.300,15.2349338108
1779235781.550000,2026/05/20-08:09:41.550,14.6108072917
1779235781.740000,2026/05/20-08:09:41.740,14.234906684
1779235781.940000,2026/05/20-08:09:41.940,14.1384657118
1779235782.140000,2026/05/20-08:09:42.140,13.9516113281
1779235782.340000,2026/05/20-08:09:42.340,13.5773546007
1779235782.540000,2026/05/20-08:09:42.540,14.8310872396
1779235782.800000,2026/05/20-08:09:42.800,14.392171224
1779235782.980000,2026/05/20-08:09:42.980,14.0705186632
1779235783.180000,2026/05/20-08:09:43.180,13.6907823351
1779235783.380000,2026/05/20-08:09:43.380,13.8436631944
1779235783.580000,2026/05/20-08:09:43.580,13.0924099392
1779235783.780000,2026/05/20-08:09:43.780,13.6250271267
1779235784.040000,2026/05/20-08:09:44.040,13.6633843316
1779235784.260000,2026/05/20-08:09:44.260,13.6124240451
1779235784.460000,2026/05/20-08:09:44.460,14.2913465712
1779235784.660000,2026/05/20-08:09:44.660,12.7861002604
1779235784.860000,2026/05/20-08:09:44.860,14.0310655382
1779235785.060000,2026/05/20-08:09:45.060,14.1149034288
1779235785.340000,2026/05/20-08:09:45.340,13.5335177951
1779235785.540000,2026/05/20-08:09:45.540,12.6825358073
1779235785.740000,2026/05/20-08:09:45.740,13.8551703559
1779235785.940000,2026/05/20-08:09:45.940,14.7368381076
1779235786.140000,2026/05/20-08:09:46.140,14.1598361545
1779235786.340000,2026/05/20-08:09:46.340,13.4485839844
1779235786.620000,2026/05/20-08:09:46.620,15.4513780382
1779235786.820000,2026/05/20-08:09:46.820,14.1696994358
1779235787.020000,2026/05/20-08:09:47.020,12.9636393229
1779235787.220000,2026/05/20-08:09:47.220,14.5116265191
1779235787.420000,2026/05/20-08:09:47.420,11.851828342
1779235787.630000,2026/05/20-08:09:47.630,14.2907986111
1779235787.900000,2026/05/20-08:09:47.900,13.4047471788
1779235788.100000,2026/05/20-08:09:48.100,13.7066731771
1779235788.300000,2026/05/20-08:09:48.300,14.0842176649
1779235788.500000,2026/05/20-08:09:48.500,13.7433865017
1779235788.700000,2026/05/20-08:09:48.700,15.0853407118
1779235788.940000,2026/05/20-08:09:48.940,14.8376627604
1779235789.180000,2026/05/20-08:09:49.180,13.895171441
1779235789.380000,2026/05/20-08:09:49.380,14.5258734809
1779235789.580000,2026/05/20-08:09:49.580,14.2381944444
1779235789.780000,2026/05/20-08:09:49.780,14.6119032118
1779235789.980000,2026/05/20-08:09:49.980,15.4146647135
1779235790.250000,2026/05/20-08:09:50.250,13.6600965712
1779235790.460000,2026/05/20-08:09:50.460,13.429953342
1779235790.660000,2026/05/20-08:09:50.660,15.2519205729
1779235790.860000,2026/05/20-08:09:50.860,14.3434027778
1779235791.060000,2026/05/20-08:09:51.060,13.8239366319
1779235791.260000,2026/05/20-08:09:51.260,14.0502441406
1779235791.530000,2026/05/20-08:09:51.530,13.8601019965
1779235791.740000,2026/05/20-08:09:51.740,14.9012261285
1779235791.940000,2026/05/20-08:09:51.940,14.4245008681
1779235792.140000,2026/05/20-08:09:52.140,14.0496961806
1779235792.340000,2026/05/20-08:09:52.340,14.1549045139
1779235792.540000,2026/05/20-08:09:52.540,13.6359863281
1779235792.800000,2026/05/20-08:09:52.800,13.7494140625
1779235793.020000,2026/05/20-08:09:53.020,13.5187228733
1779235793.220000,2026/05/20-08:09:53.220,14.6179307726
1779235793.420000,2026/05/20-08:09:53.420,13.855718316
1779235793.620000,2026/05/20-08:09:53.620,14.9456108941
1779235793.820000,2026/05/20-08:09:53.820,14.4683376736
1779235794.070000,2026/05/20-08:09:54.070,13.5444769965
1779235794.300000,2026/05/20-08:09:54.300,14.0601074219
1779235794.500000,2026/05/20-08:09:54.500,13.9318847656
1779235794.700000,2026/05/20-08:09:54.700,14.4069661458
1779235794.900000,2026/05/20-08:09:54.900,14.1784667969
1779235795.100000,2026/05/20-08:09:55.100,14.7401258681
1779235795.360000,2026/05/20-08:09:55.360,14.3817599826
1779235795.540000,2026/05/20-08:09:55.540,15.2869900174
1779235795.740000,2026/05/20-08:09:55.740,13.9998318142
1779235795.940000,2026/05/20-08:09:55.940,15.5686414931
1779235796.140000,2026/05/20-08:09:56.140,13.7795518663
1779235796.340000,2026/05/20-08:09:56.340,14.7560167101
1779235796.600000,2026/05/20-08:09:56.600,14.881499566
1779235796.820000,2026/05/20-08:09:56.820,13.6814670139
1779235797.020000,2026/05/20-08:09:57.020,14.6595757378
1779235797.220000,2026/05/20-08:09:57.220,14.7768391927
1779235797.420000,2026/05/20-08:09:57.420,13.0617241753
1779235797.620000,2026/05/20-08:09:57.620,14.4036783854
1779235797.870000,2026/05/20-08:09:57.870,14.7258789063
1779235798.060000,2026/05/20-08:09:58.060,15.102875434
1779235798.260000,2026/05/20-08:09:58.260,15.0519151476
1779235798.460000,2026/05/20-08:09:58.460,14.1406575521
1779235798.660000,2026/05/20-08:09:58.660,13.6529730903
1779235798.860000,2026/05/20-08:09:58.860,14.021750217
1779235799.110000,2026/05/20-08:09:59.110,15.3094563802
1779235799.300000,2026/05/20-08:09:59.300,13.1811794705
1779235799.500000,2026/05/20-08:09:59.500,13.9444878472
1779235799.700000,2026/05/20-08:09:59.700,14.1932617187
1779235799.900000,2026/05/20-08:09:59.900,14.2595648872
1779235800.100000,2026/05/20-08:10:00.100,13.3543348524
1779235800.360000,2026/05/20-08:10:00.360,13.3022786458
1779235800.540000,2026/05/20-08:10:00.540,13.1214518229
1779235800.740000,2026/05/20-08:10:00.740,14.6234103733
1779235800.940000,2026/05/20-08:10:00.940,14.4124457465
1779235801.140000,2026/05/20-08:10:01.140,14.1938096788
1779235801.340000,2026/05/20-08:10:01.340,13.9275010851
1779235801.620000,2026/05/20-08:10:01.620,13.1828233507
1779235801.820000,2026/05/20-08:10:01.820,13.8392795139
1779235802.020000,2026/05/20-08:10:02.020,13.9543511285
1779235802.220000,2026/05/20-08:10:02.220,12.2606065538
1779235802.420000,2026/05/20-08:10:02.420,14.3510742188
1779235802.650000,2026/05/20-08:10:02.650,14.2727159288
1779235802.900000,2026/05/20-08:10:02.900,14.3554578993
1779235803.100000,2026/05/20-08:10:03.100,14.0776421441
1779235803.300000,2026/05/20-08:10:03.300,14.4228569878
1779235803.500000,2026/05/20-08:10:03.500,14.8146484375
1779235803.700000,2026/05/20-08:10:03.700,15.1395887587
1779235803.930000,2026/05/20-08:10:03.930,14.8919108073
1779235804.180000,2026/05/20-08:10:04.180,12.3449924045
1779235804.380000,2026/05/20-08:10:04.380,14.5571072049
1779235804.580000,2026/05/20-08:10:04.580,13.4496799045
1779235804.780000,2026/05/20-08:10:04.780,13.7510579427
1779235804.980000,2026/05/20-08:10:04.980,14.5757378472
1779235805.210000,2026/05/20-08:10:05.210,14.43984375
1779235805.460000,2026/05/20-08:10:05.460,14.5543674045
1779235805.660000,2026/05/20-08:10:05.660,14.2003851997
1779235805.860000,2026/05/20-08:10:05.860,13.2315917969
1779235806.060000,2026/05/20-08:10:06.060,12.4337619358
1779235806.260000,2026/05/20-08:10:06.260,13.3937879774
1779235806.490000,2026/05/20-08:10:06.490,13.3296766493
1779235806.740000,2026/05/20-08:10:06.740,14.0666829427
1779235806.940000,2026/05/20-08:10:06.940,14.013530816
1779235807.140000,2026/05/20-08:10:07.140,14.3521701389
1779235807.340000,2026/05/20-08:10:07.340,13.4518717448
1779235807.540000,2026/05/20-08:10:07.540,14.7390299479
1779235807.760000,2026/05/20-08:10:07.760,13.618999566
1779235807.980000,2026/05/20-08:10:07.980,14.3592936198
1779235808.180000,2026/05/20-08:10:08.180,15.0365722656
1779235808.380000,2026/05/20-08:10:08.380,14.2688802083
1779235808.580000,2026/05/20-08:10:08.580,14.842594401
1779235808.780000,2026/05/20-08:10:08.780,15.3861707899
1779235809.010000,2026/05/20-08:10:09.010,14.3713487413
1779235809.260000,2026/05/20-08:10:09.260,14.2261393229
1779235809.460000,2026/05/20-08:10:09.460,13.326936849
1779235809.660000,2026/05/20-08:10:09.660,13.7806477865
1779235809.860000,2026/05/20-08:10:09.860,14.1121636285
1779235810.060000,2026/05/20-08:10:10.060,14.1653157552
1779235810.330000,2026/05/20-08:10:10.330,13.6436577691
1779235810.540000,2026/05/20-08:10:10.540,13.9938042535
1779235810.740000,2026/05/20-08:10:10.740,14.7439615885
1779235810.940000,2026/05/20-08:10:10.940,14.4601182726
1779235811.140000,2026/05/20-08:10:11.140,14.1691514757
1779235811.340000,2026/05/20-08:10:11.340,13.2546061198
1779235811.590000,2026/05/20-08:10:11.590,14.605327691
1779235811.780000,2026/05/20-08:10:11.780,14.7297146267
1779235811.980000,2026/05/20-08:10:11.980,14.7121799045
1779235812.180000,2026/05/20-08:10:12.180,15.0327365451
1779235812.380000,2026/05/20-08:10:12.380,12.6162326389
1779235812.580000,2026/05/20-08:10:12.580,14.4886121962
1779235812.830000,2026/05/20-08:10:12.830,15.5374077691
1779235813.020000,2026/05/20-08:10:13.020,13.4255696615
1779235813.220000,2026/05/20-08:10:13.220,14.234906684
1779235813.420000,2026/05/20-08:10:13.420,13.0896701389
1779235813.620000,2026/05/20-08:10:13.620,14.1883300781
1779235813.820000,2026/05/20-08:10:13.820,14.5225857205
1779235814.100000,2026/05/20-08:10:14.100,13.7998263889
1779235814.300000,2026/05/20-08:10:14.300,14.9510904948
1779235814.500000,2026/05/20-08:10:14.500,14.5417643229
1779235814.700000,2026/05/20-08:10:14.700,13.6124240451
1779235814.900000,2026/05/20-08:10:14.900,13.7039333767
1779235815.100000,2026/05/20-08:10:15.100,12.8819932726
1779235815.350000,2026/05/20-08:10:15.350,14.4738172743
1779235815.540000,2026/05/20-08:10:15.540,14.9280761719
1779235815.740000,2026/05/20-08:10:15.740,13.9477756076
1779235815.940000,2026/05/20-08:10:15.940,13.6321506076
1779235816.140000,2026/05/20-08:10:16.140,9.58820529514
1779235816.340000,2026/05/20-08:10:16.340,14.7708116319
1779235816.590000,2026/05/20-08:10:16.590,15.2568522135
1779235816.780000,2026/05/20-08:10:16.780,15.5856282552
1779235816.980000,2026/05/20-08:10:16.980,14.1066840278
1779235817.180000,2026/05/20-08:10:17.180,14.7510850694
1779235817.380000,2026/05/20-08:10:17.380,13.4173502604
1779235817.580000,2026/05/20-08:10:17.580,12.6228081597
1779235817.830000,2026/05/20-08:10:17.830,13.6496853299
1779235818.060000,2026/05/20-08:10:18.060,12.5597927517
1779235818.260000,2026/05/20-08:10:18.260,14.8404025608
1779235818.460000,2026/05/20-08:10:18.460,14.156000434
1779235818.660000,2026/05/20-08:10:18.660,13.4310492622
1779235818.860000,2026/05/20-08:10:18.860,13.2617296007
1779235819.130000,2026/05/20-08:10:19.130,14.0749023438
1779235819.340000,2026/05/20-08:10:19.340,14.8228678385
1779235819.540000,2026/05/20-08:10:19.540,15.3017849392
1779235819.740000,2026/05/20-08:10:19.740,14.8409505208
1779235819.940000,2026/05/20-08:10:19.940,13.0348741319
1779235820.140000,2026/05/20-08:10:20.140,11.2112630208
1779235820.400000,2026/05/20-08:10:20.400,13.4825575087
1779235820.580000,2026/05/20-08:10:20.580,14.4305284288
1779235820.780000,2026/05/20-08:10:20.780,14.5477918837
1779235820.980000,2026/05/20-08:10:20.980,14.8573893229
1779235821.180000,2026/05/20-08:10:21.180,14.8360188802
1779235821.380000,2026/05/20-08:10:21.380,14.9308159722
1779235821.640000,2026/05/20-08:10:21.640,13.4759819878
1779235821.820000,2026/05/20-08:10:21.820,13.8946234809
1779235822.020000,2026/05/20-08:10:22.020,12.9017198351
1779235822.220000,2026/05/20-08:10:22.220,14.0902452257
1779235822.420000,2026/05/20-08:10:22.420,13.6633843316
1779235822.620000,2026/05/20-08:10:22.620,12.8902126736
1779235822.900000,2026/05/20-08:10:22.900,13.9702419705
1779235823.100000,2026/05/20-08:10:23.100,13.0025444878
1779235823.300000,2026/05/20-08:10:23.300,14.5631347656
1779235823.500000,2026/05/20-08:10:23.500,14.5625868056
1779235823.700000,2026/05/20-08:10:23.700,14.0990125868
1779235823.900000,2026/05/20-08:10:23.900,15.110546875
1779235824.150000,2026/05/20-08:10:24.150,14.0080512153
1779235824.340000,2026/05/20-08:10:24.340,14.5954644097
1779235824.540000,2026/05/20-08:10:24.540,13.9444878472
1779235824.740000,2026/05/20-08:10:24.740,14.4683376736
1779235824.940000,2026/05/20-08:10:24.940,14.1192871094
1779235825.140000,2026/05/20-08:10:25.140,14.7346462674
1779235825.420000,2026/05/20-08:10:25.420,14.4601182726
1779235825.620000,2026/05/20-08:10:25.620,14.5401204427
1779235825.820000,2026/05/20-08:10:25.820,14.0365451389
1779235826.020000,2026/05/20-08:10:26.020,14.297922092
1779235826.220000,2026/05/20-08:10:26.220,14.0732584635
1779235826.420000,2026/05/20-08:10:26.420,14.2201117622
1779235826.670000,2026/05/20-08:10:26.670,13.9285970052
1779235826.860000,2026/05/20-08:10:26.860,13.8502387153
1779235827.060000,2026/05/20-08:10:27.060,15.039860026
1779235827.260000,2026/05/20-08:10:27.260,15.0579427083
1779235827.460000,2026/05/20-08:10:27.460,14.842046441
1779235827.660000,2026/05/20-08:10:27.660,13.3872124566
1779235827.940000,2026/05/20-08:10:27.940,13.6929741753
1779235828.140000,2026/05/20-08:10:28.140,13.4578993056
1779235828.340000,2026/05/20-08:10:28.340,14.5045030382
1779235828.540000,2026/05/20-08:10:28.540,14.2749077691
1779235828.740000,2026/05/20-08:10:28.740,13.5351616753
1779235828.950000,2026/05/20-08:10:28.950,13.6255750868
1779235829.220000,2026/05/20-08:10:29.220,14.826703559
1779235829.420000,2026/05/20-08:10:29.420,15.347265625
1779235829.620000,2026/05/20-08:10:29.620,13.9253092448
1779235829.820000,2026/05/20-08:10:29.820,14.3839518229
1779235830.020000,2026/05/20-08:10:30.020,14.4497070312
1779235830.230000,2026/05/20-08:10:30.230,14.4683376736
1779235830.500000,2026/05/20-08:10:30.500,13.8507866753
1779235830.700000,2026/05/20-08:10:30.700,14.5319010417
1779235830.900000,2026/05/20-08:10:30.900,12.5521213108
1779235831.100000,2026/05/20-08:10:31.100,13.8014702691
1779235831.300000,2026/05/20-08:10:31.300,14.1072319878
1779235831.530000,2026/05/20-08:10:31.530,14.242578125
1779235831.780000,2026/05/20-08:10:31.780,13.7077690972
1779235831.980000,2026/05/20-08:10:31.980,13.6655761719
1779235832.180000,2026/05/20-08:10:32.180,12.908843316
1779235832.380000,2026/05/20-08:10:32.380,13.7587293837
1779235832.580000,2026/05/20-08:10:32.580,14.3231282552
1779235832.810000,2026/05/20-08:10:32.810,13.9494194878
1779235833.060000,2026/05/20-08:10:33.060,14.0875054253
1779235833.260000,2026/05/20-08:10:33.260,13.011311849
1779235833.460000,2026/05/20-08:10:33.460,14.921500651
1779235833.660000,2026/05/20-08:10:33.660,14.8288953993
1779235833.860000,2026/05/20-08:10:33.860,13.8825683594
1779235834.140000,2026/05/20-08:10:34.140,13.1592610677
1779235834.340000,2026/05/20-08:10:34.340,13.1115885417
1779235834.540000,2026/05/20-08:10:34.540,14.2825792101
1779235834.740000,2026/05/20-08:10:34.740,14.4803927951
1779235834.940000,2026/05/20-08:10:34.940,14.8809516059
1779235835.140000,2026/05/20-08:10:35.140,15.3642523872
1779235835.420000,2026/05/20-08:10:35.420,14.0727105035
1779235835.620000,2026/05/20-08:10:35.620,14.7620442708
1779235835.820000,2026/05/20-08:10:35.820,13.3455674913
1779235836.020000,2026/05/20-08:10:36.020,14.6579318576
1779235836.220000,2026/05/20-08:10:36.220,13.5581759983
1779235836.430000,2026/05/20-08:10:36.430,14.5461480035
1779235836.740000,2026/05/20-08:10:36.740,14.3653211806
1779235836.940000,2026/05/20-08:10:36.940,13.785031467
1779235837.140000,2026/05/20-08:10:37.140,12.6496582031
1779235837.340000,2026/05/20-08:10:37.340,14.7225911458
1779235837.540000,2026/05/20-08:10:37.540,13.398171658
1779235837.780000,2026/05/20-08:10:37.780,14.5406684028
1779235838.020000,2026/05/20-08:10:38.020,14.0699707031
1779235838.220000,2026/05/20-08:10:38.220,15.0798611111
1779235838.420000,2026/05/20-08:10:38.420,14.6480685764
1779235838.620000,2026/05/20-08:10:38.620,13.7790039063
1779235838.820000,2026/05/20-08:10:38.820,13.7543457031
1779235839.070000,2026/05/20-08:10:39.070,12.4732150608
1779235839.300000,2026/05/20-08:10:39.300,14.4058702257
1779235839.500000,2026/05/20-08:10:39.500,12.1652615017
1779235839.700000,2026/05/20-08:10:39.700,13.6913302951
1779235839.900000,2026/05/20-08:10:39.900,13.508859592
1779235840.100000,2026/05/20-08:10:40.100,13.5302300347
1779235840.360000,2026/05/20-08:10:40.360,14.7817708333
1779235840.580000,2026/05/20-08:10:40.580,13.1329589844
1779235840.780000,2026/05/20-08:10:40.780,14.3735405816
1779235840.980000,2026/05/20-08:10:40.980,15.0875325521
1779235841.180000,2026/05/20-08:10:41.180,14.2831271701
1779235841.380000,2026/05/20-08:10:41.380,14.4299804687
1779235841.640000,2026/05/20-08:10:41.640,13.6524251302
1779235841.860000,2026/05/20-08:10:41.860,12.830485026
1779235842.060000,2026/05/20-08:10:42.060,13.8135253906
1779235842.260000,2026/05/20-08:10:42.260,14.3538140191
1779235842.460000,2026/05/20-08:10:42.460,14.2677842882
1779235842.660000,2026/05/20-08:10:42.660,13.319265408
1779235842.940000,2026/05/20-08:10:42.940,13.4069390191
1779235843.140000,2026/05/20-08:10:43.140,13.1625488281
1779235843.340000,2026/05/20-08:10:43.340,14.1499728733
1779235843.540000,2026/05/20-08:10:43.540,13.2436469184
1779235843.740000,2026/05/20-08:10:43.740,12.7817165799
1779235843.950000,2026/05/20-08:10:43.950,14.3247721354
1779235844.220000,2026/05/20-08:10:44.220,14.0195583767
1779235844.420000,2026/05/20-08:10:44.420,15.6059027778
1779235844.620000,2026/05/20-08:10:44.620,14.5258734809
1779235844.820000,2026/05/20-08:10:44.820,13.6732476128
1779235845.020000,2026/05/20-08:10:45.020,14.2239474826
1779235845.230000,2026/05/20-08:10:45.230,13.9702419705
1779235845.500000,2026/05/20-08:10:45.500,14.463406033
1779235845.700000,2026/05/20-08:10:45.700,15.3352105035
1779235845.900000,2026/05/20-08:10:45.900,14.881499566
1779235846.100000,2026/05/20-08:10:46.100,14.6930013021
1779235846.300000,2026/05/20-08:10:46.300,14.7724555122
1779235846.530000,2026/05/20-08:10:46.530,14.5379286024
1779235846.780000,2026/05/20-08:10:46.780,14.2623046875
1779235846.980000,2026/05/20-08:10:46.980,14.2168240017
1779235847.180000,2026/05/20-08:10:47.180,14.7357421875
1779235847.380000,2026/05/20-08:10:47.380,14.4129937066
1779235847.580000,2026/05/20-08:10:47.580,15.0458875868
1779235847.870000,2026/05/20-08:10:47.870,13.619547526
1779235848.060000,2026/05/20-08:10:48.060,14.1439453125
1779235848.260000,2026/05/20-08:10:48.260,15.1368489583
1779235848.460000,2026/05/20-08:10:48.460,11.9827907986
1779235848.660000,2026/05/20-08:10:48.660,15.4749403212
1779235848.860000,2026/05/20-08:10:48.860,14.0250379774
1779235849.120000,2026/05/20-08:10:49.120,14.5045030382
1779235849.340000,2026/05/20-08:10:49.340,13.8376356337
1779235849.540000,2026/05/20-08:10:49.540,14.7888943142
1779235849.740000,2026/05/20-08:10:49.740,14.9625976562
1779235849.940000,2026/05/20-08:10:49.940,13.6573567708
1779235850.140000,2026/05/20-08:10:50.140,13.659000651
1779235850.410000,2026/05/20-08:10:50.410,14.3669650608
1779235850.620000,2026/05/20-08:10:50.620,13.3061143663
1779235850.820000,2026/05/20-08:10:50.820,13.9220214844
1779235851.020000,2026/05/20-08:10:51.020,14.5516276042
1779235851.220000,2026/05/20-08:10:51.220,13.9992838542
1779235851.420000,2026/05/20-08:10:51.420,14.0798339844
1779235851.680000,2026/05/20-08:10:51.680,12.6414388021
1779235851.900000,2026/05/20-08:10:51.900,13.6277669271
1779235852.100000,2026/05/20-08:10:52.100,13.6705078125
1779235852.300000,2026/05/20-08:10:52.300,14.1291503906
1779235852.500000,2026/05/20-08:10:52.500,14.6524522569
1779235852.700000,2026/05/20-08:10:52.700,13.4431043837
1779235852.960000,2026/05/20-08:10:52.960,13.540093316
1779235853.180000,2026/05/20-08:10:53.180,13.1598090278
1779235853.380000,2026/05/20-08:10:53.380,14.0486002604
1779235853.580000,2026/05/20-08:10:53.580,14.0425726997
1779235853.780000,2026/05/20-08:10:53.780,13.6721516927
1779235853.980000,2026/05/20-08:10:53.980,14.1773708767
1779235854.260000,2026/05/20-08:10:54.260,13.6600965712
1779235854.460000,2026/05/20-08:10:54.460,14.3444986979
1779235854.660000,2026/05/20-08:10:54.660,14.794921875
1779235854.860000,2026/05/20-08:10:54.860,13.4283094618
1779235855.060000,2026/05/20-08:10:55.060,13.9061306424
1779235855.270000,2026/05/20-08:10:55.270,12.917062717
1779235855.540000,2026/05/20-08:10:55.540,13.3921440972
1779235855.740000,2026/05/20-08:10:55.740,13.8184570312
1779235855.940000,2026/05/20-08:10:55.940,14.4918999566
1779235856.140000,2026/05/20-08:10:56.140,14.1609320747
1779235856.340000,2026/05/20-08:10:56.340,14.716015625
1779235856.560000,2026/05/20-08:10:56.560,13.5258463542
1779235856.820000,2026/05/20-08:10:56.820,14.3439507378
1779235857.020000,2026/05/20-08:10:57.020,13.3044704861
1779235857.220000,2026/05/20-08:10:57.220,14.1466851128
1779235857.420000,2026/05/20-08:10:57.420,14.3834038628
1779235857.620000,2026/05/20-08:10:57.620,14.3428548177
1779235857.880000,2026/05/20-08:10:57.880,13.4863932292
1779235858.100000,2026/05/20-08:10:58.100,14.0951768663
1779235858.300000,2026/05/20-08:10:58.300,15.2930175781
1779235858.500000,2026/05/20-08:10:58.500,13.5981770833
1779235858.700000,2026/05/20-08:10:58.700,13.5231065538
1779235858.900000,2026/05/20-08:10:58.900,14.3494303385
1779235859.160000,2026/05/20-08:10:59.160,14.2595648872
1779235859.340000,2026/05/20-08:10:59.340,14.2990180122
1779235859.540000,2026/05/20-08:10:59.540,15.110546875
1779235859.740000,2026/05/20-08:10:59.740,13.7537977431
1779235859.940000,2026/05/20-08:10:59.940,12.5192437066
1779235860.140000,2026/05/20-08:11:00.140,13.9225694444
1779235860.390000,2026/05/20-08:11:00.390,13.9011990017
1779235860.580000,2026/05/20-08:11:00.580,13.6009168837
1779235860.780000,2026/05/20-08:11:00.780,15.0968478733
1779235860.980000,2026/05/20-08:11:00.980,11.9734754774
1779235861.180000,2026/05/20-08:11:01.180,15.0047905816
1779235861.380000,2026/05/20-08:11:01.380,14.2776475694
1779235861.630000,2026/05/20-08:11:01.630,14.471625434
1779235861.820000,2026/05/20-08:11:01.820,13.0239149306
1779235862.020000,2026/05/20-08:11:02.020,12.8858289931
1779235862.220000,2026/05/20-08:11:02.220,13.9565429688
1779235862.420000,2026/05/20-08:11:02.420,11.1307128906
1779235862.620000,2026/05/20-08:11:02.620,13.8036621094
1779235862.900000,2026/05/20-08:11:02.900,14.4902560764
1779235863.100000,2026/05/20-08:11:03.100,14.9231445312
1779235863.300000,2026/05/20-08:11:03.300,14.1696994358
1779235863.500000,2026/05/20-08:11:03.500,13.5137912326
1779235863.700000,2026/05/20-08:11:03.700,15.5708333333
1779235863.900000,2026/05/20-08:11:03.900,13.437624783
1779235864.180000,2026/05/20-08:11:04.180,14.2283311632
1779235864.380000,2026/05/20-08:11:04.380,14.9516384549
1779235864.580000,2026/05/20-08:11:04.580,13.8233886719
1779235864.780000,2026/05/20-08:11:04.780,14.2677842882
1779235864.980000,2026/05/20-08:11:04.980,14.6420410156
1779235865.200000,2026/05/20-08:11:05.200,14.5461480035
1779235865.460000,2026/05/20-08:11:05.460,14.763140191
1779235865.660000,2026/05/20-08:11:05.660,14.9099934896
1779235865.860000,2026/05/20-08:11:05.860,13.5351616753
1779235866.060000,2026/05/20-08:11:06.060,13.7324273003
1779235866.260000,2026/05/20-08:11:06.260,14.0129828559
1779235866.490000,2026/05/20-08:11:06.490,12.5312988281
1779235866.740000,2026/05/20-08:11:06.740,13.0891221788
1779235866.940000,2026/05/20-08:11:06.940,15.0152018229
1779235867.140000,2026/05/20-08:11:07.140,14.7779351128
1779235867.340000,2026/05/20-08:11:07.340,14.5242296007
1779235867.540000,2026/05/20-08:11:07.540,13.9285970052
1779235867.790000,2026/05/20-08:11:07.790,14.1790147569
1779235868.020000,2026/05/20-08:11:08.020,13.7368109809
1779235868.220000,2026/05/20-08:11:08.220,14.5335449219
1779235868.420000,2026/05/20-08:11:08.420,13.7362630208
1779235868.620000,2026/05/20-08:11:08.620,13.4442003038
1779235868.820000,2026/05/20-08:11:08.820,13.8568142361
1779235869.090000,2026/05/20-08:11:09.090,13.9631184896
1779235869.300000,2026/05/20-08:11:09.300,14.2195638021
1779235869.500000,2026/05/20-08:11:09.500,12.8721299913
1779235869.700000,2026/05/20-08:11:09.700,13.9264051649
1779235869.900000,2026/05/20-08:11:09.900,14.1505208333
1779235870.100000,2026/05/20-08:11:10.100,13.8781846788
1779235870.350000,2026/05/20-08:11:10.350,14.3823079427
1779235870.580000,2026/05/20-08:11:10.580,14.2990180122
1779235870.780000,2026/05/20-08:11:10.780,13.856266276
1779235870.980000,2026/05/20-08:11:10.980,15.031640625
1779235871.180000,2026/05/20-08:11:11.180,13.9844889323
1779235871.380000,2026/05/20-08:11:11.380,14.242578125
1779235871.660000,2026/05/20-08:11:11.660,14.8732801649
1779235871.860000,2026/05/20-08:11:11.860,14.1412055122
1779235872.060000,2026/05/20-08:11:12.060,13.7603732639
1779235872.260000,2026/05/20-08:11:12.260,14.4135416667
1779235872.460000,2026/05/20-08:11:12.460,14.3368272569
1779235872.660000,2026/05/20-08:11:12.660,13.8984592014
1779235872.910000,2026/05/20-08:11:12.910,15.1236979167
1779235873.100000,2026/05/20-08:11:13.100,15.1050672743
1779235873.300000,2026/05/20-08:11:13.300,13.8365397135
1779235873.500000,2026/05/20-08:11:13.500,13.4551595052
1779235873.700000,2026/05/20-08:11:13.700,15.520968967
1779235873.900000,2026/05/20-08:11:13.900,14.3603895399
1779235874.180000,2026/05/20-08:11:14.180,14.968625217
1779235874.380000,2026/05/20-08:11:14.380,14.3713487413
1779235874.580000,2026/05/20-08:11:14.580,13.9548990885
1779235874.780000,2026/05/20-08:11:14.780,13.9707899306
1779235874.980000,2026/05/20-08:11:14.980,14.5072428385
1779235875.180000,2026/05/20-08:11:15.180,14.9390353733
1779235875.460000,2026/05/20-08:11:15.460,14.7587565104
1779235875.660000,2026/05/20-08:11:15.660,12.6732204861
1779235875.860000,2026/05/20-08:11:15.860,13.611328125
1779235876.060000,2026/05/20-08:11:16.060,13.3187174479
1779235876.260000,2026/05/20-08:11:16.260,13.3132378472
1779235876.480000,2026/05/20-08:11:16.480,14.5099826389
1779235876.740000,2026/05/20-08:11:16.740,13.6748914931
1779235876.940000,2026/05/20-08:11:16.940,14.5214898003
1779235877.140000,2026/05/20-08:11:17.140,13.1592610677
1779235877.340000,2026/05/20-08:11:17.340,12.9000759549
1779235877.540000,2026/05/20-08:11:17.540,13.7307834201
1779235877.810000,2026/05/20-08:11:17.810,13.7280436198
1779235878.020000,2026/05/20-08:11:18.020,13.4502278646
1779235878.220000,2026/05/20-08:11:18.220,14.8776638455
1779235878.420000,2026/05/20-08:11:18.420,15.094656033
1779235878.620000,2026/05/20-08:11:18.620,15.0678059896
1779235878.820000,2026/05/20-08:11:18.820,12.9636393229
1779235879.080000,2026/05/20-08:11:19.080,13.5110514323
1779235879.260000,2026/05/20-08:11:19.260,13.4880371094
1779235879.460000,2026/05/20-08:11:19.460,12.7871961806
1779235879.660000,2026/05/20-08:11:19.660,14.4392957899
1779235879.860000,2026/05/20-08:11:19.860,14.2414822049
1779235880.060000,2026/05/20-08:11:20.060,13.8272243924
1779235880.310000,2026/05/20-08:11:20.310,14.6743706597
1779235880.500000,2026/05/20-08:11:20.500,13.1669325087
1779235880.700000,2026/05/20-08:11:20.700,15.0508192274
1779235880.900000,2026/05/20-08:11:20.900,13.011311849
1779235881.100000,2026/05/20-08:11:21.100,14.4694335938
1779235881.300000,2026/05/20-08:11:21.300,13.7620171441
1779235881.560000,2026/05/20-08:11:21.560,13.500640191
1779235881.780000,2026/05/20-08:11:21.780,13.4113226997
1779235881.980000,2026/05/20-08:11:21.980,13.8343478733
1779235882.180000,2026/05/20-08:11:22.180,14.1538085938
1779235882.380000,2026/05/20-08:11:22.380,13.3998155382
1779235882.580000,2026/05/20-08:11:22.580,14.3472384983
1779235882.830000,2026/05/20-08:11:22.830,14.4173773872
1779235883.020000,2026/05/20-08:11:23.020,15.3527452257
1779235883.220000,2026/05/20-08:11:23.220,13.8140733507
1779235883.420000,2026/05/20-08:11:23.420,14.1724392361
1779235883.620000,2026/05/20-08:11:23.620,14.5866970486
1779235883.820000,2026/05/20-08:11:23.820,13.0639160156
1779235884.100000,2026/05/20-08:11:24.100,13.9921603733
1779235884.300000,2026/05/20-08:11:24.300,15.402609592
1779235884.500000,2026/05/20-08:11:24.500,13.9296929253
1779235884.700000,2026/05/20-08:11:24.700,14.8595811632
1779235884.900000,2026/05/20-08:11:24.900,15.1626030816
1779235885.100000,2026/05/20-08:11:25.100,13.7022894965
1779235885.360000,2026/05/20-08:11:25.360,14.2814832899
1779235885.580000,2026/05/20-08:11:25.580,13.9658582899
1779235885.780000,2026/05/20-08:11:25.780,13.2474826389
1779235885.980000,2026/05/20-08:11:25.980,14.3116210937
1779235886.180000,2026/05/20-08:11:26.180,14.4743652344
1779235886.380000,2026/05/20-08:11:26.380,13.3499511719
1779235886.650000,2026/05/20-08:11:26.650,14.4924479167
1779235886.860000,2026/05/20-08:11:26.860,14.7614963108
1779235887.060000,2026/05/20-08:11:27.060,14.092437066
1779235887.260000,2026/05/20-08:11:27.260,13.4272135417
1779235887.460000,2026/05/20-08:11:27.460,13.1121365017
1779235887.660000,2026/05/20-08:11:27.660,14.8173882378
1779235887.920000,2026/05/20-08:11:27.920,13.1609049479
1779235888.140000,2026/05/20-08:11:28.140,13.0321343316
1779235888.340000,2026/05/20-08:11:28.340,15.0798611111
1779235888.540000,2026/05/20-08:11:28.540,14.3971028646
1779235888.740000,2026/05/20-08:11:28.740,14.3675130208
1779235888.940000,2026/05/20-08:11:28.940,14.6491644965
1779235889.190000,2026/05/20-08:11:29.190,10.4895996094
1779235889.380000,2026/05/20-08:11:29.380,12.8069227431
1779235889.580000,2026/05/20-08:11:29.580,13.6990017361
1779235889.780000,2026/05/20-08:11:29.780,13.5702311198
1779235889.980000,2026/05/20-08:11:29.980,14.2255913628
1779235890.180000,2026/05/20-08:11:30.180,13.5822862413
1779235890.450000,2026/05/20-08:11:30.450,13.0611762153
1779235890.660000,2026/05/20-08:11:30.660,14.0343532986
1779235890.860000,2026/05/20-08:11:30.860,13.2359754774
1779235891.060000,2026/05/20-08:11:31.060,13.6748914931
1779235891.260000,2026/05/20-08:11:31.260,14.4562825521
1779235891.460000,2026/05/20-08:11:31.460,14.0173665365
1779235891.720000,2026/05/20-08:11:31.720,11.9559407552
1779235891.940000,2026/05/20-08:11:31.940,13.674343533
1779235892.140000,2026/05/20-08:11:32.140,13.3225531684
1779235892.340000,2026/05/20-08:11:32.340,14.5340928819
1779235892.540000,2026/05/20-08:11:32.540,14.2058648003
1779235892.740000,2026/05/20-08:11:32.740,13.8425672743
1779235893.000000,2026/05/20-08:11:33.000,13.8864040799
1779235893.180000,2026/05/20-08:11:33.180,14.2146321615
1779235893.380000,2026/05/20-08:11:33.380,14.1203830295
1779235893.580000,2026/05/20-08:11:33.580,15.4376790365
1779235893.780000,2026/05/20-08:11:33.780,14.0195583767
1779235893.980000,2026/05/20-08:11:33.980,13.4896809896
1779235894.240000,2026/05/20-08:11:34.240,13.4480360243
1779235894.460000,2026/05/20-08:11:34.460,14.4946397569
1779235894.660000,2026/05/20-08:11:34.660,13.7910590278
1779235894.860000,2026/05/20-08:11:34.860,13.1943305122
1779235895.060000,2026/05/20-08:11:35.060,14.0814778646
1779235895.260000,2026/05/20-08:11:35.260,14.4392957899
1779235895.540000,2026/05/20-08:11:35.540,13.4178982205
1779235895.740000,2026/05/20-08:11:35.740,14.7330023872
1779235895.940000,2026/05/20-08:11:35.940,14.1384657118
1779235896.140000,2026/05/20-08:11:36.140,13.4803656684
1779235896.340000,2026/05/20-08:11:36.340,13.8710611979
1779235896.550000,2026/05/20-08:11:36.550,13.5762586806
1779235896.820000,2026/05/20-08:11:36.820,13.697905816
1779235897.020000,2026/05/20-08:11:37.020,15.2009602865
1779235897.220000,2026/05/20-08:11:37.220,13.5028320312
1779235897.420000,2026/05/20-08:11:37.420,14.4376519097
1779235897.620000,2026/05/20-08:11:37.620,15.5259006076
1779235897.890000,2026/05/20-08:11:37.890,13.9461317274
1779235898.100000,2026/05/20-08:11:38.100,14.3088812934
1779235898.300000,2026/05/20-08:11:38.300,15.4387749566
1779235898.500000,2026/05/20-08:11:38.500,13.5094075521
1779235898.700000,2026/05/20-08:11:38.700,14.3729926215
1779235898.900000,2026/05/20-08:11:38.900,13.863937717
1779235899.120000,2026/05/20-08:11:39.120,13.4387207031
1779235899.340000,2026/05/20-08:11:39.340,15.0941080729
1779235899.540000,2026/05/20-08:11:39.540,14.8957465278
1779235899.740000,2026/05/20-08:11:39.740,13.9494194878
1779235899.940000,2026/05/20-08:11:39.940,14.4255967882
1779235900.140000,2026/05/20-08:11:40.140,13.2529622396
1779235900.360000,2026/05/20-08:11:40.360,13.8146213108
1779235900.580000,2026/05/20-08:11:40.580,14.589984809
1779235900.780000,2026/05/20-08:11:40.780,14.0266818576
1779235900.980000,2026/05/20-08:11:40.980,14.6732747396
1779235901.180000,2026/05/20-08:11:41.180,15.000406901
1779235901.380000,2026/05/20-08:11:41.380,13.5072157118
1779235901.600000,2026/05/20-08:11:41.600,14.6502604167
1779235901.860000,2026/05/20-08:11:41.860,13.4124186198
1779235902.060000,2026/05/20-08:11:42.060,13.8513346354
1779235902.260000,2026/05/20-08:11:42.260,13.7570855035
1779235902.460000,2026/05/20-08:11:42.460,14.2140842014
1779235902.660000,2026/05/20-08:11:42.660,13.9685980903
1779235902.880000,2026/05/20-08:11:42.880,15.1050672743
1779235903.140000,2026/05/20-08:11:43.140,13.3696777344
1779235903.340000,2026/05/20-08:11:43.340,14.9220486111
1779235903.540000,2026/05/20-08:11:43.540,13.6124240451
1779235903.740000,2026/05/20-08:11:43.740,14.4946397569
1779235903.940000,2026/05/20-08:11:43.940,14.581765408
1779235904.200000,2026/05/20-08:11:44.200,13.2332356771
1779235904.420000,2026/05/20-08:11:44.420,14.2091525608
1779235904.620000,2026/05/20-08:11:44.620,14.2212076823
1779235904.820000,2026/05/20-08:11:44.820,14.6458767361
1779235905.020000,2026/05/20-08:11:45.020,13.6891384549
1779235905.220000,2026/05/20-08:11:45.220,13.4655707465
1779235905.470000,2026/05/20-08:11:45.470,14.5790256076
1779235905.660000,2026/05/20-08:11:45.660,13.753249783
1779235905.860000,2026/05/20-08:11:45.860,13.6074924045
1779235906.060000,2026/05/20-08:11:46.060,13.5965332031
1779235906.260000,2026/05/20-08:11:46.260,13.6409179687
1779235906.460000,2026/05/20-08:11:46.460,14.1198350694
1779235906.720000,2026/05/20-08:11:46.720,14.4469672309
1779235906.940000,2026/05/20-08:11:46.940,14.1746310764
1779235907.140000,2026/05/20-08:11:47.140,13.6250271267
1779235907.340000,2026/05/20-08:11:47.340,13.974077691
1779235907.540000,2026/05/20-08:11:47.540,14.2705240885
1779235907.740000,2026/05/20-08:11:47.740,14.1653157552
1779235908.000000,2026/05/20-08:11:48.000,15.0053385417
1779235908.220000,2026/05/20-08:11:48.220,14.3444986979
1779235908.420000,2026/05/20-08:11:48.420,13.6420138889
1779235908.620000,2026/05/20-08:11:48.620,13.2617296007
1779235908.820000,2026/05/20-08:11:48.820,14.8299913194
1779235909.020000,2026/05/20-08:11:49.020,15.0256130642
1779235909.280000,2026/05/20-08:11:49.280,14.471077474
1779235909.500000,2026/05/20-08:11:49.500,14.8732801649
1779235909.700000,2026/05/20-08:11:49.700,14.2990180122
1779235909.900000,2026/05/20-08:11:49.900,13.7658528646
1779235910.100000,2026/05/20-08:11:50.100,14.6349175347
1779235910.300000,2026/05/20-08:11:50.300,13.6502332899
1779235910.560000,2026/05/20-08:11:50.560,13.4748860677
1779235910.740000,2026/05/20-08:11:50.740,12.9965169271
1779235910.940000,2026/05/20-08:11:50.940,13.7844835069
1779235911.140000,2026/05/20-08:11:51.140,13.7318793403
1779235911.340000,2026/05/20-08:11:51.340,14.7072482639
1779235911.540000,2026/05/20-08:11:51.540,14.3899793837
1779235911.820000,2026/05/20-08:11:51.820,13.9395562066
1779235912.020000,2026/05/20-08:11:52.020,14.9006781684
1779235912.220000,2026/05/20-08:11:52.220,15.2228786892
1779235912.420000,2026/05/20-08:11:52.420,13.287483724
1779235912.620000,2026/05/20-08:11:52.620,15.062874349
1779235912.820000,2026/05/20-08:11:52.820,14.1028483073
1779235913.070000,2026/05/20-08:11:53.070,13.2951551649
1779235913.260000,2026/05/20-08:11:53.260,14.1598361545
1779235913.460000,2026/05/20-08:11:53.460,15.0995876736
1779235913.660000,2026/05/20-08:11:53.660,13.2200846354
1779235913.860000,2026/05/20-08:11:53.860,13.5466688368
1779235914.060000,2026/05/20-08:11:54.060,15.3286349826
1779235914.310000,2026/05/20-08:11:54.310,14.132438151
1779235914.500000,2026/05/20-08:11:54.500,14.6025878906
1779235914.700000,2026/05/20-08:11:54.700,13.6896864149
1779235914.900000,2026/05/20-08:11:54.900,13.998187934
1779235915.100000,2026/05/20-08:11:55.100,13.1526855469
1779235915.300000,2026/05/20-08:11:55.300,14.116547309
1779235915.550000,2026/05/20-08:11:55.550,13.9620225694
1779235915.740000,2026/05/20-08:11:55.740,12.6239040799
1779235915.940000,2026/05/20-08:11:55.940,14.5614908854
1779235916.140000,2026/05/20-08:11:56.140,13.8376356337
1779235916.340000,2026/05/20-08:11:56.340,13.043093533
1779235916.540000,2026/05/20-08:11:56.540,14.2436740451
1779235916.820000,2026/05/20-08:11:56.820,14.1033962674
1779235917.020000,2026/05/20-08:11:57.020,13.1203559028
1779235917.220000,2026/05/20-08:11:57.220,14.1746310764
1779235917.420000,2026/05/20-08:11:57.420,14.5724500868
1779235917.620000,2026/05/20-08:11:57.620,15.3187717014
1779235917.830000,2026/05/20-08:11:57.830,13.6491373698
1779235918.100000,2026/05/20-08:11:58.100,15.4694607205
1779235918.300000,2026/05/20-08:11:58.300,13.5231065538
1779235918.500000,2026/05/20-08:11:58.500,14.2464138455
1779235918.700000,2026/05/20-08:11:58.700,13.9307888455
1779235918.900000,2026/05/20-08:11:58.900,14.7291666667
1779235919.150000,2026/05/20-08:11:59.150,13.2650173611
1779235919.380000,2026/05/20-08:11:59.380,15.5779568142
1779235919.580000,2026/05/20-08:11:59.580,13.508859592
1779235919.780000,2026/05/20-08:11:59.780,13.4688585069
1779235919.980000,2026/05/20-08:11:59.980,14.8064290365
1779235920.180000,2026/05/20-08:12:00.180,14.140109592
1779235920.390000,2026/05/20-08:12:00.390,14.4628580729
1779235920.620000,2026/05/20-08:12:00.620,14.6590277778
1779235920.820000,2026/05/20-08:12:00.820,13.1992621528
1779235921.020000,2026/05/20-08:12:01.020,13.5784505208
1779235921.220000,2026/05/20-08:12:01.220,14.6864257813
1779235921.420000,2026/05/20-08:12:01.420,13.9839409722
1779235921.660000,2026/05/20-08:12:01.660,14.0409288194
1779235921.900000,2026/05/20-08:12:01.900,14.605327691
1779235922.100000,2026/05/20-08:12:02.100,13.2469346788
1779235922.300000,2026/05/20-08:12:02.300,15.0639702691
1779235922.500000,2026/05/20-08:12:02.500,12.6622612847
1779235922.700000,2026/05/20-08:12:02.700,15.1538357205
1779235922.970000,2026/05/20-08:12:02.970,13.6995496962
1779235923.180000,2026/05/20-08:12:03.180,13.6184516059
1779235923.380000,2026/05/20-08:12:03.380,13.2655653212
1779235923.580000,2026/05/20-08:12:03.580,14.4195692274
1779235923.780000,2026/05/20-08:12:03.780,13.7587293837
1779235923.980000,2026/05/20-08:12:03.980,13.9779134115
1779235924.260000,2026/05/20-08:12:04.260,13.863937717
1779235924.460000,2026/05/20-08:12:04.460,13.1877549913
1779235924.660000,2026/05/20-08:12:04.660,13.9379123264
1779235924.860000,2026/05/20-08:12:04.860,14.0299696181
1779235925.060000,2026/05/20-08:12:05.060,13.6211914063
1779235925.260000,2026/05/20-08:12:05.260,12.8425401476
1779235925.510000,2026/05/20-08:12:05.510,14.3088812934
1779235925.740000,2026/05/20-08:12:05.740,14.1549045139
1779235925.940000,2026/05/20-08:12:05.940,13.5373535156
1779235926.140000,2026/05/20-08:12:06.140,13.7384548611
1779235926.340000,2026/05/20-08:12:06.340,14.6206705729
1779235926.540000,2026/05/20-08:12:06.540,14.3412109375
1779235926.790000,2026/05/20-08:12:06.790,13.5477647569
1779235927.020000,2026/05/20-08:12:07.020,12.8074707031
1779235927.220000,2026/05/20-08:12:07.220,14.8102647569
1779235927.420000,2026/05/20-08:12:07.420,13.9231174045
1779235927.620000,2026/05/20-08:12:07.620,15.1615071615
1779235927.820000,2026/05/20-08:12:07.820,13.6239312066
1779235928.090000,2026/05/20-08:12:08.090,14.2573730469
1779235928.300000,2026/05/20-08:12:08.300,14.7850585938
1779235928.500000,2026/05/20-08:12:08.500,13.776812066
1779235928.700000,2026/05/20-08:12:08.700,14.1023003472
1779235928.900000,2026/05/20-08:12:08.900,13.6250271267
1779235929.100000,2026/05/20-08:12:09.100,14.1877821181
1779235929.360000,2026/05/20-08:12:09.360,12.9762424045
1779235929.580000,2026/05/20-08:12:09.580,14.7499891493
1779235929.780000,2026/05/20-08:12:09.780,12.9433648003
1779235929.980000,2026/05/20-08:12:09.980,14.1138075087
1779235930.180000,2026/05/20-08:12:10.180,13.9324327257
1779235930.380000,2026/05/20-08:12:10.380,15.260139974
1779235930.640000,2026/05/20-08:12:10.640,14.1362738715
1779235930.820000,2026/05/20-08:12:10.820,15.1050672743
1779235931.020000,2026/05/20-08:12:11.020,13.1762478299
1779235931.220000,2026/05/20-08:12:11.220,14.5280653212
1779235931.420000,2026/05/20-08:12:11.420,14.2376464844
1779235931.620000,2026/05/20-08:12:11.620,14.9636935764
1779235931.880000,2026/05/20-08:12:11.880,13.7274956597
1779235932.100000,2026/05/20-08:12:12.100,14.1039442274
1779235932.300000,2026/05/20-08:12:12.300,13.5192708333
1779235932.500000,2026/05/20-08:12:12.500,14.7686197917
1779235932.700000,2026/05/20-08:12:12.700,14.423952908
1779235932.900000,2026/05/20-08:12:12.900,13.2852918837
1779235933.180000,2026/05/20-08:12:13.180,14.6694390191
1779235933.380000,2026/05/20-08:12:13.380,13.3592664931
1779235933.580000,2026/05/20-08:12:13.580,14.6157389323
1779235933.780000,2026/05/20-08:12:13.780,13.9598307292
1779235933.980000,2026/05/20-08:12:13.980,14.1335340712
1779235934.190000,2026/05/20-08:12:14.190,13.5888617622
1779235934.460000,2026/05/20-08:12:14.460,13.7039333767
1779235934.660000,2026/05/20-08:12:14.660,14.2612087674
1779235934.860000,2026/05/20-08:12:14.860,14.2453179253
1779235935.060000,2026/05/20-08:12:15.060,13.9812011719
1779235935.260000,2026/05/20-08:12:15.260,14.803141276
1779235935.480000,2026/05/20-08:12:15.480,13.011859809
1779235935.740000,2026/05/20-08:12:15.740,13.1291232639
1779235935.940000,2026/05/20-08:12:15.940,14.3351833767
1779235936.140000,2026/05/20-08:12:16.140,14.4442274306
1779235936.340000,2026/05/20-08:12:16.340,13.9970920139
1779235936.540000,2026/05/20-08:12:16.540,14.3220323351
1779235936.770000,2026/05/20-08:12:16.770,14.7746473524
1779235937.020000,2026/05/20-08:12:17.020,14.5773817274
1779235937.220000,2026/05/20-08:12:17.220,13.2239203559
1779235937.420000,2026/05/20-08:12:17.420,14.0721625434
1779235937.620000,2026/05/20-08:12:17.620,14.4069661458
1779235937.820000,2026/05/20-08:12:17.820,14.9116373698
1779235938.090000,2026/05/20-08:12:18.090,14.9417751736
1779235938.300000,2026/05/20-08:12:18.300,14.3401150174
1779235938.500000,2026/05/20-08:12:18.500,14.1614800347
1779235938.700000,2026/05/20-08:12:18.700,13.777360026
1779235938.900000,2026/05/20-08:12:18.900,14.1143554687
1779235939.100000,2026/05/20-08:12:19.100,13.2803602431
1779235939.380000,2026/05/20-08:12:19.380,13.6606445312
1779235939.580000,2026/05/20-08:12:19.580,14.9636935764
1779235939.780000,2026/05/20-08:12:19.780,14.5406684028
1779235939.980000,2026/05/20-08:12:19.980,13.7428385417
1779235940.180000,2026/05/20-08:12:20.180,14.7143717448
1779235940.390000,2026/05/20-08:12:20.390,13.0704915365
1779235940.700000,2026/05/20-08:12:20.700,13.4107747396
1779235940.900000,2026/05/20-08:12:20.900,15.0256130642
1779235941.100000,2026/05/20-08:12:21.100,13.8918836806
1779235941.300000,2026/05/20-08:12:21.300,13.2398111979
1779235941.500000,2026/05/20-08:12:21.500,14.0502441406
1779235941.760000,2026/05/20-08:12:21.760,14.4902560764
1779235941.980000,2026/05/20-08:12:21.980,14.7231391059
1779235942.180000,2026/05/20-08:12:22.180,13.1559733073
1779235942.380000,2026/05/20-08:12:22.380,13.1340549045
1779235942.580000,2026/05/20-08:12:22.580,14.0792860243
1779235942.780000,2026/05/20-08:12:22.780,14.605327691
1779235943.040000,2026/05/20-08:12:23.040,13.9959960937
1779235943.260000,2026/05/20-08:12:23.260,13.9017469618
1779235943.460000,2026/05/20-08:12:23.460,13.1373426649
1779235943.660000,2026/05/20-08:12:23.660,14.5532714844
1779235943.860000,2026/05/20-08:12:23.860,14.8793077257
1779235944.060000,2026/05/20-08:12:24.060,15.1056152344
1779235944.320000,2026/05/20-08:12:24.320,13.7044813368
1779235944.540000,2026/05/20-08:12:24.540,14.2770996094
1779235944.740000,2026/05/20-08:12:24.740,15.0064344618
1779235944.940000,2026/05/20-08:12:24.940,13.4913248698
1779235945.140000,2026/05/20-08:12:25.140,13.9116102431
1779235945.340000,2026/05/20-08:12:25.340,14.3499782986
1779235945.600000,2026/05/20-08:12:25.600,13.4896809896
1779235945.780000,2026/05/20-08:12:25.780,14.9543782552
1779235945.980000,2026/05/20-08:12:25.980,15.3686360677
1779235946.180000,2026/05/20-08:12:26.180,13.5203667535
1779235946.380000,2026/05/20-08:12:26.380,14.3636773003
1779235946.580000,2026/05/20-08:12:26.580,14.4201171875
1779235946.830000,2026/05/20-08:12:26.830,14.5724500868
1779235947.020000,2026/05/20-08:12:27.020,14.3899793837
1779235947.220000,2026/05/20-08:12:27.220,14.6469726562
1779235947.420000,2026/05/20-08:12:27.420,11.9532009549
1779235947.620000,2026/05/20-08:12:27.620,14.3307996962
1779235947.820000,2026/05/20-08:12:27.820,14.7445095486
1779235948.100000,2026/05/20-08:12:28.100,12.1307400174
1779235948.300000,2026/05/20-08:12:28.300,12.6047254774
1779235948.500000,2026/05/20-08:12:28.500,15.54453125
1779235948.700000,2026/05/20-08:12:28.700,14.1302463108
1779235948.900000,2026/05/20-08:12:28.900,13.8447591146
1779235949.100000,2026/05/20-08:12:29.100,14.5088867188
1779235949.360000,2026/05/20-08:12:29.360,14.3379231771
1779235949.580000,2026/05/20-08:12:29.580,14.3658691406
1779235949.780000,2026/05/20-08:12:29.780,14.1061360677
1779235949.980000,2026/05/20-08:12:29.980,13.8781846788
1779235950.180000,2026/05/20-08:12:30.180,14.6168348524
1779235950.380000,2026/05/20-08:12:30.380,13.5110514323
1779235950.630000,2026/05/20-08:12:30.630,13.6255750868
1779235950.820000,2026/05/20-08:12:30.820,13.3795410156
1779235951.020000,2026/05/20-08:12:31.020,13.4562554253
1779235951.220000,2026/05/20-08:12:31.220,13.5521484375
1779235951.420000,2026/05/20-08:12:31.420,13.4529676649
1779235951.620000,2026/05/20-08:12:31.620,13.7521538628
1779235951.890000,2026/05/20-08:12:31.890,13.7757161458
1779235952.100000,2026/05/20-08:12:32.100,12.6666449653
1779235952.300000,2026/05/20-08:12:32.300,14.6793023003
1779235952.500000,2026/05/20-08:12:32.500,13.4414605035
1779235952.700000,2026/05/20-08:12:32.700,14.8294433594
1779235952.900000,2026/05/20-08:12:32.900,14.0951768663
1779235953.150000,2026/05/20-08:12:33.150,13.2129611545
1779235953.340000,2026/05/20-08:12:33.340,13.2184407552
1779235953.540000,2026/05/20-08:12:33.540,14.1017523872
1779235953.740000,2026/05/20-08:12:33.740,14.2968261719
1779235953.940000,2026/05/20-08:12:33.940,14.0299696181
1779235954.140000,2026/05/20-08:12:34.140,14.0595594618
1779235954.390000,2026/05/20-08:12:34.390,13.7653049045
1779235954.580000,2026/05/20-08:12:34.580,11.3137315538
1779235954.780000,2026/05/20-08:12:34.780,14.0973687066
1779235954.980000,2026/05/20-08:12:34.980,14.4688856337
1779235955.180000,2026/05/20-08:12:35.180,14.7609483507
1779235955.380000,2026/05/20-08:12:35.380,13.6474934896
1779235955.640000,2026/05/20-08:12:35.640,13.4261176215
1779235955.860000,2026/05/20-08:12:35.860,14.5905327691
1779235956.060000,2026/05/20-08:12:36.060,14.3883355035
1779235956.260000,2026/05/20-08:12:36.260,14.6930013021
1779235956.460000,2026/05/20-08:12:36.460,14.9954752604
1779235956.660000,2026/05/20-08:12:36.660,14.3455946181
1779235956.920000,2026/05/20-08:12:36.920,14.7351942274
1779235957.100000,2026/05/20-08:12:37.100,14.3105251736
1779235957.300000,2026/05/20-08:12:37.300,14.2447699653
1779235957.500000,2026/05/20-08:12:37.500,14.4540907118
1779235957.700000,2026/05/20-08:12:37.700,15.3927463108
1779235957.900000,2026/05/20-08:12:37.900,14.7505371094
1779235958.160000,2026/05/20-08:12:38.160,14.6184787326
1779235958.340000,2026/05/20-08:12:38.340,13.2726888021
1779235958.540000,2026/05/20-08:12:38.540,13.1247395833
1779235958.740000,2026/05/20-08:12:38.740,14.2294270833
1779235958.940000,2026/05/20-08:12:38.940,12.1104654948
1779235959.140000,2026/05/20-08:12:39.140,14.0228461372
1779235959.400000,2026/05/20-08:12:39.400,13.8042100694
1779235959.620000,2026/05/20-08:12:39.620,14.7614963108
1779235959.820000,2026/05/20-08:12:39.820,14.1916178385
1779235960.020000,2026/05/20-08:12:40.020,13.4135145399
1779235960.220000,2026/05/20-08:12:40.220,14.3839518229
1779235960.420000,2026/05/20-08:12:40.420,14.6108072917
1779235960.680000,2026/05/20-08:12:40.680,13.9466796875
1779235960.900000,2026/05/20-08:12:40.900,14.731906467
1779235961.100000,2026/05/20-08:12:41.100,14.5280653212
1779235961.300000,2026/05/20-08:12:41.300,12.254031033
1779235961.500000,2026/05/20-08:12:41.500,12.8200737847
1779235961.700000,2026/05/20-08:12:41.700,13.6403700087
1779235961.960000,2026/05/20-08:12:41.960,13.6305067274
1779235962.180000,2026/05/20-08:12:42.180,14.9012261285
1779235962.380000,2026/05/20-08:12:42.380,14.0420247396
1779235962.580000,2026/05/20-08:12:42.580,14.1905219184
1779235962.780000,2026/05/20-08:12:42.780,13.4261176215
1779235962.980000,2026/05/20-08:12:42.980,13.6836588542
1779235963.220000,2026/05/20-08:12:43.220,13.5137912326
1779235963.420000,2026/05/20-08:12:43.420,14.0820258247
1779235963.620000,2026/05/20-08:12:43.620,14.4984754774
1779235963.820000,2026/05/20-08:12:43.820,13.6184516059
1779235964.020000,2026/05/20-08:12:44.020,14.5609429253
1779235964.220000,2026/05/20-08:12:44.220,14.6102593316
1779235964.480000,2026/05/20-08:12:44.480,14.4349121094
1779235964.700000,2026/05/20-08:12:44.700,13.879280599
1779235964.900000,2026/05/20-08:12:44.900,13.6787272135
1779235965.100000,2026/05/20-08:12:45.100,13.2184407552
1779235965.300000,2026/05/20-08:12:45.300,13.7685926649
1779235965.500000,2026/05/20-08:12:45.500,14.5034071181
1779235965.770000,2026/05/20-08:12:45.770,12.6918511285
1779235965.980000,2026/05/20-08:12:45.980,14.6639594184
1779235966.180000,2026/05/20-08:12:46.180,14.0025716146
1779235966.380000,2026/05/20-08:12:46.380,13.5817382812
1779235966.580000,2026/05/20-08:12:46.580,14.6601236979
1779235966.780000,2026/05/20-08:12:46.780,14.3549099392
1779235967.060000,2026/05/20-08:12:47.060,13.7263997396
1779235967.260000,2026/05/20-08:12:47.260,14.5779296875
1779235967.460000,2026/05/20-08:12:47.460,12.7165093316
1779235967.660000,2026/05/20-08:12:47.660,14.3866916233
1779235967.860000,2026/05/20-08:12:47.860,13.8272243924
1779235968.070000,2026/05/20-08:12:48.070,14.132438151
1779235968.340000,2026/05/20-08:12:48.340,14.5472439236
1779235968.540000,2026/05/20-08:12:48.540,14.2129882813
1779235968.740000,2026/05/20-08:12:48.740,12.6041775174
1779235968.940000,2026/05/20-08:12:48.940,14.3834038628
1779235969.140000,2026/05/20-08:12:49.140,14.7056043837
1779235969.360000,2026/05/20-08:12:49.360,13.8973632812
1779235969.620000,2026/05/20-08:12:49.620,14.392719184
1779235969.820000,2026/05/20-08:12:49.820,13.3110460069
1779235970.020000,2026/05/20-08:12:50.020,14.2968261719
1779235970.220000,2026/05/20-08:12:50.220,14.4283365885
1779235970.420000,2026/05/20-08:12:50.420,13.5614637587
1779235970.690000,2026/05/20-08:12:50.690,14.084765625
1779235970.900000,2026/05/20-08:12:50.900,14.0732584635
1779235971.100000,2026/05/20-08:12:51.100,14.2195638021
1779235971.300000,2026/05/20-08:12:51.300,14.0464084201
1779235971.500000,2026/05/20-08:12:51.500,13.3252929688
1779235971.700000,2026/05/20-08:12:51.700,14.1938096788
1779235971.960000,2026/05/20-08:12:51.960,13.895171441
1779235972.140000,2026/05/20-08:12:52.140,15.631656901
1779235972.340000,2026/05/20-08:12:52.340,13.7384548611
1779235972.540000,2026/05/20-08:12:52.540,14.8941026476
1779235972.740000,2026/05/20-08:12:52.740,14.6760145399
1779235972.940000,2026/05/20-08:12:52.940,13.382828776
1779235973.200000,2026/05/20-08:12:53.200,14.0749023437
1779235973.420000,2026/05/20-08:12:53.420,14.486968316
1779235973.620000,2026/05/20-08:12:53.620,13.0644639757
1779235973.820000,2026/05/20-08:12:53.820,13.8677734375
1779235974.020000,2026/05/20-08:12:54.020,14.7724555122
1779235974.220000,2026/05/20-08:12:54.220,14.1680555556
1779235974.500000,2026/05/20-08:12:54.500,13.6474934896
1779235974.700000,2026/05/20-08:12:54.700,14.3680609809
1779235974.900000,2026/05/20-08:12:54.900,13.3346082899
1779235975.100000,2026/05/20-08:12:55.100,14.897390408
1779235975.300000,2026/05/20-08:12:55.300,13.6370822483
1779235975.500000,2026/05/20-08:12:55.500,14.5812174479
1779235975.780000,2026/05/20-08:12:55.780,14.0305175781
1779235975.980000,2026/05/20-08:12:55.980,15.3094563802
1779235976.180000,2026/05/20-08:12:56.180,12.9943250868
1779235976.380000,2026/05/20-08:12:56.380,13.2781684028
1779235976.580000,2026/05/20-08:12:56.580,13.1735080295
1779235976.790000,2026/05/20-08:12:56.790,13.1291232639
1779235977.060000,2026/05/20-08:12:57.060,13.839827474
1779235977.260000,2026/05/20-08:12:57.260,14.6316297743
1779235977.460000,2026/05/20-08:12:57.460,14.7039605035
1779235977.660000,2026/05/20-08:12:57.660,14.3664171007
1779235977.860000,2026/05/20-08:12:57.860,14.8535536024
1779235978.130000,2026/05/20-08:12:58.130,13.6458496094
1779235978.340000,2026/05/20-08:12:58.340,13.4902289497
1779235978.540000,2026/05/20-08:12:58.540,14.5335449219
1779235978.740000,2026/05/20-08:12:58.740,15.3258951823
1779235978.940000,2026/05/20-08:12:58.940,14.6557400174
1779235979.140000,2026/05/20-08:12:59.140,14.9308159722
1779235979.410000,2026/05/20-08:12:59.410,14.2469618056
1779235979.620000,2026/05/20-08:12:59.620,14.1236707899
1779235979.820000,2026/05/20-08:12:59.820,13.3521430122
1779235980.020000,2026/05/20-08:13:00.020,13.1307671441
1779235980.220000,2026/05/20-08:13:00.220,14.4228569878
1779235980.420000,2026/05/20-08:13:00.420,14.4031304253
1779235980.680000,2026/05/20-08:13:00.680,15.181233724
1779235980.900000,2026/05/20-08:13:00.900,14.1532606337
1779235981.100000,2026/05/20-08:13:01.100,15.0015028212
1779235981.300000,2026/05/20-08:13:01.300,13.9910644531
1779235981.500000,2026/05/20-08:13:01.500,14.2316189236
1779235981.700000,2026/05/20-08:13:01.700,13.5713270399
1779235981.950000,2026/05/20-08:13:01.950,14.7669759115
1779235982.180000,2026/05/20-08:13:02.180,12.8907606337
1779235982.380000,2026/05/20-08:13:02.380,14.0244900174
1779235982.580000,2026/05/20-08:13:02.580,15.0661621094
1779235982.780000,2026/05/20-08:13:02.780,14.1828504774
1779235982.980000,2026/05/20-08:13:02.980,14.4458713108
1779235983.240000,2026/05/20-08:13:03.240,13.7718804253
1779235983.460000,2026/05/20-08:13:03.460,14.9620496962
1779235983.660000,2026/05/20-08:13:03.660,14.9675292969
1779235983.860000,2026/05/20-08:13:03.860,13.1340549045
1779235984.060000,2026/05/20-08:13:04.060,14.6946451823
1779235984.260000,2026/05/20-08:13:04.260,14.0617513021
1779235984.510000,2026/05/20-08:13:04.510,13.777360026
1779235984.700000,2026/05/20-08:13:04.700,13.5395453559
1779235984.900000,2026/05/20-08:13:04.900,14.5379286024
1779235985.100000,2026/05/20-08:13:05.100,13.6305067274
1779235985.300000,2026/05/20-08:13:05.300,13.958734809
1779235985.500000,2026/05/20-08:13:05.500,13.9790093316
1779235985.780000,2026/05/20-08:13:05.780,13.6765353733
1779235985.980000,2026/05/20-08:13:05.980,14.7127278646
1779235986.180000,2026/05/20-08:13:06.180,14.0085991753
1779235986.380000,2026/05/20-08:13:06.380,13.6683159722
1779235986.580000,2026/05/20-08:13:06.580,12.0956705729
1779235986.780000,2026/05/20-08:13:06.780,13.8683213976
1779235987.030000,2026/05/20-08:13:07.030,14.273811849
1779235987.220000,2026/05/20-08:13:07.220,14.3883355035
1779235987.420000,2026/05/20-08:13:07.420,12.790483941
1779235987.620000,2026/05/20-08:13:07.620,14.4584743924
1779235987.820000,2026/05/20-08:13:07.820,14.51875
1779235988.020000,2026/05/20-08:13:08.020,14.6546440972
1779235988.290000,2026/05/20-08:13:08.290,14.7817708333
1779235988.500000,2026/05/20-08:13:08.500,14.053531901
1779235988.700000,2026/05/20-08:13:08.700,14.0491482205
1779235988.900000,2026/05/20-08:13:08.900,14.9735568576
1779235989.100000,2026/05/20-08:13:09.100,14.3143608941
1779235989.300000,2026/05/20-08:13:09.300,13.8201009115
1779235989.580000,2026/05/20-08:13:09.580,14.1620279948
1779235989.780000,2026/05/20-08:13:09.780,12.8995279948
1779235989.980000,2026/05/20-08:13:09.980,14.2929904514
1779235990.180000,2026/05/20-08:13:10.180,14.6595757378
1779235990.380000,2026/05/20-08:13:10.380,14.9143771701
1779235990.590000,2026/05/20-08:13:10.590,14.2217556424
1779235990.860000,2026/05/20-08:13:10.860,14.7121799045
1779235991.060000,2026/05/20-08:13:11.060,14.3516221788
1779235991.260000,2026/05/20-08:13:11.260,14.1105197483
1779235991.460000,2026/05/20-08:13:11.460,14.1099717882
1779235991.660000,2026/05/20-08:13:11.660,13.7296875
1779235991.900000,2026/05/20-08:13:11.900,13.7505099826
1779235992.140000,2026/05/20-08:13:12.140,13.5883138021
1779235992.340000,2026/05/20-08:13:12.340,13.6524251302
1779235992.540000,2026/05/20-08:13:12.540,9.38107638889
1779235992.740000,2026/05/20-08:13:12.740,13.3735134549
1779235992.940000,2026/05/20-08:13:12.940,14.5982042101
1779235993.170000,2026/05/20-08:13:13.170,12.9926812066
1779235993.420000,2026/05/20-08:13:13.420,13.7954427083
1779235993.620000,2026/05/20-08:13:13.620,14.2151801215
1779235993.820000,2026/05/20-08:13:13.820,13.248030599
1779235994.020000,2026/05/20-08:13:14.020,13.7954427083
1779235994.220000,2026/05/20-08:13:14.220,13.7022894965
1779235994.490000,2026/05/20-08:13:14.490,13.1411783854
1779235994.700000,2026/05/20-08:13:14.700,14.7401258681
1779235994.900000,2026/05/20-08:13:14.900,12.9784342448
1779235995.100000,2026/05/20-08:13:15.100,14.4803927951
1779235995.300000,2026/05/20-08:13:15.300,13.587765842
1779235995.500000,2026/05/20-08:13:15.500,13.6480414497
1779235995.760000,2026/05/20-08:13:15.760,15.2535644531
1779235995.980000,2026/05/20-08:13:15.980,13.4146104601
1779235996.180000,2026/05/20-08:13:16.180,13.8381835937
1779235996.380000,2026/05/20-08:13:16.380,13.1274793837
1779235996.580000,2026/05/20-08:13:16.580,13.3954318576
1779235996.780000,2026/05/20-08:13:16.780,15.1620551215
1779235997.000000,2026/05/20-08:13:17.000,14.5450520833
1779235997.220000,2026/05/20-08:13:17.220,13.9384602865
1779235997.420000,2026/05/20-08:13:17.420,14.8935546875
1779235997.620000,2026/05/20-08:13:17.620,14.9472547743
1779235997.820000,2026/05/20-08:13:17.820,13.3313205295
1779235998.020000,2026/05/20-08:13:18.020,14.3275119358
1779235998.290000,2026/05/20-08:13:18.290,14.9971191406
1779235998.500000,2026/05/20-08:13:18.500,13.0984375
1779235998.700000,2026/05/20-08:13:18.700,14.9434190538
1779235998.900000,2026/05/20-08:13:18.900,13.1861111111
1779235999.100000,2026/05/20-08:13:19.100,13.2902235243
1779235999.300000,2026/05/20-08:13:19.300,14.2540852865
1779235999.530000,2026/05/20-08:13:19.530,13.1395345052
1779235999.780000,2026/05/20-08:13:19.780,14.5576551649
1779235999.980000,2026/05/20-08:13:19.980,14.013530816
1779236000.180000,2026/05/20-08:13:20.180,14.1088758681
1779236000.380000,2026/05/20-08:13:20.380,14.9308159722
1779236000.580000,2026/05/20-08:13:20.580,15.268359375
1779236000.810000,2026/05/20-08:13:20.810,14.6097113715
1779236001.060000,2026/05/20-08:13:21.060,14.3439507378
1779236001.260000,2026/05/20-08:13:21.260,14.0579155816
1779236001.460000,2026/05/20-08:13:21.460,14.9001302083
1779236001.660000,2026/05/20-08:13:21.660,12.490749783
1779236001.860000,2026/05/20-08:13:21.860,12.4085557726
1779236002.130000,2026/05/20-08:13:22.130,14.4129937066
1779236002.340000,2026/05/20-08:13:22.340,13.1592610677
1779236002.540000,2026/05/20-08:13:22.540,13.6162597656
1779236002.740000,2026/05/20-08:13:22.740,13.7707845052
1779236002.940000,2026/05/20-08:13:22.940,13.5707790799
1779236003.140000,2026/05/20-08:13:23.140,13.3724175347
1779236003.420000,2026/05/20-08:13:23.420,13.3296766493
1779236003.620000,2026/05/20-08:13:23.620,14.1258626302
1779236003.820000,2026/05/20-08:13:23.820,13.8858561198
1779236004.020000,2026/05/20-08:13:24.020,13.4020073785
1779236004.220000,2026/05/20-08:13:24.220,13.706125217
1779236004.430000,2026/05/20-08:13:24.430,13.3833767361
1779236004.700000,2026/05/20-08:13:24.700,13.7839355469
1779236004.900000,2026/05/20-08:13:24.900,13.4031032986
1779236005.100000,2026/05/20-08:13:25.100,14.6250542535
1779236005.300000,2026/05/20-08:13:25.300,14.4431315104
1779236005.500000,2026/05/20-08:13:25.500,14.5308051215
1779236005.710000,2026/05/20-08:13:25.710,13.6343424479
1779236005.980000,2026/05/20-08:13:25.980,14.6338216146
1779236006.180000,2026/05/20-08:13:26.180,12.7313042535
1779236006.380000,2026/05/20-08:13:26.380,13.5757107205
1779236006.580000,2026/05/20-08:13:26.580,14.574093967
1779236006.780000,2026/05/20-08:13:26.780,12.6923990885
1779236007.000000,2026/05/20-08:13:27.000,14.3762803819
1779236007.260000,2026/05/20-08:13:27.260,14.5132703993
1779236007.460000,2026/05/20-08:13:27.460,13.3132378472
1779236007.660000,2026/05/20-08:13:27.660,13.7658528646
1779236007.860000,2026/05/20-08:13:27.860,14.6913574219
1779236008.060000,2026/05/20-08:13:28.060,13.461187066
1779236008.290000,2026/05/20-08:13:28.290,13.9285970052
1779236008.540000,2026/05/20-08:13:28.540,15.1505479601
1779236008.740000,2026/05/20-08:13:28.740,15.1286295573
1779236008.940000,2026/05/20-08:13:28.940,13.4031032986
1779236009.140000,2026/05/20-08:13:29.140,13.8962673611
1779236009.340000,2026/05/20-08:13:29.340,15.7083713108
1779236009.590000,2026/05/20-08:13:29.590,13.7313313802
1779236009.820000,2026/05/20-08:13:29.820,13.3340603299
1779236010.020000,2026/05/20-08:13:30.020,15.316031901
1779236010.220000,2026/05/20-08:13:30.220,13.1998101128
1779236010.420000,2026/05/20-08:13:30.420,14.4749131944
1779236010.620000,2026/05/20-08:13:30.620,12.9378851997
1779236010.880000,2026/05/20-08:13:30.880,13.7083170573
1779236011.100000,2026/05/20-08:13:31.100,14.1472330729
1779236011.300000,2026/05/20-08:13:31.300,13.0989854601
1779236011.500000,2026/05/20-08:13:31.500,13.1576171875
1779236011.700000,2026/05/20-08:13:31.700,14.4809407552
1779236011.900000,2026/05/20-08:13:31.900,13.5313259549
1779236012.150000,2026/05/20-08:13:32.150,14.0940809462
1779236012.340000,2026/05/20-08:13:32.340,15.039860026
1779236012.540000,2026/05/20-08:13:32.540,14.4491590712
1779236012.740000,2026/05/20-08:13:32.740,14.976296658
1779236012.940000,2026/05/20-08:13:32.940,13.603108724
1779236013.140000,2026/05/20-08:13:33.140,14.3872395833
1779236013.390000,2026/05/20-08:13:33.390,14.7094401042
1779236013.580000,2026/05/20-08:13:33.580,14.0902452257
1779236013.780000,2026/05/20-08:13:33.780,12.3428005642
1779236013.980000,2026/05/20-08:13:33.980,12.3110188802
1779236014.180000,2026/05/20-08:13:34.180,13.3296766493
1779236014.380000,2026/05/20-08:13:34.380,13.9236653646
1779236014.640000,2026/05/20-08:13:34.640,13.8644856771
1779236014.820000,2026/05/20-08:13:34.820,14.6836859809
1779236015.020000,2026/05/20-08:13:35.020,13.5252983941
1779236015.220000,2026/05/20-08:13:35.220,13.8907877604
1779236015.420000,2026/05/20-08:13:35.420,15.1363009983
1779236015.620000,2026/05/20-08:13:35.620,13.9406521267
1779236015.840000,2026/05/20-08:13:35.840,14.3006618924
1779236016.060000,2026/05/20-08:13:36.060,14.3171006944
1779236016.260000,2026/05/20-08:13:36.260,14.242578125
1779236016.460000,2026/05/20-08:13:36.460,12.7608940972
1779236016.660000,2026/05/20-08:13:36.660,13.8568142361
1779236016.860000,2026/05/20-08:13:36.860,14.0705186632
1779236017.090000,2026/05/20-08:13:37.090,14.4803927951
1779236017.340000,2026/05/20-08:13:37.340,13.8118815104
1779236017.540000,2026/05/20-08:13:37.540,13.8721571181
1779236017.740000,2026/05/20-08:13:37.740,14.1390136719
1779236017.940000,2026/05/20-08:13:37.940,13.5696831597
1779236018.140000,2026/05/20-08:13:38.140,13.8902398003
1779236018.410000,2026/05/20-08:13:38.410,14.9231445313
1779236018.620000,2026/05/20-08:13:38.620,14.4453233507
1779236018.820000,2026/05/20-08:13:38.820,14.6113552517
1779236019.020000,2026/05/20-08:13:39.020,14.0940809462
1779236019.220000,2026/05/20-08:13:39.220,14.4573784722
1779236019.420000,2026/05/20-08:13:39.420,14.8480740017
1779236019.690000,2026/05/20-08:13:39.690,14.5713541667
1779236019.900000,2026/05/20-08:13:39.900,14.2244954427
1779236020.100000,2026/05/20-08:13:40.100,13.5937934028
1779236020.300000,2026/05/20-08:13:40.300,13.7806477865
1779236020.500000,2026/05/20-08:13:40.500,13.1280273437
1779236020.700000,2026/05/20-08:13:40.700,11.7000434028
1779236020.950000,2026/05/20-08:13:40.950,13.295703125
1779236021.140000,2026/05/20-08:13:41.140,13.3263888889
1779236021.340000,2026/05/20-08:13:41.340,14.1888780382
1779236021.540000,2026/05/20-08:13:41.540,14.2469618056
1779236021.740000,2026/05/20-08:13:41.740,13.6557128906
1779236021.940000,2026/05/20-08:13:41.940,13.5170789931
1779236022.220000,2026/05/20-08:13:42.220,13.6250271267
1779236022.420000,2026/05/20-08:13:42.420,13.9927083333
1779236022.620000,2026/05/20-08:13:42.620,14.0332573785
1779236022.820000,2026/05/20-08:13:42.820,14.1296983507
1779236023.020000,2026/05/20-08:13:43.020,13.2847439236
1779236023.230000,2026/05/20-08:13:43.230,14.8102647569
1779236023.500000,2026/05/20-08:13:43.500,13.4283094618
1779236023.700000,2026/05/20-08:13:43.700,13.1713161892
1779236023.900000,2026/05/20-08:13:43.900,14.7664279514
1779236024.100000,2026/05/20-08:13:44.100,14.0255859375
1779236024.300000,2026/05/20-08:13:44.300,14.0129828559
1779236024.510000,2026/05/20-08:13:44.510,14.2486056858
1779236024.780000,2026/05/20-08:13:44.780,14.3023057726
1779236024.980000,2026/05/20-08:13:44.980,13.050764974
1779236025.180000,2026/05/20-08:13:45.180,12.940625
1779236025.380000,2026/05/20-08:13:45.380,13.8787326389
1779236025.580000,2026/05/20-08:13:45.580,13.1280273438
1779236025.790000,2026/05/20-08:13:45.790,13.3110460069
1779236026.020000,2026/05/20-08:13:46.020,13.9932562934
1779236026.220000,2026/05/20-08:13:46.220,14.1280544705
1779236026.420000,2026/05/20-08:13:46.420,13.8064019097
1779236026.620000,2026/05/20-08:13:46.620,14.9828721788
1779236026.820000,2026/05/20-08:13:46.820,13.4409125434
1779236027.030000,2026/05/20-08:13:47.030,13.8644856771
1779236027.300000,2026/05/20-08:13:47.300,13.2069335937
1779236027.500000,2026/05/20-08:13:47.500,14.0628472222
1779236027.700000,2026/05/20-08:13:47.700,12.7307562934
1779236027.900000,2026/05/20-08:13:47.900,14.6047797309
1779236028.100000,2026/05/20-08:13:48.100,15.4848036024
1779236028.360000,2026/05/20-08:13:48.360,14.1642198351
1779236028.580000,2026/05/20-08:13:48.580,14.4940917969
1779236028.780000,2026/05/20-08:13:48.780,13.5746148003
1779236028.980000,2026/05/20-08:13:48.980,14.589436849
1779236029.180000,2026/05/20-08:13:49.180,14.1543565538
1779236029.380000,2026/05/20-08:13:49.380,14.289702691
1779236029.640000,2026/05/20-08:13:49.640,13.4639268663
1779236029.860000,2026/05/20-08:13:49.860,13.3543348524
1779236030.060000,2026/05/20-08:13:50.060,13.3811848958
1779236030.260000,2026/05/20-08:13:50.260,13.8809244792
1779236030.460000,2026/05/20-08:13:50.460,14.0820258247
1779236030.660000,2026/05/20-08:13:50.660,14.2842230903
1779236030.950000,2026/05/20-08:13:50.950,14.7330023872
1779236031.140000,2026/05/20-08:13:51.140,13.1450141059
1779236031.340000,2026/05/20-08:13:51.340,13.8694173177
1779236031.540000,2026/05/20-08:13:51.540,13.6951660156
1779236031.740000,2026/05/20-08:13:51.740,13.0622721354
1779236031.940000,2026/05/20-08:13:51.940,13.9001030816
1779236032.190000,2026/05/20-08:13:52.190,13.2683051215
1779236032.380000,2026/05/20-08:13:52.380,14.2332628038
1779236032.580000,2026/05/20-08:13:52.580,13.6579047309
1779236032.780000,2026/05/20-08:13:52.780,13.9729817708
1779236032.980000,2026/05/20-08:13:52.980,13.1707682292
1779236033.180000,2026/05/20-08:13:53.180,13.8770887587
1779236033.460000,2026/05/20-08:13:53.460,14.3017578125
1779236033.660000,2026/05/20-08:13:53.660,13.8979112413
1779236033.860000,2026/05/20-08:13:53.860,13.4431043837
1779236034.060000,2026/05/20-08:13:54.060,15.1121907552
1779236034.260000,2026/05/20-08:13:54.260,13.0962456597
1779236034.470000,2026/05/20-08:13:54.470,13.1987141927
1779236034.740000,2026/05/20-08:13:54.740,13.5817382812
1779236034.940000,2026/05/20-08:13:54.940,13.7044813368
1779236035.140000,2026/05/20-08:13:55.140,14.2727159288
1779236035.340000,2026/05/20-08:13:55.340,12.5263671875
1779236035.540000,2026/05/20-08:13:55.540,12.7713053385
1779236035.750000,2026/05/20-08:13:55.750,13.4392686632
1779236035.980000,2026/05/20-08:13:55.980,13.8025661892
1779236036.180000,2026/05/20-08:13:56.180,14.1921657986
1779236036.380000,2026/05/20-08:13:56.380,12.766921658
1779236036.580000,2026/05/20-08:13:56.580,14.3971028646
1779236036.780000,2026/05/20-08:13:56.780,15.1921929253
1779236036.990000,2026/05/20-08:13:56.990,13.8343478733
1779236037.260000,2026/05/20-08:13:57.260,14.6491644965
1779236037.460000,2026/05/20-08:13:57.460,13.484749349
1779236037.660000,2026/05/20-08:13:57.660,13.6776312934
1779236037.860000,2026/05/20-08:13:57.860,14.4277886285
1779236038.060000,2026/05/20-08:13:58.060,13.777360026
1779236038.320000,2026/05/20-08:13:58.320,13.1603569878
1779236038.540000,2026/05/20-08:13:58.540,13.7713324653
1779236038.740000,2026/05/20-08:13:58.740,14.0666829427
1779236038.940000,2026/05/20-08:13:58.940,14.1905219184
1779236039.140000,2026/05/20-08:13:59.140,14.5877929687
1779236039.340000,2026/05/20-08:13:59.340,14.4305284288
1779236039.600000,2026/05/20-08:13:59.600,15.0299967448
1779236039.820000,2026/05/20-08:13:59.820,14.4491590712
1779236040.020000,2026/05/20-08:14:00.020,14.2151801215
1779236040.220000,2026/05/20-08:14:00.220,13.3959798177
1779236040.420000,2026/05/20-08:14:00.420,14.5368326823
1779236040.620000,2026/05/20-08:14:00.620,14.8584852431
1779236040.840000,2026/05/20-08:14:00.840,13.1121365017
1779236041.060000,2026/05/20-08:14:01.060,9.51971028646
1779236041.260000,2026/05/20-08:14:01.260,12.8398003472
1779236041.460000,2026/05/20-08:14:01.460,13.5039279514
1779236041.660000,2026/05/20-08:14:01.660,13.879828559
1779236041.860000,2026/05/20-08:14:01.860,12.6770562066
1779236042.110000,2026/05/20-08:14:02.110,15.1050672743
1779236042.340000,2026/05/20-08:14:02.340,15.0831488715
1779236042.540000,2026/05/20-08:14:02.540,14.4749131944
1779236042.740000,2026/05/20-08:14:02.740,14.5483398437
1779236042.940000,2026/05/20-08:14:02.940,13.8573621962
1779236043.140000,2026/05/20-08:14:03.140,13.0474772135
1779236043.390000,2026/05/20-08:14:03.390,12.4458170573
1779236043.620000,2026/05/20-08:14:03.620,14.8513617622
1779236043.820000,2026/05/20-08:14:03.820,13.4759819878
1779236044.020000,2026/05/20-08:14:04.020,14.1702473958
1779236044.220000,2026/05/20-08:14:04.220,12.7740451389
1779236044.420000,2026/05/20-08:14:04.420,14.9691731771
1779236044.690000,2026/05/20-08:14:04.690,13.1400824653
1779236044.900000,2026/05/20-08:14:04.900,13.9718858507
1779236045.100000,2026/05/20-08:14:05.100,13.7231119792
1779236045.300000,2026/05/20-08:14:05.300,14.4853244358
1779236045.500000,2026/05/20-08:14:05.500,13.7702365451
1779236045.700000,2026/05/20-08:14:05.700,13.9855848524
1779236045.960000,2026/05/20-08:14:05.960,14.4645019531
1779236046.140000,2026/05/20-08:14:06.140,13.2041937934
1779236046.340000,2026/05/20-08:14:06.340,13.9812011719
1779236046.540000,2026/05/20-08:14:06.540,13.6524251302
1779236046.740000,2026/05/20-08:14:06.740,15.2426052517
1779236046.940000,2026/05/20-08:14:06.940,13.1039171007
1779236047.190000,2026/05/20-08:14:07.190,13.7105088976
1779236047.420000,2026/05/20-08:14:07.420,13.5181749132
1779236047.620000,2026/05/20-08:14:07.620,13.2902235243
1779236047.820000,2026/05/20-08:14:07.820,14.6612196181
1779236048.020000,2026/05/20-08:14:08.020,14.3127170139
1779236048.220000,2026/05/20-08:14:08.220,14.3910753038
1779236048.480000,2026/05/20-08:14:08.480,13.4321451823
1779236048.660000,2026/05/20-08:14:08.660,14.0124348958
1779236048.860000,2026/05/20-08:14:08.860,14.8091688368
1779236049.060000,2026/05/20-08:14:09.060,14.0507921007
1779236049.260000,2026/05/20-08:14:09.260,14.1812065972
1779236049.460000,2026/05/20-08:14:09.460,14.9894476997
1779236049.720000,2026/05/20-08:14:09.720,13.9253092448
1779236049.940000,2026/05/20-08:14:09.940,13.5905056424
1779236050.140000,2026/05/20-08:14:10.140,14.0195583767
1779236050.340000,2026/05/20-08:14:10.340,15.3741156684
1779236050.540000,2026/05/20-08:14:10.540,13.2452907986
1779236050.740000,2026/05/20-08:14:10.740,13.8283203125
1779236051.020000,2026/05/20-08:14:11.020,13.6885904948
1779236051.220000,2026/05/20-08:14:11.220,13.9242133247
1779236051.420000,2026/05/20-08:14:11.420,14.0677788628
1779236051.620000,2026/05/20-08:14:11.620,14.8568413628
1779236051.820000,2026/05/20-08:14:11.820,14.6672471788
1779236052.030000,2026/05/20-08:14:12.030,13.2929633247
1779236052.300000,2026/05/20-08:14:12.300,13.5285861545
1779236052.500000,2026/05/20-08:14:12.500,13.548312717
1779236052.700000,2026/05/20-08:14:12.700,13.8606499566
1779236052.900000,2026/05/20-08:14:12.900,14.3357313368
1779236053.100000,2026/05/20-08:14:13.100,13.555984158
1779236053.350000,2026/05/20-08:14:13.350,13.6896864149
1779236053.580000,2026/05/20-08:14:13.580,14.0020236545
1779236053.780000,2026/05/20-08:14:13.780,13.6403700087
1779236053.980000,2026/05/20-08:14:13.980,14.9823242188
1779236054.180000,2026/05/20-08:14:14.180,14.5357367622
1779236054.380000,2026/05/20-08:14:14.380,13.9866807726
1779236054.640000,2026/05/20-08:14:14.640,13.9072265625
1779236054.860000,2026/05/20-08:14:14.860,14.6612196181
1779236055.060000,2026/05/20-08:14:15.060,14.4628580729
1779236055.260000,2026/05/20-08:14:15.260,13.4979003906
1779236055.460000,2026/05/20-08:14:15.460,14.4886121962
1779236055.660000,2026/05/20-08:14:15.660,14.0277777778
1779236055.910000,2026/05/20-08:14:15.910,14.1455891927
1779236056.100000,2026/05/20-08:14:16.100,14.3379231771
1779236056.300000,2026/05/20-08:14:16.300,13.4195421007
1779236056.500000,2026/05/20-08:14:16.500,13.9444878472
1779236056.700000,2026/05/20-08:14:16.700,12.3817057292
1779236056.900000,2026/05/20-08:14:16.900,15.2102756076
1779236057.190000,2026/05/20-08:14:17.190,13.2540581597
1779236057.380000,2026/05/20-08:14:17.380,15.3598687066
1779236057.580000,2026/05/20-08:14:17.580,14.392171224
1779236057.780000,2026/05/20-08:14:17.780,14.7762912326
1779236057.980000,2026/05/20-08:14:17.980,13.7839355469
1779236058.180000,2026/05/20-08:14:18.180,14.1406575521
1779236058.470000,2026/05/20-08:14:18.470,14.6086154514
1779236058.660000,2026/05/20-08:14:18.660,12.5652723524
1779236058.860000,2026/05/20-08:14:18.860,12.8513075087
1779236059.060000,2026/05/20-08:14:19.060,14.369156901
1779236059.260000,2026/05/20-08:14:19.260,13.8047580295
1779236059.460000,2026/05/20-08:14:19.460,14.2338107639
1779236059.700000,2026/05/20-08:14:19.700,14.3631293403
1779236059.900000,2026/05/20-08:14:19.900,14.5077907986
1779236060.100000,2026/05/20-08:14:20.100,14.6519042969
1779236060.300000,2026/05/20-08:14:20.300,15.0897243924
1779236060.500000,2026/05/20-08:14:20.500,14.2469618056
1779236060.700000,2026/05/20-08:14:20.700,14.5642306858
1779236060.930000,2026/05/20-08:14:20.930,14.100656467
1779236061.150000,2026/05/20-08:14:21.150,13.580094401
1779236061.340000,2026/05/20-08:14:21.340,13.5987250434
1779236061.540000,2026/05/20-08:14:21.540,14.9680772569
1779236061.740000,2026/05/20-08:14:21.740,13.8869520399
1779236061.940000,2026/05/20-08:14:21.940,14.7861545139
1779236062.210000,2026/05/20-08:14:22.210,12.9948730469
1779236062.420000,2026/05/20-08:14:22.420,13.090766059
1779236062.620000,2026/05/20-08:14:22.620,13.1252875434
1779236062.820000,2026/05/20-08:14:22.820,13.6409179687
1779236063.020000,2026/05/20-08:14:23.020,14.6820421007
1779236063.220000,2026/05/20-08:14:23.220,14.3483344184
1779236063.500000,2026/05/20-08:14:23.500,14.7604003906
1779236063.700000,2026/05/20-08:14:23.700,14.2409342448
1779236063.900000,2026/05/20-08:14:23.900,13.0737792969
1779236064.100000,2026/05/20-08:14:24.100,13.7861273872
1779236064.300000,2026/05/20-08:14:24.300,13.6447536892
1779236064.500000,2026/05/20-08:14:24.500,13.9236653646
1779236064.780000,2026/05/20-08:14:24.780,14.2321668837
1779236064.980000,2026/05/20-08:14:24.980,13.1400824653
1779236065.180000,2026/05/20-08:14:25.180,13.8217447917
1779236065.380000,2026/05/20-08:14:25.380,14.156000434
1779236065.580000,2026/05/20-08:14:25.580,14.3642252604
1779236065.790000,2026/05/20-08:14:25.790,13.9127061632
1779236066.060000,2026/05/20-08:14:26.060,13.1811794705
1779236066.260000,2026/05/20-08:14:26.260,14.3625813802
1779236066.460000,2026/05/20-08:14:26.460,13.642561849
1779236066.660000,2026/05/20-08:14:26.660,13.5603678385
1779236066.860000,2026/05/20-08:14:26.860,13.879280599
1779236067.090000,2026/05/20-08:14:27.090,14.242578125
1779236067.340000,2026/05/20-08:14:27.340,14.6519042969
1779236067.540000,2026/05/20-08:14:27.540,14.487516276
1779236067.740000,2026/05/20-08:14:27.740,13.9527072483
1779236067.940000,2026/05/20-08:14:27.940,14.6113552517
1779236068.140000,2026/05/20-08:14:28.140,14.8119086372
1779236068.380000,2026/05/20-08:14:28.380,13.8474989149
1779236068.620000,2026/05/20-08:14:28.620,14.4918999566
1779236068.820000,2026/05/20-08:14:28.820,14.0913411458
1779236069.020000,2026/05/20-08:14:29.020,14.6009440104
1779236069.220000,2026/05/20-08:14:29.220,13.9001030816
1779236069.420000,2026/05/20-08:14:29.420,13.587765842
1779236069.680000,2026/05/20-08:14:29.680,13.3176215278
1779236069.900000,2026/05/20-08:14:29.900,13.7329752604
1779236070.100000,2026/05/20-08:14:30.100,13.6326985677
1779236070.300000,2026/05/20-08:14:30.300,14.1779188368
1779236070.500000,2026/05/20-08:14:30.500,13.3998155382
1779236070.700000,2026/05/20-08:14:30.700,13.1592610677
1779236070.960000,2026/05/20-08:14:30.960,13.7674967448
1779236071.180000,2026/05/20-08:14:31.180,14.3987467448
1779236071.380000,2026/05/20-08:14:31.380,12.964187283
1779236071.580000,2026/05/20-08:14:31.580,14.7012207031
1779236071.780000,2026/05/20-08:14:31.780,13.0463812934
1779236071.990000,2026/05/20-08:14:31.990,14.7653320312
1779236072.300000,2026/05/20-08:14:32.300,12.8463758681
1779236072.500000,2026/05/20-08:14:32.500,14.2327148437
1779236072.700000,2026/05/20-08:14:32.700,14.3406629774
1779236072.900000,2026/05/20-08:14:32.900,14.1943576389
1779236073.100000,2026/05/20-08:14:33.100,14.4666937934
1779236073.340000,2026/05/20-08:14:33.340,13.8294162326
1779236073.580000,2026/05/20-08:14:33.580,14.9483506944
1779236073.780000,2026/05/20-08:14:33.780,14.4754611545
1779236073.980000,2026/05/20-08:14:33.980,14.2420301649
1779236074.180000,2026/05/20-08:14:34.180,13.0140516493
1779236074.380000,2026/05/20-08:14:34.380,14.2294270833
1779236074.600000,2026/05/20-08:14:34.600,14.6458767361
1779236074.860000,2026/05/20-08:14:34.860,13.9455837674
1779236075.060000,2026/05/20-08:14:35.060,14.6129991319
1779236075.260000,2026/05/20-08:14:35.260,13.3844726563
1779236075.460000,2026/05/20-08:14:35.460,13.6222873264
1779236075.660000,2026/05/20-08:14:35.660,13.0085720486
1779236075.910000,2026/05/20-08:14:35.910,13.6337944878
1779236076.140000,2026/05/20-08:14:36.140,14.1094238281
1779236076.340000,2026/05/20-08:14:36.340,13.674343533
1779236076.540000,2026/05/20-08:14:36.540,14.4650499132
1779236076.740000,2026/05/20-08:14:36.740,14.6623155382
1779236076.940000,2026/05/20-08:14:36.940,14.5001193576
1779236077.200000,2026/05/20-08:14:37.200,14.7910861545
1779236077.420000,2026/05/20-08:14:37.420,14.0628472222
1779236077.620000,2026/05/20-08:14:37.620,14.3494303385
1779236077.820000,2026/05/20-08:14:37.820,13.0091200087
1779236078.020000,2026/05/20-08:14:38.020,14.542312283
1779236078.220000,2026/05/20-08:14:38.220,13.3652940538
1779236078.500000,2026/05/20-08:14:38.500,14.7209472656
1779236078.700000,2026/05/20-08:14:38.700,14.179562717
1779236078.900000,2026/05/20-08:14:38.900,13.3521430122
1779236079.100000,2026/05/20-08:14:39.100,14.155452474
1779236079.300000,2026/05/20-08:14:39.300,14.5998480903
1779236079.510000,2026/05/20-08:14:39.510,12.7258246528
1779236079.820000,2026/05/20-08:14:39.820,15.2442491319
1779236080.020000,2026/05/20-08:14:40.020,14.3587456597
1779236080.220000,2026/05/20-08:14:40.220,14.8179361979
1779236080.420000,2026/05/20-08:14:40.420,14.329155816
1779236080.620000,2026/05/20-08:14:40.620,14.2683322483
1779236080.850000,2026/05/20-08:14:40.850,13.1844672309
1779236081.100000,2026/05/20-08:14:41.100,14.2360026042
1779236081.300000,2026/05/20-08:14:41.300,15.4678168403
1779236081.500000,2026/05/20-08:14:41.500,12.8162380642
1779236081.700000,2026/05/20-08:14:41.700,15.5182291667
1779236081.900000,2026/05/20-08:14:41.900,14.3072374132
1779236082.120000,2026/05/20-08:14:42.120,13.6650282118
1779236082.380000,2026/05/20-08:14:42.380,13.1789876302
1779236082.580000,2026/05/20-08:14:42.580,14.0179144965
1779236082.780000,2026/05/20-08:14:42.780,13.4195421007
1779236082.980000,2026/05/20-08:14:42.980,13.8064019097
1779236083.180000,2026/05/20-08:14:43.180,13.3126898872
1779236083.390000,2026/05/20-08:14:43.390,13.1411783854
1779236083.620000,2026/05/20-08:14:43.620,13.5910536024
1779236083.820000,2026/05/20-08:14:43.820,13.5225585937
1779236084.020000,2026/05/20-08:14:44.020,12.0775878906
1779236084.220000,2026/05/20-08:14:44.220,14.4091579861
1779236084.420000,2026/05/20-08:14:44.420,14.0781901042
1779236084.630000,2026/05/20-08:14:44.630,14.2562771267
1779236084.860000,2026/05/20-08:14:44.860,14.9001302083
1779236085.060000,2026/05/20-08:14:45.060,13.5017361111
1779236085.260000,2026/05/20-08:14:45.260,13.1669325087
1779236085.460000,2026/05/20-08:14:45.460,16.2590711806
1779236085.660000,2026/05/20-08:14:45.660,14.5209418403
1779236085.880000,2026/05/20-08:14:45.880,13.0551486545
1779236086.140000,2026/05/20-08:14:46.140,14.5910807292
1779236086.340000,2026/05/20-08:14:46.340,15.0957519531
1779236086.540000,2026/05/20-08:14:46.540,15.1258897569
1779236086.740000,2026/05/20-08:14:46.740,14.0255859375
1779236086.940000,2026/05/20-08:14:46.940,14.8195800781
1779236087.170000,2026/05/20-08:14:47.170,13.4754340278
1779236087.420000,2026/05/20-08:14:47.420,13.2913194444
1779236087.620000,2026/05/20-08:14:47.620,13.9116102431
1779236087.820000,2026/05/20-08:14:47.820,13.3674858941
1779236088.020000,2026/05/20-08:14:48.020,13.5751627604
1779236088.220000,2026/05/20-08:14:48.220,14.5039550781
1779236088.480000,2026/05/20-08:14:48.480,12.8589789497
1779236088.700000,2026/05/20-08:14:48.700,12.7543185764
1779236088.900000,2026/05/20-08:14:48.900,14.8053331163
1779236089.100000,2026/05/20-08:14:49.100,14.7357421875
1779236089.300000,2026/05/20-08:14:49.300,13.7685926649
1779236089.500000,2026/05/20-08:14:49.500,13.7817437066
1779236089.760000,2026/05/20-08:14:49.760,14.8475260417
1779236089.940000,2026/05/20-08:14:49.940,15.3461697049
1779236090.140000,2026/05/20-08:14:50.140,14.9154730903
1779236090.340000,2026/05/20-08:14:50.340,15.141780599
1779236090.540000,2026/05/20-08:14:50.540,14.3828559028
1779236090.740000,2026/05/20-08:14:50.740,14.313812934
1779236090.960000,2026/05/20-08:14:50.960,15.5001464844
1779236091.180000,2026/05/20-08:14:51.180,13.2469346788
1779236091.380000,2026/05/20-08:14:51.380,13.8496907552
1779236091.580000,2026/05/20-08:14:51.580,14.3099772135
1779236091.780000,2026/05/20-08:14:51.780,13.7384548611
1779236091.980000,2026/05/20-08:14:51.980,14.6239583333
1779236092.240000,2026/05/20-08:14:52.240,14.5335449219
1779236092.460000,2026/05/20-08:14:52.460,14.0551757812
1779236092.660000,2026/05/20-08:14:52.660,13.5937934028
1779236092.860000,2026/05/20-08:14:52.860,14.1757269965
1779236093.060000,2026/05/20-08:14:53.060,13.8858561198
1779236093.260000,2026/05/20-08:14:53.260,15.2700032552
1779236093.530000,2026/05/20-08:14:53.530,12.7439073351
1779236093.740000,2026/05/20-08:14:53.740,14.6645073785
1779236093.940000,2026/05/20-08:14:53.940,13.2737847222
1779236094.140000,2026/05/20-08:14:54.140,13.4442003038
1779236094.340000,2026/05/20-08:14:54.340,14.1784667969
1779236094.540000,2026/05/20-08:14:54.540,13.4639268663
1779236094.800000,2026/05/20-08:14:54.800,15.907828776
1779236094.980000,2026/05/20-08:14:54.980,14.6754665799
1779236095.180000,2026/05/20-08:14:55.180,14.0025716146
1779236095.380000,2026/05/20-08:14:55.380,14.6787543403
1779236095.580000,2026/05/20-08:14:55.580,12.7647298177
1779236095.780000,2026/05/20-08:14:55.780,13.3581705729
1779236096.040000,2026/05/20-08:14:56.040,14.6102593316
1779236096.260000,2026/05/20-08:14:56.260,12.908843316
1779236096.460000,2026/05/20-08:14:56.460,14.6173828125
1779236096.660000,2026/05/20-08:14:56.660,13.618999566
1779236096.860000,2026/05/20-08:14:56.860,14.4524468316
1779236097.070000,2026/05/20-08:14:57.070,11.9718315972
1779236097.340000,2026/05/20-08:14:57.340,13.1724121094
1779236097.540000,2026/05/20-08:14:57.540,13.9466796875
1779236097.740000,2026/05/20-08:14:57.740,12.191015625
1779236097.940000,2026/05/20-08:14:57.940,14.155452474
1779236098.140000,2026/05/20-08:14:58.140,13.6562608507
1779236098.360000,2026/05/20-08:14:58.360,12.9148708767
1779236098.620000,2026/05/20-08:14:58.620,13.9642144097
1779236098.820000,2026/05/20-08:14:58.820,14.2792914497
1779236099.020000,2026/05/20-08:14:59.020,14.8360188802
1779236099.220000,2026/05/20-08:14:59.220,13.2666612413
1779236099.420000,2026/05/20-08:14:59.420,13.319265408
1779236099.650000,2026/05/20-08:14:59.650,13.8655815972
1779236099.900000,2026/05/20-08:14:59.900,15.0765733507
1779236100.100000,2026/05/20-08:15:00.100,14.4091579861
1779236100.300000,2026/05/20-08:15:00.300,12.9608995226
1779236100.500000,2026/05/20-08:15:00.500,14.0179144965
1779236100.700000,2026/05/20-08:15:00.700,14.5154622396
1779236100.990000,2026/05/20-08:15:00.990,13.5817382812
1779236101.180000,2026/05/20-08:15:01.180,14.2140842014
1779236101.380000,2026/05/20-08:15:01.380,13.7669487847
1779236101.580000,2026/05/20-08:15:01.580,14.794921875
1779236101.780000,2026/05/20-08:15:01.780,14.3669650608
1779236101.980000,2026/05/20-08:15:01.980,13.9883246528
1779236102.230000,2026/05/20-08:15:02.230,13.6918782552
1779236102.460000,2026/05/20-08:15:02.460,14.4787489149
1779236102.660000,2026/05/20-08:15:02.660,14.6464246962
1779236102.860000,2026/05/20-08:15:02.860,14.0091471354
1779236103.060000,2026/05/20-08:15:03.060,13.9850368924
1779236103.260000,2026/05/20-08:15:03.260,13.4699544271
1779236103.520000,2026/05/20-08:15:03.520,13.2776204427
1779236103.700000,2026/05/20-08:15:03.700,13.1647406684
1779236103.900000,2026/05/20-08:15:03.900,13.3417317708
1779236104.100000,2026/05/20-08:15:04.100,12.9472005208
1779236104.300000,2026/05/20-08:15:04.300,13.7839355469
1779236104.500000,2026/05/20-08:15:04.500,14.3121690538
1779236104.780000,2026/05/20-08:15:04.780,14.5834092882
1779236104.980000,2026/05/20-08:15:04.980,14.4135416667
1779236105.180000,2026/05/20-08:15:05.180,14.2705240885
1779236105.380000,2026/05/20-08:15:05.380,14.3560058594
1779236105.580000,2026/05/20-08:15:05.580,14.6782063802
1779236105.800000,2026/05/20-08:15:05.800,13.9916124132
1779236106.060000,2026/05/20-08:15:06.060,14.0305175781
1779236106.260000,2026/05/20-08:15:06.260,14.0305175781
1779236106.460000,2026/05/20-08:15:06.460,14.2212076823
1779236106.660000,2026/05/20-08:15:06.660,14.0946289062
1779236106.860000,2026/05/20-08:15:06.860,12.8611707899
1779236107.100000,2026/05/20-08:15:07.100,13.3368001302
1779236107.340000,2026/05/20-08:15:07.340,13.6069444444
1779236107.540000,2026/05/20-08:15:07.540,15.1960286458
1779236107.740000,2026/05/20-08:15:07.740,14.8376627604
1779236107.940000,2026/05/20-08:15:07.940,13.3170735677
1779236108.140000,2026/05/20-08:15:08.140,14.4814887153
1779236108.370000,2026/05/20-08:15:08.370,15.118766276
1779236108.620000,2026/05/20-08:15:08.620,15.1193142361
1779236108.820000,2026/05/20-08:15:08.820,13.6962619358
1779236109.020000,2026/05/20-08:15:09.020,15.2749348958
1779236109.220000,2026/05/20-08:15:09.220,13.5959852431
1779236109.420000,2026/05/20-08:15:09.420,13.5028320312
1779236109.670000,2026/05/20-08:15:09.670,14.447515191
1779236109.900000,2026/05/20-08:15:09.900,13.6595486111
1779236110.100000,2026/05/20-08:15:10.100,13.6759874132
1779236110.300000,2026/05/20-08:15:10.300,14.2261393229
1779236110.500000,2026/05/20-08:15:10.500,14.5905327691
1779236110.700000,2026/05/20-08:15:10.700,14.6228624132
1779236110.970000,2026/05/20-08:15:10.970,13.8935275608
1779236111.180000,2026/05/20-08:15:11.180,13.8107855903
1779236111.380000,2026/05/20-08:15:11.380,12.9592556424
1779236111.580000,2026/05/20-08:15:11.580,14.8294433594
1779236111.780000,2026/05/20-08:15:11.780,13.9368164062
1779236111.980000,2026/05/20-08:15:11.980,13.6058485243
1779236112.260000,2026/05/20-08:15:12.260,15.2047960069
1779236112.460000,2026/05/20-08:15:12.460,14.2540852865
1779236112.660000,2026/05/20-08:15:12.660,13.6639322917
1779236112.860000,2026/05/20-08:15:12.860,15.0826009115
1779236113.060000,2026/05/20-08:15:13.060,14.0749023438
1779236113.260000,2026/05/20-08:15:13.260,13.895719401
1779236113.540000,2026/05/20-08:15:13.540,14.3362792969
1779236113.740000,2026/05/20-08:15:13.740,15.6031629774
1779236113.940000,2026/05/20-08:15:13.940,13.6798231337
1779236114.140000,2026/05/20-08:15:14.140,14.155452474
1779236114.340000,2026/05/20-08:15:14.340,13.6107801649
1779236114.550000,2026/05/20-08:15:14.550,13.3850206163
1779236114.820000,2026/05/20-08:15:14.820,13.9943522135
1779236115.020000,2026/05/20-08:15:15.020,14.6272460937
1779236115.220000,2026/05/20-08:15:15.220,14.7960177951
1779236115.420000,2026/05/20-08:15:15.420,14.3286078559
1779236115.620000,2026/05/20-08:15:15.620,13.3768012153
1779236115.830000,2026/05/20-08:15:15.830,14.8130045573
1779236116.100000,2026/05/20-08:15:16.100,14.5236816406
1779236116.300000,2026/05/20-08:15:16.300,13.9302408854
1779236116.500000,2026/05/20-08:15:16.500,13.7017415365
1779236116.700000,2026/05/20-08:15:16.700,13.4951605903
1779236116.900000,2026/05/20-08:15:16.900,13.7488661024
1779236117.160000,2026/05/20-08:15:17.160,13.3784450955
1779236117.380000,2026/05/20-08:15:17.380,14.5708062066
1779236117.580000,2026/05/20-08:15:17.580,14.2962782118
1779236117.780000,2026/05/20-08:15:17.780,14.7275227865
1779236117.980000,2026/05/20-08:15:17.980,14.3269639757
1779236118.180000,2026/05/20-08:15:18.180,12.2332085503
1779236118.430000,2026/05/20-08:15:18.430,13.8529785156
1779236118.660000,2026/05/20-08:15:18.660,14.6414930556
1779236118.860000,2026/05/20-08:15:18.860,14.5965603299
1779236119.060000,2026/05/20-08:15:19.060,14.1346299913
1779236119.260000,2026/05/20-08:15:19.260,14.3932671441
1779236119.460000,2026/05/20-08:15:19.460,13.7844835069
1779236119.730000,2026/05/20-08:15:19.730,13.3937879774
1779236119.940000,2026/05/20-08:15:19.940,13.7154405382
1779236120.140000,2026/05/20-08:15:20.140,13.5411892361
1779236120.340000,2026/05/20-08:15:20.340,13.8025661892
1779236120.540000,2026/05/20-08:15:20.540,14.2957302517
1779236120.740000,2026/05/20-08:15:20.740,12.7866482205
1779236121.010000,2026/05/20-08:15:21.010,13.5948893229
1779236121.220000,2026/05/20-08:15:21.220,14.3121690538
1779236121.420000,2026/05/20-08:15:21.420,13.7861273872
1779236121.620000,2026/05/20-08:15:21.620,13.2869357639
1779236121.820000,2026/05/20-08:15:21.820,13.7494140625
1779236122.020000,2026/05/20-08:15:22.020,13.1877549913
1779236122.270000,2026/05/20-08:15:22.270,14.2392903646
1779236122.460000,2026/05/20-08:15:22.460,13.4650227865
1779236122.660000,2026/05/20-08:15:22.660,13.9844889323
1779236122.860000,2026/05/20-08:15:22.860,14.1664116753
1779236123.060000,2026/05/20-08:15:23.060,13.982297092
1779236123.260000,2026/05/20-08:15:23.260,15.0694498698
1779236123.520000,2026/05/20-08:15:23.520,14.4683376736
1779236123.740000,2026/05/20-08:15:23.740,14.565874566
1779236123.940000,2026/05/20-08:15:23.940,15.3752115885
1779236124.140000,2026/05/20-08:15:24.140,13.1822753906
1779236124.340000,2026/05/20-08:15:24.340,14.7088921441
1779236124.540000,2026/05/20-08:15:24.540,14.242578125
1779236124.800000,2026/05/20-08:15:24.800,14.7735514323
1779236124.980000,2026/05/20-08:15:24.980,14.0102430556
1779236125.180000,2026/05/20-08:15:25.180,13.8820203993
1779236125.380000,2026/05/20-08:15:25.380,15.062874349
1779236125.580000,2026/05/20-08:15:25.580,14.6442328559
1779236125.780000,2026/05/20-08:15:25.780,14.1127115885
1779236126.050000,2026/05/20-08:15:26.050,14.4102539062
1779236126.260000,2026/05/20-08:15:26.260,14.4738172743
1779236126.460000,2026/05/20-08:15:26.460,13.2567979601
1779236126.660000,2026/05/20-08:15:26.660,14.2288791233
1779236126.860000,2026/05/20-08:15:26.860,14.1790147569
1779236127.060000,2026/05/20-08:15:27.060,13.4732421875
1779236127.340000,2026/05/20-08:15:27.340,13.8096896701
1779236127.540000,2026/05/20-08:15:27.540,12.8567871094
1779236127.740000,2026/05/20-08:15:27.740,14.5198459201
1779236127.940000,2026/05/20-08:15:27.940,14.5565592448
1779236128.140000,2026/05/20-08:15:28.140,14.0349012587
1779236128.350000,2026/05/20-08:15:28.350,13.7866753472
1779236128.620000,2026/05/20-08:15:28.620,14.8530056424
1779236128.820000,2026/05/20-08:15:28.820,14.0705186632
1779236129.020000,2026/05/20-08:15:29.020,14.8398546007
1779236129.220000,2026/05/20-08:15:29.220,13.6140679253
1779236129.420000,2026/05/20-08:15:29.420,14.4206651476
1779236129.640000,2026/05/20-08:15:29.640,15.260687934
1779236129.900000,2026/05/20-08:15:29.900,14.9587619358
1779236130.100000,2026/05/20-08:15:30.100,14.1592881944
1779236130.300000,2026/05/20-08:15:30.300,14.7039605035
1779236130.500000,2026/05/20-08:15:30.500,14.2058648003
1779236130.700000,2026/05/20-08:15:30.700,13.9696940104
1779236130.950000,2026/05/20-08:15:30.950,14.8338270399
1779236131.180000,2026/05/20-08:15:31.180,13.7121527778
1779236131.380000,2026/05/20-08:15:31.380,15.2678114149
1779236131.580000,2026/05/20-08:15:31.580,14.7154676649
1779236131.780000,2026/05/20-08:15:31.780,14.889718967
1779236131.980000,2026/05/20-08:15:31.980,14.0398328993
1779236132.250000,2026/05/20-08:15:32.250,15.7352213542
1779236132.460000,2026/05/20-08:15:32.460,12.995968967
1779236132.660000,2026/05/20-08:15:32.660,14.3455946181
1779236132.860000,2026/05/20-08:15:32.860,14.0195583767
1779236133.060000,2026/05/20-08:15:33.060,14.1209309896
1779236133.260000,2026/05/20-08:15:33.260,15.0097222222
1779236133.520000,2026/05/20-08:15:33.520,13.9943522135
1779236133.700000,2026/05/20-08:15:33.700,15.0053385417
1779236133.900000,2026/05/20-08:15:33.900,14.8086208767
1779236134.100000,2026/05/20-08:15:34.100,13.7959906684
1779236134.300000,2026/05/20-08:15:34.300,14.7330023872
1779236134.500000,2026/05/20-08:15:34.500,14.5636827257
1779236134.770000,2026/05/20-08:15:34.770,15.1160264757
1779236134.980000,2026/05/20-08:15:34.980,14.1976453993
1779236135.180000,2026/05/20-08:15:35.180,13.4184461806
1779236135.380000,2026/05/20-08:15:35.380,14.0513400608
1779236135.580000,2026/05/20-08:15:35.580,13.4365288628
1779236135.780000,2026/05/20-08:15:35.780,14.068874783
1779236136.060000,2026/05/20-08:15:36.060,14.1784667969
1779236136.260000,2026/05/20-08:15:36.260,14.3160047743
1779236136.460000,2026/05/20-08:15:36.460,13.6053005642
1779236136.660000,2026/05/20-08:15:36.660,13.5652994792
1779236136.860000,2026/05/20-08:15:36.860,15.4015136719
1779236137.070000,2026/05/20-08:15:37.070,13.6617404514
1779236137.340000,2026/05/20-08:15:37.340,13.2518663194
1779236137.540000,2026/05/20-08:15:37.540,13.9527072483
1779236137.740000,2026/05/20-08:15:37.740,13.3318684896
1779236137.940000,2026/05/20-08:15:37.940,14.0244900174
1779236138.140000,2026/05/20-08:15:38.140,14.0343532986
1779236138.350000,2026/05/20-08:15:38.350,14.1154513889
1779236138.620000,2026/05/20-08:15:38.620,14.2283311632
1779236138.820000,2026/05/20-08:15:38.820,12.2644422743
1779236139.020000,2026/05/20-08:15:39.020,13.3735134549
1779236139.220000,2026/05/20-08:15:39.220,13.1833713108
1779236139.420000,2026/05/20-08:15:39.420,14.1357259115
1779236139.670000,2026/05/20-08:15:39.670,13.7351671007
1779236139.900000,2026/05/20-08:15:39.900,12.8956922743
1779236140.100000,2026/05/20-08:15:40.100,14.3669650608
1779236140.300000,2026/05/20-08:15:40.300,14.321484375
1779236140.500000,2026/05/20-08:15:40.500,14.8935546875
1779236140.700000,2026/05/20-08:15:40.700,12.6896592882
1779236140.970000,2026/05/20-08:15:40.970,13.9433919271
1779236141.180000,2026/05/20-08:15:41.180,14.1346299913
1779236141.380000,2026/05/20-08:15:41.380,13.3926920573
1779236141.580000,2026/05/20-08:15:41.580,14.8623209635
1779236141.780000,2026/05/20-08:15:41.780,14.9088975694
1779236141.980000,2026/05/20-08:15:41.980,14.1598361545
1779236142.260000,2026/05/20-08:15:42.260,14.0425726997
1779236142.460000,2026/05/20-08:15:42.460,14.156000434
1779236142.660000,2026/05/20-08:15:42.660,13.9077745226
1779236142.860000,2026/05/20-08:15:42.860,13.7828396267
1779236143.060000,2026/05/20-08:15:43.060,13.9614746094
1779236143.270000,2026/05/20-08:15:43.270,14.929172092
1779236143.540000,2026/05/20-08:15:43.540,13.0600802951
1779236143.740000,2026/05/20-08:15:43.740,13.3187174479
1779236143.940000,2026/05/20-08:15:43.940,14.4102539062
1779236144.140000,2026/05/20-08:15:44.140,14.3592936198
1779236144.340000,2026/05/20-08:15:44.340,14.7658799913
1779236144.560000,2026/05/20-08:15:44.560,13.895719401
1779236144.820000,2026/05/20-08:15:44.820,14.1286024306
1779236145.020000,2026/05/20-08:15:45.020,13.4178982205
1779236145.220000,2026/05/20-08:15:45.220,13.737906901
1779236145.420000,2026/05/20-08:15:45.420,13.7987304687
1779236145.620000,2026/05/20-08:15:45.620,13.7910590278
1779236145.850000,2026/05/20-08:15:45.850,14.9795844184
1779236146.100000,2026/05/20-08:15:46.100,14.9960232205
1779236146.300000,2026/05/20-08:15:46.300,13.4069390191
1779236146.500000,2026/05/20-08:15:46.500,13.760921224
1779236146.700000,2026/05/20-08:15:46.700,13.1340549045
1779236146.900000,2026/05/20-08:15:46.900,13.8370876736
1779236147.160000,2026/05/20-08:15:47.160,13.5121473524
1779236147.380000,2026/05/20-08:15:47.380,13.6579047309
1779236147.580000,2026/05/20-08:15:47.580,13.4529676649
1779236147.780000,2026/05/20-08:15:47.780,13.6321506076
1779236147.980000,2026/05/20-08:15:47.980,13.9494194878
1779236148.180000,2026/05/20-08:15:48.180,14.2590169271
1779236148.450000,2026/05/20-08:15:48.450,13.7653049045
1779236148.660000,2026/05/20-08:15:48.660,14.0606553819
1779236148.860000,2026/05/20-08:15:48.860,14.8234157986
1779236149.060000,2026/05/20-08:15:49.060,14.155452474
1779236149.260000,2026/05/20-08:15:49.260,13.3006347656
1779236149.460000,2026/05/20-08:15:49.460,14.0491482205
1779236149.740000,2026/05/20-08:15:49.740,14.8053331163
1779236149.940000,2026/05/20-08:15:49.940,13.7959906684
1779236150.140000,2026/05/20-08:15:50.140,13.5554361979
1779236150.340000,2026/05/20-08:15:50.340,14.5045030382
1779236150.540000,2026/05/20-08:15:50.540,13.9072265625
1779236150.750000,2026/05/20-08:15:50.750,13.753249783
1779236150.980000,2026/05/20-08:15:50.980,13.895719401
1779236151.180000,2026/05/20-08:15:51.180,14.5532714844
1779236151.380000,2026/05/20-08:15:51.380,13.587765842
1779236151.580000,2026/05/20-08:15:51.580,13.65078125
1779236151.780000,2026/05/20-08:15:51.780,15.3127441406
1779236152.010000,2026/05/20-08:15:52.010,14.171891276
1779236152.260000,2026/05/20-08:15:52.260,14.5275173611
1779236152.460000,2026/05/20-08:15:52.460,14.1543565538
1779236152.660000,2026/05/20-08:15:52.660,13.7965386285
1779236152.860000,2026/05/20-08:15:52.860,13.1450141059
1779236153.060000,2026/05/20-08:15:53.060,15.1850694444
1779236153.310000,2026/05/20-08:15:53.310,14.3965549045
1779236153.540000,2026/05/20-08:15:53.540,13.3751573351
1779236153.740000,2026/05/20-08:15:53.740,12.9274739583
1779236153.940000,2026/05/20-08:15:53.940,13.8595540365
1779236154.140000,2026/05/20-08:15:54.140,13.8891438802
1779236154.340000,2026/05/20-08:15:54.340,13.9762695312
1779236154.600000,2026/05/20-08:15:54.600,14.5938205295
1779236154.820000,2026/05/20-08:15:54.820,14.5686143663
1779236155.020000,2026/05/20-08:15:55.020,13.9565429687
1779236155.220000,2026/05/20-08:15:55.220,14.2634006076
1779236155.420000,2026/05/20-08:15:55.420,11.8496365017
1779236155.620000,2026/05/20-08:15:55.620,14.3346354167
1779236155.870000,2026/05/20-08:15:55.870,14.3992947049
1779236156.060000,2026/05/20-08:15:56.060,13.4469401042
1779236156.260000,2026/05/20-08:15:56.260,13.6085883247
1779236156.460000,2026/05/20-08:15:56.460,13.5746148003
1779236156.660000,2026/05/20-08:15:56.660,13.114328342
1779236156.860000,2026/05/20-08:15:56.860,14.5982042101
1779236157.090000,2026/05/20-08:15:57.090,13.7110568576
1779236157.340000,2026/05/20-08:15:57.340,14.7220431858
1779236157.540000,2026/05/20-08:15:57.540,14.5620388455
1779236157.740000,2026/05/20-08:15:57.740,14.0212022569
1779236157.940000,2026/05/20-08:15:57.940,13.5466688368
1779236158.140000,2026/05/20-08:15:58.140,13.800374349
1779236158.390000,2026/05/20-08:15:58.390,13.5916015625
1779236158.580000,2026/05/20-08:15:58.580,14.053531901
1779236158.780000,2026/05/20-08:15:58.780,14.2562771267
1779236158.980000,2026/05/20-08:15:58.980,14.2409342448
1779236159.180000,2026/05/20-08:15:59.180,14.5784776476
1779236159.380000,2026/05/20-08:15:59.380,14.0233940972
1779236159.640000,2026/05/20-08:15:59.640,14.2140842014
1779236159.820000,2026/05/20-08:15:59.820,14.0661349826
1779236160.020000,2026/05/20-08:16:00.020,14.668343099
1779236160.220000,2026/05/20-08:16:00.220,14.6639594184
1779236160.420000,2026/05/20-08:16:00.420,14.5379286024
1779236160.620000,2026/05/20-08:16:00.620,14.6436848958
1779236160.900000,2026/05/20-08:16:00.900,13.3061143663
1779236161.100000,2026/05/20-08:16:01.100,13.1428222656
1779236161.300000,2026/05/20-08:16:01.300,14.5061469184
1779236161.500000,2026/05/20-08:16:01.500,14.0250379774
1779236161.700000,2026/05/20-08:16:01.700,15.2678114149
1779236161.910000,2026/05/20-08:16:01.910,12.5800672743
1779236162.180000,2026/05/20-08:16:02.180,14.5691623264
1779236162.380000,2026/05/20-08:16:02.380,14.8787597656
1779236162.580000,2026/05/20-08:16:02.580,12.9570638021
1779236162.780000,2026/05/20-08:16:02.780,14.5494357639
1779236162.980000,2026/05/20-08:16:02.980,14.9576660156
1779236163.200000,2026/05/20-08:16:03.200,14.747797309
1779236163.460000,2026/05/20-08:16:03.460,12.9362413194
1779236163.660000,2026/05/20-08:16:03.660,12.9970648872
1779236163.860000,2026/05/20-08:16:03.860,13.1713161892
1779236164.060000,2026/05/20-08:16:04.060,14.5324490017
1779236164.260000,2026/05/20-08:16:04.260,13.2852918837
1779236164.500000,2026/05/20-08:16:04.500,14.1105197483
1779236164.740000,2026/05/20-08:16:04.740,14.0738064236
1779236164.940000,2026/05/20-08:16:04.940,13.5751627604
1779236165.140000,2026/05/20-08:16:05.140,13.5505045573
1779236165.340000,2026/05/20-08:16:05.340,13.7581814236
1779236165.540000,2026/05/20-08:16:05.540,13.0704915365
1779236165.770000,2026/05/20-08:16:05.770,14.5357367622
1779236165.980000,2026/05/20-08:16:05.980,12.8436360677
1779236166.180000,2026/05/20-08:16:06.180,13.7877712674
1779236166.380000,2026/05/20-08:16:06.380,13.8644856771
1779236166.580000,2026/05/20-08:16:06.580,13.1389865451
1779236166.780000,2026/05/20-08:16:06.780,13.5570800781
1779236167.000000,2026/05/20-08:16:07.000,13.1718641493
1779236167.260000,2026/05/20-08:16:07.260,13.1526855469
1779236167.460000,2026/05/20-08:16:07.460,13.9313368056
1779236167.660000,2026/05/20-08:16:07.660,14.2918945312
1779236167.860000,2026/05/20-08:16:07.860,15.5006944444
1779236168.060000,2026/05/20-08:16:08.060,15.5631618924
1779236168.320000,2026/05/20-08:16:08.320,14.100656467
1779236168.540000,2026/05/20-08:16:08.540,13.8233886719
1779236168.740000,2026/05/20-08:16:08.740,14.9680772569
1779236168.940000,2026/05/20-08:16:08.940,13.406391059
1779236169.140000,2026/05/20-08:16:09.140,14.9001302083
1779236169.340000,2026/05/20-08:16:09.340,14.1488769531
1779236169.610000,2026/05/20-08:16:09.610,13.3543348524
1779236169.820000,2026/05/20-08:16:09.820,13.3263888889
1779236170.020000,2026/05/20-08:16:10.020,14.9768446181
1779236170.220000,2026/05/20-08:16:10.220,14.2612087674
1779236170.420000,2026/05/20-08:16:10.420,12.9811740451
1779236170.620000,2026/05/20-08:16:10.620,13.9455837674
1779236170.880000,2026/05/20-08:16:10.880,13.9439398872
1779236171.100000,2026/05/20-08:16:11.100,14.4579264323
1779236171.300000,2026/05/20-08:16:11.300,14.0321614583
1779236171.500000,2026/05/20-08:16:11.500,15.0782172309
1779236171.700000,2026/05/20-08:16:11.700,12.9713107639
1779236171.900000,2026/05/20-08:16:11.900,14.0743543837
1779236172.150000,2026/05/20-08:16:12.150,14.2721679688
1779236172.340000,2026/05/20-08:16:12.340,14.6519042969
1779236172.540000,2026/05/20-08:16:12.540,14.2732638889
1779236172.740000,2026/05/20-08:16:12.740,13.1159722222
1779236172.940000,2026/05/20-08:16:12.940,14.194905599
1779236173.140000,2026/05/20-08:16:13.140,13.3280327691
1779236173.420000,2026/05/20-08:16:13.420,13.7537977431
1779236173.620000,2026/05/20-08:16:13.620,14.108327908
1779236173.820000,2026/05/20-08:16:13.820,14.1061360677
1779236174.020000,2026/05/20-08:16:14.020,14.9187608507
1779236174.220000,2026/05/20-08:16:14.220,13.5833821615
1779236174.440000,2026/05/20-08:16:14.440,13.4518717448
1779236174.700000,2026/05/20-08:16:14.700,14.6146430122
1779236174.900000,2026/05/20-08:16:14.900,13.6305067274
1779236175.100000,2026/05/20-08:16:15.100,12.7740451389
1779236175.300000,2026/05/20-08:16:15.300,13.3932400174
1779236175.500000,2026/05/20-08:16:15.500,14.0622992622
1779236175.720000,2026/05/20-08:16:15.720,14.0842176649
1779236175.980000,2026/05/20-08:16:15.980,14.1023003472
1779236176.180000,2026/05/20-08:16:16.180,13.4365288628
1779236176.380000,2026/05/20-08:16:16.380,14.2776475694
1779236176.580000,2026/05/20-08:16:16.580,13.5433810764
1779236176.780000,2026/05/20-08:16:16.780,14.5149142795
1779236176.990000,2026/05/20-08:16:16.990,15.1752061632
1779236177.260000,2026/05/20-08:16:17.260,13.879828559
1779236177.460000,2026/05/20-08:16:17.460,14.2968261719
1779236177.660000,2026/05/20-08:16:17.660,14.566422526
1779236177.860000,2026/05/20-08:16:17.860,13.3603624132
1779236178.060000,2026/05/20-08:16:18.060,13.9368164062
1779236178.320000,2026/05/20-08:16:18.320,14.59765625
1779236178.540000,2026/05/20-08:16:18.540,14.7067003038
1779236178.740000,2026/05/20-08:16:18.740,13.2748806424
1779236178.940000,2026/05/20-08:16:18.940,13.4151584201
1779236179.140000,2026/05/20-08:16:19.140,13.5083116319
1779236179.340000,2026/05/20-08:16:19.340,13.2814561632
1779236179.600000,2026/05/20-08:16:19.600,14.4234049479
1779236179.780000,2026/05/20-08:16:19.780,12.4178710937
1779236179.980000,2026/05/20-08:16:19.980,13.2173448351
1779236180.180000,2026/05/20-08:16:20.180,13.6535210503
1779236180.380000,2026/05/20-08:16:20.380,13.3417317708
1779236180.580000,2026/05/20-08:16:20.580,13.4715983073
1779236180.840000,2026/05/20-08:16:20.840,14.3088812934
1779236181.060000,2026/05/20-08:16:21.060,14.6217664931
1779236181.260000,2026/05/20-08:16:21.260,14.290250651
1779236181.460000,2026/05/20-08:16:21.460,14.0568196615
1779236181.660000,2026/05/20-08:16:21.660,13.3077582465
1779236181.860000,2026/05/20-08:16:21.860,13.7505099826
1779236182.130000,2026/05/20-08:16:22.130,13.3620062934
1779236182.340000,2026/05/20-08:16:22.340,13.4880371094
1779236182.540000,2026/05/20-08:16:22.540,14.12421875
1779236182.740000,2026/05/20-08:16:22.740,14.0716145833
1779236182.940000,2026/05/20-08:16:22.940,13.7899631076
1779236183.140000,2026/05/20-08:16:23.140,14.0431206597
1779236183.420000,2026/05/20-08:16:23.420,13.2737847222
1779236183.620000,2026/05/20-08:16:23.620,15.1669867622
1779236183.820000,2026/05/20-08:16:23.820,13.4748860677
1779236184.020000,2026/05/20-08:16:24.020,14.0705186632
1779236184.220000,2026/05/20-08:16:24.220,13.6699598524
1779236184.430000,2026/05/20-08:16:24.430,13.6118760851
1779236184.700000,2026/05/20-08:16:24.700,14.250249566
1779236184.900000,2026/05/20-08:16:24.900,13.9894205729
1779236185.100000,2026/05/20-08:16:25.100,13.7685926649
1779236185.300000,2026/05/20-08:16:25.300,13.5948893229
1779236185.500000,2026/05/20-08:16:25.500,12.7378797743
1779236185.730000,2026/05/20-08:16:25.730,13.9280490451
1779236185.980000,2026/05/20-08:16:25.980,13.8535264757
1779236186.180000,2026/05/20-08:16:26.180,14.6201226128
1779236186.380000,2026/05/20-08:16:26.380,14.5757378472
1779236186.580000,2026/05/20-08:16:26.580,13.6622884115
1779236186.780000,2026/05/20-08:16:26.780,14.0080512153
1779236187.040000,2026/05/20-08:16:27.040,13.2513183594
1779236187.260000,2026/05/20-08:16:27.260,13.2398111979
1779236187.460000,2026/05/20-08:16:27.460,13.6672200521
1779236187.660000,2026/05/20-08:16:27.660,14.6310818142
1779236187.860000,2026/05/20-08:16:27.860,13.6453016493
1779236188.060000,2026/05/20-08:16:28.060,13.3636501736
1779236188.330000,2026/05/20-08:16:28.330,14.211344401
1779236188.540000,2026/05/20-08:16:28.540,14.4836805556
1779236188.740000,2026/05/20-08:16:28.740,14.1296983507
1779236188.940000,2026/05/20-08:16:28.940,13.5872178819
1779236189.140000,2026/05/20-08:16:29.140,13.721468099
1779236189.340000,2026/05/20-08:16:29.340,13.7959906684
1779236189.620000,2026/05/20-08:16:29.620,14.3187445747
1779236189.820000,2026/05/20-08:16:29.820,13.0414496528
1779236190.020000,2026/05/20-08:16:30.020,14.5225857205
1779236190.220000,2026/05/20-08:16:30.220,13.9280490451
1779236190.420000,2026/05/20-08:16:30.420,14.3505262587
1779236190.620000,2026/05/20-08:16:30.620,13.3263888889
1779236190.880000,2026/05/20-08:16:30.880,14.2754557292
1779236191.100000,2026/05/20-08:16:31.100,14.5888888889
1779236191.300000,2026/05/20-08:16:31.300,13.9088704427
1779236191.500000,2026/05/20-08:16:31.500,13.2524142795
1779236191.700000,2026/05/20-08:16:31.700,12.5417100694
1779236191.900000,2026/05/20-08:16:31.900,13.9159939236
1779236192.180000,2026/05/20-08:16:32.180,14.7302625868
1779236192.380000,2026/05/20-08:16:32.380,13.5576280382
1779236192.580000,2026/05/20-08:16:32.580,14.1779188368
1779236192.780000,2026/05/20-08:16:32.780,12.6392469618
1779236192.980000,2026/05/20-08:16:32.980,14.3735405816
1779236193.200000,2026/05/20-08:16:33.200,13.1050130208
1779236193.460000,2026/05/20-08:16:33.460,14.0705186632
1779236193.660000,2026/05/20-08:16:33.660,14.2699761285
1779236193.860000,2026/05/20-08:16:33.860,13.6529730903
1779236194.060000,2026/05/20-08:16:34.060,15.0464355469
1779236194.260000,2026/05/20-08:16:34.260,14.1406575521
1779236194.510000,2026/05/20-08:16:34.510,14.6666992188
1779236194.740000,2026/05/20-08:16:34.740,14.4009385851
1779236194.940000,2026/05/20-08:16:34.940,14.7905381944
1779236195.140000,2026/05/20-08:16:35.140,12.9225423177
1779236195.340000,2026/05/20-08:16:35.340,14.194905599
1779236195.540000,2026/05/20-08:16:35.540,12.8195258247
1779236195.750000,2026/05/20-08:16:35.750,14.4831325955
1779236195.980000,2026/05/20-08:16:35.980,14.4738172743
1779236196.180000,2026/05/20-08:16:36.180,14.1149034288
1779236196.380000,2026/05/20-08:16:36.380,14.0957248264
1779236196.580000,2026/05/20-08:16:36.580,14.4842285156
1779236196.780000,2026/05/20-08:16:36.780,14.5905327691
1779236196.990000,2026/05/20-08:16:36.990,12.4397894965
1779236197.260000,2026/05/20-08:16:37.260,14.7297146267
1779236197.460000,2026/05/20-08:16:37.460,13.7811957465
1779236197.660000,2026/05/20-08:16:37.660,15.3839789497
1779236197.860000,2026/05/20-08:16:37.860,13.5916015625
1779236198.060000,2026/05/20-08:16:38.060,13.8414713542
1779236198.320000,2026/05/20-08:16:38.320,14.2540852865
1779236198.540000,2026/05/20-08:16:38.540,13.2387152778
1779236198.740000,2026/05/20-08:16:38.740,14.329155816
1779236198.940000,2026/05/20-08:16:38.940,13.501188151
1779236199.140000,2026/05/20-08:16:39.140,13.8113335503
1779236199.340000,2026/05/20-08:16:39.340,13.5061197917
1779236199.610000,2026/05/20-08:16:39.610,12.885281033
1779236199.820000,2026/05/20-08:16:39.820,14.234906684
1779236200.020000,2026/05/20-08:16:40.020,14.3779242622
1779236200.220000,2026/05/20-08:16:40.220,13.9592827691
1779236200.420000,2026/05/20-08:16:40.420,14.3253200955
1779236200.620000,2026/05/20-08:16:40.620,13.6244791667
1779236200.880000,2026/05/20-08:16:40.880,13.0107638889
1779236201.060000,2026/05/20-08:16:41.060,13.9521592882
1779236201.260000,2026/05/20-08:16:41.260,14.2387424045
1779236201.460000,2026/05/20-08:16:41.460,13.1630967882
1779236201.660000,2026/05/20-08:16:41.660,13.4891330295
1779236201.860000,2026/05/20-08:16:41.860,13.7362630208
1779236202.120000,2026/05/20-08:16:42.120,14.3417588976
1779236202.340000,2026/05/20-08:16:42.340,14.7543728299
1779236202.540000,2026/05/20-08:16:42.540,13.8913357205
1779236202.740000,2026/05/20-08:16:42.740,13.7565375434
1779236202.940000,2026/05/20-08:16:42.940,13.9455837674
1779236203.140000,2026/05/20-08:16:43.140,14.7379340278
1779236203.390000,2026/05/20-08:16:43.390,13.8474989149
1779236203.580000,2026/05/20-08:16:43.580,13.5176269531
1779236203.780000,2026/05/20-08:16:43.780,13.8206488715
1779236203.980000,2026/05/20-08:16:43.980,12.6414388021
1779236204.180000,2026/05/20-08:16:44.180,13.9390082465
1779236204.380000,2026/05/20-08:16:44.380,15.2042480469
1779236204.640000,2026/05/20-08:16:44.640,14.5801215278
1779236204.820000,2026/05/20-08:16:44.820,14.1313422309
1779236205.020000,2026/05/20-08:16:45.020,14.5099826389
1779236205.220000,2026/05/20-08:16:45.220,13.2343315972
1779236205.420000,2026/05/20-08:16:45.420,13.5937934028
1779236205.620000,2026/05/20-08:16:45.620,13.1214518229
1779236205.880000,2026/05/20-08:16:45.880,14.2244954427
1779236206.060000,2026/05/20-08:16:46.060,14.0781901042
1779236206.260000,2026/05/20-08:16:46.260,15.1932888455
1779236206.460000,2026/05/20-08:16:46.460,14.4743652344
1779236206.660000,2026/05/20-08:16:46.660,14.1532606337
1779236206.860000,2026/05/20-08:16:46.860,14.3494303385
1779236207.100000,2026/05/20-08:16:47.100,14.1527126736
1779236207.300000,2026/05/20-08:16:47.300,14.8847873264
1779236207.500000,2026/05/20-08:16:47.500,14.4042263455
1779236207.700000,2026/05/20-08:16:47.700,13.5855740017
1779236207.900000,2026/05/20-08:16:47.900,14.7313585069
1779236208.100000,2026/05/20-08:16:48.100,14.7434136285
1779236208.370000,2026/05/20-08:16:48.370,13.8579101562
1779236208.580000,2026/05/20-08:16:48.580,14.5483398438
1779236208.780000,2026/05/20-08:16:48.780,14.5362847222
1779236208.980000,2026/05/20-08:16:48.980,14.6431369358
1779236209.180000,2026/05/20-08:16:49.180,15.6913845486
1779236209.380000,2026/05/20-08:16:49.380,13.0502170139
1779236209.600000,2026/05/20-08:16:49.600,14.7647840712
1779236209.820000,2026/05/20-08:16:49.820,13.1811794705
1779236210.020000,2026/05/20-08:16:50.020,13.8606499566
1779236210.220000,2026/05/20-08:16:50.220,13.4009114583
1779236210.420000,2026/05/20-08:16:50.420,13.2683051215
1779236210.620000,2026/05/20-08:16:50.620,13.8546223958
1779236210.880000,2026/05/20-08:16:50.880,14.7176595052
1779236211.100000,2026/05/20-08:16:51.100,13.8464029948
1779236211.300000,2026/05/20-08:16:51.300,13.8650336372
1779236211.500000,2026/05/20-08:16:51.500,14.5554633247
1779236211.700000,2026/05/20-08:16:51.700,12.4666395399
1779236211.900000,2026/05/20-08:16:51.900,14.6732747396
1779236212.150000,2026/05/20-08:16:52.150,15.0102701823
1779236212.380000,2026/05/20-08:16:52.380,15.1845214844
1779236212.580000,2026/05/20-08:16:52.580,14.0754503038
1779236212.780000,2026/05/20-08:16:52.780,14.8135525174
1779236212.980000,2026/05/20-08:16:52.980,13.5313259549
1779236213.180000,2026/05/20-08:16:53.180,14.5669704861
1779236213.440000,2026/05/20-08:16:53.440,10.4424750434
1779236213.620000,2026/05/20-08:16:53.620,15.0360243056
1779236213.820000,2026/05/20-08:16:53.820,14.4524468316
1779236214.020000,2026/05/20-08:16:54.020,14.3899793837
1779236214.220000,2026/05/20-08:16:54.220,15.0897243924
1779236214.420000,2026/05/20-08:16:54.420,13.8617458767
1779236214.680000,2026/05/20-08:16:54.680,14.0935329861
1779236214.860000,2026/05/20-08:16:54.860,14.8743760851
1779236215.060000,2026/05/20-08:16:55.060,13.6310546875
1779236215.260000,2026/05/20-08:16:55.260,14.0299696181
1779236215.460000,2026/05/20-08:16:55.460,13.3515950521
1779236215.660000,2026/05/20-08:16:55.660,14.1428493924
1779236215.920000,2026/05/20-08:16:55.920,13.8337999132
1779236216.140000,2026/05/20-08:16:56.140,13.3817328559
1779236216.340000,2026/05/20-08:16:56.340,13.6337944878
1779236216.540000,2026/05/20-08:16:56.540,12.7318522135
1779236216.740000,2026/05/20-08:16:56.740,13.997639974
1779236216.940000,2026/05/20-08:16:56.940,14.8787597656
1779236217.220000,2026/05/20-08:16:57.220,15.1236979167
1779236217.420000,2026/05/20-08:16:57.420,13.8464029948
1779236217.620000,2026/05/20-08:16:57.620,14.9494466146
1779236217.820000,2026/05/20-08:16:57.820,13.0792588976
1779236218.020000,2026/05/20-08:16:58.020,14.5795735677
1779236218.240000,2026/05/20-08:16:58.240,14.2233995226
1779236218.500000,2026/05/20-08:16:58.500,13.6003689236
1779236218.700000,2026/05/20-08:16:58.700,13.5937934028
1779236218.900000,2026/05/20-08:16:58.900,13.879828559
1779236219.100000,2026/05/20-08:16:59.100,13.3559787326
1779236219.300000,2026/05/20-08:16:59.300,14.8743760851
1779236219.550000,2026/05/20-08:16:59.550,14.9636935764
1779236219.780000,2026/05/20-08:16:59.780,14.2973741319
1779236219.980000,2026/05/20-08:16:59.980,14.0212022569
1779236220.180000,2026/05/20-08:17:00.180,15.102327474
1779236220.380000,2026/05/20-08:17:00.380,14.0562717014
1779236220.580000,2026/05/20-08:17:00.580,14.4858723958
1779236220.860000,2026/05/20-08:17:00.860,14.4255967882
1779236221.060000,2026/05/20-08:17:01.060,14.5998480903
1779236221.260000,2026/05/20-08:17:01.260,13.4425564236
1779236221.460000,2026/05/20-08:17:01.460,14.7132758247
1779236221.660000,2026/05/20-08:17:01.660,13.1992621528
1779236221.860000,2026/05/20-08:17:01.860,14.2338107639
1779236222.130000,2026/05/20-08:17:02.130,13.4820095486
1779236222.340000,2026/05/20-08:17:02.340,14.5713541667
1779236222.540000,2026/05/20-08:17:02.540,13.5505045573
1779236222.740000,2026/05/20-08:17:02.740,14.0480523003
1779236222.940000,2026/05/20-08:17:02.940,14.2644965278
1779236223.140000,2026/05/20-08:17:03.140,13.6935221354
1779236223.400000,2026/05/20-08:17:03.400,13.4650227865
1779236223.620000,2026/05/20-08:17:03.620,13.6973578559
1779236223.820000,2026/05/20-08:17:03.820,14.3943630642
1779236224.020000,2026/05/20-08:17:04.020,13.9203776042
1779236224.220000,2026/05/20-08:17:04.220,15.0546549479
1779236224.420000,2026/05/20-08:17:04.420,15.5609700521
1779236224.640000,2026/05/20-08:17:04.640,14.9746527778
1779236224.860000,2026/05/20-08:17:04.860,14.5971082899
1779236225.060000,2026/05/20-08:17:05.060,14.3264160156
1779236225.260000,2026/05/20-08:17:05.260,12.119780816
1779236225.460000,2026/05/20-08:17:05.460,13.7127007378
1779236225.660000,2026/05/20-08:17:05.660,14.1094238281
1779236225.920000,2026/05/20-08:17:05.920,13.6639322917
1779236226.140000,2026/05/20-08:17:06.140,14.952734375
1779236226.340000,2026/05/20-08:17:06.340,14.3357313368
1779236226.540000,2026/05/20-08:17:06.540,12.0551215278
1779236226.740000,2026/05/20-08:17:06.740,13.4809136285
1779236226.940000,2026/05/20-08:17:06.940,13.3817328559
1779236227.220000,2026/05/20-08:17:07.220,14.273811849
1779236227.420000,2026/05/20-08:17:07.420,14.0184624566
1779236227.620000,2026/05/20-08:17:07.620,14.3987467448
1779236227.820000,2026/05/20-08:17:07.820,14.9428710937
1779236228.020000,2026/05/20-08:17:08.020,13.4825575087
1779236228.220000,2026/05/20-08:17:08.220,13.7033854167
1779236228.480000,2026/05/20-08:17:08.480,14.8590332031
1779236228.700000,2026/05/20-08:17:08.700,14.1823025174
1779236228.900000,2026/05/20-08:17:08.900,14.7483452691
1779236229.100000,2026/05/20-08:17:09.100,14.1466851128
1779236229.300000,2026/05/20-08:17:09.300,14.3313476562
1779236229.500000,2026/05/20-08:17:09.500,15.5012424045
1779236229.740000,2026/05/20-08:17:09.740,14.4831325955
1779236229.980000,2026/05/20-08:17:09.980,14.3746365017
1779236230.180000,2026/05/20-08:17:10.180,12.9417209201
1779236230.380000,2026/05/20-08:17:10.380,13.785031467
1779236230.580000,2026/05/20-08:17:10.580,12.9976128472
1779236230.780000,2026/05/20-08:17:10.780,14.7384819878
1779236231.070000,2026/05/20-08:17:11.070,14.0984646267
1779236231.260000,2026/05/20-08:17:11.260,14.3318956163
1779236231.460000,2026/05/20-08:17:11.460,14.0896972656
1779236231.660000,2026/05/20-08:17:11.660,14.4371039497
1779236231.860000,2026/05/20-08:17:11.860,14.2787434896
1779236232.060000,2026/05/20-08:17:12.060,13.2348795573
1779236232.320000,2026/05/20-08:17:12.320,13.6540690104
1779236232.540000,2026/05/20-08:17:12.540,13.919281684
1779236232.740000,2026/05/20-08:17:12.740,13.998187934
1779236232.940000,2026/05/20-08:17:12.940,13.3137858073
1779236233.140000,2026/05/20-08:17:13.140,14.5762858073
1779236233.340000,2026/05/20-08:17:13.340,13.9455837674
1779236233.620000,2026/05/20-08:17:13.620,14.8338270399
1779236233.820000,2026/05/20-08:17:13.820,14.589436849
1779236234.020000,2026/05/20-08:17:14.020,15.3543891059
1779236234.220000,2026/05/20-08:17:14.220,14.3697048611
1779236234.420000,2026/05/20-08:17:14.420,14.873828125
1779236234.640000,2026/05/20-08:17:14.640,13.4715983073
1779236234.900000,2026/05/20-08:17:14.900,13.3450195312
1779236235.100000,2026/05/20-08:17:15.100,14.6272460937
1779236235.300000,2026/05/20-08:17:15.300,14.549983724
1779236235.500000,2026/05/20-08:17:15.500,13.2348795573
1779236235.700000,2026/05/20-08:17:15.700,15.1330132378
1779236235.960000,2026/05/20-08:17:15.960,14.5379286024
1779236236.180000,2026/05/20-08:17:16.180,12.3575954861
1779236236.380000,2026/05/20-08:17:16.380,13.9275010851
1779236236.580000,2026/05/20-08:17:16.580,15.1039713542
1779236236.780000,2026/05/20-08:17:16.780,15.5379557292
1779236236.980000,2026/05/20-08:17:16.980,14.4173773872
1779236237.250000,2026/05/20-08:17:17.250,14.7916341146
1779236237.460000,2026/05/20-08:17:17.460,15.078765191
1779236237.660000,2026/05/20-08:17:17.660,13.7165364583
1779236237.860000,2026/05/20-08:17:17.860,14.7582085503
1779236238.060000,2026/05/20-08:17:18.060,14.1461371528
1779236238.260000,2026/05/20-08:17:18.260,12.8836371528
1779236238.540000,2026/05/20-08:17:18.540,13.5526963976
1779236238.740000,2026/05/20-08:17:18.740,13.0096679687
1779236238.940000,2026/05/20-08:17:18.940,14.6009440104
1779236239.140000,2026/05/20-08:17:19.140,13.0830946181
1779236239.340000,2026/05/20-08:17:19.340,14.4924479167
1779236239.550000,2026/05/20-08:17:19.550,12.924734158
1779236239.820000,2026/05/20-08:17:19.820,13.9401041667
1779236240.020000,2026/05/20-08:17:20.020,13.2820041233
1779236240.220000,2026/05/20-08:17:20.220,13.989968533
1779236240.420000,2026/05/20-08:17:20.420,14.1757269965
1779236240.620000,2026/05/20-08:17:20.620,13.9006510417
1779236240.860000,2026/05/20-08:17:20.860,13.2474826389
1779236241.100000,2026/05/20-08:17:21.100,14.2787434896
1779236241.300000,2026/05/20-08:17:21.300,14.9357476128
1779236241.500000,2026/05/20-08:17:21.500,15.3456217448
1779236241.700000,2026/05/20-08:17:21.700,13.4743381076
1779236241.900000,2026/05/20-08:17:21.900,13.4754340278
1779236242.130000,2026/05/20-08:17:22.130,14.4721733941
1779236242.380000,2026/05/20-08:17:22.380,13.6463975694
1779236242.580000,2026/05/20-08:17:22.580,13.9220214844
1779236242.780000,2026/05/20-08:17:22.780,12.4474609375
1779236242.980000,2026/05/20-08:17:22.980,13.9998318142
1779236243.180000,2026/05/20-08:17:23.180,14.1866861979
1779236243.450000,2026/05/20-08:17:23.450,13.5439290365
1779236243.660000,2026/05/20-08:17:23.660,13.6611924913
1779236243.860000,2026/05/20-08:17:23.860,14.1642198351
1779236244.060000,2026/05/20-08:17:24.060,14.2294270833
1779236244.260000,2026/05/20-08:17:24.260,13.8031141493
1779236244.460000,2026/05/20-08:17:24.460,15.2168511285
1779236244.730000,2026/05/20-08:17:24.730,16.1955078125
1779236244.940000,2026/05/20-08:17:24.940,14.8941026476
1779236245.140000,2026/05/20-08:17:25.140,14.6639594184
1779236245.340000,2026/05/20-08:17:25.340,13.2918674045
1779236245.540000,2026/05/20-08:17:25.540,13.8535264757
1779236245.740000,2026/05/20-08:17:25.740,15.3357584635
1779236246.000000,2026/05/20-08:17:26.000,13.8091417101
1779236246.220000,2026/05/20-08:17:26.220,13.6124240451
1779236246.420000,2026/05/20-08:17:26.420,13.3565266927
1779236246.620000,2026/05/20-08:17:26.620,13.9779134115
1779236246.820000,2026/05/20-08:17:26.820,15.4957628038
1779236247.020000,2026/05/20-08:17:27.020,13.722016059
1779236247.280000,2026/05/20-08:17:27.280,12.2956759983
1779236247.460000,2026/05/20-08:17:27.460,14.4036783854
1779236247.660000,2026/05/20-08:17:27.660,14.4047743056
1779236247.860000,2026/05/20-08:17:27.860,14.5034071181
1779236248.060000,2026/05/20-08:17:28.060,14.3077853733
1779236248.260000,2026/05/20-08:17:28.260,14.2360026042
1779236248.500000,2026/05/20-08:17:28.500,13.6288628472
1779236248.700000,2026/05/20-08:17:28.700,15.5237087674
1779236248.900000,2026/05/20-08:17:28.900,14.0918891059
1779236249.100000,2026/05/20-08:17:29.100,14.7406738281
1779236249.300000,2026/05/20-08:17:29.300,15.3609646267
1779236249.500000,2026/05/20-08:17:29.500,14.2513454861
1779236249.790000,2026/05/20-08:17:29.790,13.5225585938
1779236249.980000,2026/05/20-08:17:29.980,14.6277940538
1779236250.180000,2026/05/20-08:17:30.180,13.0973415799
1779236250.380000,2026/05/20-08:17:30.380,14.5636827257
1779236250.580000,2026/05/20-08:17:30.580,14.3883355035
1779236250.780000,2026/05/20-08:17:30.780,13.3735134549
1779236251.030000,2026/05/20-08:17:31.030,13.4157063802
1779236251.260000,2026/05/20-08:17:31.260,14.4590223524
1779236251.460000,2026/05/20-08:17:31.460,13.6326985677
1779236251.660000,2026/05/20-08:17:31.660,15.0404079861
1779236251.860000,2026/05/20-08:17:31.860,13.3691297743
1779236252.060000,2026/05/20-08:17:32.060,12.5449978299
1779236252.330000,2026/05/20-08:17:32.330,14.1943576389
1779236252.540000,2026/05/20-08:17:32.540,14.0184624566
1779236252.740000,2026/05/20-08:17:32.740,14.1614800347
1779236252.940000,2026/05/20-08:17:32.940,13.1641927083
1779236253.140000,2026/05/20-08:17:33.140,14.6014919705
1779236253.340000,2026/05/20-08:17:33.340,14.0858615451
1779236253.590000,2026/05/20-08:17:33.590,12.4825303819
1779236253.780000,2026/05/20-08:17:33.780,14.5329969618
1779236253.980000,2026/05/20-08:17:33.980,13.2255642361
1779236254.180000,2026/05/20-08:17:34.180,13.8337999132
1779236254.380000,2026/05/20-08:17:34.380,14.5910807292
1779236254.580000,2026/05/20-08:17:34.580,13.1570692274
1779236254.860000,2026/05/20-08:17:34.860,11.4704481337
1779236255.060000,2026/05/20-08:17:35.060,13.7943467882
1779236255.260000,2026/05/20-08:17:35.260,14.5461480035
1779236255.460000,2026/05/20-08:17:35.460,13.7570855035
1779236255.660000,2026/05/20-08:17:35.660,14.803141276
1779236255.870000,2026/05/20-08:17:35.870,14.0683268229
1779236256.140000,2026/05/20-08:17:36.140,14.6349175347
1779236256.340000,2026/05/20-08:17:36.340,13.1121365017
1779236256.540000,2026/05/20-08:17:36.540,14.1077799479
1779236256.740000,2026/05/20-08:17:36.740,14.4902560764
1779236256.940000,2026/05/20-08:17:36.940,14.013530816
1779236257.160000,2026/05/20-08:17:37.160,13.6211914062
1779236257.420000,2026/05/20-08:17:37.420,13.8973632812
1779236257.620000,2026/05/20-08:17:37.620,13.9757215712
1779236257.820000,2026/05/20-08:17:37.820,13.839827474
1779236258.020000,2026/05/20-08:17:38.020,14.4612141927
1779236258.220000,2026/05/20-08:17:38.220,15.3012369792
1779236258.490000,2026/05/20-08:17:38.490,13.5828342014
1779236258.700000,2026/05/20-08:17:38.700,14.8409505208
1779236258.900000,2026/05/20-08:17:38.900,14.1483289931
1779236259.100000,2026/05/20-08:17:39.100,15.1050672743
1779236259.300000,2026/05/20-08:17:39.300,13.2524142795
1779236259.500000,2026/05/20-08:17:39.500,14.3998426649
1779236259.770000,2026/05/20-08:17:39.770,14.376828342
1779236259.940000,2026/05/20-08:17:39.940,14.6239583333
1779236260.140000,2026/05/20-08:17:40.140,12.5406141493
1779236260.340000,2026/05/20-08:17:40.340,14.1779188368
1779236260.540000,2026/05/20-08:17:40.540,14.8491699219
1779236260.740000,2026/05/20-08:17:40.740,14.9028700087
1779236261.010000,2026/05/20-08:17:41.010,13.1411783854
1779236261.220000,2026/05/20-08:17:41.220,13.524750434
1779236261.420000,2026/05/20-08:17:41.420,13.8776367187
1779236261.620000,2026/05/20-08:17:41.620,12.7899359809
1779236261.820000,2026/05/20-08:17:41.820,13.3055664063
1779236262.020000,2026/05/20-08:17:42.020,13.6732476128
1779236262.300000,2026/05/20-08:17:42.300,15.0250651042
1779236262.500000,2026/05/20-08:17:42.500,14.2453179253
1779236262.700000,2026/05/20-08:17:42.700,13.7318793403
1779236262.900000,2026/05/20-08:17:42.900,14.4601182726
1779236263.100000,2026/05/20-08:17:43.100,14.0003797743
1779236263.310000,2026/05/20-08:17:43.310,14.455734592
1779236263.580000,2026/05/20-08:17:43.580,14.4623101128
1779236263.780000,2026/05/20-08:17:43.780,13.5855740017
1779236263.980000,2026/05/20-08:17:43.980,13.6359863281
1779236264.180000,2026/05/20-08:17:44.180,13.0491210937
1779236264.380000,2026/05/20-08:17:44.380,13.895171441
1779236264.610000,2026/05/20-08:17:44.610,12.8266493056
1779236264.860000,2026/05/20-08:17:44.860,12.8244574653
1779236265.060000,2026/05/20-08:17:45.060,14.187234158
1779236265.260000,2026/05/20-08:17:45.260,13.3614583333
1779236265.460000,2026/05/20-08:17:45.460,12.9669270833
1779236265.660000,2026/05/20-08:17:45.660,13.8376356337
1779236265.890000,2026/05/20-08:17:45.890,14.5543674045
1779236266.140000,2026/05/20-08:17:46.140,14.2294270833
1779236266.340000,2026/05/20-08:17:46.340,13.6294108073
1779236266.540000,2026/05/20-08:17:46.540,14.5932725694
1779236266.740000,2026/05/20-08:17:46.740,14.7127278646
1779236266.940000,2026/05/20-08:17:46.940,14.7461534288
1779236267.210000,2026/05/20-08:17:47.210,14.4908040365
1779236267.420000,2026/05/20-08:17:47.420,14.1696994358
1779236267.620000,2026/05/20-08:17:47.620,12.2912923177
1779236267.820000,2026/05/20-08:17:47.820,13.8288682726
1779236268.020000,2026/05/20-08:17:48.020,14.0365451389
1779236268.220000,2026/05/20-08:17:48.220,15.0913682726
1779236268.480000,2026/05/20-08:17:48.480,14.0886013455
1779236268.700000,2026/05/20-08:17:48.700,14.1351779514
1779236268.900000,2026/05/20-08:17:48.900,14.526421441
1779236269.100000,2026/05/20-08:17:49.100,13.7247558594
1779236269.300000,2026/05/20-08:17:49.300,14.7620442708
1779236269.500000,2026/05/20-08:17:49.500,13.2217285156
1779236269.750000,2026/05/20-08:17:49.750,14.3154568142
1779236269.940000,2026/05/20-08:17:49.940,13.4935167101
1779236270.140000,2026/05/20-08:17:50.140,13.0414496528
1779236270.340000,2026/05/20-08:17:50.340,14.4705295139
1779236270.540000,2026/05/20-08:17:50.540,12.909391276
1779236270.740000,2026/05/20-08:17:50.740,13.8595540365
1779236271.000000,2026/05/20-08:17:51.000,14.3466905382
1779236271.180000,2026/05/20-08:17:51.180,13.5411892361
1779236271.380000,2026/05/20-08:17:51.380,13.7680447049
1779236271.580000,2026/05/20-08:17:51.580,14.6124511719
1779236271.780000,2026/05/20-08:17:51.780,14.3494303385
1779236271.980000,2026/05/20-08:17:51.980,13.6239312066
1779236272.270000,2026/05/20-08:17:52.270,14.4535427517
1779236272.460000,2026/05/20-08:17:52.460,15.0387641059
1779236272.660000,2026/05/20-08:17:52.660,13.1559733073
1779236272.860000,2026/05/20-08:17:52.860,13.445844184
1779236273.060000,2026/05/20-08:17:53.060,13.6118760851
1779236273.260000,2026/05/20-08:17:53.260,14.0716145833
1779236273.510000,2026/05/20-08:17:53.510,13.9285970052
1779236273.700000,2026/05/20-08:17:53.700,13.8584581163
1779236273.900000,2026/05/20-08:17:53.900,14.6140950521
1779236274.100000,2026/05/20-08:17:54.100,14.1286024306
1779236274.300000,2026/05/20-08:17:54.300,13.2935112847
1779236274.500000,2026/05/20-08:17:54.500,14.3346354167
1779236274.750000,2026/05/20-08:17:54.750,13.2069335937
1779236274.940000,2026/05/20-08:17:54.940,14.3680609809
1779236275.140000,2026/05/20-08:17:55.140,13.374609375
1779236275.340000,2026/05/20-08:17:55.340,14.5554633247
1779236275.540000,2026/05/20-08:17:55.540,14.2447699653
1779236275.740000,2026/05/20-08:17:55.740,13.1828233507
1779236276.030000,2026/05/20-08:17:56.030,14.0787380642
1779236276.220000,2026/05/20-08:17:56.220,14.4179253472
1779236276.420000,2026/05/20-08:17:56.420,14.432172309
1779236276.620000,2026/05/20-08:17:56.620,13.9450358073
1779236276.820000,2026/05/20-08:17:56.820,14.2332628038
1779236277.020000,2026/05/20-08:17:57.020,13.9105143229
1779236277.270000,2026/05/20-08:17:57.270,14.4721733941
1779236277.460000,2026/05/20-08:17:57.460,12.5017089844
1779236277.660000,2026/05/20-08:17:57.660,13.2096733941
1779236277.860000,2026/05/20-08:17:57.860,13.6403700087
1779236278.060000,2026/05/20-08:17:58.060,14.4568305122
1779236278.260000,2026/05/20-08:17:58.260,13.6250271267
1779236278.520000,2026/05/20-08:17:58.520,13.3800889757
1779236278.740000,2026/05/20-08:17:58.740,13.9866807726
1779236278.940000,2026/05/20-08:17:58.940,14.0792860243
1779236279.140000,2026/05/20-08:17:59.140,14.6623155382
1779236279.340000,2026/05/20-08:17:59.340,14.0551757813
1779236279.550000,2026/05/20-08:17:59.550,13.6990017361
1779236279.790000,2026/05/20-08:17:59.790,14.3242241753
1779236279.980000,2026/05/20-08:17:59.980,13.6792751736
1779236280.180000,2026/05/20-08:18:00.180,13.8491427951
1779236280.380000,2026/05/20-08:18:00.380,13.871609158
1779236280.580000,2026/05/20-08:18:00.580,13.3954318576
1779236280.780000,2026/05/20-08:18:00.780,13.9044867622
1779236281.060000,2026/05/20-08:18:01.060,13.6316026476
1779236281.260000,2026/05/20-08:18:01.260,14.8886230469
1779236281.460000,2026/05/20-08:18:01.460,14.0907931858
1779236281.660000,2026/05/20-08:18:01.660,14.6305338542
1779236281.860000,2026/05/20-08:18:01.860,13.989968533
1779236282.070000,2026/05/20-08:18:02.070,14.6919053819
1779236282.340000,2026/05/20-08:18:02.340,14.3609375
1779236282.540000,2026/05/20-08:18:02.540,15.141780599
1779236282.740000,2026/05/20-08:18:02.740,14.0107910156
1779236282.940000,2026/05/20-08:18:02.940,14.0409288194
1779236283.140000,2026/05/20-08:18:03.140,14.3012098524
1779236283.380000,2026/05/20-08:18:03.380,14.0365451389
1779236283.620000,2026/05/20-08:18:03.620,13.2414550781
1779236283.820000,2026/05/20-08:18:03.820,14.6809461806
1779236284.020000,2026/05/20-08:18:04.020,14.3247721354
1779236284.220000,2026/05/20-08:18:04.220,13.2129611545
1779236284.420000,2026/05/20-08:18:04.420,15.7187825521
1779236284.660000,2026/05/20-08:18:04.660,14.8601291233
1779236284.900000,2026/05/20-08:18:04.900,14.2551812066
1779236285.100000,2026/05/20-08:18:05.100,13.5340657552
1779236285.300000,2026/05/20-08:18:05.300,11.5625054253
1779236285.500000,2026/05/20-08:18:05.500,13.0946017795
1779236285.700000,2026/05/20-08:18:05.700,14.037093099
1779236285.970000,2026/05/20-08:18:05.970,14.605327691
1779236286.180000,2026/05/20-08:18:06.180,13.2831000434
1779236286.380000,2026/05/20-08:18:06.380,14.1757269965
1779236286.580000,2026/05/20-08:18:06.580,13.5707790799
1779236286.780000,2026/05/20-08:18:06.780,14.2458658854
1779236286.980000,2026/05/20-08:18:06.980,13.6124240451
1779236287.270000,2026/05/20-08:18:07.270,14.9741048177
1779236287.460000,2026/05/20-08:18:07.460,15.0617784288
1779236287.660000,2026/05/20-08:18:07.660,14.4732693142
1779236287.860000,2026/05/20-08:18:07.860,14.2836751302
1779236288.060000,2026/05/20-08:18:08.060,14.8754720052
1779236288.260000,2026/05/20-08:18:08.260,13.7384548611
1779236288.540000,2026/05/20-08:18:08.540,14.7993055556
1779236288.740000,2026/05/20-08:18:08.740,14.5039550781
1779236288.940000,2026/05/20-08:18:08.940,14.3023057726
1779236289.140000,2026/05/20-08:18:09.140,13.5905056424
1779236289.340000,2026/05/20-08:18:09.340,13.9773654514
1779236289.550000,2026/05/20-08:18:09.550,14.6272460937
1779236289.820000,2026/05/20-08:18:09.820,13.161452908
1779236290.020000,2026/05/20-08:18:10.020,13.429953342
1779236290.220000,2026/05/20-08:18:10.220,13.011311849
1779236290.420000,2026/05/20-08:18:10.420,14.5724500868
1779236290.620000,2026/05/20-08:18:10.620,14.5576551649
1779236290.850000,2026/05/20-08:18:10.850,13.6513292101
1779236291.100000,2026/05/20-08:18:11.100,12.7006184896
1779236291.300000,2026/05/20-08:18:11.300,13.6042046441
1779236291.500000,2026/05/20-08:18:11.500,14.0447645399
1779236291.700000,2026/05/20-08:18:11.700,14.4376519097
1779236291.900000,2026/05/20-08:18:11.900,14.0496961806
1779236292.160000,2026/05/20-08:18:12.160,15.236577691
1779236292.380000,2026/05/20-08:18:12.380,14.7976616753
1779236292.580000,2026/05/20-08:18:12.580,13.3543348524
1779236292.780000,2026/05/20-08:18:12.780,14.2623046875
1779236292.980000,2026/05/20-08:18:12.980,13.634890408
1779236293.180000,2026/05/20-08:18:13.180,14.2475097656
1779236293.440000,2026/05/20-08:18:13.440,12.8600748698
1779236293.620000,2026/05/20-08:18:13.620,13.8014702691
1779236293.820000,2026/05/20-08:18:13.820,14.5982042101
1779236294.020000,2026/05/20-08:18:14.020,14.448063151
1779236294.220000,2026/05/20-08:18:14.220,13.7187282986
1779236294.420000,2026/05/20-08:18:14.420,12.3181423611
1779236294.680000,2026/05/20-08:18:14.680,14.076546224
1779236294.900000,2026/05/20-08:18:14.900,13.761469184
1779236295.100000,2026/05/20-08:18:15.100,13.3674858941
1779236295.300000,2026/05/20-08:18:15.300,13.6365342882
1779236295.500000,2026/05/20-08:18:15.500,14.092437066
1779236295.700000,2026/05/20-08:18:15.700,14.3023057726
1779236295.920000,2026/05/20-08:18:15.920,14.5877929687
1779236296.140000,2026/05/20-08:18:16.140,15.1467122396
1779236296.340000,2026/05/20-08:18:16.340,14.3176486545
1779236296.540000,2026/05/20-08:18:16.540,14.4129937066
1779236296.740000,2026/05/20-08:18:16.740,13.8858561198
1779236296.940000,2026/05/20-08:18:16.940,14.9110894097
1779236297.170000,2026/05/20-08:18:17.170,14.5209418403
1779236297.420000,2026/05/20-08:18:17.420,14.4645019531
1779236297.620000,2026/05/20-08:18:17.620,15.3960340712
1779236297.820000,2026/05/20-08:18:17.820,12.9395290799
1779236298.020000,2026/05/20-08:18:18.020,14.5801215278
1779236298.220000,2026/05/20-08:18:18.220,13.5883138021
1779236298.440000,2026/05/20-08:18:18.440,14.5143663194
1779236298.660000,2026/05/20-08:18:18.660,13.1581651476
1779236298.860000,2026/05/20-08:18:18.860,14.0190104167
1779236299.060000,2026/05/20-08:18:19.060,13.9691460503
1779236299.260000,2026/05/20-08:18:19.260,14.9341037326
1779236299.460000,2026/05/20-08:18:19.460,14.1669596354
1779236299.730000,2026/05/20-08:18:19.730,13.2984429253
1779236299.940000,2026/05/20-08:18:19.940,13.6496853299
1779236300.140000,2026/05/20-08:18:20.140,14.3105251736
1779236300.340000,2026/05/20-08:18:20.340,14.3286078559
1779236300.540000,2026/05/20-08:18:20.540,14.2464138455
1779236300.740000,2026/05/20-08:18:20.740,12.972406684
1779236301.010000,2026/05/20-08:18:21.010,15.0267089844
1779236301.220000,2026/05/20-08:18:21.220,14.5439561632
1779236301.420000,2026/05/20-08:18:21.420,13.8875
1779236301.620000,2026/05/20-08:18:21.620,14.5132703993
1779236301.820000,2026/05/20-08:18:21.820,14.6486165365
1779236302.020000,2026/05/20-08:18:22.020,15.2190429688
1779236302.270000,2026/05/20-08:18:22.270,13.9691460503
1779236302.460000,2026/05/20-08:18:22.460,14.3357313368
1779236302.660000,2026/05/20-08:18:22.660,15.0491753472
1779236302.860000,2026/05/20-08:18:22.860,14.2672363281
1779236303.060000,2026/05/20-08:18:23.060,12.9071994358
1779236303.260000,2026/05/20-08:18:23.260,13.4787217882
1779236303.520000,2026/05/20-08:18:23.520,13.5779025608
1779236303.740000,2026/05/20-08:18:23.740,13.343375651
1779236303.940000,2026/05/20-08:18:23.940,14.226687283
1779236304.140000,2026/05/20-08:18:24.140,13.7757161458
1779236304.340000,2026/05/20-08:18:24.340,15.3034288194
1779236304.540000,2026/05/20-08:18:24.540,15.157671441
1779236304.820000,2026/05/20-08:18:24.820,14.5083387587
1779236305.020000,2026/05/20-08:18:25.020,13.5663953993
1779236305.220000,2026/05/20-08:18:25.220,14.297922092
1779236305.420000,2026/05/20-08:18:25.420,13.6781792535
1779236305.620000,2026/05/20-08:18:25.620,14.7434136285
1779236305.830000,2026/05/20-08:18:25.830,11.2348253038
1779236306.100000,2026/05/20-08:18:26.100,12.4036241319
1779236306.300000,2026/05/20-08:18:26.300,-0.431792534722
1779236306.500000,2026/05/20-08:18:26.500,0.00931532118056
1779236306.700000,2026/05/20-08:18:26.700,0.182470703125
1779236306.900000,2026/05/20-08:18:26.900,-0.0991807725694
1779236307.110000,2026/05/20-08:18:27.110,-0.0126030815972
1779236307.380000,2026/05/20-08:18:27.380,0.246034071181
1779236307.580000,2026/05/20-08:18:27.580,0.161100260417
1779236307.780000,2026/05/20-08:18:27.780,0.430148654514
1779236307.980000,2026/05/20-08:18:27.980,-0.282199435764
1779236308.180000,2026/05/20-08:18:28.180,0.166579861111
1779236308.400000,2026/05/20-08:18:28.400,0.0405490451389
1779236308.660000,2026/05/20-08:18:28.660,0.0389051649306
1779236308.860000,2026/05/20-08:18:28.860,0.309597439236
1779236309.060000,2026/05/20-08:18:29.060,0.04931640625
1779236309.260000,2026/05/20-08:18:29.260,-0.0997287326389
1779236309.460000,2026/05/20-08:18:29.460,-0.113427734375
1779236309.720000,2026/05/20-08:18:29.720,-0.230143229167
1779236309.900000,2026/05/20-08:18:29.900,0.379188368056
1779236310.100000,2026/05/20-08:18:30.100,0.271240234375
1779236310.300000,2026/05/20-08:18:30.300,-0.0509602864583
1779236310.500000,2026/05/20-08:18:30.500,0.146853298611
1779236310.700000,2026/05/20-08:18:30.700,0.0602756076389
1779236310.960000,2026/05/20-08:18:30.960,-0.431792534722
1779236311.140000,2026/05/20-08:18:31.140,-0.0964409722222
1779236311.340000,2026/05/20-08:18:31.340,-0.162196180556
1779236311.540000,2026/05/20-08:18:31.540,-0.158908420139
1779236311.740000,2026/05/20-08:18:31.740,-0.251513671875
1779236311.940000,2026/05/20-08:18:31.940,-0.167127821181
1779236312.210000,2026/05/20-08:18:32.210,0.0810980902778
1779236312.420000,2026/05/20-08:18:32.420,-0.172059461806
1779236312.620000,2026/05/20-08:18:32.620,-0.0947970920139
1779236312.820000,2026/05/20-08:18:32.820,-0.184114583333
1779236313.020000,2026/05/20-08:18:33.020,-0.0208224826389
1779236313.220000,2026/05/20-08:18:33.220,-0.0964409722222
1779236313.500000,2026/05/20-08:18:33.500,-0.0657552083333
1779236313.700000,2026/05/20-08:18:33.700,-0.0416449652778
1779236313.900000,2026/05/20-08:18:33.900,-0.183566623264
1779236314.100000,2026/05/20-08:18:34.100,-0.215896267361
1779236314.300000,2026/05/20-08:18:34.300,-0.0728786892361
1779236314.510000,2026/05/20-08:18:34.510,0.0827419704861
1779236314.780000,2026/05/20-08:18:34.780,0.180278862847
1779236314.980000,2026/05/20-08:18:34.980,0.0438368055556
1779236315.180000,2026/05/20-08:18:35.180,0.000547960069449
1779236315.380000,2026/05/20-08:18:35.380,0.280007595486
1779236315.580000,2026/05/20-08:18:35.580,0.0624674479167
1779236315.810000,2026/05/20-08:18:35.810,0.152880859375
1779236316.060000,2026/05/20-08:18:36.060,0.240554470486
1779236316.260000,2026/05/20-08:18:36.260,-0.354530164931
1779236316.460000,2026/05/20-08:18:36.460,-0.229047309028
1779236316.660000,2026/05/20-08:18:36.660,0.167127821181
1779236316.860000,2026/05/20-08:18:36.860,0.0317816840278
1779236317.120000,2026/05/20-08:18:37.120,-0.121099175347
1779236317.340000,2026/05/20-08:18:37.340,-0.192881944444
1779236317.540000,2026/05/20-08:18:37.540,-0.347954644097
1779236317.740000,2026/05/20-08:18:37.740,-0.236170789931
1779236317.940000,2026/05/20-08:18:37.940,-0.264664713542
1779236318.140000,2026/05/20-08:18:38.140,0.024658203125
1779236318.420000,2026/05/20-08:18:38.420,-0.139181857639
1779236318.620000,2026/05/20-08:18:38.620,0.238362630208
1779236318.820000,2026/05/20-08:18:38.820,0.0526041666667
1779236319.020000,2026/05/20-08:18:39.020,0.176443142361
1779236319.220000,2026/05/20-08:18:39.220,-0.258089192708
1779236319.420000,2026/05/20-08:18:39.420,0.0980848524306
1779236319.680000,2026/05/20-08:18:39.680,-0.0317816840278
1779236319.900000,2026/05/20-08:18:39.900,0.164388020833
1779236320.100000,2026/05/20-08:18:40.100,0.103016493056
1779236320.300000,2026/05/20-08:18:40.300,0.201101345486
1779236320.500000,2026/05/20-08:18:40.500,0.150689019097
1779236320.700000,2026/05/20-08:18:40.700,-0.400558810764
1779236320.950000,2026/05/20-08:18:40.950,-0.165483940972
1779236321.180000,2026/05/20-08:18:41.180,-0.375352647569
1779236321.380000,2026/05/20-08:18:41.380,-0.242746310764
1779236321.580000,2026/05/20-08:18:41.580,0.0306857638889
1779236321.780000,2026/05/20-08:18:41.780,-0.0328776041667
1779236321.980000,2026/05/20-08:18:41.980,0.344666883681
1779236322.260000,2026/05/20-08:18:42.260,-0.0175347222222
1779236322.460000,2026/05/20-08:18:42.460,0.196717664931
1779236322.660000,2026/05/20-08:18:42.660,-0.0750705295139
1779236322.860000,2026/05/20-08:18:42.860,-0.253705512153
1779236323.060000,2026/05/20-08:18:43.060,-0.158360460069
1779236323.270000,2026/05/20-08:18:43.270,-0.0569878472222
1779236323.540000,2026/05/20-08:18:43.540,0.311789279514
1779236323.740000,2026/05/20-08:18:43.740,-0.375900607639
1779236323.940000,2026/05/20-08:18:43.940,-0.0405490451389
1779236324.140000,2026/05/20-08:18:44.140,0.347406684028
1779236324.340000,2026/05/20-08:18:44.340,-0.0991807725695
1779236324.550000,2026/05/20-08:18:44.550,0.150689019097
1779236324.820000,2026/05/20-08:18:44.820,-0.0904134114583
1779236325.020000,2026/05/20-08:18:45.020,0.0186306423611
1779236325.220000,2026/05/20-08:18:45.220,0.124934895833
1779236325.420000,2026/05/20-08:18:45.420,0.156716579861
1779236325.620000,2026/05/20-08:18:45.620,0.140277777778
1779236325.860000,2026/05/20-08:18:45.860,0.360557725694
1779236326.100000,2026/05/20-08:18:46.100,-0.0416449652778
1779236326.300000,2026/05/20-08:18:46.300,0.0202745225694
1779236326.500000,2026/05/20-08:18:46.500,0.00821940104167
1779236326.700000,2026/05/20-08:18:46.700,0.0832899305556
1779236326.900000,2026/05/20-08:18:46.900,-0.192881944444
1779236327.110000,2026/05/20-08:18:47.110,0.214252387153
1779236327.340000,2026/05/20-08:18:47.340,0.0465766059028
1779236327.540000,2026/05/20-08:18:47.540,0.300282118056
1779236327.740000,2026/05/20-08:18:47.740,-0.00876736111111
1779236327.940000,2026/05/20-08:18:47.940,-0.331515842014
1779236328.140000,2026/05/20-08:18:48.140,0.0602756076389
1779236328.360000,2026/05/20-08:18:48.360,0.313433159722
1779236328.620000,2026/05/20-08:18:48.620,0.196717664931
1779236328.820000,2026/05/20-08:18:48.820,-0.00767144097222
1779236329.020000,2026/05/20-08:18:49.020,-0.00602756076389
1779236329.220000,2026/05/20-08:18:49.220,-0.0290418836806
1779236329.420000,2026/05/20-08:18:49.420,-0.0465766059028
1779236329.690000,2026/05/20-08:18:49.690,-0.310693359375
1779236329.900000,2026/05/20-08:18:49.900,0.246034071181
1779236330.100000,2026/05/20-08:18:50.100,0.210964626736
1779236330.300000,2026/05/20-08:18:50.300,-0.00602756076389
1779236330.500000,2026/05/20-08:18:50.500,0.0279459635417
1779236330.700000,2026/05/20-08:18:50.700,0.0821940104167
1779236330.960000,2026/05/20-08:18:50.960,-0.175895182292
1779236331.140000,2026/05/20-08:18:51.140,0.119455295139
1779236331.340000,2026/05/20-08:18:51.340,-0.0663031684028
1779236331.540000,2026/05/20-08:18:51.540,-0.372064887153
1779236331.740000,2026/05/20-08:18:51.740,0.283843315972
1779236331.940000,2026/05/20-08:18:51.940,0.294802517361
1779236332.200000,2026/05/20-08:18:52.200,-0.133702256944
1779236332.380000,2026/05/20-08:18:52.380,-0.351790364583
1779236332.580000,2026/05/20-08:18:52.580,-0.112331814236
1779236332.780000,2026/05/20-08:18:52.780,0.0613715277778
1779236332.980000,2026/05/20-08:18:52.980,-0.107948133681
1779236333.180000,2026/05/20-08:18:53.180,0.156168619792
1779236333.440000,2026/05/20-08:18:53.440,0.169319661458
1779236333.620000,2026/05/20-08:18:53.620,-0.0575358072917
1779236333.820000,2026/05/20-08:18:53.820,0.0800021701389
1779236334.020000,2026/05/20-08:18:54.020,0.193429904514
1779236334.220000,2026/05/20-08:18:54.220,-0.0520562065972
1779236334.420000,2026/05/20-08:18:54.420,0.00657552083333
1779236334.700000,2026/05/20-08:18:54.700,0.0334255642361
1779236334.900000,2026/05/20-08:18:54.900,0.0197265625
1779236335.100000,2026/05/20-08:18:55.100,0.0482204861111
1779236335.300000,2026/05/20-08:18:55.300,0.281103515625
1779236335.500000,2026/05/20-08:18:55.500,-0.232883029514
1779236335.700000,2026/05/20-08:18:55.700,0.004931640625
1779236335.970000,2026/05/20-08:18:55.970,-0.259733072917
1779236336.180000,2026/05/20-08:18:56.180,-0.181922743056
1779236336.380000,2026/05/20-08:18:56.380,-0.272884114583
1779236336.580000,2026/05/20-08:18:56.580,-0.0931532118056
1779236336.780000,2026/05/20-08:18:56.780,-0.400558810764
1779236336.980000,2026/05/20-08:18:56.980,-0.180826822917
1779236337.250000,2026/05/20-08:18:57.250,-0.10849609375
1779236337.460000,2026/05/20-08:18:57.460,-0.194525824653
1779236337.660000,2026/05/20-08:18:57.660,-0.184662543403
1779236337.860000,2026/05/20-08:18:57.860,0.206580946181
1779236338.060000,2026/05/20-08:18:58.060,-0.417545572917
1779236338.260000,2026/05/20-08:18:58.260,-0.0136990017361
1779236338.530000,2026/05/20-08:18:58.530,0.301925998264
1779236338.740000,2026/05/20-08:18:58.740,0.184662543403
1779236338.940000,2026/05/20-08:18:58.940,-0.0723307291667
1779236339.140000,2026/05/20-08:18:59.140,0.0273980034722
1779236339.340000,2026/05/20-08:18:59.340,-0.0920572916667
1779236339.540000,2026/05/20-08:18:59.540,-0.0663031684028
1779236339.790000,2026/05/20-08:18:59.790,0.231239149306
1779236339.980000,2026/05/20-08:18:59.980,0.326036241319
1779236340.180000,2026/05/20-08:19:00.180,-0.178634982639
1779236340.380000,2026/05/20-08:19:00.380,-0.120003255208
1779236340.580000,2026/05/20-08:19:00.580,0.0734266493056
1779236340.780000,2026/05/20-08:19:00.780,0.0378092447917
1779236341.030000,2026/05/20-08:19:01.030,-0.0126030815972
1779236341.220000,2026/05/20-08:19:01.220,0.152880859375
1779236341.420000,2026/05/20-08:19:01.420,0.0449327256944
1779236341.620000,2026/05/20-08:19:01.620,0.139181857639
1779236341.820000,2026/05/20-08:19:01.820,0.396723090278
1779236342.020000,2026/05/20-08:19:02.020,0.270144314236
1779236342.270000,2026/05/20-08:19:02.270,-0.166031901042
1779236342.500000,2026/05/20-08:19:02.500,-0.00986328125
1779236342.700000,2026/05/20-08:19:02.700,0.144113498264
1779236342.900000,2026/05/20-08:19:02.900,-0.212060546875
1779236343.100000,2026/05/20-08:19:03.100,-0.135346137153
1779236343.300000,2026/05/20-08:19:03.300,-0.222471788194
1779236343.560000,2026/05/20-08:19:03.560,0.109044053819
1779236343.780000,2026/05/20-08:19:03.780,-0.482204861111
1779236343.980000,2026/05/20-08:19:03.980,-0.175347222222
1779236344.180000,2026/05/20-08:19:04.180,0.00438368055556
1779236344.380000,2026/05/20-08:19:04.380,-0.176991102431
1779236344.580000,2026/05/20-08:19:04.580,-0.241650390625
1779236344.860000,2026/05/20-08:19:04.860,-0.279459635417
1779236345.060000,2026/05/20-08:19:05.060,-0.269048394097
1779236345.260000,2026/05/20-08:19:05.260,0.0241102430556
1779236345.460000,2026/05/20-08:19:05.460,0.014794921875
1779236345.660000,2026/05/20-08:19:05.660,0.149593098958
1779236345.860000,2026/05/20-08:19:05.860,0.391791449653
1779236346.150000,2026/05/20-08:19:06.150,0.0597276475694
1779236346.340000,2026/05/20-08:19:06.340,0.136990017361
1779236346.540000,2026/05/20-08:19:06.540,-0.0449327256944
1779236346.740000,2026/05/20-08:19:06.740,0.395079210069
1779236346.940000,2026/05/20-08:19:06.940,-0.0405490451389
1779236347.140000,2026/05/20-08:19:07.140,0.355078125
1779236347.400000,2026/05/20-08:19:07.400,0.00219184027778
1779236347.580000,2026/05/20-08:19:07.580,0.46357421875
1779236347.780000,2026/05/20-08:19:07.780,0.169319661458
1779236347.980000,2026/05/20-08:19:07.980,0.314529079861
1779236348.180000,2026/05/20-08:19:08.180,-0.342475043403
1779236348.380000,2026/05/20-08:19:08.380,-0.296994357639
1779236348.640000,2026/05/20-08:19:08.640,-0.349050564236
1779236348.820000,2026/05/20-08:19:08.820,-0.0871256510417
1779236349.020000,2026/05/20-08:19:09.020,-0.0947970920139
1779236349.220000,2026/05/20-08:19:09.220,-0.332063802083
1779236349.420000,2026/05/20-08:19:09.420,-0.100824652778
1779236349.620000,2026/05/20-08:19:09.620,-0.425217013889
1779236349.880000,2026/05/20-08:19:09.880,0.000547960069444
1779236350.100000,2026/05/20-08:19:10.100,0.0882215711806
1779236350.300000,2026/05/20-08:19:10.300,0.0860297309028
1779236350.500000,2026/05/20-08:19:10.500,0.0849338107639
1779236350.700000,2026/05/20-08:19:10.700,0.111783854167
1779236350.900000,2026/05/20-08:19:10.900,0.238362630208
1779236351.160000,2026/05/20-08:19:11.160,-0.0509602864583
1779236351.380000,2026/05/20-08:19:11.380,-0.266856553819
1779236351.580000,2026/05/20-08:19:11.580,0.381928168403
1779236351.780000,2026/05/20-08:19:11.780,-0.0608235677083
1779236351.980000,2026/05/20-08:19:11.980,0.4734375
1779236352.180000,2026/05/20-08:19:12.180,-0.014794921875
1779236352.460000,2026/05/20-08:19:12.460,-0.383572048611
1779236352.660000,2026/05/20-08:19:12.660,0.231239149306
1779236352.860000,2026/05/20-08:19:12.860,0.0389051649306
1779236353.060000,2026/05/20-08:19:13.060,-0.0328776041667
1779236353.260000,2026/05/20-08:19:13.260,0.105208333333
1779236353.470000,2026/05/20-08:19:13.470,-0.162196180556
1779236353.740000,2026/05/20-08:19:13.740,-0.275075954861
1779236353.940000,2026/05/20-08:19:13.940,-0.116167534722
1779236354.140000,2026/05/20-08:19:14.140,0.0947970920139
1779236354.340000,2026/05/20-08:19:14.340,0.0378092447917
1779236354.540000,2026/05/20-08:19:14.540,-0.180826822917
1779236354.750000,2026/05/20-08:19:14.750,0.0958930121528
1779236355.020000,2026/05/20-08:19:15.020,-0.00931532118055
1779236355.220000,2026/05/20-08:19:15.220,-0.150689019097
1779236355.420000,2026/05/20-08:19:15.420,-0.252061631944
1779236355.620000,2026/05/20-08:19:15.620,0.04931640625
1779236355.820000,2026/05/20-08:19:15.820,-0.181922743056
1779236356.040000,2026/05/20-08:19:16.040,0.202197265625
1779236356.260000,2026/05/20-08:19:16.260,-0.0953450520833
1779236356.460000,2026/05/20-08:19:16.460,0.1380859375
1779236356.660000,2026/05/20-08:19:16.660,-0.172059461806
1779236356.860000,2026/05/20-08:19:16.860,-0.0471245659722
1779236357.060000,2026/05/20-08:19:17.060,-0.119455295139
1779236357.330000,2026/05/20-08:19:17.330,-0.187950303819
1779236357.540000,2026/05/20-08:19:17.540,-0.496451822917
1779236357.740000,2026/05/20-08:19:17.740,-0.233430989583
1779236357.940000,2026/05/20-08:19:17.940,0.0926052517361
1779236358.140000,2026/05/20-08:19:18.140,-0.158360460069
1779236358.340000,2026/05/20-08:19:18.340,0.201649305556
1779236358.620000,2026/05/20-08:19:18.620,-0.00657552083333
1779236358.820000,2026/05/20-08:19:18.820,-0.0175347222222
1779236359.020000,2026/05/20-08:19:19.020,-0.176991102431
1779236359.220000,2026/05/20-08:19:19.220,0.0980848524306
1779236359.420000,2026/05/20-08:19:19.420,-0.197265625
1779236359.620000,2026/05/20-08:19:19.620,0.131510416667
1779236359.880000,2026/05/20-08:19:19.880,0.173703342014
1779236360.100000,2026/05/20-08:19:20.100,0.0136990017361
1779236360.300000,2026/05/20-08:19:20.300,0.0926052517361
1779236360.500000,2026/05/20-08:19:20.500,-0.128770616319
1779236360.700000,2026/05/20-08:19:20.700,0.0537000868056
1779236360.900000,2026/05/20-08:19:20.900,-0.353982204861
1779236361.160000,2026/05/20-08:19:21.160,-0.0120551215278
1779236361.340000,2026/05/20-08:19:21.340,0.296446397569
1779236361.540000,2026/05/20-08:19:21.540,0.480560980903
1779236361.740000,2026/05/20-08:19:21.740,-0.0339735243056
1779236361.940000,2026/05/20-08:19:21.940,0.222471788194
1779236362.140000,2026/05/20-08:19:22.140,0.181374782986
1779236362.400000,2026/05/20-08:19:22.400,-0.169867621528
1779236362.580000,2026/05/20-08:19:22.580,0.237814670139
1779236362.780000,2026/05/20-08:19:22.780,-0.184662543403
1779236362.980000,2026/05/20-08:19:22.980,0.221375868056
1779236363.180000,2026/05/20-08:19:23.180,0.1775390625
1779236363.380000,2026/05/20-08:19:23.380,0.308501519097
1779236363.650000,2026/05/20-08:19:23.650,0.0284939236111
1779236363.860000,2026/05/20-08:19:23.860,-0.170415581597
1779236364.060000,2026/05/20-08:19:24.060,-0.123838975694
1779236364.260000,2026/05/20-08:19:24.260,-0.0273980034722
1779236364.460000,2026/05/20-08:19:24.460,-0.324392361111
1779236364.660000,2026/05/20-08:19:24.660,0.111235894097
1779236364.930000,2026/05/20-08:19:24.930,-0.0898654513889
1779236365.140000,2026/05/20-08:19:25.140,-0.172607421875
1779236365.340000,2026/05/20-08:19:25.340,0.148497178819
1779236365.540000,2026/05/20-08:19:25.540,-0.0608235677083
1779236365.740000,2026/05/20-08:19:25.740,-0.0520562065972
1779236365.940000,2026/05/20-08:19:25.940,0.0241102430556
1779236366.190000,2026/05/20-08:19:26.190,-0.156716579861
1779236366.380000,2026/05/20-08:19:26.380,-0.170415581597
1779236366.580000,2026/05/20-08:19:26.580,0.0663031684028
1779236366.780000,2026/05/20-08:19:26.780,0.241102430556
1779236366.980000,2026/05/20-08:19:26.980,0.0975368923611
1779236367.180000,2026/05/20-08:19:27.180,0.0115071614583
1779236367.440000,2026/05/20-08:19:27.440,-0.0882215711806
1779236367.620000,2026/05/20-08:19:27.620,0.363845486111
1779236367.820000,2026/05/20-08:19:27.820,0.155620659722
1779236368.020000,2026/05/20-08:19:28.020,-0.0635633680556
1779236368.220000,2026/05/20-08:19:28.220,0.0969889322917
1779236368.420000,2026/05/20-08:19:28.420,0.379736328125
1779236368.690000,2026/05/20-08:19:28.690,0.264116753472
1779236368.900000,2026/05/20-08:19:28.900,-0.291514756944
1779236369.100000,2026/05/20-08:19:29.100,0.158360460069
1779236369.300000,2026/05/20-08:19:29.300,-0.0356174045139
1779236369.500000,2026/05/20-08:19:29.500,-0.109592013889
1779236369.700000,2026/05/20-08:19:29.700,0.195621744792
1779236369.950000,2026/05/20-08:19:29.950,-0.00547960069444
1779236370.140000,2026/05/20-08:19:30.140,0.336447482639
1779236370.340000,2026/05/20-08:19:30.340,-0.152880859375
1779236370.540000,2026/05/20-08:19:30.540,0.144113498264
1779236370.740000,2026/05/20-08:19:30.740,0.111235894097
1779236370.940000,2026/05/20-08:19:30.940,0.343570963542
1779236371.200000,2026/05/20-08:19:31.200,-0.269048394097
1779236371.380000,2026/05/20-08:19:31.380,-0.0558919270833
1779236371.580000,2026/05/20-08:19:31.580,-0.0306857638889
1779236371.780000,2026/05/20-08:19:31.780,-0.0273980034722
1779236371.980000,2026/05/20-08:19:31.980,-0.0663031684028
1779236372.180000,2026/05/20-08:19:32.180,-0.00931532118056
1779236372.440000,2026/05/20-08:19:32.440,-0.205485026042
1779236372.620000,2026/05/20-08:19:32.620,-0.0586317274306
1779236372.820000,2026/05/20-08:19:32.820,0.195621744792
1779236373.020000,2026/05/20-08:19:33.020,0.319460720486
1779236373.220000,2026/05/20-08:19:33.220,-0.212608506944
1779236373.420000,2026/05/20-08:19:33.420,0.118907335069
1779236373.650000,2026/05/20-08:19:33.650,-0.0893174913194
1779236373.900000,2026/05/20-08:19:33.900,-0.00657552083333
1779236374.100000,2026/05/20-08:19:34.100,0.357817925347
1779236374.300000,2026/05/20-08:19:34.300,0.0241102430556
1779236374.500000,2026/05/20-08:19:34.500,0.100824652778
1779236374.700000,2026/05/20-08:19:34.700,-0.321652560764
1779236374.990000,2026/05/20-08:19:34.990,-0.0991807725694
1779236375.180000,2026/05/20-08:19:35.180,-0.0575358072917
1779236375.380000,2026/05/20-08:19:35.380,-0.0778103298611
1779236375.580000,2026/05/20-08:19:35.580,0.0509602864583
1779236375.780000,2026/05/20-08:19:35.780,-0.232335069444
1779236375.980000,2026/05/20-08:19:35.980,-0.0279459635417
1779236376.240000,2026/05/20-08:19:36.240,0.00657552083334
1779236376.460000,2026/05/20-08:19:36.460,0.117263454861
1779236376.660000,2026/05/20-08:19:36.660,0.1380859375
1779236376.860000,2026/05/20-08:19:36.860,0.00438368055556
1779236377.060000,2026/05/20-08:19:37.060,0.0142469618056
1779236377.260000,2026/05/20-08:19:37.260,-0.0942491319444
1779236377.540000,2026/05/20-08:19:37.540,-0.294254557292
1779236377.740000,2026/05/20-08:19:37.740,-0.212608506944
1779236377.940000,2026/05/20-08:19:37.940,-0.0547960069444
1779236378.140000,2026/05/20-08:19:38.140,-0.20712890625
1779236378.340000,2026/05/20-08:19:38.340,-0.140825737847
1779236378.550000,2026/05/20-08:19:38.550,0.565494791667
1779236378.820000,2026/05/20-08:19:38.820,0.272884114583
1779236379.020000,2026/05/20-08:19:39.020,0.290966796875
1779236379.220000,2026/05/20-08:19:39.220,-0.340831163194
1779236379.420000,2026/05/20-08:19:39.420,-0.289870876736
1779236379.620000,2026/05/20-08:19:39.620,0.0586317274306
1779236379.830000,2026/05/20-08:19:39.830,0.00328776041666
1779236380.140000,2026/05/20-08:19:40.140,-0.272336154514
1779236380.340000,2026/05/20-08:19:40.340,0.0876736111111
1779236380.540000,2026/05/20-08:19:40.540,0.151784939236
1779236380.740000,2026/05/20-08:19:40.740,0.0273980034722
1779236380.940000,2026/05/20-08:19:40.940,-0.100276692708
1779236381.220000,2026/05/20-08:19:41.220,-0.123838975694
1779236381.420000,2026/05/20-08:19:41.420,0.273432074653
1779236381.620000,2026/05/20-08:19:41.620,0.0153428819444
1779236381.820000,2026/05/20-08:19:41.820,0.181374782986
1779236382.020000,2026/05/20-08:19:42.020,-0.0624674479167
1779236382.220000,2026/05/20-08:19:42.220,0.184114583333
1779236382.480000,2026/05/20-08:19:42.480,0.107948133681
1779236382.660000,2026/05/20-08:19:42.660,0.0756184895833
1779236382.860000,2026/05/20-08:19:42.860,-0.224115668403
1779236383.060000,2026/05/20-08:19:43.060,0.0383572048611
1779236383.260000,2026/05/20-08:19:43.260,-0.201101345486
1779236383.460000,2026/05/20-08:19:43.460,0.107948133681
1779236383.740000,2026/05/20-08:19:43.740,0.339735243056
1779236383.940000,2026/05/20-08:19:43.940,-0.275075954861
1779236384.140000,2026/05/20-08:19:44.140,-0.254801432292
1779236384.340000,2026/05/20-08:19:44.340,0.252061631944
1779236384.540000,2026/05/20-08:19:44.540,0.172607421875
1779236384.740000,2026/05/20-08:19:44.740,-0.135346137153
1779236385.020000,2026/05/20-08:19:45.020,-0.0230143229167
1779236385.220000,2026/05/20-08:19:45.220,0.0630154079861
1779236385.420000,2026/05/20-08:19:45.420,0.156716579861
1779236385.620000,2026/05/20-08:19:45.620,0.119455295139
1779236385.820000,2026/05/20-08:19:45.820,0.0197265625
1779236386.020000,2026/05/20-08:19:46.020,-0.0520562065972
1779236386.290000,2026/05/20-08:19:46.290,0.02958984375
1779236386.500000,2026/05/20-08:19:46.500,-0.126578776042
1779236386.700000,2026/05/20-08:19:46.700,0.110687934028
1779236386.900000,2026/05/20-08:19:46.900,0.133154296875
1779236387.100000,2026/05/20-08:19:47.100,-0.279459635417
1779236387.300000,2026/05/20-08:19:47.300,0.0290418836806
1779236387.580000,2026/05/20-08:19:47.580,-0.327132161458
1779236387.780000,2026/05/20-08:19:47.780,-0.146853298611
1779236387.980000,2026/05/20-08:19:47.980,-0.0991807725694
1779236388.180000,2026/05/20-08:19:48.180,-0.256993272569
1779236388.380000,2026/05/20-08:19:48.380,-0.333707682292
1779236388.590000,2026/05/20-08:19:48.590,-0.156168619792
1779236388.860000,2026/05/20-08:19:48.860,0.0153428819444
1779236389.060000,2026/05/20-08:19:49.060,-0.127126736111
1779236389.260000,2026/05/20-08:19:49.260,-0.0706868489583
1779236389.460000,2026/05/20-08:19:49.460,0.244390190972
1779236389.660000,2026/05/20-08:19:49.660,0.123838975694
1779236389.890000,2026/05/20-08:19:49.890,0.327680121528
1779236390.140000,2026/05/20-08:19:50.140,-0.0728786892361
1779236390.340000,2026/05/20-08:19:50.340,0.0986328125
1779236390.540000,2026/05/20-08:19:50.540,-0.287679036458
1779236390.740000,2026/05/20-08:19:50.740,-0.0986328125
1779236390.940000,2026/05/20-08:19:50.940,0.2564453125
1779236391.200000,2026/05/20-08:19:51.200,-0.0219184027778
1779236391.420000,2026/05/20-08:19:51.420,-0.0882215711806
1779236391.620000,2026/05/20-08:19:51.620,0.0449327256944
1779236391.820000,2026/05/20-08:19:51.820,0.00821940104167
1779236392.020000,2026/05/20-08:19:52.020,-0.149045138889
1779236392.220000,2026/05/20-08:19:52.220,-0.0410970052083
1779236392.480000,2026/05/20-08:19:52.480,-0.141373697917
1779236392.660000,2026/05/20-08:19:52.660,-0.225211588542
1779236392.860000,2026/05/20-08:19:52.860,-0.172607421875
1779236393.060000,2026/05/20-08:19:53.060,0.0712348090278
1779236393.260000,2026/05/20-08:19:53.260,-0.300282118056
1779236393.460000,2026/05/20-08:19:53.460,-0.00164388020833
1779236393.720000,2026/05/20-08:19:53.720,-0.233430989583
1779236393.940000,2026/05/20-08:19:53.940,-0.475081380208
1779236394.140000,2026/05/20-08:19:54.140,-0.0104112413194
1779236394.340000,2026/05/20-08:19:54.340,0.156716579861
1779236394.540000,2026/05/20-08:19:54.540,0.133154296875
1779236394.740000,2026/05/20-08:19:54.740,-0.226307508681
1779236394.990000,2026/05/20-08:19:54.990,0.336447482639
1779236395.180000,2026/05/20-08:19:55.180,-0.0460286458333
1779236395.380000,2026/05/20-08:19:55.380,0.321104600694
1779236395.580000,2026/05/20-08:19:55.580,-0.0701388888889
1779236395.780000,2026/05/20-08:19:55.780,-0.0279459635417
1779236395.980000,2026/05/20-08:19:55.980,-0.14794921875
1779236396.240000,2026/05/20-08:19:56.240,-0.0673990885417
1779236396.420000,2026/05/20-08:19:56.420,0.179730902778
1779236396.620000,2026/05/20-08:19:56.620,0.0361653645833
1779236396.820000,2026/05/20-08:19:56.820,-0.183018663194
1779236397.020000,2026/05/20-08:19:57.020,-0.149045138889
1779236397.220000,2026/05/20-08:19:57.220,-0.0372612847222
1779236397.500000,2026/05/20-08:19:57.500,0.110139973958
1779236397.700000,2026/05/20-08:19:57.700,0.0569878472222
1779236397.900000,2026/05/20-08:19:57.900,0.178634982639
1779236398.100000,2026/05/20-08:19:58.100,0.139729817708
1779236398.300000,2026/05/20-08:19:58.300,0.249869791667
1779236398.510000,2026/05/20-08:19:58.510,-0.102468532986
1779236398.780000,2026/05/20-08:19:58.780,-0.185210503472
1779236398.980000,2026/05/20-08:19:58.980,-0.139729817708
1779236399.180000,2026/05/20-08:19:59.180,0.220827907986
1779236399.380000,2026/05/20-08:19:59.380,-0.215348307292
1779236399.580000,2026/05/20-08:19:59.580,0.313981119792
1779236399.790000,2026/05/20-08:19:59.790,-0.280555555556
1779236400.020000,2026/05/20-08:20:00.020,-0.400010850694
1779236400.220000,2026/05/20-08:20:00.220,-0.0208224826389
1779236400.420000,2026/05/20-08:20:00.420,0.389599609375
1779236400.620000,2026/05/20-08:20:00.620,-0.0558919270833
1779236400.820000,2026/05/20-08:20:00.820,-0.262472873264
1779236401.060000,2026/05/20-08:20:01.060,0.183566623264
1779236401.300000,2026/05/20-08:20:01.300,-0.255349392361
1779236401.500000,2026/05/20-08:20:01.500,0.263568793403
1779236401.700000,2026/05/20-08:20:01.700,0.136990017361
1779236401.900000,2026/05/20-08:20:01.900,-0.0515082465278
1779236402.100000,2026/05/20-08:20:02.100,-0.0482204861111
1779236402.370000,2026/05/20-08:20:02.370,-0.209320746528
1779236402.580000,2026/05/20-08:20:02.580,-0.0487684461806
1779236402.780000,2026/05/20-08:20:02.780,0.101372612847
1779236402.980000,2026/05/20-08:20:02.980,0.169867621528
1779236403.180000,2026/05/20-08:20:03.180,0.212060546875
1779236403.380000,2026/05/20-08:20:03.380,-0.00712348090278
1779236403.650000,2026/05/20-08:20:03.650,0.0931532118056
1779236403.860000,2026/05/20-08:20:03.860,0.284391276042
1779236404.060000,2026/05/20-08:20:04.060,0.22685546875
1779236404.260000,2026/05/20-08:20:04.260,0.211512586806
1779236404.460000,2026/05/20-08:20:04.460,0.0986328125
1779236404.660000,2026/05/20-08:20:04.660,-0.254801432292
1779236404.920000,2026/05/20-08:20:04.920,0.0953450520833
1779236405.100000,2026/05/20-08:20:05.100,0.0750705295139
1779236405.300000,2026/05/20-08:20:05.300,-0.0898654513889
1779236405.500000,2026/05/20-08:20:05.500,-0.300830078125
1779236405.700000,2026/05/20-08:20:05.700,-0.110139973958
1779236405.900000,2026/05/20-08:20:05.900,-0.166031901042
1779236406.180000,2026/05/20-08:20:06.180,-0.0301378038194
1779236406.380000,2026/05/20-08:20:06.380,0.311241319444
1779236406.580000,2026/05/20-08:20:06.580,-0.298090277778
1779236406.780000,2026/05/20-08:20:06.780,-0.160552300347
1779236406.980000,2026/05/20-08:20:06.980,-0.0794542100694
1779236407.190000,2026/05/20-08:20:07.190,-0.0191786024306
1779236407.460000,2026/05/20-08:20:07.460,-0.123291015625
1779236407.660000,2026/05/20-08:20:07.660,-0.0367133246528
1779236407.860000,2026/05/20-08:20:07.860,0.263020833333
1779236408.060000,2026/05/20-08:20:08.060,0.289870876736
1779236408.260000,2026/05/20-08:20:08.260,0.0208224826389
1779236408.480000,2026/05/20-08:20:08.480,0.452615017361
1779236408.700000,2026/05/20-08:20:08.700,-0.215348307292
1779236408.900000,2026/05/20-08:20:08.900,0.127126736111
1779236409.100000,2026/05/20-08:20:09.100,-0.0794542100694
1779236409.300000,2026/05/20-08:20:09.300,0.150141059028
1779236409.500000,2026/05/20-08:20:09.500,0.636729600694
1779236409.780000,2026/05/20-08:20:09.780,0.0317816840278
1779236409.980000,2026/05/20-08:20:09.980,0.0613715277778
1779236410.180000,2026/05/20-08:20:10.180,-0.135894097222
1779236410.380000,2026/05/20-08:20:10.380,0.181922743056
1779236410.580000,2026/05/20-08:20:10.580,0.0706868489583
1779236410.780000,2026/05/20-08:20:10.780,0.110687934028
1779236411.050000,2026/05/20-08:20:11.050,-0.233978949653
1779236411.260000,2026/05/20-08:20:11.260,-0.0728786892361
1779236411.460000,2026/05/20-08:20:11.460,0.0569878472222
1779236411.660000,2026/05/20-08:20:11.660,0.10849609375
1779236411.860000,2026/05/20-08:20:11.860,0.316720920139
1779236412.060000,2026/05/20-08:20:12.060,-0.238910590278
1779236412.310000,2026/05/20-08:20:12.310,-0.00328776041666
1779236412.500000,2026/05/20-08:20:12.500,-0.0482204861111
1779236412.700000,2026/05/20-08:20:12.700,0.0136990017361
1779236412.900000,2026/05/20-08:20:12.900,0.175347222222
1779236413.100000,2026/05/20-08:20:13.100,-0.169867621528
1779236413.300000,2026/05/20-08:20:13.300,-0.111235894097
1779236413.550000,2026/05/20-08:20:13.550,0.272336154514
1779236413.740000,2026/05/20-08:20:13.740,0.566042751736
1779236413.940000,2026/05/20-08:20:13.940,-0.0580837673611
1779236414.140000,2026/05/20-08:20:14.140,-0.0476725260417
1779236414.340000,2026/05/20-08:20:14.340,-0.0361653645833
1779236414.540000,2026/05/20-08:20:14.540,-0.00328776041667
1779236414.820000,2026/05/20-08:20:14.820,-0.116715494792
1779236415.020000,2026/05/20-08:20:15.020,0.0882215711806
1779236415.220000,2026/05/20-08:20:15.220,-0.0427408854167
1779236415.420000,2026/05/20-08:20:15.420,-0.172607421875
1779236415.620000,2026/05/20-08:20:15.620,-0.00931532118055
1779236415.820000,2026/05/20-08:20:15.820,-0.287679036458
1779236416.080000,2026/05/20-08:20:16.080,-0.168771701389
1779236416.260000,2026/05/20-08:20:16.260,-0.299186197917
1779236416.460000,2026/05/20-08:20:16.460,-0.0389051649306
1779236416.660000,2026/05/20-08:20:16.660,-0.0356174045139
1779236416.860000,2026/05/20-08:20:16.860,0.235622829861
1779236417.060000,2026/05/20-08:20:17.060,0.278911675347
1779236417.330000,2026/05/20-08:20:17.330,-0.138633897569
1779236417.540000,2026/05/20-08:20:17.540,0.0734266493056
1779236417.740000,2026/05/20-08:20:17.740,-0.228499348958
1779236417.940000,2026/05/20-08:20:17.940,0.172607421875
1779236418.140000,2026/05/20-08:20:18.140,0.00602756076389
1779236418.340000,2026/05/20-08:20:18.340,-0.0136990017361
1779236418.620000,2026/05/20-08:20:18.620,0.202197265625
1779236418.820000,2026/05/20-08:20:18.820,0.252609592014
1779236419.020000,2026/05/20-08:20:19.020,-0.0558919270833
1779236419.220000,2026/05/20-08:20:19.220,0.168223741319
1779236419.420000,2026/05/20-08:20:19.420,-0.0964409722222
1779236419.630000,2026/05/20-08:20:19.630,-0.133702256944
1779236419.900000,2026/05/20-08:20:19.900,0.616455078125
1779236420.100000,2026/05/20-08:20:20.100,0.296446397569
1779236420.300000,2026/05/20-08:20:20.300,-0.034521484375
1779236420.500000,2026/05/20-08:20:20.500,0.288774956597
1779236420.700000,2026/05/20-08:20:20.700,0.155620659722
1779236420.950000,2026/05/20-08:20:20.950,-0.0904134114583
1779236421.180000,2026/05/20-08:20:21.180,0.107948133681
1779236421.380000,2026/05/20-08:20:21.380,-0.145757378472
1779236421.580000,2026/05/20-08:20:21.580,-0.174799262153
1779236421.780000,2026/05/20-08:20:21.780,0.0652072482639
1779236421.980000,2026/05/20-08:20:21.980,-0.271240234375
1779236422.240000,2026/05/20-08:20:22.240,-0.183566623264
1779236422.460000,2026/05/20-08:20:22.460,-0.265212673611
1779236422.660000,2026/05/20-08:20:22.660,-0.04931640625
1779236422.860000,2026/05/20-08:20:22.860,0.0734266493056
1779236423.060000,2026/05/20-08:20:23.060,-0.167127821181
1779236423.260000,2026/05/20-08:20:23.260,0.100276692708
1779236423.510000,2026/05/20-08:20:23.510,-0.0871256510417
1779236423.700000,2026/05/20-08:20:23.700,-0.196717664931
1779236423.900000,2026/05/20-08:20:23.900,0.02958984375
1779236424.100000,2026/05/20-08:20:24.100,-0.106304253472
1779236424.300000,2026/05/20-08:20:24.300,-0.210964626736
1779236424.500000,2026/05/20-08:20:24.500,0.0794542100694
1779236424.760000,2026/05/20-08:20:24.760,0.385763888889
1779236424.940000,2026/05/20-08:20:24.940,0.044384765625
1779236425.140000,2026/05/20-08:20:25.140,0.264116753472
1779236425.340000,2026/05/20-08:20:25.340,0.169867621528
1779236425.540000,2026/05/20-08:20:25.540,0.145209418403
1779236425.740000,2026/05/20-08:20:25.740,0.0334255642361
1779236426.000000,2026/05/20-08:20:26.000,0.250417751736
1779236426.180000,2026/05/20-08:20:26.180,0.140825737847
1779236426.380000,2026/05/20-08:20:26.380,0.0772623697917
1779236426.580000,2026/05/20-08:20:26.580,0.457546657986
1779236426.780000,2026/05/20-08:20:26.780,-0.0520562065972
1779236426.980000,2026/05/20-08:20:26.980,-0.147401258681
1779236427.240000,2026/05/20-08:20:27.240,-0.0323296440972
1779236427.420000,2026/05/20-08:20:27.420,0.0893174913194
1779236427.620000,2026/05/20-08:20:27.620,-0.204937065972
1779236427.820000,2026/05/20-08:20:27.820,-0.129866536458
1779236428.020000,2026/05/20-08:20:28.020,-0.201649305556
1779236428.220000,2026/05/20-08:20:28.220,-0.0991807725694
1779236428.480000,2026/05/20-08:20:28.480,-0.467957899306
1779236428.660000,2026/05/20-08:20:28.660,-0.187950303819
1779236428.860000,2026/05/20-08:20:28.860,-0.0684950086806
1779236429.060000,2026/05/20-08:20:29.060,-0.160552300347
1779236429.260000,2026/05/20-08:20:29.260,0.149045138889
1779236429.460000,2026/05/20-08:20:29.460,-0.109592013889
1779236429.710000,2026/05/20-08:20:29.710,0.113427734375
1779236429.940000,2026/05/20-08:20:29.940,-0.218636067708
1779236430.140000,2026/05/20-08:20:30.140,-0.0263020833333
1779236430.340000,2026/05/20-08:20:30.340,-0.498643663194
1779236430.540000,2026/05/20-08:20:30.540,-0.145209418403
1779236430.740000,2026/05/20-08:20:30.740,-0.212060546875
1779236431.000000,2026/05/20-08:20:31.000,0.182470703125
1779236431.220000,2026/05/20-08:20:31.220,0.189594184028
1779236431.420000,2026/05/20-08:20:31.420,0.294802517361
1779236431.620000,2026/05/20-08:20:31.620,0.151236979167
1779236431.820000,2026/05/20-08:20:31.820,-0.244390190972
1779236432.020000,2026/05/20-08:20:32.020,-0.319460720486
1779236432.300000,2026/05/20-08:20:32.300,-0.0328776041667
1779236432.500000,2026/05/20-08:20:32.500,-0.444943576389
1779236432.700000,2026/05/20-08:20:32.700,-0.238910590278
1779236432.900000,2026/05/20-08:20:32.900,-0.452615017361
1779236433.100000,2026/05/20-08:20:33.100,-0.0180826822917
1779236433.310000,2026/05/20-08:20:33.310,0.0871256510417
1779236433.620000,2026/05/20-08:20:33.620,-0.373708767361
1779236433.820000,2026/05/20-08:20:33.820,0.0186306423611
1779236434.020000,2026/05/20-08:20:34.020,-0.123838975694
1779236434.220000,2026/05/20-08:20:34.220,-0.170963541667
1779236434.420000,2026/05/20-08:20:34.420,0.0800021701389
1779236434.650000,2026/05/20-08:20:34.650,0.00767144097222
1779236434.900000,2026/05/20-08:20:34.900,-0.0800021701389
1779236435.100000,2026/05/20-08:20:35.100,-0.0958930121528
1779236435.300000,2026/05/20-08:20:35.300,-0.391791449653
1779236435.500000,2026/05/20-08:20:35.500,0.0750705295139
1779236435.700000,2026/05/20-08:20:35.700,-0.330967881944
1779236435.920000,2026/05/20-08:20:35.920,-0.120551215278
1779236436.140000,2026/05/20-08:20:36.140,-0.0778103298611
1779236436.340000,2026/05/20-08:20:36.340,-0.118907335069
1779236436.540000,2026/05/20-08:20:36.540,0.10849609375
1779236436.740000,2026/05/20-08:20:36.740,-0.231787109375
1779236436.940000,2026/05/20-08:20:36.940,0.0876736111111
1779236437.180000,2026/05/20-08:20:37.180,-0.140277777778
1779236437.380000,2026/05/20-08:20:37.380,-0.260281032986
1779236437.580000,2026/05/20-08:20:37.580,-0.381380208333
1779236437.780000,2026/05/20-08:20:37.780,-0.254801432292
1779236437.980000,2026/05/20-08:20:37.980,0.0416449652778
1779236438.180000,2026/05/20-08:20:38.180,-0.284391276042
1779236438.450000,2026/05/20-08:20:38.450,-0.193429904514
1779236438.660000,2026/05/20-08:20:38.660,-0.229047309028
1779236438.860000,2026/05/20-08:20:38.860,-0.335899522569
1779236439.060000,2026/05/20-08:20:39.060,-0.0482204861111
1779236439.260000,2026/05/20-08:20:39.260,-0.0734266493056
1779236439.460000,2026/05/20-08:20:39.460,-0.0515082465278
1779236439.720000,2026/05/20-08:20:39.720,0.129318576389
1779236439.900000,2026/05/20-08:20:39.900,0.00438368055556
1779236440.100000,2026/05/20-08:20:40.100,-0.271240234375
1779236440.300000,2026/05/20-08:20:40.300,0.0115071614583
1779236440.500000,2026/05/20-08:20:40.500,0.105208333333
1779236440.700000,2026/05/20-08:20:40.700,0.169319661458
1779236440.970000,2026/05/20-08:20:40.970,-0.347954644097
1779236441.180000,2026/05/20-08:20:41.180,-0.181374782986
1779236441.380000,2026/05/20-08:20:41.380,-0.127126736111
1779236441.580000,2026/05/20-08:20:41.580,0.240006510417
1779236441.780000,2026/05/20-08:20:41.780,0.0104112413194
1779236441.980000,2026/05/20-08:20:41.980,0.0991807725694
1779236442.240000,2026/05/20-08:20:42.240,-0.282199435764
1779236442.420000,2026/05/20-08:20:42.420,0.197813585069
1779236442.620000,2026/05/20-08:20:42.620,-0.004931640625
1779236442.820000,2026/05/20-08:20:42.820,0.0400010850694
1779236443.020000,2026/05/20-08:20:43.020,-0.39453125
1779236443.220000,2026/05/20-08:20:43.220,0.0169867621528
1779236443.480000,2026/05/20-08:20:43.480,-0.365489366319
1779236443.700000,2026/05/20-08:20:43.700,-0.287131076389
1779236443.900000,2026/05/20-08:20:43.900,-0.133154296875
1779236444.100000,2026/05/20-08:20:44.100,-0.416449652778
1779236444.300000,2026/05/20-08:20:44.300,-0.217540147569
1779236444.500000,2026/05/20-08:20:44.500,-0.166579861111
1779236444.760000,2026/05/20-08:20:44.760,-0.301378038194
1779236444.980000,2026/05/20-08:20:44.980,-0.0827419704861
1779236445.180000,2026/05/20-08:20:45.180,-0.135894097222
1779236445.380000,2026/05/20-08:20:45.380,0.00547960069444
1779236445.580000,2026/05/20-08:20:45.580,-0.00821940104167
1779236445.780000,2026/05/20-08:20:45.780,-0.260281032986
1779236446.060000,2026/05/20-08:20:46.060,0.316172960069
1779236446.260000,2026/05/20-08:20:46.260,0.421929253472
1779236446.460000,2026/05/20-08:20:46.460,-0.112879774306
1779236446.660000,2026/05/20-08:20:46.660,0.117263454861
1779236446.860000,2026/05/20-08:20:46.860,-0.26630859375
1779236447.070000,2026/05/20-08:20:47.070,-0.0904134114583
1779236447.340000,2026/05/20-08:20:47.340,-0.175347222222
1779236447.540000,2026/05/20-08:20:47.540,-0.257541232639
1779236447.740000,2026/05/20-08:20:47.740,-0.447683376736
1779236447.940000,2026/05/20-08:20:47.940,0.200005425347
1779236448.140000,2026/05/20-08:20:48.140,0.294802517361
1779236448.370000,2026/05/20-08:20:48.370,0.197813585069
1779236448.620000,2026/05/20-08:20:48.620,-0.0158908420139
1779236448.820000,2026/05/20-08:20:48.820,-0.105208333333
1779236449.020000,2026/05/20-08:20:49.020,-0.0241102430556
1779236449.220000,2026/05/20-08:20:49.220,0.190690104167
1779236449.420000,2026/05/20-08:20:49.420,0.312885199653
1779236449.640000,2026/05/20-08:20:49.640,0.0893174913194
1779236449.900000,2026/05/20-08:20:49.900,0.290418836806
1779236450.100000,2026/05/20-08:20:50.100,0.140277777778
1779236450.300000,2026/05/20-08:20:50.300,-0.196717664931
1779236450.500000,2026/05/20-08:20:50.500,0.18740234375
1779236450.700000,2026/05/20-08:20:50.700,0.433436414931
1779236450.930000,2026/05/20-08:20:50.930,-0.0827419704861
1779236451.180000,2026/05/20-08:20:51.180,0.276171875
1779236451.380000,2026/05/20-08:20:51.380,0.391243489583
1779236451.580000,2026/05/20-08:20:51.580,0.0991807725694
1779236451.780000,2026/05/20-08:20:51.780,-0.034521484375
1779236451.980000,2026/05/20-08:20:51.980,-0.0350694444444
1779236452.230000,2026/05/20-08:20:52.230,0.162744140625
1779236452.460000,2026/05/20-08:20:52.460,0.196717664931
1779236452.660000,2026/05/20-08:20:52.660,-0.217540147569
1779236452.860000,2026/05/20-08:20:52.860,0.140277777778
1779236453.060000,2026/05/20-08:20:53.060,0.327132161458
1779236453.260000,2026/05/20-08:20:53.260,0.294254557292
1779236453.480000,2026/05/20-08:20:53.480,0.238910590278
1779236453.700000,2026/05/20-08:20:53.700,-0.192333984375
1779236453.900000,2026/05/20-08:20:53.900,0.0986328125
1779236454.100000,2026/05/20-08:20:54.100,0.014794921875
1779236454.300000,2026/05/20-08:20:54.300,-0.0964409722222
1779236454.500000,2026/05/20-08:20:54.500,-0.156716579861
1779236454.740000,2026/05/20-08:20:54.740,-0.0695909288194
1779236454.980000,2026/05/20-08:20:54.980,-0.0663031684028
1779236455.180000,2026/05/20-08:20:55.180,-0.122195095486
1779236455.380000,2026/05/20-08:20:55.380,0.0378092447917
1779236455.580000,2026/05/20-08:20:55.580,0.248225911458
1779236455.780000,2026/05/20-08:20:55.780,-0.0750705295139
1779236456.040000,2026/05/20-08:20:56.040,0.0756184895833
1779236456.220000,2026/05/20-08:20:56.220,-0.407134331597
1779236456.420000,2026/05/20-08:20:56.420,-0.121647135417
1779236456.620000,2026/05/20-08:20:56.620,-0.18740234375
1779236456.820000,2026/05/20-08:20:56.820,-0.209868706597
1779236457.020000,2026/05/20-08:20:57.020,0.162744140625
1779236457.280000,2026/05/20-08:20:57.280,0.0279459635417
1779236457.500000,2026/05/20-08:20:57.500,-0.0273980034722
1779236457.700000,2026/05/20-08:20:57.700,-0.0120551215278
1779236457.900000,2026/05/20-08:20:57.900,-0.22685546875
1779236458.100000,2026/05/20-08:20:58.100,0.166031901042
1779236458.300000,2026/05/20-08:20:58.300,-0.0476725260417
1779236458.580000,2026/05/20-08:20:58.580,-0.0684950086806
1779236458.780000,2026/05/20-08:20:58.780,-0.218088107639
1779236458.980000,2026/05/20-08:20:58.980,-0.0794542100694
1779236459.180000,2026/05/20-08:20:59.180,-0.0241102430556
1779236459.380000,2026/05/20-08:20:59.380,-0.0438368055556
1779236459.590000,2026/05/20-08:20:59.590,-0.0635633680556
1779236459.860000,2026/05/20-08:20:59.860,-0.0898654513889
1779236460.060000,2026/05/20-08:21:00.060,0.215348307292
1779236460.260000,2026/05/20-08:21:00.260,-0.0909613715278
1779236460.460000,2026/05/20-08:21:00.460,-0.0339735243056
1779236460.660000,2026/05/20-08:21:00.660,-0.0547960069444
1779236460.910000,2026/05/20-08:21:00.910,-0.0383572048611
1779236461.140000,2026/05/20-08:21:01.140,-0.164388020833
1779236461.340000,2026/05/20-08:21:01.340,-0.0367133246528
1779236461.540000,2026/05/20-08:21:01.540,-0.452067057292
1779236461.740000,2026/05/20-08:21:01.740,-0.0547960069444
1779236461.940000,2026/05/20-08:21:01.940,0.064111328125
1779236462.210000,2026/05/20-08:21:02.210,-0.180826822917
1779236462.420000,2026/05/20-08:21:02.420,0.281651475694
1779236462.620000,2026/05/20-08:21:02.620,0.0827419704861
1779236462.820000,2026/05/20-08:21:02.820,0.0673990885417
1779236463.020000,2026/05/20-08:21:03.020,-0.216444227431
1779236463.220000,2026/05/20-08:21:03.220,0.0224663628472
1779236463.440000,2026/05/20-08:21:03.440,0.0717827690972
1779236463.670000,2026/05/20-08:21:03.670,-0.1578125
1779236463.860000,2026/05/20-08:21:03.860,0.254253472222
1779236464.060000,2026/05/20-08:21:04.060,-0.260281032986
1779236464.260000,2026/05/20-08:21:04.260,0.0509602864583
1779236464.460000,2026/05/20-08:21:04.460,0.178634982639
1779236464.730000,2026/05/20-08:21:04.730,-0.220827907986
1779236464.940000,2026/05/20-08:21:04.940,0.190142144097
1779236465.140000,2026/05/20-08:21:05.140,-0.00438368055555
1779236465.340000,2026/05/20-08:21:05.340,-0.0805501302083
1779236465.540000,2026/05/20-08:21:05.540,0.171511501736
1779236465.740000,2026/05/20-08:21:05.740,0.115619574653
1779236465.970000,2026/05/20-08:21:05.970,-0.00273980034722
1779236466.220000,2026/05/20-08:21:06.220,0.00383572048611
1779236466.420000,2026/05/20-08:21:06.420,0.0684950086806
1779236466.620000,2026/05/20-08:21:06.620,-0.244938151042
1779236466.820000,2026/05/20-08:21:06.820,0.106852213542
1779236467.020000,2026/05/20-08:21:07.020,-0.281651475694
1779236467.280000,2026/05/20-08:21:07.280,0.243294270833
1779236467.500000,2026/05/20-08:21:07.500,-0.110139973958
1779236467.700000,2026/05/20-08:21:07.700,-0.178634982639
1779236467.900000,2026/05/20-08:21:07.900,-0.0701388888889
1779236468.100000,2026/05/20-08:21:08.100,0.0389051649306
1779236468.300000,2026/05/20-08:21:08.300,-0.267404513889
1779236468.560000,2026/05/20-08:21:08.560,-0.192333984375
1779236468.740000,2026/05/20-08:21:08.740,-0.0476725260417
1779236468.940000,2026/05/20-08:21:08.940,-0.2564453125
1779236469.140000,2026/05/20-08:21:09.140,0.234526909722
1779236469.340000,2026/05/20-08:21:09.340,-0.100276692708
1779236469.540000,2026/05/20-08:21:09.540,0.526589626736
1779236469.810000,2026/05/20-08:21:09.810,0.0986328125
1779236470.020000,2026/05/20-08:21:10.020,0.150141059028
1779236470.220000,2026/05/20-08:21:10.220,0.208772786458
1779236470.420000,2026/05/20-08:21:10.420,0.190690104167
1779236470.620000,2026/05/20-08:21:10.620,0.101372612847
1779236470.820000,2026/05/20-08:21:10.820,-0.225759548611
1779236471.080000,2026/05/20-08:21:11.080,-0.149593098958
1779236471.260000,2026/05/20-08:21:11.260,0.384120008681
1779236471.460000,2026/05/20-08:21:11.460,0.241650390625
1779236471.660000,2026/05/20-08:21:11.660,0.0350694444444
1779236471.860000,2026/05/20-08:21:11.860,0.2564453125
1779236472.060000,2026/05/20-08:21:12.060,0.174799262153
1779236472.310000,2026/05/20-08:21:12.310,0.496451822917
1779236472.500000,2026/05/20-08:21:12.500,0.1380859375
1779236472.700000,2026/05/20-08:21:12.700,0.0602756076389
1779236472.900000,2026/05/20-08:21:12.900,0.166579861111
1779236473.100000,2026/05/20-08:21:13.100,-0.117263454861
1779236473.300000,2026/05/20-08:21:13.300,0.125482855903
1779236473.560000,2026/05/20-08:21:13.560,0.04931640625
1779236473.740000,2026/05/20-08:21:13.740,0.238910590278
1779236473.940000,2026/05/20-08:21:13.940,-0.188498263889
1779236474.140000,2026/05/20-08:21:14.140,0.270692274306
1779236474.340000,2026/05/20-08:21:14.340,0.0734266493056
1779236474.540000,2026/05/20-08:21:14.540,0.00164388020833
1779236474.810000,2026/05/20-08:21:14.810,-0.0180826822917
1779236475.020000,2026/05/20-08:21:15.020,0.170963541667
1779236475.220000,2026/05/20-08:21:15.220,-0.237266710069
1779236475.420000,2026/05/20-08:21:15.420,-0.114523654514
1779236475.620000,2026/05/20-08:21:15.620,0.0926052517361
1779236475.820000,2026/05/20-08:21:15.820,-0.238362630208
1779236476.090000,2026/05/20-08:21:16.090,-0.250965711806
1779236476.300000,2026/05/20-08:21:16.300,-0.257541232639
1779236476.500000,2026/05/20-08:21:16.500,-0.284939236111
1779236476.700000,2026/05/20-08:21:16.700,-0.5326171875
1779236476.900000,2026/05/20-08:21:16.900,-0.0263020833333
1779236477.100000,2026/05/20-08:21:17.100,0.107948133681
1779236477.370000,2026/05/20-08:21:17.370,0.233978949653
1779236477.580000,2026/05/20-08:21:17.580,0.203841145833
1779236477.780000,2026/05/20-08:21:17.780,0.139181857639
1779236477.980000,2026/05/20-08:21:17.980,-0.0964409722222
1779236478.180000,2026/05/20-08:21:18.180,-0.296446397569
1779236478.380000,2026/05/20-08:21:18.380,-0.538096788194
1779236478.640000,2026/05/20-08:21:18.640,-0.463026258681
1779236478.860000,2026/05/20-08:21:18.860,0.23671875
1779236479.060000,2026/05/20-08:21:19.060,-0.0547960069444
1779236479.260000,2026/05/20-08:21:19.260,0.0723307291667
1779236479.460000,2026/05/20-08:21:19.460,-0.281103515625
1779236479.660000,2026/05/20-08:21:19.660,0.289322916667
1779236479.950000,2026/05/20-08:21:19.950,-0.115071614583
1779236480.140000,2026/05/20-08:21:20.140,0.0208224826389
1779236480.340000,2026/05/20-08:21:20.340,-0.269596354167
1779236480.540000,2026/05/20-08:21:20.540,-0.109044053819
1779236480.740000,2026/05/20-08:21:20.740,-0.1380859375
1779236480.940000,2026/05/20-08:21:20.940,-0.110139973958
1779236481.200000,2026/05/20-08:21:21.200,-0.0635633680556
1779236481.380000,2026/05/20-08:21:21.380,0.054248046875
1779236481.580000,2026/05/20-08:21:21.580,-0.227951388889
1779236481.780000,2026/05/20-08:21:21.780,0.0104112413194
1779236481.980000,2026/05/20-08:21:21.980,-0.182470703125
1779236482.180000,2026/05/20-08:21:22.180,-0.268500434028
1779236482.430000,2026/05/20-08:21:22.430,-0.147401258681
1779236482.620000,2026/05/20-08:21:22.620,0.103564453125
1779236482.820000,2026/05/20-08:21:22.820,-0.0942491319444
1779236483.020000,2026/05/20-08:21:23.020,-0.0367133246528
1779236483.220000,2026/05/20-08:21:23.220,-0.341379123264
1779236483.420000,2026/05/20-08:21:23.420,-0.141373697917
1779236483.680000,2026/05/20-08:21:23.680,0.159456380208
1779236483.860000,2026/05/20-08:21:23.860,-0.148497178819
1779236484.060000,2026/05/20-08:21:24.060,0.0169867621528
1779236484.260000,2026/05/20-08:21:24.260,-0.18740234375
1779236484.460000,2026/05/20-08:21:24.460,-0.083837890625
1779236484.660000,2026/05/20-08:21:24.660,0.228499348958
1779236484.900000,2026/05/20-08:21:24.900,-0.126030815972
1779236485.100000,2026/05/20-08:21:25.100,-0.155072699653
1779236485.300000,2026/05/20-08:21:25.300,-0.304117838542
1779236485.500000,2026/05/20-08:21:25.500,0.138633897569
1779236485.700000,2026/05/20-08:21:25.700,0.402750651042
1779236485.900000,2026/05/20-08:21:25.900,0.536452907986
1779236486.160000,2026/05/20-08:21:26.160,-0.00657552083333
1779236486.380000,2026/05/20-08:21:26.380,0.0843858506944
1779236486.580000,2026/05/20-08:21:26.580,0.379188368056
1779236486.780000,2026/05/20-08:21:26.780,-0.0263020833333
1779236486.980000,2026/05/20-08:21:26.980,0.093701171875
1779236487.180000,2026/05/20-08:21:27.180,-0.0986328125
1779236487.440000,2026/05/20-08:21:27.440,0.120551215278
1779236487.620000,2026/05/20-08:21:27.620,0.220279947917
1779236487.820000,2026/05/20-08:21:27.820,0.0410970052083
1779236488.020000,2026/05/20-08:21:28.020,0.202745225694
1779236488.220000,2026/05/20-08:21:28.220,0.363297526042
1779236488.420000,2026/05/20-08:21:28.420,-0.0416449652778
1779236488.710000,2026/05/20-08:21:28.710,-0.0926052517361
1779236488.900000,2026/05/20-08:21:28.900,0.0273980034722
1779236489.100000,2026/05/20-08:21:29.100,0.0482204861111
1779236489.300000,2026/05/20-08:21:29.300,-0.024658203125
1779236489.500000,2026/05/20-08:21:29.500,0.212608506944
1779236489.700000,2026/05/20-08:21:29.700,-0.223567708333
1779236489.970000,2026/05/20-08:21:29.970,-0.06904296875
1779236490.180000,2026/05/20-08:21:30.180,0.224115668403
1779236490.380000,2026/05/20-08:21:30.380,0.406038411458
1779236490.580000,2026/05/20-08:21:30.580,0.395079210069
1779236490.780000,2026/05/20-08:21:30.780,0.124386935764
1779236490.980000,2026/05/20-08:21:30.980,-0.139181857639
1779236491.240000,2026/05/20-08:21:31.240,-0.00657552083333
1779236491.420000,2026/05/20-08:21:31.420,-0.118359375
1779236491.620000,2026/05/20-08:21:31.620,-0.0805501302083
1779236491.820000,2026/05/20-08:21:31.820,3.46944695195e-15
1779236492.020000,2026/05/20-08:21:32.020,-0.109592013889
1779236492.220000,2026/05/20-08:21:32.220,-0.303021918403
1779236492.480000,2026/05/20-08:21:32.480,0.207676866319
1779236492.700000,2026/05/20-08:21:32.700,-0.110687934028
1779236492.900000,2026/05/20-08:21:32.900,-0.004931640625
1779236493.100000,2026/05/20-08:21:33.100,-0.197265625
1779236493.300000,2026/05/20-08:21:33.300,-0.133154296875
1779236493.500000,2026/05/20-08:21:33.500,-0.331515842014
1779236493.750000,2026/05/20-08:21:33.750,-0.0273980034722
1779236493.940000,2026/05/20-08:21:33.940,-0.0630154079861
1779236494.140000,2026/05/20-08:21:34.140,0.0893174913194
1779236494.340000,2026/05/20-08:21:34.340,-0.26630859375
1779236494.540000,2026/05/20-08:21:34.540,0.0701388888889
1779236494.740000,2026/05/20-08:21:34.740,0.20712890625
1779236495.020000,2026/05/20-08:21:35.020,-0.0367133246528
1779236495.220000,2026/05/20-08:21:35.220,0.218636067708
1779236495.420000,2026/05/20-08:21:35.420,-0.32548828125
1779236495.620000,2026/05/20-08:21:35.620,0.139729817708
1779236495.820000,2026/05/20-08:21:35.820,-0.0860297309028
1779236496.030000,2026/05/20-08:21:36.030,0.0537000868056
1779236496.270000,2026/05/20-08:21:36.270,-0.206032986111
1779236496.460000,2026/05/20-08:21:36.460,-0.160004340278
1779236496.660000,2026/05/20-08:21:36.660,-0.321652560764
1779236496.860000,2026/05/20-08:21:36.860,-0.138633897569
1779236497.060000,2026/05/20-08:21:37.060,-0.282199435764
1779236497.260000,2026/05/20-08:21:37.260,-0.200553385417
1779236497.520000,2026/05/20-08:21:37.520,0.0860297309028
1779236497.700000,2026/05/20-08:21:37.700,0.00657552083333
1779236497.900000,2026/05/20-08:21:37.900,0.054248046875
1779236498.100000,2026/05/20-08:21:38.100,-0.189594184028
1779236498.300000,2026/05/20-08:21:38.300,0.00109592013889
1779236498.500000,2026/05/20-08:21:38.500,-0.252061631944
1779236498.780000,2026/05/20-08:21:38.780,-0.0893174913194
1779236498.980000,2026/05/20-08:21:38.980,0.00821940104167
1779236499.180000,2026/05/20-08:21:39.180,0.0104112413194
1779236499.380000,2026/05/20-08:21:39.380,-0.322200520833
1779236499.580000,2026/05/20-08:21:39.580,-0.0942491319444
1779236499.810000,2026/05/20-08:21:39.810,-0.224663628472
1779236500.060000,2026/05/20-08:21:40.060,-0.373708767361
1779236500.260000,2026/05/20-08:21:40.260,-0.270144314236
1779236500.460000,2026/05/20-08:21:40.460,0.298638237847
1779236500.660000,2026/05/20-08:21:40.660,0.136442057292
1779236500.860000,2026/05/20-08:21:40.860,0.136442057292
1779236501.080000,2026/05/20-08:21:41.080,0.298638237847
1779236501.300000,2026/05/20-08:21:41.300,0.206580946181
1779236501.500000,2026/05/20-08:21:41.500,0.121647135417
1779236501.700000,2026/05/20-08:21:41.700,0.276719835069
1779236501.900000,2026/05/20-08:21:41.900,-0.0158908420139
1779236502.100000,2026/05/20-08:21:42.100,0.0827419704861
1779236502.330000,2026/05/20-08:21:42.330,-0.0778103298611
1779236502.580000,2026/05/20-08:21:42.580,-0.0208224826389
1779236502.780000,2026/05/20-08:21:42.780,0.169319661458
1779236502.980000,2026/05/20-08:21:42.980,-0.0416449652778
1779236503.180000,2026/05/20-08:21:43.180,0.0964409722222
1779236503.380000,2026/05/20-08:21:43.380,-0.203293185764
1779236503.650000,2026/05/20-08:21:43.650,-0.00931532118055
1779236503.860000,2026/05/20-08:21:43.860,-0.0800021701389
1779236504.060000,2026/05/20-08:21:44.060,0.233430989583
1779236504.260000,2026/05/20-08:21:44.260,0.0482204861111
1779236504.460000,2026/05/20-08:21:44.460,-0.148497178819
1779236504.660000,2026/05/20-08:21:44.660,0.0953450520833
1779236504.930000,2026/05/20-08:21:44.930,-0.111235894097
1779236505.140000,2026/05/20-08:21:45.140,-0.442203776042
1779236505.340000,2026/05/20-08:21:45.340,-0.0537000868056
1779236505.540000,2026/05/20-08:21:45.540,-0.115619574653
1779236505.740000,2026/05/20-08:21:45.740,-0.0772623697917
1779236505.940000,2026/05/20-08:21:45.940,-0.0191786024306
1779236506.220000,2026/05/20-08:21:46.220,0.0219184027778
1779236506.420000,2026/05/20-08:21:46.420,-0.264116753472
1779236506.620000,2026/05/20-08:21:46.620,0.222471788194
1779236506.820000,2026/05/20-08:21:46.820,0.398366970486
1779236507.020000,2026/05/20-08:21:47.020,0.160004340278
1779236507.220000,2026/05/20-08:21:47.220,0.16767578125
1779236507.470000,2026/05/20-08:21:47.470,0.0810980902778
1779236507.660000,2026/05/20-08:21:47.660,-0.0109592013889
1779236507.860000,2026/05/20-08:21:47.860,0.387407769097
1779236508.060000,2026/05/20-08:21:48.060,-0.0657552083333
1779236508.260000,2026/05/20-08:21:48.260,-0.189046223958
1779236508.460000,2026/05/20-08:21:48.460,-0.0197265625
1779236508.720000,2026/05/20-08:21:48.720,0.390147569444
1779236508.900000,2026/05/20-08:21:48.900,-0.262472873264
1779236509.100000,2026/05/20-08:21:49.100,-0.201649305556
1779236509.300000,2026/05/20-08:21:49.300,0.349598524306
1779236509.500000,2026/05/20-08:21:49.500,0.193977864583
1779236509.700000,2026/05/20-08:21:49.700,0.0334255642361
1779236509.970000,2026/05/20-08:21:49.970,-0.0695909288194
1779236510.180000,2026/05/20-08:21:50.180,0.0268500434028
1779236510.380000,2026/05/20-08:21:50.380,-0.392887369792
1779236510.580000,2026/05/20-08:21:50.580,-0.175347222222
1779236510.780000,2026/05/20-08:21:50.780,0.0679470486111
1779236510.980000,2026/05/20-08:21:50.980,-0.06904296875
1779236511.260000,2026/05/20-08:21:51.260,0.0778103298611
1779236511.460000,2026/05/20-08:21:51.460,0.409326171875
1779236511.660000,2026/05/20-08:21:51.660,-0.0339735243056
1779236511.860000,2026/05/20-08:21:51.860,0.38466796875
1779236512.060000,2026/05/20-08:21:52.060,-0.120003255208
1779236512.280000,2026/05/20-08:21:52.280,-0.224663628472
1779236512.540000,2026/05/20-08:21:52.540,0.258637152778
1779236512.740000,2026/05/20-08:21:52.740,-0.250417751736
1779236512.940000,2026/05/20-08:21:52.940,-0.0197265625
1779236513.140000,2026/05/20-08:21:53.140,0.073974609375
1779236513.340000,2026/05/20-08:21:53.340,-0.0498643663194
1779236513.560000,2026/05/20-08:21:53.560,-0.164388020833
1779236513.820000,2026/05/20-08:21:53.820,-0.159456380208
1779236514.020000,2026/05/20-08:21:54.020,-0.0367133246528
1779236514.220000,2026/05/20-08:21:54.220,-0.0367133246528
1779236514.420000,2026/05/20-08:21:54.420,-0.183018663194
1779236514.620000,2026/05/20-08:21:54.620,-0.317268880208
1779236514.840000,2026/05/20-08:21:54.840,0.143565538194
1779236515.060000,2026/05/20-08:21:55.060,0.113975694444
1779236515.260000,2026/05/20-08:21:55.260,-0.250965711806
1779236515.460000,2026/05/20-08:21:55.460,-0.0706868489583
1779236515.660000,2026/05/20-08:21:55.660,-0.0602756076389
1779236515.860000,2026/05/20-08:21:55.860,0.181922743056
1779236516.100000,2026/05/20-08:21:56.100,-0.0843858506944
1779236516.340000,2026/05/20-08:21:56.340,0.0558919270833
1779236516.540000,2026/05/20-08:21:56.540,-0.0284939236111
1779236516.740000,2026/05/20-08:21:56.740,-0.287131076389
1779236516.940000,2026/05/20-08:21:56.940,0.0268500434028
1779236517.140000,2026/05/20-08:21:57.140,0.327680121528
1779236517.400000,2026/05/20-08:21:57.400,0.192881944444
1779236517.620000,2026/05/20-08:21:57.620,0.311241319444
1779236517.820000,2026/05/20-08:21:57.820,0.227403428819
1779236518.020000,2026/05/20-08:21:58.020,-0.501383463542
1779236518.220000,2026/05/20-08:21:58.220,0.0865776909722
1779236518.420000,2026/05/20-08:21:58.420,0.359461805556
1779236518.710000,2026/05/20-08:21:58.710,-0.171511501736
1779236518.900000,2026/05/20-08:21:58.900,0.0997287326389
1779236519.100000,2026/05/20-08:21:59.100,0.327680121528
1779236519.300000,2026/05/20-08:21:59.300,0.0597276475694
1779236519.500000,2026/05/20-08:21:59.500,-0.0991807725695
1779236519.700000,2026/05/20-08:21:59.700,0.142469618056
1779236519.960000,2026/05/20-08:21:59.960,-0.100824652778
1779236520.140000,2026/05/20-08:22:00.140,-0.235074869792
1779236520.340000,2026/05/20-08:22:00.340,-0.0958930121528
1779236520.540000,2026/05/20-08:22:00.540,0.0421929253472
1779236520.740000,2026/05/20-08:22:00.740,0.083837890625
1779236520.940000,2026/05/20-08:22:00.940,0.157264539931
1779236521.200000,2026/05/20-08:22:01.200,0.282199435764
1779236521.420000,2026/05/20-08:22:01.420,-0.158360460069
1779236521.620000,2026/05/20-08:22:01.620,-0.438368055556
1779236521.820000,2026/05/20-08:22:01.820,-0.301378038194
1779236522.020000,2026/05/20-08:22:02.020,-0.137537977431
1779236522.220000,2026/05/20-08:22:02.220,-0.106304253472
1779236522.490000,2026/05/20-08:22:02.490,-0.0597276475695
1779236522.700000,2026/05/20-08:22:02.700,0.0953450520833
1779236522.900000,2026/05/20-08:22:02.900,-0.209320746528
1779236523.100000,2026/05/20-08:22:03.100,-0.0487684461806
1779236523.300000,2026/05/20-08:22:03.300,0.124386935764
1779236523.500000,2026/05/20-08:22:03.500,-0.0816460503472
1779236523.760000,2026/05/20-08:22:03.760,-0.304117838542
1779236523.940000,2026/05/20-08:22:03.940,0.135894097222
1779236524.140000,2026/05/20-08:22:04.140,0.238910590278
1779236524.340000,2026/05/20-08:22:04.340,-0.458094618056
1779236524.540000,2026/05/20-08:22:04.540,0.0515082465278
1779236524.740000,2026/05/20-08:22:04.740,0.230143229167
1779236524.970000,2026/05/20-08:22:04.970,-0.268500434028
1779236525.180000,2026/05/20-08:22:05.180,-0.143565538194
1779236525.380000,2026/05/20-08:22:05.380,-0.08876953125
1779236525.580000,2026/05/20-08:22:05.580,-0.18740234375
1779236525.780000,2026/05/20-08:22:05.780,-0.0597276475694
1779236525.980000,2026/05/20-08:22:05.980,0.275623914931
1779236526.230000,2026/05/20-08:22:06.230,0.170415581597
1779236526.460000,2026/05/20-08:22:06.460,-0.0372612847222
1779236526.660000,2026/05/20-08:22:06.660,-0.238910590278
1779236526.860000,2026/05/20-08:22:06.860,-0.106304253472
1779236527.060000,2026/05/20-08:22:07.060,0.142469618056
1779236527.260000,2026/05/20-08:22:07.260,0.121099175347
1779236527.540000,2026/05/20-08:22:07.540,0.0986328125
1779236527.740000,2026/05/20-08:22:07.740,-0.0471245659722
1779236527.940000,2026/05/20-08:22:07.940,0.458642578125
1779236528.140000,2026/05/20-08:22:08.140,-0.127674696181
1779236528.340000,2026/05/20-08:22:08.340,-0.0728786892361
1779236528.540000,2026/05/20-08:22:08.540,0.228499348958
1779236528.820000,2026/05/20-08:22:08.820,0.093701171875
1779236529.020000,2026/05/20-08:22:09.020,0.212060546875
1779236529.220000,2026/05/20-08:22:09.220,0.110139973958
1779236529.420000,2026/05/20-08:22:09.420,0.290966796875
1779236529.620000,2026/05/20-08:22:09.620,-0.0487684461806
1779236529.820000,2026/05/20-08:22:09.820,-0.302473958333
1779236530.070000,2026/05/20-08:22:10.070,0.122195095486
1779236530.270000,2026/05/20-08:22:10.270,0.101372612847
1779236530.460000,2026/05/20-08:22:10.460,0.141921657986
1779236530.660000,2026/05/20-08:22:10.660,0.231239149306
1779236530.860000,2026/05/20-08:22:10.860,0.120551215278
1779236531.060000,2026/05/20-08:22:11.060,-0.0180826822917
1779236531.310000,2026/05/20-08:22:11.310,0.264664713542
1779236531.500000,2026/05/20-08:22:11.500,0.0969889322917
1779236531.700000,2026/05/20-08:22:11.700,-0.346310763889
1779236531.900000,2026/05/20-08:22:11.900,0.612619357639
1779236532.100000,2026/05/20-08:22:12.100,0.293158637153
1779236532.300000,2026/05/20-08:22:12.300,-0.0723307291667
1779236532.560000,2026/05/20-08:22:12.560,0.0898654513889
1779236532.740000,2026/05/20-08:22:12.740,-0.0405490451389
1779236532.940000,2026/05/20-08:22:12.940,-0.661387803819
1779236533.140000,2026/05/20-08:22:13.140,-0.16767578125
1779236533.340000,2026/05/20-08:22:13.340,-0.195073784722
1779236533.540000,2026/05/20-08:22:13.540,-0.251513671875
1779236533.830000,2026/05/20-08:22:13.830,-0.176991102431
1779236534.020000,2026/05/20-08:22:14.020,0.0652072482639
1779236534.220000,2026/05/20-08:22:14.220,0.0613715277778
1779236534.420000,2026/05/20-08:22:14.420,0.0898654513889
1779236534.620000,2026/05/20-08:22:14.620,-0.337543402778
1779236534.820000,2026/05/20-08:22:14.820,-0.0120551215278
1779236535.070000,2026/05/20-08:22:15.070,0.195073784722
1779236535.260000,2026/05/20-08:22:15.260,-0.151236979167
1779236535.460000,2026/05/20-08:22:15.460,0.0372612847222
1779236535.660000,2026/05/20-08:22:15.660,-0.0569878472222
1779236535.860000,2026/05/20-08:22:15.860,-0.175347222222
1779236536.060000,2026/05/20-08:22:16.060,-0.0794542100694
1779236536.330000,2026/05/20-08:22:16.330,0.149593098958
1779236536.540000,2026/05/20-08:22:16.540,-0.288226996528
1779236536.740000,2026/05/20-08:22:16.740,-0.497547743056
1779236536.940000,2026/05/20-08:22:16.940,-0.170415581597
1779236537.140000,2026/05/20-08:22:17.140,-0.0504123263889
1779236537.340000,2026/05/20-08:22:17.340,0.0958930121528
1779236537.600000,2026/05/20-08:22:17.600,0.0909613715278
1779236537.820000,2026/05/20-08:22:17.820,0.0180826822917
1779236538.020000,2026/05/20-08:22:18.020,-0.156168619792
1779236538.220000,2026/05/20-08:22:18.220,-0.0405490451389
1779236538.420000,2026/05/20-08:22:18.420,-0.227951388889
1779236538.620000,2026/05/20-08:22:18.620,-0.218088107639
1779236538.900000,2026/05/20-08:22:18.900,-0.161648220486
1779236539.100000,2026/05/20-08:22:19.100,0.110687934028
1779236539.300000,2026/05/20-08:22:19.300,-0.054248046875
1779236539.500000,2026/05/20-08:22:19.500,0.0460286458333
1779236539.700000,2026/05/20-08:22:19.700,-0.0378092447917
1779236539.930000,2026/05/20-08:22:19.930,0.0306857638889
1779236540.180000,2026/05/20-08:22:20.180,0.200005425347
1779236540.380000,2026/05/20-08:22:20.380,-0.0410970052083
1779236540.580000,2026/05/20-08:22:20.580,0.0252061631944
1779236540.780000,2026/05/20-08:22:20.780,0.100276692708
1779236540.980000,2026/05/20-08:22:20.980,0.0772623697917
1779236541.200000,2026/05/20-08:22:21.200,-0.203841145833
1779236541.420000,2026/05/20-08:22:21.420,-0.0537000868056
1779236541.620000,2026/05/20-08:22:21.620,-0.0416449652778
1779236541.820000,2026/05/20-08:22:21.820,-0.336995442708
1779236542.020000,2026/05/20-08:22:22.020,-0.232335069444
1779236542.220000,2026/05/20-08:22:22.220,-0.299186197917
1779236542.480000,2026/05/20-08:22:22.480,0.0186306423611
1779236542.700000,2026/05/20-08:22:22.700,0.105756293403
1779236542.900000,2026/05/20-08:22:22.900,0.0657552083333
1779236543.100000,2026/05/20-08:22:23.100,-0.120003255208
1779236543.300000,2026/05/20-08:22:23.300,-0.125482855903
1779236543.500000,2026/05/20-08:22:23.500,-0.0263020833333
1779236543.760000,2026/05/20-08:22:23.760,0.204937065972
1779236543.980000,2026/05/20-08:22:23.980,0.0164388020833
1779236544.180000,2026/05/20-08:22:24.180,0.0169867621528
1779236544.380000,2026/05/20-08:22:24.380,0.00164388020833
1779236544.580000,2026/05/20-08:22:24.580,0.20712890625
1779236544.780000,2026/05/20-08:22:24.780,0.0821940104167
1779236545.040000,2026/05/20-08:22:25.040,0.0663031684028
1779236545.220000,2026/05/20-08:22:25.220,0.149045138889
1779236545.420000,2026/05/20-08:22:25.420,0.482752821181
1779236545.620000,2026/05/20-08:22:25.620,-0.299186197917
1779236545.820000,2026/05/20-08:22:25.820,0.312337239583
1779236546.020000,2026/05/20-08:22:26.020,0.263568793403
1779236546.270000,2026/05/20-08:22:26.270,-0.00109592013889
1779236546.460000,2026/05/20-08:22:26.460,-0.126578776042
1779236546.660000,2026/05/20-08:22:26.660,0.295350477431
1779236546.860000,2026/05/20-08:22:26.860,-0.0942491319444
1779236547.060000,2026/05/20-08:22:27.060,-0.218088107639
1779236547.260000,2026/05/20-08:22:27.260,0.24658203125
1779236547.520000,2026/05/20-08:22:27.520,-0.181374782986
1779236547.700000,2026/05/20-08:22:27.700,-0.243294270833
1779236547.900000,2026/05/20-08:22:27.900,-0.0427408854167
1779236548.100000,2026/05/20-08:22:28.100,-0.46357421875
1779236548.300000,2026/05/20-08:22:28.300,-0.166031901042
1779236548.500000,2026/05/20-08:22:28.500,-0.064111328125
1779236548.780000,2026/05/20-08:22:28.780,-0.0701388888889
1779236548.980000,2026/05/20-08:22:28.980,-0.0958930121528
1779236549.180000,2026/05/20-08:22:29.180,-0.270692274306
1779236549.380000,2026/05/20-08:22:29.380,-0.163292100694
1779236549.580000,2026/05/20-08:22:29.580,0.0871256510417
1779236549.780000,2026/05/20-08:22:29.780,0.124386935764
1779236550.060000,2026/05/20-08:22:30.060,0.330419921875
1779236550.260000,2026/05/20-08:22:30.260,0.0706868489583
1779236550.460000,2026/05/20-08:22:30.460,0.447683376736
1779236550.660000,2026/05/20-08:22:30.660,-0.0252061631944
1779236550.860000,2026/05/20-08:22:30.860,-0.261924913194
1779236551.060000,2026/05/20-08:22:31.060,0.107948133681
1779236551.320000,2026/05/20-08:22:31.320,-0.175347222222
1779236551.500000,2026/05/20-08:22:31.500,0.10849609375
1779236551.700000,2026/05/20-08:22:31.700,0.118907335069
1779236551.900000,2026/05/20-08:22:31.900,-0.260281032986
1779236552.100000,2026/05/20-08:22:32.100,0.0400010850694
1779236552.300000,2026/05/20-08:22:32.300,0.0734266493056
1779236552.570000,2026/05/20-08:22:32.570,-0.423025173611
1779236552.780000,2026/05/20-08:22:32.780,0.154524739583
1779236552.980000,2026/05/20-08:22:32.980,-0.0575358072917
1779236553.180000,2026/05/20-08:22:33.180,-0.0547960069444
1779236553.380000,2026/05/20-08:22:33.380,0.0224663628472
1779236553.580000,2026/05/20-08:22:33.580,0.175347222222
1779236553.840000,2026/05/20-08:22:33.840,-0.150141059028
1779236554.020000,2026/05/20-08:22:34.020,-0.0136990017361
1779236554.220000,2026/05/20-08:22:34.220,0.00383572048611
1779236554.420000,2026/05/20-08:22:34.420,-0.407682291667
1779236554.620000,2026/05/20-08:22:34.620,0.0416449652778
1779236554.820000,2026/05/20-08:22:34.820,0.155072699653
1779236555.080000,2026/05/20-08:22:35.080,0.0432888454861
1779236555.260000,2026/05/20-08:22:35.260,0.229047309028
1779236555.460000,2026/05/20-08:22:35.460,0.0208224826389
1779236555.660000,2026/05/20-08:22:35.660,0.292610677083
1779236555.860000,2026/05/20-08:22:35.860,-0.0958930121528
1779236556.060000,2026/05/20-08:22:36.060,-0.0767144097222
1779236556.320000,2026/05/20-08:22:36.320,-0.433436414931
1779236556.540000,2026/05/20-08:22:36.540,-0.219731987847
1779236556.740000,2026/05/20-08:22:36.740,0.193977864583
1779236556.940000,2026/05/20-08:22:36.940,-0.204389105903
1779236557.140000,2026/05/20-08:22:37.140,0.174251302083
1779236557.340000,2026/05/20-08:22:37.340,0.179730902778
1779236557.620000,2026/05/20-08:22:37.620,-0.136442057292
1779236557.820000,2026/05/20-08:22:37.820,0.412613932292
1779236558.020000,2026/05/20-08:22:38.020,-0.0772623697917
1779236558.220000,2026/05/20-08:22:38.220,0.518918185764
1779236558.420000,2026/05/20-08:22:38.420,-0.343023003472
1779236558.630000,2026/05/20-08:22:38.630,-0.0526041666667
1779236558.900000,2026/05/20-08:22:38.900,0.00712348090278
1779236559.100000,2026/05/20-08:22:39.100,0.305213758681
1779236559.300000,2026/05/20-08:22:39.300,-0.0350694444444
1779236559.500000,2026/05/20-08:22:39.500,-0.00164388020833
1779236559.700000,2026/05/20-08:22:39.700,-0.0213704427083
1779236559.940000,2026/05/20-08:22:39.940,-0.339735243056
1779236560.180000,2026/05/20-08:22:40.180,0.110139973958
1779236560.380000,2026/05/20-08:22:40.380,0.173703342014
1779236560.580000,2026/05/20-08:22:40.580,-0.08876953125
1779236560.780000,2026/05/20-08:22:40.780,0.156716579861
1779236560.980000,2026/05/20-08:22:40.980,0.0630154079861
1779236561.240000,2026/05/20-08:22:41.240,-0.162196180556
1779236561.460000,2026/05/20-08:22:41.460,-0.412613932292
1779236561.660000,2026/05/20-08:22:41.660,-0.0334255642361
1779236561.860000,2026/05/20-08:22:41.860,0.350146484375
1779236562.060000,2026/05/20-08:22:42.060,0.0904134114583
1779236562.260000,2026/05/20-08:22:42.260,-0.0898654513889
1779236562.530000,2026/05/20-08:22:42.530,-0.0717827690972
1779236562.740000,2026/05/20-08:22:42.740,0.296994357639
1779236562.940000,2026/05/20-08:22:42.940,-0.124934895833
1779236563.140000,2026/05/20-08:22:43.140,0.121647135417
1779236563.340000,2026/05/20-08:22:43.340,0.423025173611
1779236563.540000,2026/05/20-08:22:43.540,0.653168402778
1779236563.800000,2026/05/20-08:22:43.800,0.398366970486
1779236563.980000,2026/05/20-08:22:43.980,0.299734157986
1779236564.180000,2026/05/20-08:22:44.180,0.303021918403
1779236564.380000,2026/05/20-08:22:44.380,-0.0219184027778
1779236564.580000,2026/05/20-08:22:44.580,0.263568793403
1779236564.780000,2026/05/20-08:22:44.780,0.105208333333
1779236565.050000,2026/05/20-08:22:45.050,-0.180826822917
1779236565.260000,2026/05/20-08:22:45.260,-0.00821940104167
1779236565.460000,2026/05/20-08:22:45.460,0.0323296440972
1779236565.660000,2026/05/20-08:22:45.660,-0.0109592013889
1779236565.860000,2026/05/20-08:22:45.860,0.0290418836806
1779236566.060000,2026/05/20-08:22:46.060,-0.0460286458333
1779236566.310000,2026/05/20-08:22:46.310,-0.284391276042
1779236566.500000,2026/05/20-08:22:46.500,-0.203293185764
1779236566.700000,2026/05/20-08:22:46.700,-0.0783582899306
1779236566.900000,2026/05/20-08:22:46.900,0.0657552083333
1779236567.100000,2026/05/20-08:22:47.100,-0.0504123263889
1779236567.300000,2026/05/20-08:22:47.300,0.160552300347
1779236567.560000,2026/05/20-08:22:47.560,-0.0515082465278
1779236567.740000,2026/05/20-08:22:47.740,-0.40439453125
1779236567.940000,2026/05/20-08:22:47.940,-0.18740234375
1779236568.140000,2026/05/20-08:22:48.140,-0.320008680556
1779236568.340000,2026/05/20-08:22:48.340,-0.107400173611
1779236568.540000,2026/05/20-08:22:48.540,-0.054248046875
1779236568.800000,2026/05/20-08:22:48.800,0.168771701389
1779236569.020000,2026/05/20-08:22:49.020,0.132058376736
1779236569.220000,2026/05/20-08:22:49.220,-0.209868706597
1779236569.420000,2026/05/20-08:22:49.420,-0.0323296440972
1779236569.620000,2026/05/20-08:22:49.620,-0.275623914931
1779236569.820000,2026/05/20-08:22:49.820,-0.297542317708
1779236570.070000,2026/05/20-08:22:50.070,0.00383572048611
1779236570.260000,2026/05/20-08:22:50.260,-0.218088107639
1779236570.460000,2026/05/20-08:22:50.460,-0.00109592013889
1779236570.660000,2026/05/20-08:22:50.660,0.0794542100694
1779236570.860000,2026/05/20-08:22:50.860,0.0980848524306
1779236571.060000,2026/05/20-08:22:51.060,-0.004931640625
1779236571.350000,2026/05/20-08:22:51.350,0.181374782986
1779236571.540000,2026/05/20-08:22:51.540,-0.0575358072917
1779236571.740000,2026/05/20-08:22:51.740,-0.1775390625
1779236571.940000,2026/05/20-08:22:51.940,-0.0465766059028
1779236572.140000,2026/05/20-08:22:52.140,0.0252061631944
1779236572.340000,2026/05/20-08:22:52.340,0.232883029514
1779236572.600000,2026/05/20-08:22:52.600,0.212060546875
1779236572.780000,2026/05/20-08:22:52.780,0.0158908420139
1779236572.980000,2026/05/20-08:22:52.980,-0.0630154079861
1779236573.180000,2026/05/20-08:22:53.180,0.0115071614583
1779236573.380000,2026/05/20-08:22:53.380,-0.0580837673611
1779236573.580000,2026/05/20-08:22:53.580,0.174251302083
1779236573.870000,2026/05/20-08:22:53.870,0.151784939236
1779236574.060000,2026/05/20-08:22:54.060,-0.0695909288194
1779236574.270000,2026/05/20-08:22:54.270,0.174799262153
1779236574.460000,2026/05/20-08:22:54.460,-0.235622829861
1779236574.660000,2026/05/20-08:22:54.660,0.100276692708
1779236574.880000,2026/05/20-08:22:54.880,-0.154524739583
1779236575.140000,2026/05/20-08:22:55.140,-0.0597276475694
1779236575.340000,2026/05/20-08:22:55.340,0.0635633680556
1779236575.540000,2026/05/20-08:22:55.540,0.101920572917
1779236575.740000,2026/05/20-08:22:55.740,0.174251302083
1779236575.940000,2026/05/20-08:22:55.940,0.0328776041667
1779236576.170000,2026/05/20-08:22:56.170,-6.93889390391e-16
1779236576.380000,2026/05/20-08:22:56.380,-0.219731987847
1779236576.580000,2026/05/20-08:22:56.580,0.227403428819
1779236576.780000,2026/05/20-08:22:56.780,0.225759548611
1779236576.980000,2026/05/20-08:22:56.980,0.263568793403
1779236577.180000,2026/05/20-08:22:57.180,0.145209418403
1779236577.400000,2026/05/20-08:22:57.400,0.140825737847
1779236577.620000,2026/05/20-08:22:57.620,0.193977864583
1779236577.820000,2026/05/20-08:22:57.820,0.170415581597
1779236578.020000,2026/05/20-08:22:58.020,-0.212608506944
1779236578.220000,2026/05/20-08:22:58.220,-0.449327256944
1779236578.420000,2026/05/20-08:22:58.420,0.152880859375
1779236578.650000,2026/05/20-08:22:58.650,0.109044053819
1779236578.900000,2026/05/20-08:22:58.900,0.393435329861
1779236579.100000,2026/05/20-08:22:59.100,0.193977864583
1779236579.300000,2026/05/20-08:22:59.300,0.192333984375
1779236579.500000,2026/05/20-08:22:59.500,0.0131510416667
1779236579.700000,2026/05/20-08:22:59.700,0.204937065972
1779236579.980000,2026/05/20-08:22:59.980,0.24658203125
1779236580.180000,2026/05/20-08:23:00.180,-0.0778103298611
1779236580.380000,2026/05/20-08:23:00.380,0.163292100694
1779236580.580000,2026/05/20-08:23:00.580,0.0197265625
1779236580.780000,2026/05/20-08:23:00.780,0.409874131944
1779236580.980000,2026/05/20-08:23:00.980,-0.251513671875
1779236581.210000,2026/05/20-08:23:01.210,-0.124934895833
1779236581.420000,2026/05/20-08:23:01.420,0.0230143229167
1779236581.620000,2026/05/20-08:23:01.620,0.161648220486
1779236581.820000,2026/05/20-08:23:01.820,-0.232883029514
1779236582.020000,2026/05/20-08:23:02.020,0.0158908420139
1779236582.220000,2026/05/20-08:23:02.220,0.130962456597
1779236582.510000,2026/05/20-08:23:02.510,0.103016493056
1779236582.700000,2026/05/20-08:23:02.700,-0.250965711806
1779236582.900000,2026/05/20-08:23:02.900,-0.0635633680556
1779236583.100000,2026/05/20-08:23:03.100,-0.410422092014
1779236583.300000,2026/05/20-08:23:03.300,0.0915093315972
1779236583.500000,2026/05/20-08:23:03.500,-0.0213704427083
1779236583.760000,2026/05/20-08:23:03.760,-0.0920572916667
1779236583.980000,2026/05/20-08:23:03.980,-0.297542317708
1779236584.180000,2026/05/20-08:23:04.180,-0.206580946181
1779236584.380000,2026/05/20-08:23:04.380,-0.117263454861
1779236584.580000,2026/05/20-08:23:04.580,-0.206032986111
1779236584.780000,2026/05/20-08:23:04.780,-0.237266710069
1779236585.030000,2026/05/20-08:23:05.030,0.356174045139
1779236585.220000,2026/05/20-08:23:05.220,-0.0821940104167
1779236585.420000,2026/05/20-08:23:05.420,0.0805501302083
1779236585.620000,2026/05/20-08:23:05.620,-0.130962456597
1779236585.820000,2026/05/20-08:23:05.820,0.0904134114583
1779236586.020000,2026/05/20-08:23:06.020,0.0126030815972
1779236586.300000,2026/05/20-08:23:06.300,-0.609879557292
1779236586.500000,2026/05/20-08:23:06.500,-0.438368055556
1779236586.700000,2026/05/20-08:23:06.700,-0.0268500434028
1779236586.900000,2026/05/20-08:23:06.900,-0.112331814236
1779236587.100000,2026/05/20-08:23:07.100,-0.145757378472
1779236587.320000,2026/05/20-08:23:07.320,0.0257541232639
1779236587.580000,2026/05/20-08:23:07.580,0.173155381944
1779236587.780000,2026/05/20-08:23:07.780,-0.227403428819
1779236587.980000,2026/05/20-08:23:07.980,0.0832899305556
1779236588.180000,2026/05/20-08:23:08.180,0.149045138889
1779236588.390000,2026/05/20-08:23:08.390,0.360009765625
1779236588.650000,2026/05/20-08:23:08.650,0.3353515625
1779236588.860000,2026/05/20-08:23:08.860,0.158908420139
1779236589.060000,2026/05/20-08:23:09.060,0.347406684028
1779236589.260000,2026/05/20-08:23:09.260,-0.00821940104166
1779236589.460000,2026/05/20-08:23:09.460,0.0306857638889
1779236589.660000,2026/05/20-08:23:09.660,-0.0986328125
1779236589.950000,2026/05/20-08:23:09.950,0.267404513889
1779236590.140000,2026/05/20-08:23:10.140,-0.197265625
1779236590.340000,2026/05/20-08:23:10.340,-0.165483940972
1779236590.540000,2026/05/20-08:23:10.540,-0.00712348090278
1779236590.740000,2026/05/20-08:23:10.740,0.243294270833
1779236590.950000,2026/05/20-08:23:10.950,-0.02958984375
1779236591.220000,2026/05/20-08:23:11.220,-0.215896267361
1779236591.420000,2026/05/20-08:23:11.420,0.0438368055556
1779236591.620000,2026/05/20-08:23:11.620,0.103564453125
1779236591.820000,2026/05/20-08:23:11.820,0.240006510417
1779236592.020000,2026/05/20-08:23:12.020,-0.436724175347
1779236592.230000,2026/05/20-08:23:12.230,-0.0263020833333
1779236592.500000,2026/05/20-08:23:12.500,0.0400010850694
1779236592.700000,2026/05/20-08:23:12.700,0.0191786024306
1779236592.900000,2026/05/20-08:23:12.900,-0.0580837673611
1779236593.100000,2026/05/20-08:23:13.100,-0.477273220486
1779236593.300000,2026/05/20-08:23:13.300,-0.185210503472
1779236593.530000,2026/05/20-08:23:13.530,0.260281032986
1779236593.780000,2026/05/20-08:23:13.780,-0.181374782986
1779236593.980000,2026/05/20-08:23:13.980,-0.112879774306
1779236594.180000,2026/05/20-08:23:14.180,0.124386935764
1779236594.380000,2026/05/20-08:23:14.380,0.0482204861111
1779236594.580000,2026/05/20-08:23:14.580,-0.0986328125
1779236594.870000,2026/05/20-08:23:14.870,-0.124934895833
1779236595.060000,2026/05/20-08:23:15.060,0.0230143229167
1779236595.260000,2026/05/20-08:23:15.260,0.044384765625
1779236595.460000,2026/05/20-08:23:15.460,0.368777126736
1779236595.660000,2026/05/20-08:23:15.660,-0.0449327256944
1779236595.860000,2026/05/20-08:23:15.860,-0.0602756076389
1779236596.110000,2026/05/20-08:23:16.110,-0.252061631944
1779236596.300000,2026/05/20-08:23:16.300,0.156168619792
1779236596.500000,2026/05/20-08:23:16.500,-0.08876953125
1779236596.700000,2026/05/20-08:23:16.700,0.123838975694
1779236596.900000,2026/05/20-08:23:16.900,-0.135894097222
1779236597.100000,2026/05/20-08:23:17.100,-0.103564453125
1779236597.360000,2026/05/20-08:23:17.360,-0.139729817708
1779236597.540000,2026/05/20-08:23:17.540,-0.285487196181
1779236597.740000,2026/05/20-08:23:17.740,-0.359461805556
1779236597.940000,2026/05/20-08:23:17.940,0.100276692708
1779236598.140000,2026/05/20-08:23:18.140,0.185210503472
1779236598.340000,2026/05/20-08:23:18.340,0.118907335069
1779236598.620000,2026/05/20-08:23:18.620,0.0646592881944
1779236598.820000,2026/05/20-08:23:18.820,0.0920572916667
1779236599.020000,2026/05/20-08:23:19.020,-0.024658203125
1779236599.220000,2026/05/20-08:23:19.220,-0.338091362847
1779236599.420000,2026/05/20-08:23:19.420,-0.0613715277778
1779236599.630000,2026/05/20-08:23:19.630,-0.0526041666667
1779236599.890000,2026/05/20-08:23:19.890,0.592892795139
1779236600.060000,2026/05/20-08:23:20.060,0.311789279514
1779236600.260000,2026/05/20-08:23:20.260,0.0646592881944
1779236600.460000,2026/05/20-08:23:20.460,-0.0383572048611
1779236600.660000,2026/05/20-08:23:20.660,0.00931532118055
1779236600.860000,2026/05/20-08:23:20.860,0.229595269097
1779236601.130000,2026/05/20-08:23:21.130,0.145209418403
1779236601.340000,2026/05/20-08:23:21.340,0.0734266493056
1779236601.540000,2026/05/20-08:23:21.540,0.168771701389
1779236601.740000,2026/05/20-08:23:21.740,-0.0252061631944
1779236601.940000,2026/05/20-08:23:21.940,0.0432888454861
1779236602.140000,2026/05/20-08:23:22.140,-0.188498263889
1779236602.400000,2026/05/20-08:23:22.400,-0.0663031684028
1779236602.590000,2026/05/20-08:23:22.590,-0.120551215278
1779236602.780000,2026/05/20-08:23:22.780,-0.597276475694
1779236602.980000,2026/05/20-08:23:22.980,-0.160004340278
1779236603.180000,2026/05/20-08:23:23.180,-0.270692274306
1779236603.380000,2026/05/20-08:23:23.380,-0.334255642361
1779236603.650000,2026/05/20-08:23:23.650,-0.215348307292
1779236603.860000,2026/05/20-08:23:23.860,-0.0597276475694
1779236604.060000,2026/05/20-08:23:24.060,-0.0624674479167
1779236604.260000,2026/05/20-08:23:24.260,0.0367133246528
1779236604.460000,2026/05/20-08:23:24.460,-0.217540147569
1779236604.660000,2026/05/20-08:23:24.660,-0.112879774306
1779236604.920000,2026/05/20-08:23:24.920,0.0131510416667
1779236605.100000,2026/05/20-08:23:25.100,-0.0339735243056
1779236605.300000,2026/05/20-08:23:25.300,0.0619194878472
1779236605.500000,2026/05/20-08:23:25.500,-0.0367133246528
1779236605.700000,2026/05/20-08:23:25.700,0.320008680556
1779236605.900000,2026/05/20-08:23:25.900,0.0197265625
1779236606.160000,2026/05/20-08:23:26.160,0.2564453125
1779236606.350000,2026/05/20-08:23:26.350,-0.105756293403
1779236606.550000,2026/05/20-08:23:26.550,-0.273980034722
1779236606.740000,2026/05/20-08:23:26.740,0.148497178819
1779236606.940000,2026/05/20-08:23:26.940,0.243842230903
1779236607.140000,2026/05/20-08:23:27.140,-0.100276692708
1779236607.400000,2026/05/20-08:23:27.400,0.110687934028
1779236607.580000,2026/05/20-08:23:27.580,-0.0432888454861
1779236607.790000,2026/05/20-08:23:27.790,-0.290418836806
1779236607.980000,2026/05/20-08:23:27.980,0.0602756076389
1779236608.180000,2026/05/20-08:23:28.180,0.191238064236
1779236608.380000,2026/05/20-08:23:28.380,0.166031901042
1779236608.640000,2026/05/20-08:23:28.640,0.243842230903
1779236608.860000,2026/05/20-08:23:28.860,0.264664713542
1779236609.060000,2026/05/20-08:23:29.060,0.0301378038194
1779236609.260000,2026/05/20-08:23:29.260,-0.314529079861
1779236609.460000,2026/05/20-08:23:29.460,-0.193429904514
1779236609.660000,2026/05/20-08:23:29.660,-0.276171875
1779236609.930000,2026/05/20-08:23:29.930,-0.0794542100694
1779236610.140000,2026/05/20-08:23:30.140,0.169319661458
1779236610.350000,2026/05/20-08:23:30.350,-0.301925998264
1779236610.540000,2026/05/20-08:23:30.540,-0.0487684461806
1779236610.740000,2026/05/20-08:23:30.740,0.00383572048611
1779236610.940000,2026/05/20-08:23:30.940,0.224115668403
1779236611.230000,2026/05/20-08:23:31.230,0.112879774306
1779236611.420000,2026/05/20-08:23:31.420,0.0378092447917
1779236611.620000,2026/05/20-08:23:31.620,0.073974609375
1779236611.820000,2026/05/20-08:23:31.820,0.370421006944
1779236612.020000,2026/05/20-08:23:32.020,0.054248046875
1779236612.220000,2026/05/20-08:23:32.220,0.0893174913194
1779236612.480000,2026/05/20-08:23:32.480,0.130962456597
1779236612.700000,2026/05/20-08:23:32.700,-0.0136990017361
1779236612.900000,2026/05/20-08:23:32.900,-0.0942491319444
1779236613.100000,2026/05/20-08:23:33.100,-0.119455295139
1779236613.300000,2026/05/20-08:23:33.300,-0.129866536458
1779236613.500000,2026/05/20-08:23:33.500,0.0109592013889
1779236613.760000,2026/05/20-08:23:33.760,0.174251302083
1779236613.940000,2026/05/20-08:23:33.940,-0.130414496528
1779236614.140000,2026/05/20-08:23:34.140,-0.0334255642361
1779236614.340000,2026/05/20-08:23:34.340,-0.140277777778
1779236614.540000,2026/05/20-08:23:34.540,0.0931532118056
1779236614.740000,2026/05/20-08:23:34.740,0.329871961806
1779236615.000000,2026/05/20-08:23:35.000,-0.0832899305556
1779236615.220000,2026/05/20-08:23:35.220,0.145757378472
1779236615.420000,2026/05/20-08:23:35.420,-0.193977864583
1779236615.620000,2026/05/20-08:23:35.620,-0.166031901042
1779236615.820000,2026/05/20-08:23:35.820,0.0783582899306
1779236616.020000,2026/05/20-08:23:36.020,-0.175347222222
1779236616.280000,2026/05/20-08:23:36.280,-0.00219184027778
1779236616.460000,2026/05/20-08:23:36.460,-0.22685546875
1779236616.660000,2026/05/20-08:23:36.660,0.198361545139
1779236616.860000,2026/05/20-08:23:36.860,0.261924913194
1779236617.060000,2026/05/20-08:23:37.060,0.380284288194
1779236617.260000,2026/05/20-08:23:37.260,-0.0717827690972
1779236617.530000,2026/05/20-08:23:37.530,-0.133702256944
1779236617.740000,2026/05/20-08:23:37.740,-0.230691189236
1779236617.940000,2026/05/20-08:23:37.940,0.143017578125
1779236618.140000,2026/05/20-08:23:38.140,0.0279459635417
1779236618.340000,2026/05/20-08:23:38.340,0.0991807725694
1779236618.540000,2026/05/20-08:23:38.540,0.184662543403
1779236618.800000,2026/05/20-08:23:38.800,0.373708767361
1779236618.980000,2026/05/20-08:23:38.980,-0.0378092447917
1779236619.180000,2026/05/20-08:23:39.180,0.0465766059028
1779236619.380000,2026/05/20-08:23:39.380,-0.438368055556
1779236619.580000,2026/05/20-08:23:39.580,-0.209320746528
1779236619.780000,2026/05/20-08:23:39.780,0.198909505208
1779236620.040000,2026/05/20-08:23:40.040,0.312337239583
1779236620.260000,2026/05/20-08:23:40.260,0.0832899305556
1779236620.460000,2026/05/20-08:23:40.460,0.169319661458
1779236620.660000,2026/05/20-08:23:40.660,-0.00767144097222
1779236620.860000,2026/05/20-08:23:40.860,-0.0427408854167
1779236621.060000,2026/05/20-08:23:41.060,-0.034521484375
1779236621.350000,2026/05/20-08:23:41.350,0.00931532118056
1779236621.540000,2026/05/20-08:23:41.540,0.192881944444
1779236621.740000,2026/05/20-08:23:41.740,0.293706597222
1779236621.940000,2026/05/20-08:23:41.940,0.40439453125
1779236622.140000,2026/05/20-08:23:42.140,-0.0339735243056
1779236622.340000,2026/05/20-08:23:42.340,0.0942491319444
1779236622.600000,2026/05/20-08:23:42.600,0.0723307291667
1779236622.820000,2026/05/20-08:23:42.820,0.282199435764
1779236623.020000,2026/05/20-08:23:43.020,-0.0158908420139
1779236623.220000,2026/05/20-08:23:43.220,0.175895182292
1779236623.420000,2026/05/20-08:23:43.420,0.216444227431
1779236623.620000,2026/05/20-08:23:43.620,0.106852213542
1779236623.890000,2026/05/20-08:23:43.890,0.139181857639
1779236624.100000,2026/05/20-08:23:44.100,0.0893174913194
1779236624.310000,2026/05/20-08:23:44.310,-0.24658203125
1779236624.500000,2026/05/20-08:23:44.500,-0.0454806857639
1779236624.710000,2026/05/20-08:23:44.710,0.258089192708
1779236624.900000,2026/05/20-08:23:44.900,0.0526041666667
1779236625.130000,2026/05/20-08:23:45.130,-0.441655815972
1779236625.340000,2026/05/20-08:23:45.340,0.00657552083333
1779236625.540000,2026/05/20-08:23:45.540,-0.22685546875
1779236625.740000,2026/05/20-08:23:45.740,-0.201101345486
1779236625.940000,2026/05/20-08:23:45.940,-0.296994357639
1779236626.140000,2026/05/20-08:23:46.140,-0.0389051649306
1779236626.360000,2026/05/20-08:23:46.360,0.0756184895833
1779236626.620000,2026/05/20-08:23:46.620,-0.322200520833
1779236626.820000,2026/05/20-08:23:46.820,-0.0586317274306
1779236627.020000,2026/05/20-08:23:47.020,-0.120551215278
1779236627.220000,2026/05/20-08:23:47.220,-0.0312337239583
1779236627.420000,2026/05/20-08:23:47.420,0.0350694444444
1779236627.700000,2026/05/20-08:23:47.700,-0.0547960069444
1779236627.900000,2026/05/20-08:23:47.900,-0.0876736111111
1779236628.100000,2026/05/20-08:23:48.100,-0.165483940972
1779236628.300000,2026/05/20-08:23:48.300,0.0635633680556
1779236628.500000,2026/05/20-08:23:48.500,0.0931532118056
1779236628.700000,2026/05/20-08:23:48.700,-0.191238064236
1779236628.970000,2026/05/20-08:23:48.970,-0.137537977431
1779236629.180000,2026/05/20-08:23:49.180,-0.20712890625
1779236629.380000,2026/05/20-08:23:49.380,0.0427408854167
1779236629.580000,2026/05/20-08:23:49.580,-0.225759548611
1779236629.780000,2026/05/20-08:23:49.780,-0.343570963542
1779236629.980000,2026/05/20-08:23:49.980,-0.0865776909722
1779236630.260000,2026/05/20-08:23:50.260,-0.104660373264
1779236630.460000,2026/05/20-08:23:50.460,-0.64111328125
1779236630.660000,2026/05/20-08:23:50.660,0.0800021701389
1779236630.860000,2026/05/20-08:23:50.860,-0.152880859375
1779236631.060000,2026/05/20-08:23:51.060,-0.269048394097
1779236631.280000,2026/05/20-08:23:51.280,-0.198909505208
1779236631.540000,2026/05/20-08:23:51.540,0.106304253472
1779236631.740000,2026/05/20-08:23:51.740,-0.0580837673611
1779236631.940000,2026/05/20-08:23:51.940,-0.186306423611
1779236632.140000,2026/05/20-08:23:52.140,0.0663031684028
1779236632.340000,2026/05/20-08:23:52.340,-0.148497178819
1779236632.560000,2026/05/20-08:23:52.560,-0.286583116319
1779236632.820000,2026/05/20-08:23:52.820,0.0230143229167
1779236633.020000,2026/05/20-08:23:53.020,-0.004931640625
1779236633.220000,2026/05/20-08:23:53.220,0.02958984375
1779236633.420000,2026/05/20-08:23:53.420,0.383572048611
1779236633.620000,2026/05/20-08:23:53.620,0.0734266493056
1779236633.860000,2026/05/20-08:23:53.860,0.130962456597
1779236634.100000,2026/05/20-08:23:54.100,-0.044384765625
1779236634.310000,2026/05/20-08:23:54.310,-0.242746310764
1779236634.500000,2026/05/20-08:23:54.500,0.0301378038194
1779236634.700000,2026/05/20-08:23:54.700,0.0460286458333
1779236634.900000,2026/05/20-08:23:54.900,0.158360460069
1779236635.130000,2026/05/20-08:23:55.130,0.219184027778
1779236635.380000,2026/05/20-08:23:55.380,0.353434244792
1779236635.580000,2026/05/20-08:23:55.580,0.110139973958
1779236635.780000,2026/05/20-08:23:55.780,0.0169867621528
1779236635.980000,2026/05/20-08:23:55.980,0.0235622829861
1779236636.180000,2026/05/20-08:23:56.180,0.269596354167
1779236636.450000,2026/05/20-08:23:56.450,0.173155381944
1779236636.660000,2026/05/20-08:23:56.660,0.064111328125
1779236636.860000,2026/05/20-08:23:56.860,0.192333984375
1779236637.060000,2026/05/20-08:23:57.060,0.0849338107639
1779236637.260000,2026/05/20-08:23:57.260,0.0865776909722
1779236637.460000,2026/05/20-08:23:57.460,0.168223741319
1779236637.740000,2026/05/20-08:23:57.740,-0.123838975694
1779236637.940000,2026/05/20-08:23:57.940,0.277267795139
1779236638.140000,2026/05/20-08:23:58.140,0.0772623697917
1779236638.340000,2026/05/20-08:23:58.340,0.114523654514
1779236638.540000,2026/05/20-08:23:58.540,0.186306423611
1779236638.740000,2026/05/20-08:23:58.740,0.207676866319
1779236639.010000,2026/05/20-08:23:59.010,-0.344666883681
1779236639.220000,2026/05/20-08:23:59.220,-0.20712890625
1779236639.420000,2026/05/20-08:23:59.420,-0.0991807725694
1779236639.620000,2026/05/20-08:23:59.620,0.3748046875
1779236639.820000,2026/05/20-08:23:59.820,0.0926052517361
1779236640.020000,2026/05/20-08:24:00.020,-0.185210503472
1779236640.270000,2026/05/20-08:24:00.270,-0.00383572048611
1779236640.460000,2026/05/20-08:24:00.460,-0.34521484375
1779236640.660000,2026/05/20-08:24:00.660,0.0153428819444
1779236640.860000,2026/05/20-08:24:00.860,0.123838975694
1779236641.060000,2026/05/20-08:24:01.060,-0.114523654514
1779236641.260000,2026/05/20-08:24:01.260,-0.0531521267361
1779236641.520000,2026/05/20-08:24:01.520,0.00219184027778
1779236641.700000,2026/05/20-08:24:01.700,-0.0778103298611
1779236641.900000,2026/05/20-08:24:01.900,-0.148497178819
1779236642.100000,2026/05/20-08:24:02.100,-0.342475043403
1779236642.300000,2026/05/20-08:24:02.300,-0.0383572048611
1779236642.500000,2026/05/20-08:24:02.500,0.0334255642361
1779236642.770000,2026/05/20-08:24:02.770,-0.528781467014
1779236642.980000,2026/05/20-08:24:02.980,0.00986328125
1779236643.180000,2026/05/20-08:24:03.180,-0.320556640625
1779236643.380000,2026/05/20-08:24:03.380,-0.284391276042
1779236643.580000,2026/05/20-08:24:03.580,0.0800021701389
1779236643.790000,2026/05/20-08:24:03.790,0.0509602864583
1779236644.060000,2026/05/20-08:24:04.060,0.3353515625
1779236644.260000,2026/05/20-08:24:04.260,0.238362630208
1779236644.460000,2026/05/20-08:24:04.460,-0.130962456597
1779236644.660000,2026/05/20-08:24:04.660,0.312337239583
1779236644.860000,2026/05/20-08:24:04.860,-0.166031901042
1779236645.080000,2026/05/20-08:24:05.080,-0.112331814236
1779236645.340000,2026/05/20-08:24:05.340,-0.235074869792
1779236645.540000,2026/05/20-08:24:05.540,0.0471245659722
1779236645.740000,2026/05/20-08:24:05.740,-0.0597276475694
1779236645.940000,2026/05/20-08:24:05.940,0.110139973958
1779236646.140000,2026/05/20-08:24:06.140,0.109592013889
1779236646.380000,2026/05/20-08:24:06.380,-0.0673990885417
1779236646.620000,2026/05/20-08:24:06.620,-0.382476128472
1779236646.820000,2026/05/20-08:24:06.820,-0.346858723958
1779236647.020000,2026/05/20-08:24:07.020,-0.0405490451389
1779236647.220000,2026/05/20-08:24:07.220,-0.0416449652778
1779236647.420000,2026/05/20-08:24:07.420,0.280007595486
1779236647.690000,2026/05/20-08:24:07.690,-0.0252061631944
1779236647.900000,2026/05/20-08:24:07.900,-0.0898654513889
1779236648.100000,2026/05/20-08:24:08.100,-0.1380859375
1779236648.300000,2026/05/20-08:24:08.300,-0.14794921875
1779236648.500000,2026/05/20-08:24:08.500,-0.130962456597
1779236648.700000,2026/05/20-08:24:08.700,-0.123838975694
1779236648.960000,2026/05/20-08:24:08.960,-0.0087673611111
1779236649.140000,2026/05/20-08:24:09.140,0.312337239583
1779236649.340000,2026/05/20-08:24:09.340,0.127674696181
1779236649.540000,2026/05/20-08:24:09.540,0.571522352431
1779236649.740000,2026/05/20-08:24:09.740,-0.0383572048611
1779236649.940000,2026/05/20-08:24:09.940,0.0482204861111
1779236650.170000,2026/05/20-08:24:10.170,0.0438368055556
1779236650.380000,2026/05/20-08:24:10.380,0.263020833333
1779236650.580000,2026/05/20-08:24:10.580,-0.265760633681
1779236650.780000,2026/05/20-08:24:10.780,-0.203841145833
1779236650.980000,2026/05/20-08:24:10.980,-0.173703342014
1779236651.180000,2026/05/20-08:24:11.180,-0.129866536458
1779236651.470000,2026/05/20-08:24:11.470,-0.0213704427083
1779236651.660000,2026/05/20-08:24:11.660,0.1380859375
1779236651.860000,2026/05/20-08:24:11.860,-0.0810980902778
1779236652.060000,2026/05/20-08:24:12.060,0.073974609375
1779236652.270000,2026/05/20-08:24:12.270,0.0602756076389
1779236652.460000,2026/05/20-08:24:12.460,-0.0520562065972
1779236652.720000,2026/05/20-08:24:12.720,0.0964409722222
1779236652.940000,2026/05/20-08:24:12.940,0.302473958333
1779236653.140000,2026/05/20-08:24:13.140,0.273432074653
1779236653.340000,2026/05/20-08:24:13.340,0.377544487847
1779236653.540000,2026/05/20-08:24:13.540,0.162744140625
1779236653.740000,2026/05/20-08:24:13.740,0.343570963542
1779236653.990000,2026/05/20-08:24:13.990,-0.0202745225694
1779236654.180000,2026/05/20-08:24:14.180,-0.0591796875
1779236654.380000,2026/05/20-08:24:14.380,0.0663031684028
1779236654.580000,2026/05/20-08:24:14.580,0.268500434028
1779236654.780000,2026/05/20-08:24:14.780,-0.116167534722
1779236654.980000,2026/05/20-08:24:14.980,0.147401258681
1779236655.260000,2026/05/20-08:24:15.260,0.151784939236
1779236655.460000,2026/05/20-08:24:15.460,0.134250217014
1779236655.660000,2026/05/20-08:24:15.660,-0.117263454861
1779236655.860000,2026/05/20-08:24:15.860,-0.124386935764
1779236656.060000,2026/05/20-08:24:16.060,-0.600016276042
1779236656.270000,2026/05/20-08:24:16.270,0.129866536458
1779236656.550000,2026/05/20-08:24:16.550,-0.248773871528
1779236656.740000,2026/05/20-08:24:16.740,-0.279459635417
1779236656.940000,2026/05/20-08:24:16.940,-0.168223741319
1779236657.140000,2026/05/20-08:24:17.140,0.0104112413194
1779236657.340000,2026/05/20-08:24:17.340,-0.144661458333
1779236657.560000,2026/05/20-08:24:17.560,0.275075954861
1779236657.820000,2026/05/20-08:24:17.820,0.265760633681
1779236658.020000,2026/05/20-08:24:18.020,-0.179182942708
1779236658.220000,2026/05/20-08:24:18.220,-0.0509602864583
1779236658.420000,2026/05/20-08:24:18.420,-0.0531521267361
1779236658.620000,2026/05/20-08:24:18.620,0.191786024306
1779236658.900000,2026/05/20-08:24:18.900,-0.127126736111
1779236659.100000,2026/05/20-08:24:19.100,-0.00383572048611
1779236659.300000,2026/05/20-08:24:19.300,0.220279947917
1779236659.500000,2026/05/20-08:24:19.500,0.149045138889
1779236659.700000,2026/05/20-08:24:19.700,0.447683376736
1779236659.900000,2026/05/20-08:24:19.900,0.412065972222
1779236660.160000,2026/05/20-08:24:20.160,0.185758463542
1779236660.380000,2026/05/20-08:24:20.380,0.0920572916667
1779236660.580000,2026/05/20-08:24:20.580,0.145209418403
1779236660.780000,2026/05/20-08:24:20.780,0.0882215711806
1779236660.980000,2026/05/20-08:24:20.980,-0.0109592013889
1779236661.180000,2026/05/20-08:24:21.180,-0.270144314236
1779236661.440000,2026/05/20-08:24:21.440,0.0389051649306
1779236661.660000,2026/05/20-08:24:21.660,-0.0350694444444
1779236661.870000,2026/05/20-08:24:21.870,-0.0712348090278
1779236662.060000,2026/05/20-08:24:22.060,-0.232883029514
1779236662.260000,2026/05/20-08:24:22.260,0.175895182292
1779236662.460000,2026/05/20-08:24:22.460,-0.107400173611
1779236662.740000,2026/05/20-08:24:22.740,-0.44384765625
1779236662.940000,2026/05/20-08:24:22.940,0.0772623697917
1779236663.140000,2026/05/20-08:24:23.140,-0.105208333333
1779236663.340000,2026/05/20-08:24:23.340,-0.34521484375
1779236663.550000,2026/05/20-08:24:23.550,-0.212060546875
1779236663.750000,2026/05/20-08:24:23.750,-0.316172960069
1779236664.020000,2026/05/20-08:24:24.020,0.284939236111
1779236664.220000,2026/05/20-08:24:24.220,0.0356174045139
1779236664.420000,2026/05/20-08:24:24.420,-0.175895182292
1779236664.620000,2026/05/20-08:24:24.620,-0.36494140625
1779236664.820000,2026/05/20-08:24:24.820,-0.0750705295139
1779236665.040000,2026/05/20-08:24:25.040,-0.455354817708
1779236665.300000,2026/05/20-08:24:25.300,0.18740234375
1779236665.500000,2026/05/20-08:24:25.500,0.179182942708
1779236665.700000,2026/05/20-08:24:25.700,0.0109592013889
1779236665.900000,2026/05/20-08:24:25.900,0.130962456597
1779236666.100000,2026/05/20-08:24:26.100,-0.102468532986
1779236666.320000,2026/05/20-08:24:26.320,-0.1578125
1779236666.580000,2026/05/20-08:24:26.580,0.0761664496528
1779236666.780000,2026/05/20-08:24:26.780,0.169319661458
1779236666.980000,2026/05/20-08:24:26.980,0.139181857639
1779236667.180000,2026/05/20-08:24:27.180,0.0663031684028
1779236667.380000,2026/05/20-08:24:27.380,0.231787109375
1779236667.610000,2026/05/20-08:24:27.610,0.207676866319
1779236667.860000,2026/05/20-08:24:27.860,0.0756184895833
1779236668.060000,2026/05/20-08:24:28.060,-0.0252061631944
1779236668.260000,2026/05/20-08:24:28.260,0.237814670139
1779236668.460000,2026/05/20-08:24:28.460,0.100276692708
1779236668.660000,2026/05/20-08:24:28.660,-0.0761664496528
1779236668.950000,2026/05/20-08:24:28.950,-0.420285373264
1779236669.140000,2026/05/20-08:24:29.140,0.02958984375
1779236669.340000,2026/05/20-08:24:29.340,-0.112331814236
1779236669.540000,2026/05/20-08:24:29.540,-0.044384765625
1779236669.740000,2026/05/20-08:24:29.740,0.133154296875
1779236669.940000,2026/05/20-08:24:29.940,-0.190690104167
1779236670.210000,2026/05/20-08:24:30.210,0.00657552083333
1779236670.380000,2026/05/20-08:24:30.380,-0.361105685764
1779236670.580000,2026/05/20-08:24:30.580,0.248773871528
1779236670.780000,2026/05/20-08:24:30.780,-0.0252061631944
1779236670.980000,2026/05/20-08:24:30.980,0.175347222222
1779236671.180000,2026/05/20-08:24:31.180,-0.0695909288194
1779236671.420000,2026/05/20-08:24:31.420,0.0378092447917
1779236671.620000,2026/05/20-08:24:31.620,0.299734157986
1779236671.820000,2026/05/20-08:24:31.820,-0.0301378038194
1779236672.020000,2026/05/20-08:24:32.020,0.00328776041667
1779236672.220000,2026/05/20-08:24:32.220,0.0378092447917
1779236672.420000,2026/05/20-08:24:32.420,-0.247677951389
1779236672.640000,2026/05/20-08:24:32.640,0.269596354167
1779236672.860000,2026/05/20-08:24:32.860,0.0904134114583
1779236673.060000,2026/05/20-08:24:33.060,0.251513671875
1779236673.230000,2026/05/20-08:24:33.230,0.511246744792
1779236673.390000,2026/05/20-08:24:33.390,0.375900607639
1779236673.580000,2026/05/20-08:24:33.580,-0.0712348090278
1779236673.810000,2026/05/20-08:24:33.810,0.207676866319
1779236674.070000,2026/05/20-08:24:34.070,-0.282747395833
1779236674.260000,2026/05/20-08:24:34.260,0.20712890625
1779236674.460000,2026/05/20-08:24:34.460,-0.2958984375
1779236674.660000,2026/05/20-08:24:34.660,-0.235622829861
1779236674.860000,2026/05/20-08:24:34.860,0.0537000868056
1779236675.130000,2026/05/20-08:24:35.130,0.0104112413194
1779236675.340000,2026/05/20-08:24:35.340,-0.222471788194
1779236675.540000,2026/05/20-08:24:35.540,0.00547960069444
1779236675.740000,2026/05/20-08:24:35.740,-0.190142144097
1779236675.950000,2026/05/20-08:24:35.950,-0.0120551215278
1779236676.150000,2026/05/20-08:24:36.150,-0.24658203125
1779236676.400000,2026/05/20-08:24:36.400,0.364393446181
1779236676.620000,2026/05/20-08:24:36.620,0.134250217014
1779236676.820000,2026/05/20-08:24:36.820,0.174799262153
1779236677.020000,2026/05/20-08:24:37.020,0.2958984375
1779236677.220000,2026/05/20-08:24:37.220,-0.0361653645833
1779236677.420000,2026/05/20-08:24:37.420,0.189594184028
1779236677.650000,2026/05/20-08:24:37.650,0.225211588542
1779236677.860000,2026/05/20-08:24:37.860,0.0942491319444
1779236678.060000,2026/05/20-08:24:38.060,-0.0805501302083
1779236678.260000,2026/05/20-08:24:38.260,0.0416449652778
1779236678.460000,2026/05/20-08:24:38.460,0.125482855903
1779236678.660000,2026/05/20-08:24:38.660,-0.151784939236
1779236678.920000,2026/05/20-08:24:38.920,-0.247677951389
1779236679.140000,2026/05/20-08:24:39.140,-0.0750705295139
1779236679.340000,2026/05/20-08:24:39.340,-0.0717827690972
1779236679.540000,2026/05/20-08:24:39.540,-0.281651475694
1779236679.740000,2026/05/20-08:24:39.740,-0.0980848524306
1779236679.940000,2026/05/20-08:24:39.940,0.145209418403
1779236680.220000,2026/05/20-08:24:40.220,0.0635633680556
1779236680.430000,2026/05/20-08:24:40.430,-0.101920572917
1779236680.620000,2026/05/20-08:24:40.620,0.463026258681
1779236680.820000,2026/05/20-08:24:40.820,-0.0279459635417
1779236681.020000,2026/05/20-08:24:41.020,-0.275623914931
1779236681.230000,2026/05/20-08:24:41.230,-0.271240234375
1779236681.500000,2026/05/20-08:24:41.500,-0.168771701389
1779236681.700000,2026/05/20-08:24:41.700,-0.0268500434028
1779236681.900000,2026/05/20-08:24:41.900,-0.471245659722
1779236682.100000,2026/05/20-08:24:42.100,-0.393983289931
1779236682.310000,2026/05/20-08:24:42.310,-0.232335069444
1779236682.530000,2026/05/20-08:24:42.530,-0.20712890625
1779236682.780000,2026/05/20-08:24:42.780,-0.202197265625
1779236682.980000,2026/05/20-08:24:42.980,-0.444395616319
1779236683.180000,2026/05/20-08:24:43.180,0.064111328125
1779236683.380000,2026/05/20-08:24:43.380,0.179182942708
1779236683.580000,2026/05/20-08:24:43.580,0.247129991319
1779236683.800000,2026/05/20-08:24:43.800,0.149045138889
1779236684.020000,2026/05/20-08:24:44.020,-0.141373697917
1779236684.220000,2026/05/20-08:24:44.220,-0.155072699653
1779236684.420000,2026/05/20-08:24:44.420,0.39453125
1779236684.620000,2026/05/20-08:24:44.620,0.265212673611
1779236684.820000,2026/05/20-08:24:44.820,0.428504774306
1779236685.040000,2026/05/20-08:24:45.040,0.0389051649306
1779236685.260000,2026/05/20-08:24:45.260,0.117263454861
1779236685.460000,2026/05/20-08:24:45.460,-0.264664713542
1779236685.660000,2026/05/20-08:24:45.660,0.0580837673611
1779236685.860000,2026/05/20-08:24:45.860,-0.158360460069
1779236686.060000,2026/05/20-08:24:46.060,0.132058376736
1779236686.290000,2026/05/20-08:24:46.290,0.178087022569
1779236686.540000,2026/05/20-08:24:46.540,0.133702256944
1779236686.740000,2026/05/20-08:24:46.740,0.0301378038194
1779236686.940000,2026/05/20-08:24:46.940,0.343570963542
1779236687.140000,2026/05/20-08:24:47.140,-0.411518012153
1779236687.340000,2026/05/20-08:24:47.340,-0.192333984375
1779236687.600000,2026/05/20-08:24:47.600,-0.0871256510417
1779236687.820000,2026/05/20-08:24:47.820,-0.0284939236111
1779236688.020000,2026/05/20-08:24:48.020,0.421381293403
1779236688.220000,2026/05/20-08:24:48.220,-0.275623914931
1779236688.420000,2026/05/20-08:24:48.420,-0.561111111111
1779236688.620000,2026/05/20-08:24:48.620,-0.201101345486
1779236688.900000,2026/05/20-08:24:48.900,-0.338639322917
1779236689.100000,2026/05/20-08:24:49.100,-0.224663628472
1779236689.300000,2026/05/20-08:24:49.300,-0.464670138889
1779236689.500000,2026/05/20-08:24:49.500,-0.118359375
1779236689.700000,2026/05/20-08:24:49.700,-0.274527994792
1779236689.900000,2026/05/20-08:24:49.900,-0.0416449652778
1779236690.170000,2026/05/20-08:24:50.170,0.0169867621528
1779236690.380000,2026/05/20-08:24:50.380,-0.221375868056
1779236690.590000,2026/05/20-08:24:50.590,-0.0421929253472
1779236690.780000,2026/05/20-08:24:50.780,-0.163840060764
1779236690.980000,2026/05/20-08:24:50.980,-0.328228081597
1779236691.180000,2026/05/20-08:24:51.180,-0.0334255642361
1779236691.440000,2026/05/20-08:24:51.440,-0.191786024306
1779236691.620000,2026/05/20-08:24:51.620,-0.148497178819
1779236691.820000,2026/05/20-08:24:51.820,-0.163840060764
1779236692.020000,2026/05/20-08:24:52.020,-0.487136501736
1779236692.220000,2026/05/20-08:24:52.220,-0.398914930556
1779236692.420000,2026/05/20-08:24:52.420,-0.107948133681
1779236692.650000,2026/05/20-08:24:52.650,-0.110687934028
1779236692.860000,2026/05/20-08:24:52.860,-0.118907335069
1779236693.060000,2026/05/20-08:24:53.060,-0.131510416667
1779236693.260000,2026/05/20-08:24:53.260,-0.287679036458
1779236693.460000,2026/05/20-08:24:53.460,-0.117263454861
1779236693.660000,2026/05/20-08:24:53.660,-0.316172960069
1779236693.880000,2026/05/20-08:24:53.880,-0.280007595486
1779236694.110000,2026/05/20-08:24:54.110,-0.139181857639
1779236694.310000,2026/05/20-08:24:54.310,-0.0926052517361
1779236694.510000,2026/05/20-08:24:54.510,-0.237266710069
1779236694.700000,2026/05/20-08:24:54.700,-0.299186197917
1779236694.900000,2026/05/20-08:24:54.900,-0.0569878472222
1779236695.160000,2026/05/20-08:24:55.160,-0.0695909288195
1779236695.380000,2026/05/20-08:24:55.380,-0.0400010850694
1779236695.590000,2026/05/20-08:24:55.590,-0.249869791667
1779236695.780000,2026/05/20-08:24:55.780,-0.351242404514
1779236695.980000,2026/05/20-08:24:55.980,0.0257541232639
1779236696.180000,2026/05/20-08:24:56.180,-0.23671875
1779236696.450000,2026/05/20-08:24:56.450,-0.0312337239583
1779236696.660000,2026/05/20-08:24:56.660,-0.193429904514
1779236696.860000,2026/05/20-08:24:56.860,-0.224115668403
1779236697.060000,2026/05/20-08:24:57.060,-0.113427734375
1779236697.260000,2026/05/20-08:24:57.260,-0.284939236111
1779236697.460000,2026/05/20-08:24:57.460,-0.0723307291667
1779236697.750000,2026/05/20-08:24:57.750,-0.269596354167
1779236697.950000,2026/05/20-08:24:57.950,0.254801432292
1779236698.140000,2026/05/20-08:24:58.140,-0.259733072917
1779236698.340000,2026/05/20-08:24:58.340,-0.0975368923611
1779236698.540000,2026/05/20-08:24:58.540,-0.324940321181
1779236698.750000,2026/05/20-08:24:58.750,-0.173703342014
1779236699.020000,2026/05/20-08:24:59.020,-0.0635633680556
1779236699.220000,2026/05/20-08:24:59.220,-0.248225911458
1779236699.420000,2026/05/20-08:24:59.420,-0.163840060764
1779236699.620000,2026/05/20-08:24:59.620,-0.0876736111111
1779236699.830000,2026/05/20-08:24:59.830,0.0931532118056
1779236700.060000,2026/05/20-08:25:00.060,-0.314529079861
1779236700.300000,2026/05/20-08:25:00.300,-0.213704427083
1779236700.500000,2026/05/20-08:25:00.500,0.0224663628472
1779236700.710000,2026/05/20-08:25:00.710,-0.134798177083
1779236700.900000,2026/05/20-08:25:00.900,0.0186306423611
1779236701.100000,2026/05/20-08:25:01.100,-0.376996527778
1779236701.380000,2026/05/20-08:25:01.380,-0.0312337239583
1779236701.580000,2026/05/20-08:25:01.580,0.133702256944
1779236701.790000,2026/05/20-08:25:01.790,-0.193977864583
1779236701.980000,2026/05/20-08:25:01.980,0.432888454861
1779236702.180000,2026/05/20-08:25:02.180,0.149593098958
1779236702.380000,2026/05/20-08:25:02.380,-0.258637152778
1779236702.670000,2026/05/20-08:25:02.670,0.044384765625
1779236702.860000,2026/05/20-08:25:02.860,0.0745225694444
1779236703.060000,2026/05/20-08:25:03.060,0.118907335069
1779236703.260000,2026/05/20-08:25:03.260,0.176443142361
1779236703.460000,2026/05/20-08:25:03.460,0.0224663628472
1779236703.670000,2026/05/20-08:25:03.670,-0.229047309028
1779236703.940000,2026/05/20-08:25:03.940,0.163840060764
1779236704.140000,2026/05/20-08:25:04.140,0.102468532986
1779236704.340000,2026/05/20-08:25:04.340,-0.024658203125
1779236704.540000,2026/05/20-08:25:04.540,0.277267795139
1779236704.740000,2026/05/20-08:25:04.740,0.271240234375
1779236704.970000,2026/05/20-08:25:04.970,0.0969889322917
1779236705.190000,2026/05/20-08:25:05.190,-0.254801432292
1779236705.380000,2026/05/20-08:25:05.380,-0.226307508681
1779236705.580000,2026/05/20-08:25:05.580,-0.113975694444
1779236705.790000,2026/05/20-08:25:05.790,-0.0810980902778
1779236705.990000,2026/05/20-08:25:05.990,-0.0273980034722
1779236706.220000,2026/05/20-08:25:06.220,-0.139181857639
1779236706.460000,2026/05/20-08:25:06.460,-0.126578776042
1779236706.660000,2026/05/20-08:25:06.660,-0.377544487847
1779236706.860000,2026/05/20-08:25:06.860,-0.245486111111
1779236707.060000,2026/05/20-08:25:07.060,-0.151784939236
1779236707.260000,2026/05/20-08:25:07.260,-0.298090277778
1779236707.480000,2026/05/20-08:25:07.480,0.223019748264
1779236707.700000,2026/05/20-08:25:07.700,-0.0230143229167
1779236707.900000,2026/05/20-08:25:07.900,-0.0164388020833
1779236708.100000,2026/05/20-08:25:08.100,-0.0619194878472
1779236708.310000,2026/05/20-08:25:08.310,-0.0219184027778
1779236708.500000,2026/05/20-08:25:08.500,-0.161648220486
1779236708.730000,2026/05/20-08:25:08.730,-0.00602756076389
1779236708.980000,2026/05/20-08:25:08.980,-0.282747395833
1779236709.180000,2026/05/20-08:25:09.180,0.00821940104167
1779236709.380000,2026/05/20-08:25:09.380,0.0378092447917
1779236709.580000,2026/05/20-08:25:09.580,0.214252387153
1779236709.780000,2026/05/20-08:25:09.780,0.186854383681
1779236710.000000,2026/05/20-08:25:10.000,-0.191786024306
1779236710.230000,2026/05/20-08:25:10.230,-0.0816460503472
1779236710.430000,2026/05/20-08:25:10.430,0.197813585069
1779236710.630000,2026/05/20-08:25:10.630,0.054248046875
1779236710.820000,2026/05/20-08:25:10.820,0.420833333333
1779236711.020000,2026/05/20-08:25:11.020,0.327680121528
1779236711.290000,2026/05/20-08:25:11.290,0.535356987847
1779236711.510000,2026/05/20-08:25:11.510,0.238910590278
1779236711.700000,2026/05/20-08:25:11.700,-0.0728786892361
1779236711.900000,2026/05/20-08:25:11.900,-0.179182942708
1779236712.100000,2026/05/20-08:25:12.100,-0.0449327256944
1779236712.300000,2026/05/20-08:25:12.300,-0.0213704427083
1779236712.590000,2026/05/20-08:25:12.590,-0.550699869792
1779236712.790000,2026/05/20-08:25:12.790,-0.10849609375
1779236712.980000,2026/05/20-08:25:12.980,0.0564398871528
1779236713.180000,2026/05/20-08:25:13.180,0.039453125
1779236713.390000,2026/05/20-08:25:13.390,0.143017578125
1779236713.590000,2026/05/20-08:25:13.590,-0.155072699653
1779236713.840000,2026/05/20-08:25:13.840,-0.0202745225694
1779236714.060000,2026/05/20-08:25:14.060,-0.124386935764
1779236714.260000,2026/05/20-08:25:14.260,-0.0126030815972
1779236714.460000,2026/05/20-08:25:14.460,0.224115668403
1779236714.660000,2026/05/20-08:25:14.660,-0.00986328125
1779236714.860000,2026/05/20-08:25:14.860,0.189046223958
1779236715.130000,2026/05/20-08:25:15.130,0.369873046875
1779236715.340000,2026/05/20-08:25:15.340,-0.0783582899306
1779236715.540000,2026/05/20-08:25:15.540,0.000547960069448
1779236715.740000,2026/05/20-08:25:15.740,-0.151784939236
1779236715.950000,2026/05/20-08:25:15.950,0.00767144097222
1779236716.150000,2026/05/20-08:25:16.150,0.476177300347
1779236716.400000,2026/05/20-08:25:16.400,0.294802517361
1779236716.590000,2026/05/20-08:25:16.590,0.0767144097222
1779236716.790000,2026/05/20-08:25:16.790,0.02958984375
1779236716.990000,2026/05/20-08:25:16.990,-0.0635633680556
1779236717.190000,2026/05/20-08:25:17.190,0.0361653645833
1779236717.390000,2026/05/20-08:25:17.390,0.0312337239583
1779236717.670000,2026/05/20-08:25:17.670,-0.283295355903
1779236717.860000,2026/05/20-08:25:17.860,-0.326036241319
1779236718.060000,2026/05/20-08:25:18.060,0.104660373264
1779236718.260000,2026/05/20-08:25:18.260,0.0816460503472
1779236718.460000,2026/05/20-08:25:18.460,0.0509602864583
1779236718.670000,2026/05/20-08:25:18.670,-0.341379123264
1779236718.940000,2026/05/20-08:25:18.940,-0.197813585069
1779236719.140000,2026/05/20-08:25:19.140,0.201101345486
1779236719.340000,2026/05/20-08:25:19.340,0.635085720486
1779236719.540000,2026/05/20-08:25:19.540,-0.501931423611
1779236719.740000,2026/05/20-08:25:19.740,-0.0115071614583
1779236719.990000,2026/05/20-08:25:19.990,-0.140825737847
1779236720.230000,2026/05/20-08:25:20.230,-0.0169867621528
1779236720.420000,2026/05/20-08:25:20.420,-0.00876736111111
1779236720.620000,2026/05/20-08:25:20.620,0.111235894097
1779236720.820000,2026/05/20-08:25:20.820,-0.333159722222
1779236721.020000,2026/05/20-08:25:21.020,0.278363715278
1779236721.280000,2026/05/20-08:25:21.280,0.0169867621528
1779236721.500000,2026/05/20-08:25:21.500,-0.0120551215278
1779236721.710000,2026/05/20-08:25:21.710,-0.127674696181
1779236721.910000,2026/05/20-08:25:21.910,0.00767144097222
1779236722.100000,2026/05/20-08:25:22.100,-0.300282118056
1779236722.310000,2026/05/20-08:25:22.310,0.204937065972
1779236722.590000,2026/05/20-08:25:22.590,-0.214252387153
1779236722.780000,2026/05/20-08:25:22.780,-0.0624674479167
1779236722.980000,2026/05/20-08:25:22.980,-0.146853298611
1779236723.180000,2026/05/20-08:25:23.180,0.198361545139
1779236723.390000,2026/05/20-08:25:23.390,-0.0750705295139
1779236723.590000,2026/05/20-08:25:23.590,0.134250217014
1779236723.840000,2026/05/20-08:25:23.840,-0.144661458333
1779236724.020000,2026/05/20-08:25:24.020,0.0378092447917
1779236724.220000,2026/05/20-08:25:24.220,0.120003255208
1779236724.420000,2026/05/20-08:25:24.420,0.141921657986
1779236724.620000,2026/05/20-08:25:24.620,-0.054248046875
1779236724.820000,2026/05/20-08:25:24.820,-0.0268500434028
1779236725.090000,2026/05/20-08:25:25.090,0.117263454861
1779236725.300000,2026/05/20-08:25:25.300,0.101920572917
1779236725.500000,2026/05/20-08:25:25.500,0.0498643663194
1779236725.700000,2026/05/20-08:25:25.700,-0.309049479167
1779236725.900000,2026/05/20-08:25:25.900,-0.213156467014
1779236726.100000,2026/05/20-08:25:26.100,0.132606336806
1779236726.360000,2026/05/20-08:25:26.360,-0.145757378472
1779236726.540000,2026/05/20-08:25:26.540,-0.00931532118055
1779236726.750000,2026/05/20-08:25:26.750,-0.034521484375
1779236726.940000,2026/05/20-08:25:26.940,0.116715494792
1779236727.140000,2026/05/20-08:25:27.140,-0.0186306423611
1779236727.340000,2026/05/20-08:25:27.340,-0.317268880208
1779236727.610000,2026/05/20-08:25:27.610,0.378640407986
1779236727.820000,2026/05/20-08:25:27.820,-0.184114583333
1779236728.020000,2026/05/20-08:25:28.020,-0.125482855903
1779236728.230000,2026/05/20-08:25:28.230,-0.0745225694444
1779236728.420000,2026/05/20-08:25:28.420,-0.129318576389
1779236728.620000,2026/05/20-08:25:28.620,0.427408854167
1779236728.900000,2026/05/20-08:25:28.900,0.0432888454861
1779236729.100000,2026/05/20-08:25:29.100,-0.351790364583
1779236729.300000,2026/05/20-08:25:29.300,0.140277777778
1779236729.500000,2026/05/20-08:25:29.500,-0.158908420139
1779236729.700000,2026/05/20-08:25:29.700,-0.141921657986
1779236729.910000,2026/05/20-08:25:29.910,-0.104660373264
1779236730.180000,2026/05/20-08:25:30.180,0.0849338107639
1779236730.380000,2026/05/20-08:25:30.380,0.0821940104167
1779236730.580000,2026/05/20-08:25:30.580,-0.0800021701389
1779236730.790000,2026/05/20-08:25:30.790,0.183018663194
1779236730.990000,2026/05/20-08:25:30.990,0.0816460503472
1779236731.210000,2026/05/20-08:25:31.210,0.128770616319
1779236731.460000,2026/05/20-08:25:31.460,0.0827419704861
1779236731.670000,2026/05/20-08:25:31.670,0.277267795139
1779236731.870000,2026/05/20-08:25:31.870,0.340283203125
1779236732.070000,2026/05/20-08:25:32.070,-0.376996527778
1779236732.260000,2026/05/20-08:25:32.260,-0.064111328125
1779236732.540000,2026/05/20-08:25:32.540,-0.0728786892361
1779236732.750000,2026/05/20-08:25:32.750,0.0871256510417
1779236732.940000,2026/05/20-08:25:32.940,0.00219184027778
1779236733.140000,2026/05/20-08:25:33.140,-0.0975368923611
1779236733.340000,2026/05/20-08:25:33.340,-0.0317816840278
1779236733.540000,2026/05/20-08:25:33.540,-0.227403428819
1779236733.800000,2026/05/20-08:25:33.800,0.199457465278
1779236733.980000,2026/05/20-08:25:33.980,-0.00547960069444
1779236734.180000,2026/05/20-08:25:34.180,0.0816460503472
1779236734.380000,2026/05/20-08:25:34.380,0.113975694444
1779236734.580000,2026/05/20-08:25:34.580,-0.1578125
1779236734.780000,2026/05/20-08:25:34.780,0.156168619792
1779236735.040000,2026/05/20-08:25:35.040,-0.0624674479167
1779236735.260000,2026/05/20-08:25:35.260,0.201101345486
1779236735.460000,2026/05/20-08:25:35.460,0.0986328125
1779236735.660000,2026/05/20-08:25:35.660,-0.209320746528
1779236735.860000,2026/05/20-08:25:35.860,0.113975694444
1779236736.060000,2026/05/20-08:25:36.060,0.612071397569
1779236736.320000,2026/05/20-08:25:36.320,0.473985460069
1779236736.500000,2026/05/20-08:25:36.500,-0.0553439670139
1779236736.700000,2026/05/20-08:25:36.700,-0.471793619792
1779236736.900000,2026/05/20-08:25:36.900,0.0317816840278
1779236737.100000,2026/05/20-08:25:37.100,0.0350694444444
1779236737.300000,2026/05/20-08:25:37.300,-0.243294270833
1779236737.560000,2026/05/20-08:25:37.560,0.350694444444
1779236737.790000,2026/05/20-08:25:37.790,-0.321652560764
1779236737.990000,2026/05/20-08:25:37.990,0.383572048611
1779236738.190000,2026/05/20-08:25:38.190,0.00054796006945
1779236738.390000,2026/05/20-08:25:38.390,-0.288774956597
1779236738.580000,2026/05/20-08:25:38.580,0.0926052517361
1779236738.860000,2026/05/20-08:25:38.860,0.121647135417
1779236739.060000,2026/05/20-08:25:39.060,0.0695909288194
1779236739.260000,2026/05/20-08:25:39.260,0.258637152778
1779236739.460000,2026/05/20-08:25:39.460,0.251513671875
1779236739.660000,2026/05/20-08:25:39.660,-0.0953450520833
1779236739.870000,2026/05/20-08:25:39.870,0.381928168403
1779236740.140000,2026/05/20-08:25:40.140,-0.123838975694
1779236740.340000,2026/05/20-08:25:40.340,-0.130414496528
1779236740.540000,2026/05/20-08:25:40.540,-0.0109592013889
1779236740.740000,2026/05/20-08:25:40.740,-0.139181857639
1779236740.940000,2026/05/20-08:25:40.940,-0.215348307292
1779236741.170000,2026/05/20-08:25:41.170,-0.169319661458
1779236741.420000,2026/05/20-08:25:41.420,0.10849609375
1779236741.620000,2026/05/20-08:25:41.620,-0.223567708333
1779236741.820000,2026/05/20-08:25:41.820,-0.0323296440972
1779236742.020000,2026/05/20-08:25:42.020,0.109044053819
1779236742.220000,2026/05/20-08:25:42.220,0.123838975694
1779236742.500000,2026/05/20-08:25:42.500,0.00273980034722
1779236742.700000,2026/05/20-08:25:42.700,0.111783854167
1779236742.900000,2026/05/20-08:25:42.900,-0.207676866319
1779236743.110000,2026/05/20-08:25:43.110,-0.00712348090278
1779236743.300000,2026/05/20-08:25:43.300,0.202745225694
1779236743.510000,2026/05/20-08:25:43.510,0.453162977431
1779236743.760000,2026/05/20-08:25:43.760,0.105756293403
1779236743.940000,2026/05/20-08:25:43.940,0.0591796875
1779236744.140000,2026/05/20-08:25:44.140,0.137537977431
1779236744.340000,2026/05/20-08:25:44.340,0.000547960069444
1779236744.540000,2026/05/20-08:25:44.540,0.313981119792
1779236744.740000,2026/05/20-08:25:44.740,0.0449327256944
1779236745.010000,2026/05/20-08:25:45.010,0.0668511284722
1779236745.230000,2026/05/20-08:25:45.230,-0.176991102431
1779236745.420000,2026/05/20-08:25:45.420,-0.539740668403
1779236745.620000,2026/05/20-08:25:45.620,-0.182470703125
1779236745.820000,2026/05/20-08:25:45.820,-0.284391276042
1779236746.020000,2026/05/20-08:25:46.020,0.0213704427083
1779236746.300000,2026/05/20-08:25:46.300,0.208224826389
1779236746.500000,2026/05/20-08:25:46.500,0.0109592013889
1779236746.700000,2026/05/20-08:25:46.700,0.261924913194
1779236746.900000,2026/05/20-08:25:46.900,0.0306857638889
1779236747.100000,2026/05/20-08:25:47.100,-0.280007595486
1779236747.310000,2026/05/20-08:25:47.310,0.380832248264
1779236747.590000,2026/05/20-08:25:47.590,-0.120551215278
1779236747.790000,2026/05/20-08:25:47.790,0.40439453125
1779236747.990000,2026/05/20-08:25:47.990,-0.0909613715278
1779236748.190000,2026/05/20-08:25:48.190,-0.189594184028
1779236748.390000,2026/05/20-08:25:48.390,0.0942491319444
1779236748.610000,2026/05/20-08:25:48.610,-0.247677951389
1779236748.860000,2026/05/20-08:25:48.860,-0.366037326389
1779236749.060000,2026/05/20-08:25:49.060,-0.493712022569
1779236749.260000,2026/05/20-08:25:49.260,0.260281032986
1779236749.460000,2026/05/20-08:25:49.460,0.230691189236
1779236749.660000,2026/05/20-08:25:49.660,-0.0575358072917
1779236749.920000,2026/05/20-08:25:49.920,0.352338324653
1779236750.140000,2026/05/20-08:25:50.140,0.0263020833333
1779236750.340000,2026/05/20-08:25:50.340,0.0537000868056
1779236750.540000,2026/05/20-08:25:50.540,0.155072699653
1779236750.740000,2026/05/20-08:25:50.740,0.101372612847
1779236750.940000,2026/05/20-08:25:50.940,-0.219731987847
1779236751.200000,2026/05/20-08:25:51.200,0.0898654513889
1779236751.420000,2026/05/20-08:25:51.420,0.347406684028
1779236751.620000,2026/05/20-08:25:51.620,0.0284939236111
1779236751.820000,2026/05/20-08:25:51.820,-0.272336154514
1779236752.030000,2026/05/20-08:25:52.030,-0.160004340278
1779236752.230000,2026/05/20-08:25:52.230,0.232335069444
1779236752.470000,2026/05/20-08:25:52.470,-0.222471788194
1779236752.660000,2026/05/20-08:25:52.660,0.0800021701389
1779236752.870000,2026/05/20-08:25:52.870,-0.178087022569
1779236753.060000,2026/05/20-08:25:53.060,-0.523849826389
1779236753.270000,2026/05/20-08:25:53.270,-0.0115071614583
1779236753.470000,2026/05/20-08:25:53.470,-0.125482855903
1779236753.720000,2026/05/20-08:25:53.720,-0.146305338542
1779236753.900000,2026/05/20-08:25:53.900,0.136442057292
1779236754.100000,2026/05/20-08:25:54.100,0.0284939236111
1779236754.300000,2026/05/20-08:25:54.300,-0.298090277778
1779236754.510000,2026/05/20-08:25:54.510,0.0761664496528
1779236754.710000,2026/05/20-08:25:54.710,0.434532335069
1779236754.960000,2026/05/20-08:25:54.960,0.0800021701389
1779236755.180000,2026/05/20-08:25:55.180,0.290966796875
1779236755.380000,2026/05/20-08:25:55.380,0.0575358072917
1779236755.590000,2026/05/20-08:25:55.590,0.0701388888889
1779236755.790000,2026/05/20-08:25:55.790,-0.0942491319444
1779236755.990000,2026/05/20-08:25:55.990,0.248773871528
1779236756.230000,2026/05/20-08:25:56.230,0.463026258681
1779236756.420000,2026/05/20-08:25:56.420,-0.184114583333
1779236756.620000,2026/05/20-08:25:56.620,0.122743055556
1779236756.820000,2026/05/20-08:25:56.820,-0.0663031684028
1779236757.020000,2026/05/20-08:25:57.020,-0.0131510416667
1779236757.220000,2026/05/20-08:25:57.220,-0.0306857638889
1779236757.480000,2026/05/20-08:25:57.480,-0.275623914931
1779236757.700000,2026/05/20-08:25:57.700,0.139181857639
1779236757.900000,2026/05/20-08:25:57.900,-0.118907335069
1779236758.100000,2026/05/20-08:25:58.100,-0.249869791667
1779236758.300000,2026/05/20-08:25:58.300,-0.0843858506944
1779236758.500000,2026/05/20-08:25:58.500,-0.296446397569
1779236758.750000,2026/05/20-08:25:58.750,0.0498643663194
1779236758.940000,2026/05/20-08:25:58.940,0.206032986111
1779236759.140000,2026/05/20-08:25:59.140,0.0350694444444
1779236759.340000,2026/05/20-08:25:59.340,0.0547960069444
1779236759.540000,2026/05/20-08:25:59.540,0.0158908420139
1779236759.740000,2026/05/20-08:25:59.740,-0.0449327256944
1779236760.030000,2026/05/20-08:26:00.030,0.101920572917
1779236760.220000,2026/05/20-08:26:00.220,-0.362749565972
1779236760.420000,2026/05/20-08:26:00.420,-0.112331814236
1779236760.620000,2026/05/20-08:26:00.620,-0.0580837673611
1779236760.820000,2026/05/20-08:26:00.820,0.152332899306
1779236761.020000,2026/05/20-08:26:01.020,-0.210964626736
1779236761.300000,2026/05/20-08:26:01.300,-0.0367133246528
1779236761.500000,2026/05/20-08:26:01.500,-0.0438368055556
1779236761.700000,2026/05/20-08:26:01.700,0.0219184027778
1779236761.900000,2026/05/20-08:26:01.900,-0.141921657986
1779236762.100000,2026/05/20-08:26:02.100,-0.0109592013889
1779236762.310000,2026/05/20-08:26:02.310,-0.122743055556
1779236762.590000,2026/05/20-08:26:02.590,0.0586317274306
1779236762.790000,2026/05/20-08:26:02.790,-0.146853298611
1779236762.990000,2026/05/20-08:26:02.990,-0.0131510416667
1779236763.190000,2026/05/20-08:26:03.190,-0.131510416667
1779236763.380000,2026/05/20-08:26:03.380,-0.044384765625
1779236763.590000,2026/05/20-08:26:03.590,-0.24658203125
1779236763.860000,2026/05/20-08:26:03.860,-0.00438368055555
1779236764.060000,2026/05/20-08:26:04.060,-0.0920572916667
1779236764.260000,2026/05/20-08:26:04.260,0.567686631944
1779236764.460000,2026/05/20-08:26:04.460,0.192333984375
1779236764.660000,2026/05/20-08:26:04.660,-0.122195095486
1779236764.890000,2026/05/20-08:26:04.890,-0.135894097222
1779236765.140000,2026/05/20-08:26:05.140,-0.219184027778
1779236765.340000,2026/05/20-08:26:05.340,-0.121647135417
1779236765.540000,2026/05/20-08:26:05.540,-0.201649305556
1779236765.740000,2026/05/20-08:26:05.740,0.220827907986
1779236765.940000,2026/05/20-08:26:05.940,0.314529079861
1779236766.200000,2026/05/20-08:26:06.200,0.178634982639
1779236766.420000,2026/05/20-08:26:06.420,0.432340494792
1779236766.620000,2026/05/20-08:26:06.620,0.241102430556
1779236766.820000,2026/05/20-08:26:06.820,0.397271050347
1779236767.020000,2026/05/20-08:26:07.020,-0.0284939236111
1779236767.220000,2026/05/20-08:26:07.220,0.128770616319
1779236767.510000,2026/05/20-08:26:07.510,0.318364800347
1779236767.710000,2026/05/20-08:26:07.710,0.389051649306
1779236767.900000,2026/05/20-08:26:07.900,0.0728786892361
1779236768.100000,2026/05/20-08:26:08.100,0.237266710069
1779236768.300000,2026/05/20-08:26:08.300,-0.127674696181
1779236768.500000,2026/05/20-08:26:08.500,0.0794542100694
1779236768.750000,2026/05/20-08:26:08.750,0.250965711806
1779236768.940000,2026/05/20-08:26:08.940,0.0410970052083
1779236769.140000,2026/05/20-08:26:09.140,0.223567708333
1779236769.340000,2026/05/20-08:26:09.340,-0.164388020833
1779236769.550000,2026/05/20-08:26:09.550,-0.0663031684028
1779236769.740000,2026/05/20-08:26:09.740,-0.0115071614583
1779236769.990000,2026/05/20-08:26:09.990,-0.307405598958
1779236770.190000,2026/05/20-08:26:10.190,-0.163840060764
1779236770.390000,2026/05/20-08:26:10.390,0.0301378038194
1779236770.590000,2026/05/20-08:26:10.590,-0.0526041666667
1779236770.790000,2026/05/20-08:26:10.790,0.164935980903
1779236770.990000,2026/05/20-08:26:10.990,0.248225911458
1779236771.270000,2026/05/20-08:26:11.270,0.224663628472
1779236771.460000,2026/05/20-08:26:11.460,-0.20712890625
1779236771.660000,2026/05/20-08:26:11.660,0.0454806857639
1779236771.860000,2026/05/20-08:26:11.860,-0.0745225694444
1779236772.060000,2026/05/20-08:26:12.060,-0.0580837673611
1779236772.280000,2026/05/20-08:26:12.280,0.0339735243056
1779236772.540000,2026/05/20-08:26:12.540,0.0383572048611
1779236772.740000,2026/05/20-08:26:12.740,-0.0191786024306
1779236772.940000,2026/05/20-08:26:12.940,0.0328776041667
1779236773.140000,2026/05/20-08:26:13.140,-0.18740234375
1779236773.340000,2026/05/20-08:26:13.340,-0.0504123263889
1779236773.570000,2026/05/20-08:26:13.570,0.0624674479167
1779236773.820000,2026/05/20-08:26:13.820,-0.160552300347
1779236774.020000,2026/05/20-08:26:14.020,0.375900607639
1779236774.220000,2026/05/20-08:26:14.220,0.0728786892361
1779236774.420000,2026/05/20-08:26:14.420,0.253157552083
1779236774.620000,2026/05/20-08:26:14.620,0.155072699653
1779236774.850000,2026/05/20-08:26:14.850,-0.189046223958
1779236775.070000,2026/05/20-08:26:15.070,0.0810980902778
1779236775.260000,2026/05/20-08:26:15.260,0.0454806857639
1779236775.460000,2026/05/20-08:26:15.460,-0.0197265625
1779236775.660000,2026/05/20-08:26:15.660,0.0400010850694
1779236775.860000,2026/05/20-08:26:15.860,-0.0920572916667
1779236776.080000,2026/05/20-08:26:16.080,-0.0783582899306
1779236776.300000,2026/05/20-08:26:16.300,-0.244938151042
1779236776.500000,2026/05/20-08:26:16.500,-0.170415581597
1779236776.700000,2026/05/20-08:26:16.700,0.148497178819
1779236776.900000,2026/05/20-08:26:16.900,-0.0904134114583
1779236777.100000,2026/05/20-08:26:17.100,-0.237814670139
1779236777.320000,2026/05/20-08:26:17.320,-0.0619194878472
1779236777.540000,2026/05/20-08:26:17.540,0.141373697917
1779236777.740000,2026/05/20-08:26:17.740,0.0547960069444
1779236777.940000,2026/05/20-08:26:17.940,0.093701171875
1779236778.140000,2026/05/20-08:26:18.140,0.0208224826389
1779236778.340000,2026/05/20-08:26:18.340,0.198361545139
1779236778.580000,2026/05/20-08:26:18.580,-0.124934895833
1779236778.820000,2026/05/20-08:26:18.820,-0.0169867621528
1779236779.020000,2026/05/20-08:26:19.020,0.039453125
1779236779.220000,2026/05/20-08:26:19.220,0.178634982639
1779236779.420000,2026/05/20-08:26:19.420,0.150141059028
1779236779.620000,2026/05/20-08:26:19.620,-0.153428819444
1779236779.880000,2026/05/20-08:26:19.880,0.0805501302083
1779236780.110000,2026/05/20-08:26:20.110,-0.004931640625
1779236780.300000,2026/05/20-08:26:20.300,0.0290418836806
1779236780.510000,2026/05/20-08:26:20.510,0.130414496528
1779236780.710000,2026/05/20-08:26:20.710,-0.0558919270833
1779236780.900000,2026/05/20-08:26:20.900,-0.147401258681
1779236781.130000,2026/05/20-08:26:21.130,0.197813585069
1779236781.390000,2026/05/20-08:26:21.390,-0.0361653645833
1779236781.590000,2026/05/20-08:26:21.590,-0.339187282986
1779236781.790000,2026/05/20-08:26:21.790,-0.161100260417
1779236781.990000,2026/05/20-08:26:21.990,-0.0284939236111
1779236782.190000,2026/05/20-08:26:22.190,-0.223019748264
1779236782.450000,2026/05/20-08:26:22.450,-0.0208224826389
1779236782.660000,2026/05/20-08:26:22.660,-0.140277777778
1779236782.860000,2026/05/20-08:26:22.860,0.064111328125
1779236783.060000,2026/05/20-08:26:23.060,0.0180826822917
1779236783.260000,2026/05/20-08:26:23.260,-0.205485026042
1779236783.460000,2026/05/20-08:26:23.460,-0.450971137153
1779236783.730000,2026/05/20-08:26:23.730,-0.121099175347
1779236783.950000,2026/05/20-08:26:23.950,0.315077039931
1779236784.150000,2026/05/20-08:26:24.150,-0.10849609375
1779236784.350000,2026/05/20-08:26:24.350,0.38466796875
1779236784.550000,2026/05/20-08:26:24.550,0.0410970052083
1779236784.740000,2026/05/20-08:26:24.740,-0.215896267361
1779236784.990000,2026/05/20-08:26:24.990,0.110139973958
1779236785.180000,2026/05/20-08:26:25.180,0.0805501302083
1779236785.390000,2026/05/20-08:26:25.390,-0.185210503472
1779236785.580000,2026/05/20-08:26:25.580,0.125482855903
1779236785.790000,2026/05/20-08:26:25.790,0.160004340278
1779236785.990000,2026/05/20-08:26:25.990,0.318364800347
1779236786.230000,2026/05/20-08:26:26.230,0.156168619792
1779236786.420000,2026/05/20-08:26:26.420,0.129866536458
1779236786.620000,2026/05/20-08:26:26.620,0.255897352431
1779236786.830000,2026/05/20-08:26:26.830,0.193429904514
1779236787.030000,2026/05/20-08:26:27.030,0.0904134114583
1779236787.230000,2026/05/20-08:26:27.230,-0.205485026042
1779236787.500000,2026/05/20-08:26:27.500,0.0547960069444
1779236787.710000,2026/05/20-08:26:27.710,-0.30576171875
1779236787.910000,2026/05/20-08:26:27.910,-0.14794921875
1779236788.110000,2026/05/20-08:26:28.110,0.189046223958
1779236788.300000,2026/05/20-08:26:28.300,0.153428819444
1779236788.510000,2026/05/20-08:26:28.510,-0.0558919270833
1779236788.790000,2026/05/20-08:26:28.790,-0.141921657986
1779236788.980000,2026/05/20-08:26:28.980,-0.122743055556
1779236789.180000,2026/05/20-08:26:29.180,0.0794542100694
1779236789.390000,2026/05/20-08:26:29.390,-0.124934895833
1779236789.580000,2026/05/20-08:26:29.580,0.194525824653
1779236789.820000,2026/05/20-08:26:29.820,0.0734266493056
1779236790.070000,2026/05/20-08:26:30.070,-0.0400010850694
1779236790.270000,2026/05/20-08:26:30.270,-0.00821940104166
1779236790.470000,2026/05/20-08:26:30.470,-0.255349392361
1779236790.670000,2026/05/20-08:26:30.670,0.176991102431
1779236790.870000,2026/05/20-08:26:30.870,0.162744140625
1779236791.130000,2026/05/20-08:26:31.130,0.024658203125
1779236791.350000,2026/05/20-08:26:31.350,0.0761664496528
1779236791.550000,2026/05/20-08:26:31.550,0.0104112413194
1779236791.740000,2026/05/20-08:26:31.740,0.0805501302083
1779236791.950000,2026/05/20-08:26:31.950,0.190142144097
1779236792.150000,2026/05/20-08:26:32.150,-0.250965711806
1779236792.400000,2026/05/20-08:26:32.400,-0.0367133246528
1779236792.580000,2026/05/20-08:26:32.580,-0.134250217014
1779236792.790000,2026/05/20-08:26:32.790,0.0772623697917
1779236792.980000,2026/05/20-08:26:32.980,-0.0547960069444
1779236793.190000,2026/05/20-08:26:33.190,-0.459738498264
1779236793.390000,2026/05/20-08:26:33.390,-0.0553439670139
1779236793.640000,2026/05/20-08:26:33.640,-0.0673990885417
1779236793.870000,2026/05/20-08:26:33.870,-0.152332899306
1779236794.060000,2026/05/20-08:26:34.060,0.498643663194
1779236794.260000,2026/05/20-08:26:34.260,0.379188368056
1779236794.460000,2026/05/20-08:26:34.460,-0.292610677083
1779236794.670000,2026/05/20-08:26:34.670,-0.0383572048611
1779236794.950000,2026/05/20-08:26:34.950,0.0909613715278
1779236795.140000,2026/05/20-08:26:35.140,-0.0312337239583
1779236795.350000,2026/05/20-08:26:35.350,-0.107948133681
1779236795.550000,2026/05/20-08:26:35.550,0.0520562065972
1779236795.750000,2026/05/20-08:26:35.750,-0.356722005208
1779236795.950000,2026/05/20-08:26:35.950,-0.195621744792
1779236796.230000,2026/05/20-08:26:36.230,-0.0783582899306
1779236796.430000,2026/05/20-08:26:36.430,0.0339735243056
1779236796.630000,2026/05/20-08:26:36.630,0.161100260417
1779236796.830000,2026/05/20-08:26:36.830,-0.00821940104167
1779236797.030000,2026/05/20-08:26:37.030,0.0389051649306
1779236797.290000,2026/05/20-08:26:37.290,-0.0504123263889
1779236797.500000,2026/05/20-08:26:37.500,-0.115619574653
1779236797.700000,2026/05/20-08:26:37.700,0.014794921875
1779236797.900000,2026/05/20-08:26:37.900,0.336995442708
1779236798.100000,2026/05/20-08:26:38.100,-0.0487684461806
1779236798.300000,2026/05/20-08:26:38.300,-0.210964626736
1779236798.560000,2026/05/20-08:26:38.560,-0.0580837673611
1779236798.790000,2026/05/20-08:26:38.790,-0.180826822917
1779236798.990000,2026/05/20-08:26:38.990,-0.0465766059028
1779236799.190000,2026/05/20-08:26:39.190,0.121647135417
1779236799.390000,2026/05/20-08:26:39.390,0.0816460503472
1779236799.590000,2026/05/20-08:26:39.590,0.034521484375
1779236799.860000,2026/05/20-08:26:39.860,-0.250417751736
1779236800.070000,2026/05/20-08:26:40.070,-0.277815755208
1779236800.270000,2026/05/20-08:26:40.270,-0.202745225694
1779236800.470000,2026/05/20-08:26:40.470,0.300830078125
1779236800.660000,2026/05/20-08:26:40.660,0.130414496528
1779236800.870000,2026/05/20-08:26:40.870,0.278363715278
1779236801.120000,2026/05/20-08:26:41.120,-0.109044053819
1779236801.300000,2026/05/20-08:26:41.300,0.0224663628472
1779236801.500000,2026/05/20-08:26:41.500,-0.134798177083
1779236801.710000,2026/05/20-08:26:41.710,-0.217540147569
1779236801.910000,2026/05/20-08:26:41.910,-0.285487196181
1779236802.110000,2026/05/20-08:26:42.110,-0.275623914931
1779236802.380000,2026/05/20-08:26:42.380,-0.0421929253472
1779236802.590000,2026/05/20-08:26:42.590,0.134798177083
1779236802.790000,2026/05/20-08:26:42.790,-0.0131510416667
1779236802.980000,2026/05/20-08:26:42.980,-0.192333984375
1779236803.190000,2026/05/20-08:26:43.190,0.138633897569
1779236803.380000,2026/05/20-08:26:43.380,0.0816460503472
1779236803.650000,2026/05/20-08:26:43.650,-0.134798177083
1779236803.870000,2026/05/20-08:26:43.870,-0.0537000868056
1779236804.060000,2026/05/20-08:26:44.060,0.0142469618056
1779236804.270000,2026/05/20-08:26:44.270,-0.290418836806
1779236804.460000,2026/05/20-08:26:44.460,-0.463026258681
1779236804.670000,2026/05/20-08:26:44.670,0.161100260417
1779236804.930000,2026/05/20-08:26:44.930,-0.0591796875
1779236805.150000,2026/05/20-08:26:45.150,-0.303021918403
1779236805.350000,2026/05/20-08:26:45.350,-0.370968967014
1779236805.540000,2026/05/20-08:26:45.540,-0.568782552083
1779236805.750000,2026/05/20-08:26:45.750,-0.0482204861111
1779236805.950000,2026/05/20-08:26:45.950,0.0219184027778
1779236806.190000,2026/05/20-08:26:46.190,-0.134250217014
1779236806.390000,2026/05/20-08:26:46.390,0.083837890625
1779236806.590000,2026/05/20-08:26:46.590,0.137537977431
1779236806.790000,2026/05/20-08:26:46.790,0.174251302083
1779236806.990000,2026/05/20-08:26:46.990,0.494259982639
1779236807.190000,2026/05/20-08:26:47.190,0.104112413194
1779236807.470000,2026/05/20-08:26:47.470,0.162744140625
1779236807.670000,2026/05/20-08:26:47.670,0.153976779514
1779236807.870000,2026/05/20-08:26:47.870,-0.0717827690972
1779236808.060000,2026/05/20-08:26:48.060,-0.0279459635417
1779236808.270000,2026/05/20-08:26:48.270,-0.120551215278
1779236808.470000,2026/05/20-08:26:48.470,0.306309678819
1779236808.710000,2026/05/20-08:26:48.710,0.126030815972
1779236808.900000,2026/05/20-08:26:48.900,0.28603515625
1779236809.100000,2026/05/20-08:26:49.100,0.311241319444
1779236809.300000,2026/05/20-08:26:49.300,0.403298611111
1779236809.500000,2026/05/20-08:26:49.500,0.376448567708
1779236809.710000,2026/05/20-08:26:49.710,0.112331814236
1779236809.950000,2026/05/20-08:26:49.950,0.273980034722
1779236810.140000,2026/05/20-08:26:50.140,0.237266710069
1779236810.350000,2026/05/20-08:26:50.350,0.469601779514
1779236810.540000,2026/05/20-08:26:50.540,0.281651475694
1779236810.750000,2026/05/20-08:26:50.750,0.248225911458
1779236810.950000,2026/05/20-08:26:50.950,0.224115668403
1779236811.190000,2026/05/20-08:26:51.190,0.129866536458
1779236811.390000,2026/05/20-08:26:51.390,0.00876736111111
1779236811.590000,2026/05/20-08:26:51.590,-0.162196180556
1779236811.790000,2026/05/20-08:26:51.790,0.284391276042
1779236811.990000,2026/05/20-08:26:51.990,0.120551215278
1779236812.190000,2026/05/20-08:26:52.190,0.0460286458333
1779236812.430000,2026/05/20-08:26:52.430,0.338091362847
1779236812.630000,2026/05/20-08:26:52.630,-0.322200520833
1779236812.820000,2026/05/20-08:26:52.820,-4.33680868994e-17
1779236813.030000,2026/05/20-08:26:53.030,0.243842230903
1779236813.230000,2026/05/20-08:26:53.230,0.418093532986
1779236813.420000,2026/05/20-08:26:53.420,0.293158637153
1779236813.680000,2026/05/20-08:26:53.680,0.114523654514
1779236813.900000,2026/05/20-08:26:53.900,0.277267795139
1779236814.100000,2026/05/20-08:26:54.100,0.165483940972
1779236814.310000,2026/05/20-08:26:54.310,0.182470703125
1779236814.500000,2026/05/20-08:26:54.500,0.0734266493056
1779236814.700000,2026/05/20-08:26:54.700,-0.168771701389
1779236814.960000,2026/05/20-08:26:54.960,0.105208333333
1779236815.140000,2026/05/20-08:26:55.140,-0.203293185764
1779236815.350000,2026/05/20-08:26:55.350,0.0843858506944
1779236815.550000,2026/05/20-08:26:55.550,-0.481656901042
1779236815.750000,2026/05/20-08:26:55.750,0.0958930121528
1779236815.940000,2026/05/20-08:26:55.940,-0.0986328125
1779236816.160000,2026/05/20-08:26:56.160,0.0969889322917
1779236816.380000,2026/05/20-08:26:56.380,0.0673990885417
1779236816.580000,2026/05/20-08:26:56.580,-0.476177300347
1779236816.790000,2026/05/20-08:26:56.790,0.100824652778
1779236816.980000,2026/05/20-08:26:56.980,0.00164388020833
1779236817.190000,2026/05/20-08:26:57.190,-0.136442057292
1779236817.440000,2026/05/20-08:26:57.440,-0.0860297309028
1779236817.630000,2026/05/20-08:26:57.630,0.0104112413194
1779236817.830000,2026/05/20-08:26:57.830,-0.0268500434028
1779236818.030000,2026/05/20-08:26:58.030,-0.290418836806
1779236818.230000,2026/05/20-08:26:58.230,0.0728786892361
1779236818.430000,2026/05/20-08:26:58.430,0.144113498264
1779236818.650000,2026/05/20-08:26:58.650,0.265212673611
1779236818.900000,2026/05/20-08:26:58.900,0.120003255208
1779236819.100000,2026/05/20-08:26:59.100,0.0767144097222
1779236819.310000,2026/05/20-08:26:59.310,0.130414496528
1779236819.510000,2026/05/20-08:26:59.510,-0.160004340278
1779236819.700000,2026/05/20-08:26:59.700,-0.149593098958
1779236819.920000,2026/05/20-08:26:59.920,-0.073974609375
1779236820.150000,2026/05/20-08:27:00.150,-0.172607421875
1779236820.350000,2026/05/20-08:27:00.350,0.06904296875
1779236820.550000,2026/05/20-08:27:00.550,0.00383572048611
1779236820.750000,2026/05/20-08:27:00.750,-0.131510416667
1779236820.950000,2026/05/20-08:27:00.950,0.642209201389
1779236821.200000,2026/05/20-08:27:01.200,-0.114523654514
1779236821.430000,2026/05/20-08:27:01.430,-0.157264539931
1779236821.630000,2026/05/20-08:27:01.630,-0.0778103298611
1779236821.830000,2026/05/20-08:27:01.830,0.0400010850694
1779236822.030000,2026/05/20-08:27:02.030,-0.0832899305556
1779236822.230000,2026/05/20-08:27:02.230,0.322200520833
1779236822.480000,2026/05/20-08:27:02.480,-0.375900607639
1779236822.710000,2026/05/20-08:27:02.710,-0.0926052517361
1779236822.900000,2026/05/20-08:27:02.900,-0.0602756076389
1779236823.100000,2026/05/20-08:27:03.100,-0.0827419704861
1779236823.310000,2026/05/20-08:27:03.310,-0.0438368055556
1779236823.500000,2026/05/20-08:27:03.500,-0.0986328125
1779236823.770000,2026/05/20-08:27:03.770,0.269048394097
1779236823.990000,2026/05/20-08:27:03.990,-0.124386935764
1779236824.190000,2026/05/20-08:27:04.190,-0.129866536458
1779236824.390000,2026/05/20-08:27:04.390,0.0104112413194
1779236824.580000,2026/05/20-08:27:04.580,0.0575358072917
1779236824.780000,2026/05/20-08:27:04.780,-0.220827907986
1779236825.040000,2026/05/20-08:27:05.040,-0.083837890625
1779236825.230000,2026/05/20-08:27:05.230,0.181374782986
1779236825.430000,2026/05/20-08:27:05.430,0.0537000868056
1779236825.630000,2026/05/20-08:27:05.630,0.170963541667
1779236825.830000,2026/05/20-08:27:05.830,-0.118359375
1779236826.030000,2026/05/20-08:27:06.030,-0.064111328125
1779236826.280000,2026/05/20-08:27:06.280,-0.347954644097
1779236826.470000,2026/05/20-08:27:06.470,-0.160552300347
1779236826.670000,2026/05/20-08:27:06.670,0.0832899305556
1779236826.860000,2026/05/20-08:27:06.860,-0.298638237847
1779236827.060000,2026/05/20-08:27:07.060,-0.141921657986
1779236827.260000,2026/05/20-08:27:07.260,0.184114583333
1779236827.520000,2026/05/20-08:27:07.520,-0.227951388889
1779236827.700000,2026/05/20-08:27:07.700,-0.0778103298611
1779236827.900000,2026/05/20-08:27:07.900,-0.563850911458
1779236828.100000,2026/05/20-08:27:08.100,0.133702256944
1779236828.310000,2026/05/20-08:27:08.310,-0.0372612847222
1779236828.500000,2026/05/20-08:27:08.500,0.187950303819
1779236828.790000,2026/05/20-08:27:08.790,0.383572048611
1779236828.990000,2026/05/20-08:27:08.990,0.316172960069
1779236829.190000,2026/05/20-08:27:09.190,0.158360460069
1779236829.390000,2026/05/20-08:27:09.390,0.228499348958
1779236829.590000,2026/05/20-08:27:09.590,0.346858723958
1779236829.790000,2026/05/20-08:27:09.790,-0.495903862847
1779236830.070000,2026/05/20-08:27:10.070,0.0109592013889
1779236830.270000,2026/05/20-08:27:10.270,-0.0843858506944
1779236830.470000,2026/05/20-08:27:10.470,0.566042751736
1779236830.670000,2026/05/20-08:27:10.670,0.30576171875
1779236830.870000,2026/05/20-08:27:10.870,-0.249869791667
1779236831.100000,2026/05/20-08:27:11.100,-0.315077039931
1779236831.350000,2026/05/20-08:27:11.350,-0.0356174045139
1779236831.550000,2026/05/20-08:27:11.550,-0.0400010850694
1779236831.750000,2026/05/20-08:27:11.750,-0.0827419704861
1779236831.950000,2026/05/20-08:27:11.950,0.261924913194
1779236832.150000,2026/05/20-08:27:12.150,-0.1775390625
1779236832.400000,2026/05/20-08:27:12.400,0.396175130208
1779236832.630000,2026/05/20-08:27:12.630,0.0126030815972
1779236832.830000,2026/05/20-08:27:12.830,0.0509602864583
1779236833.030000,2026/05/20-08:27:13.030,-0.117263454861
1779236833.230000,2026/05/20-08:27:13.230,0.2169921875
1779236833.430000,2026/05/20-08:27:13.430,-0.214800347222
1779236833.640000,2026/05/20-08:27:13.640,-0.0767144097222
1779236833.910000,2026/05/20-08:27:13.910,0.267404513889
1779236834.110000,2026/05/20-08:27:14.110,0.103564453125
1779236834.300000,2026/05/20-08:27:14.300,0.137537977431
1779236834.510000,2026/05/20-08:27:14.510,-0.0668511284722
1779236834.710000,2026/05/20-08:27:14.710,-0.0356174045139
1779236834.980000,2026/05/20-08:27:14.980,-0.0706868489583
1779236835.190000,2026/05/20-08:27:15.190,-0.0679470486111
1779236835.390000,2026/05/20-08:27:15.390,-0.34521484375
1779236835.590000,2026/05/20-08:27:15.590,0.261376953125
1779236835.790000,2026/05/20-08:27:15.790,0.132606336806
1779236835.990000,2026/05/20-08:27:15.990,-0.227403428819
1779236836.200000,2026/05/20-08:27:16.200,0.391243489583
1779236836.430000,2026/05/20-08:27:16.430,0.0991807725694
1779236836.630000,2026/05/20-08:27:16.630,0.0334255642361
1779236836.830000,2026/05/20-08:27:16.830,0.117811414931
1779236837.030000,2026/05/20-08:27:17.030,0.00876736111111
1779236837.230000,2026/05/20-08:27:17.230,-0.0230143229167
1779236837.480000,2026/05/20-08:27:17.480,-0.00712348090278
1779236837.670000,2026/05/20-08:27:17.670,0.292610677083
1779236837.860000,2026/05/20-08:27:17.860,-0.004931640625
1779236838.060000,2026/05/20-08:27:18.060,-0.160552300347
1779236838.260000,2026/05/20-08:27:18.260,-0.255349392361
1779236838.460000,2026/05/20-08:27:18.460,-0.1578125
1779236838.680000,2026/05/20-08:27:18.680,0.0487684461806
1779236838.910000,2026/05/20-08:27:18.910,-0.158360460069
1779236839.110000,2026/05/20-08:27:19.110,-0.0926052517361
1779236839.300000,2026/05/20-08:27:19.300,0.437272135417
1779236839.510000,2026/05/20-08:27:19.510,0.103564453125
1779236839.700000,2026/05/20-08:27:19.700,0.136442057292
1779236839.990000,2026/05/20-08:27:19.990,-0.126030815972
1779236840.190000,2026/05/20-08:27:20.190,-0.0241102430556
1779236840.390000,2026/05/20-08:27:20.390,-0.0268500434028
1779236840.590000,2026/05/20-08:27:20.590,0.314529079861
1779236840.790000,2026/05/20-08:27:20.790,0.0158908420139
1779236840.990000,2026/05/20-08:27:20.990,-0.168771701389
1779236841.240000,2026/05/20-08:27:21.240,-0.0624674479167
1779236841.470000,2026/05/20-08:27:21.470,-0.00602756076389
1779236841.670000,2026/05/20-08:27:21.670,-0.109044053819
1779236841.870000,2026/05/20-08:27:21.870,-0.164388020833
1779236842.070000,2026/05/20-08:27:22.070,-0.120003255208
1779236842.270000,2026/05/20-08:27:22.270,0.296446397569
1779236842.530000,2026/05/20-08:27:22.530,-0.235622829861
1779236842.750000,2026/05/20-08:27:22.750,-0.202745225694
1779236842.950000,2026/05/20-08:27:22.950,0.401654730903
1779236843.150000,2026/05/20-08:27:23.150,-0.118907335069
1779236843.350000,2026/05/20-08:27:23.350,0.147401258681
1779236843.550000,2026/05/20-08:27:23.550,0.420833333333
1779236843.790000,2026/05/20-08:27:23.790,0.168771701389
1779236843.980000,2026/05/20-08:27:23.980,0.164388020833
1779236844.180000,2026/05/20-08:27:24.180,0.586317274306
1779236844.390000,2026/05/20-08:27:24.390,-0.0312337239583
1779236844.590000,2026/05/20-08:27:24.590,0.0706868489583
1779236844.790000,2026/05/20-08:27:24.790,0.181374782986
1779236845.040000,2026/05/20-08:27:25.040,0.0712348090278
1779236845.230000,2026/05/20-08:27:25.230,0.0619194878472
1779236845.430000,2026/05/20-08:27:25.430,0.258637152778
1779236845.630000,2026/05/20-08:27:25.630,0.196717664931
1779236845.830000,2026/05/20-08:27:25.830,-0.0460286458333
1779236846.030000,2026/05/20-08:27:26.030,0.227951388889
1779236846.280000,2026/05/20-08:27:26.280,0.0575358072917
1779236846.470000,2026/05/20-08:27:26.470,0.08876953125
1779236846.670000,2026/05/20-08:27:26.670,0.279459635417
1779236846.870000,2026/05/20-08:27:26.870,0.544672309028
1779236847.070000,2026/05/20-08:27:27.070,0.373160807292
1779236847.270000,2026/05/20-08:27:27.270,0.307953559028
1779236847.520000,2026/05/20-08:27:27.520,0.251513671875
1779236847.700000,2026/05/20-08:27:27.700,0.0197265625
1779236847.900000,2026/05/20-08:27:27.900,-0.0558919270833
1779236848.110000,2026/05/20-08:27:28.110,0.0783582899306
1779236848.310000,2026/05/20-08:27:28.310,0.0515082465278
1779236848.510000,2026/05/20-08:27:28.510,-0.131510416667
1779236848.710000,2026/05/20-08:27:28.710,0.537548828125
1779236848.950000,2026/05/20-08:27:28.950,0.109592013889
1779236849.140000,2026/05/20-08:27:29.140,0.162196180556
1779236849.350000,2026/05/20-08:27:29.350,0.0586317274306
1779236849.550000,2026/05/20-08:27:29.550,0.00109592013889
1779236849.750000,2026/05/20-08:27:29.750,-0.0756184895833
1779236849.970000,2026/05/20-08:27:29.970,0.174251302083
1779236850.180000,2026/05/20-08:27:30.180,0.138633897569
1779236850.390000,2026/05/20-08:27:30.390,0.249869791667
1779236850.590000,2026/05/20-08:27:30.590,0.116167534722
1779236850.790000,2026/05/20-08:27:30.790,-0.158908420139
1779236850.990000,2026/05/20-08:27:30.990,0.120551215278
1779236851.250000,2026/05/20-08:27:31.250,-0.207676866319
1779236851.470000,2026/05/20-08:27:31.470,0.06904296875
1779236851.670000,2026/05/20-08:27:31.670,0.0361653645833
1779236851.870000,2026/05/20-08:27:31.870,-0.0958930121528
1779236852.070000,2026/05/20-08:27:32.070,0.264664713542
1779236852.270000,2026/05/20-08:27:32.270,0.119455295139
1779236852.520000,2026/05/20-08:27:32.520,-0.202197265625
1779236852.710000,2026/05/20-08:27:32.710,0.100824652778
1779236852.910000,2026/05/20-08:27:32.910,-0.259733072917
1779236853.110000,2026/05/20-08:27:33.110,0.0191786024306
1779236853.310000,2026/05/20-08:27:33.310,-0.117263454861
1779236853.510000,2026/05/20-08:27:33.510,0.249321831597
1779236853.770000,2026/05/20-08:27:33.770,0.351242404514
1779236853.990000,2026/05/20-08:27:33.990,0.336447482639
1779236854.190000,2026/05/20-08:27:34.190,0.425217013889
1779236854.390000,2026/05/20-08:27:34.390,0.160552300347
1779236854.590000,2026/05/20-08:27:34.590,-0.104112413194
1779236854.790000,2026/05/20-08:27:34.790,0.218636067708
1779236855.040000,2026/05/20-08:27:35.040,-0.014794921875
1779236855.270000,2026/05/20-08:27:35.270,0.198909505208
1779236855.470000,2026/05/20-08:27:35.470,0.388503689236
1779236855.670000,2026/05/20-08:27:35.670,0.2564453125
1779236855.870000,2026/05/20-08:27:35.870,0.129318576389
1779236856.070000,2026/05/20-08:27:36.070,-0.0252061631944
1779236856.350000,2026/05/20-08:27:36.350,0.0367133246528
1779236856.550000,2026/05/20-08:27:36.550,0.193977864583
1779236856.750000,2026/05/20-08:27:36.750,-0.0750705295139
1779236856.940000,2026/05/20-08:27:36.940,-0.0482204861111
1779236857.150000,2026/05/20-08:27:37.150,0.217540147569
1779236857.350000,2026/05/20-08:27:37.350,0.109592013889
1779236857.630000,2026/05/20-08:27:37.630,0.06904296875
1779236857.830000,2026/05/20-08:27:37.830,-0.280555555556
1779236858.030000,2026/05/20-08:27:38.030,-0.469053819444
1779236858.230000,2026/05/20-08:27:38.230,-0.140825737847
1779236858.430000,2026/05/20-08:27:38.430,-0.0646592881944
1779236858.630000,2026/05/20-08:27:38.630,0.0854817708333
1779236858.910000,2026/05/20-08:27:38.910,0.0476725260417
1779236859.110000,2026/05/20-08:27:39.110,0.0893174913194
1779236859.310000,2026/05/20-08:27:39.310,-0.218636067708
1779236859.510000,2026/05/20-08:27:39.510,-0.168771701389
1779236859.710000,2026/05/20-08:27:39.710,-0.176443142361
1779236859.930000,2026/05/20-08:27:39.930,-0.07890625
1779236860.190000,2026/05/20-08:27:40.190,0.145209418403
1779236860.380000,2026/05/20-08:27:40.380,0.0186306423611
1779236860.580000,2026/05/20-08:27:40.580,0.238362630208
1779236860.790000,2026/05/20-08:27:40.790,0.0756184895833
1779236860.980000,2026/05/20-08:27:40.980,-0.101372612847
1779236861.260000,2026/05/20-08:27:41.260,0.110139973958
1779236861.470000,2026/05/20-08:27:41.470,-0.100824652778
1779236861.670000,2026/05/20-08:27:41.670,0.234526909722
1779236861.870000,2026/05/20-08:27:41.870,0.139729817708
1779236862.070000,2026/05/20-08:27:42.070,0.0191786024306
1779236862.270000,2026/05/20-08:27:42.270,0.518918185764
1779236862.530000,2026/05/20-08:27:42.530,-0.0805501302083
1779236862.750000,2026/05/20-08:27:42.750,-0.253705512153
1779236862.950000,2026/05/20-08:27:42.950,0.109592013889
1779236863.150000,2026/05/20-08:27:43.150,0.0783582899306
1779236863.350000,2026/05/20-08:27:43.350,0.039453125
1779236863.550000,2026/05/20-08:27:43.550,0.32548828125
1779236863.830000,2026/05/20-08:27:43.830,0.0241102430556
1779236864.030000,2026/05/20-08:27:44.030,-0.166031901042
1779236864.230000,2026/05/20-08:27:44.230,0.170963541667
1779236864.430000,2026/05/20-08:27:44.430,-0.0175347222222
1779236864.630000,2026/05/20-08:27:44.630,-0.0706868489583
1779236864.830000,2026/05/20-08:27:44.830,0.0586317274306
1779236865.110000,2026/05/20-08:27:45.110,0.107948133681
1779236865.310000,2026/05/20-08:27:45.310,0.265212673611
1779236865.510000,2026/05/20-08:27:45.510,0.182470703125
1779236865.710000,2026/05/20-08:27:45.710,0.28603515625
1779236865.910000,2026/05/20-08:27:45.910,-0.317268880208
1779236866.120000,2026/05/20-08:27:46.120,-0.0810980902778
1779236866.390000,2026/05/20-08:27:46.390,-0.317816840278
1779236866.590000,2026/05/20-08:27:46.590,-0.024658203125
1779236866.790000,2026/05/20-08:27:46.790,0.380832248264
1779236866.980000,2026/05/20-08:27:46.980,0.024658203125
1779236867.190000,2026/05/20-08:27:47.190,-0.0164388020833
1779236867.410000,2026/05/20-08:27:47.410,0.179730902778
1779236867.670000,2026/05/20-08:27:47.670,0.347406684028
1779236867.870000,2026/05/20-08:27:47.870,0.204389105903
1779236868.060000,2026/05/20-08:27:48.060,0.0871256510417
1779236868.270000,2026/05/20-08:27:48.270,0.245486111111
1779236868.470000,2026/05/20-08:27:48.470,0.034521484375
1779236868.730000,2026/05/20-08:27:48.730,0.230691189236
1779236868.950000,2026/05/20-08:27:48.950,0.229595269097
1779236869.150000,2026/05/20-08:27:49.150,0.14794921875
1779236869.350000,2026/05/20-08:27:49.350,-0.452615017361
1779236869.540000,2026/05/20-08:27:49.540,-0.257541232639
1779236869.750000,2026/05/20-08:27:49.750,-0.338091362847
1779236870.010000,2026/05/20-08:27:50.010,-0.151784939236
1779236870.230000,2026/05/20-08:27:50.230,0.257541232639
1779236870.430000,2026/05/20-08:27:50.430,-0.054248046875
1779236870.630000,2026/05/20-08:27:50.630,0.0986328125
1779236870.830000,2026/05/20-08:27:50.830,-0.195621744792
1779236871.030000,2026/05/20-08:27:51.030,-0.235622829861
1779236871.270000,2026/05/20-08:27:51.270,-0.225211588542
1779236871.470000,2026/05/20-08:27:51.470,0.361653645833
1779236871.670000,2026/05/20-08:27:51.670,0.190690104167
1779236871.870000,2026/05/20-08:27:51.870,-0.161100260417
1779236872.060000,2026/05/20-08:27:52.060,0.00767144097222
1779236872.270000,2026/05/20-08:27:52.270,0.217540147569
1779236872.550000,2026/05/20-08:27:52.550,0.0301378038194
1779236872.750000,2026/05/20-08:27:52.750,0.284939236111
1779236872.950000,2026/05/20-08:27:52.950,0.151236979167
1779236873.150000,2026/05/20-08:27:53.150,0.117811414931
1779236873.350000,2026/05/20-08:27:53.350,0.350146484375
1779236873.560000,2026/05/20-08:27:53.560,0.193429904514
1779236873.830000,2026/05/20-08:27:53.830,0.255897352431
1779236874.030000,2026/05/20-08:27:54.030,0.329324001736
1779236874.230000,2026/05/20-08:27:54.230,-0.313433159722
1779236874.430000,2026/05/20-08:27:54.430,-0.327680121528
1779236874.630000,2026/05/20-08:27:54.630,0.280555555556
1779236874.890000,2026/05/20-08:27:54.890,0.127674696181
1779236875.110000,2026/05/20-08:27:55.110,-0.144113498264
1779236875.310000,2026/05/20-08:27:55.310,0.195621744792
1779236875.510000,2026/05/20-08:27:55.510,-0.265760633681
1779236875.710000,2026/05/20-08:27:55.710,-0.372612847222
1779236875.910000,2026/05/20-08:27:55.910,-0.151236979167
1779236876.160000,2026/05/20-08:27:56.160,-0.377544487847
1779236876.390000,2026/05/20-08:27:56.390,-0.538644748264
1779236876.590000,2026/05/20-08:27:56.590,0.285487196181
1779236876.790000,2026/05/20-08:27:56.790,0.0624674479167
1779236876.990000,2026/05/20-08:27:56.990,0.163292100694
1779236877.190000,2026/05/20-08:27:57.190,-0.0750705295139
1779236877.440000,2026/05/20-08:27:57.440,-0.236170789931
1779236877.630000,2026/05/20-08:27:57.630,-0.264664713542
1779236877.830000,2026/05/20-08:27:57.830,-0.421381293403
1779236878.030000,2026/05/20-08:27:58.030,-0.0460286458333
1779236878.230000,2026/05/20-08:27:58.230,0.278363715278
1779236878.430000,2026/05/20-08:27:58.430,-0.369873046875
1779236878.680000,2026/05/20-08:27:58.680,-0.105756293403
1779236878.870000,2026/05/20-08:27:58.870,0.298090277778
1779236879.070000,2026/05/20-08:27:59.070,-0.0191786024306
1779236879.270000,2026/05/20-08:27:59.270,-0.126578776042
1779236879.470000,2026/05/20-08:27:59.470,0.133154296875
1779236879.670000,2026/05/20-08:27:59.670,-0.111235894097
1779236879.920000,2026/05/20-08:27:59.920,0.143017578125
1779236880.150000,2026/05/20-08:28:00.150,0.335899522569
1779236880.350000,2026/05/20-08:28:00.350,0.0964409722222
1779236880.550000,2026/05/20-08:28:00.550,0.166031901042
1779236880.750000,2026/05/20-08:28:00.750,0.18740234375
1779236880.950000,2026/05/20-08:28:00.950,0.0575358072917
1779236881.230000,2026/05/20-08:28:01.230,0.174799262153
1779236881.430000,2026/05/20-08:28:01.430,0.0169867621528
1779236881.630000,2026/05/20-08:28:01.630,0.0416449652778
1779236881.830000,2026/05/20-08:28:01.830,-0.0635633680556
1779236882.030000,2026/05/20-08:28:02.030,0.164388020833
1779236882.230000,2026/05/20-08:28:02.230,-0.105756293403
1779236882.480000,2026/05/20-08:28:02.480,0.241650390625
1779236882.670000,2026/05/20-08:28:02.670,-0.213156467014
1779236882.870000,2026/05/20-08:28:02.870,-0.273432074653
1779236883.070000,2026/05/20-08:28:03.070,-0.180278862847
1779236883.270000,2026/05/20-08:28:03.270,0.303021918403
1779236883.470000,2026/05/20-08:28:03.470,0.0219184027778
1779236883.720000,2026/05/20-08:28:03.720,0.366585286458
1779236883.910000,2026/05/20-08:28:03.910,-0.134250217014
1779236884.110000,2026/05/20-08:28:04.110,-0.288226996528
1779236884.310000,2026/05/20-08:28:04.310,-0.0131510416667
1779236884.510000,2026/05/20-08:28:04.510,-0.0350694444444
1779236884.710000,2026/05/20-08:28:04.710,-0.0898654513889
1779236884.970000,2026/05/20-08:28:04.970,-0.120551215278
1779236885.190000,2026/05/20-08:28:05.190,-0.0575358072917
1779236885.390000,2026/05/20-08:28:05.390,0.181922743056
1779236885.580000,2026/05/20-08:28:05.580,0.00273980034722
1779236885.790000,2026/05/20-08:28:05.790,0.104112413194
1779236885.990000,2026/05/20-08:28:05.990,-0.467409939236
1779236886.270000,2026/05/20-08:28:06.270,-0.147401258681
1779236886.470000,2026/05/20-08:28:06.470,-0.265760633681
1779236886.670000,2026/05/20-08:28:06.670,-0.0591796875
1779236886.870000,2026/05/20-08:28:06.870,0.180278862847
1779236887.060000,2026/05/20-08:28:07.060,0.183018663194
1779236887.270000,2026/05/20-08:28:07.270,-0.0405490451389
1779236887.520000,2026/05/20-08:28:07.520,-0.0843858506944
1779236887.710000,2026/05/20-08:28:07.710,-0.0471245659722
1779236887.910000,2026/05/20-08:28:07.910,-0.220827907986
1779236888.110000,2026/05/20-08:28:08.110,0.0997287326389
1779236888.310000,2026/05/20-08:28:08.310,0.171511501736
1779236888.510000,2026/05/20-08:28:08.510,-0.261376953125
1779236888.760000,2026/05/20-08:28:08.760,-0.07890625
1779236888.990000,2026/05/20-08:28:08.990,-0.0745225694444
1779236889.190000,2026/05/20-08:28:09.190,-0.0931532118056
1779236889.390000,2026/05/20-08:28:09.390,-0.213704427083
1779236889.590000,2026/05/20-08:28:09.590,0.0619194878472
1779236889.790000,2026/05/20-08:28:09.790,-0.0208224826389
1779236890.040000,2026/05/20-08:28:10.040,0.308501519097
1779236890.270000,2026/05/20-08:28:10.270,0.421381293403
1779236890.470000,2026/05/20-08:28:10.470,0.319460720486
1779236890.670000,2026/05/20-08:28:10.670,0.144113498264
1779236890.870000,2026/05/20-08:28:10.870,-0.0131510416667
1779236891.070000,2026/05/20-08:28:11.070,0.208772786458
1779236891.290000,2026/05/20-08:28:11.290,-0.08876953125
1779236891.550000,2026/05/20-08:28:11.550,-0.100824652778
1779236891.750000,2026/05/20-08:28:11.750,0.174251302083
1779236891.950000,2026/05/20-08:28:11.950,-0.126030815972
1779236892.140000,2026/05/20-08:28:12.140,0.00328776041667
1779236892.350000,2026/05/20-08:28:12.350,0.492616102431
1779236892.630000,2026/05/20-08:28:12.630,0.064111328125
1779236892.830000,2026/05/20-08:28:12.830,0.0449327256944
1779236893.030000,2026/05/20-08:28:13.030,-0.204937065972
1779236893.230000,2026/05/20-08:28:13.230,-0.0405490451389
1779236893.430000,2026/05/20-08:28:13.430,3.46944695195e-15
1779236893.630000,2026/05/20-08:28:13.630,0.132606336806
1779236893.900000,2026/05/20-08:28:13.900,0.0416449652778
1779236894.110000,2026/05/20-08:28:14.110,-0.102468532986
1779236894.310000,2026/05/20-08:28:14.310,-0.117811414931
1779236894.510000,2026/05/20-08:28:14.510,-0.0290418836806
1779236894.710000,2026/05/20-08:28:14.710,-0.121647135417
1779236894.930000,2026/05/20-08:28:14.930,-0.131510416667
1779236895.190000,2026/05/20-08:28:15.190,0.127674696181
1779236895.390000,2026/05/20-08:28:15.390,-0.0104112413194
1779236895.590000,2026/05/20-08:28:15.590,0.0471245659722
1779236895.790000,2026/05/20-08:28:15.790,-0.0197265625
1779236895.990000,2026/05/20-08:28:15.990,0.114523654514
1779236896.270000,2026/05/20-08:28:16.270,0.0964409722222
1779236896.470000,2026/05/20-08:28:16.470,0.274527994792
1779236896.670000,2026/05/20-08:28:16.670,0.0734266493056
1779236896.870000,2026/05/20-08:28:16.870,-0.153976779514
1779236897.070000,2026/05/20-08:28:17.070,0.239458550347
1779236897.270000,2026/05/20-08:28:17.270,-0.150689019097
1779236897.550000,2026/05/20-08:28:17.550,-0.355626085069
1779236897.750000,2026/05/20-08:28:17.750,0.144113498264
1779236897.950000,2026/05/20-08:28:17.950,0.26630859375
1779236898.150000,2026/05/20-08:28:18.150,0.0202745225694
1779236898.350000,2026/05/20-08:28:18.350,0.00109592013889
1779236898.550000,2026/05/20-08:28:18.550,0.0597276475694
1779236898.800000,2026/05/20-08:28:18.800,-0.0712348090278
1779236898.990000,2026/05/20-08:28:18.990,-0.218636067708
1779236899.190000,2026/05/20-08:28:19.190,0.174251302083
1779236899.390000,2026/05/20-08:28:19.390,-0.0180826822917
1779236899.590000,2026/05/20-08:28:19.590,-0.00273980034722
1779236899.790000,2026/05/20-08:28:19.790,0.0383572048611
1779236900.050000,2026/05/20-08:28:20.050,-0.215348307292
1779236900.270000,2026/05/20-08:28:20.270,0.275623914931
1779236900.470000,2026/05/20-08:28:20.470,-0.260281032986
1779236900.670000,2026/05/20-08:28:20.670,-0.333707682292
1779236900.870000,2026/05/20-08:28:20.870,-0.256993272569
1779236901.070000,2026/05/20-08:28:21.070,-0.151784939236
1779236901.320000,2026/05/20-08:28:21.320,-0.136442057292
1779236901.550000,2026/05/20-08:28:21.550,0.171511501736
1779236901.750000,2026/05/20-08:28:21.750,-0.135346137153
1779236901.950000,2026/05/20-08:28:21.950,0.244938151042
1779236902.150000,2026/05/20-08:28:22.150,0.0706868489583
1779236902.350000,2026/05/20-08:28:22.350,0.0942491319444
1779236902.610000,2026/05/20-08:28:22.610,-0.0515082465278
1779236902.830000,2026/05/20-08:28:22.830,-0.150689019097
1779236903.030000,2026/05/20-08:28:23.030,0.396175130208
1779236903.230000,2026/05/20-08:28:23.230,0.2169921875
1779236903.430000,2026/05/20-08:28:23.430,0.316720920139
1779236903.630000,2026/05/20-08:28:23.630,-0.0679470486111
1779236903.880000,2026/05/20-08:28:23.880,0.290966796875
1779236904.070000,2026/05/20-08:28:24.070,-0.205485026042
1779236904.270000,2026/05/20-08:28:24.270,0.0827419704861
1779236904.470000,2026/05/20-08:28:24.470,0.340283203125
1779236904.670000,2026/05/20-08:28:24.670,-0.226307508681
1779236904.870000,2026/05/20-08:28:24.870,0.119455295139
1779236905.120000,2026/05/20-08:28:25.120,-0.261924913194
1779236905.310000,2026/05/20-08:28:25.310,-0.0158908420139
1779236905.510000,2026/05/20-08:28:25.510,0.0120551215278
1779236905.710000,2026/05/20-08:28:25.710,-0.127126736111
1779236905.910000,2026/05/20-08:28:25.910,0.302473958333
1779236906.110000,2026/05/20-08:28:26.110,0.04931640625
1779236906.370000,2026/05/20-08:28:26.370,-0.0602756076389
1779236906.550000,2026/05/20-08:28:26.550,-0.154524739583
1779236906.750000,2026/05/20-08:28:26.750,-0.0706868489583
1779236906.950000,2026/05/20-08:28:26.950,0.185210503472
1779236907.150000,2026/05/20-08:28:27.150,-0.300830078125
1779236907.350000,2026/05/20-08:28:27.350,-0.310693359375
1779236907.590000,2026/05/20-08:28:27.590,-0.174799262153
1779236907.790000,2026/05/20-08:28:27.790,-0.316172960069
1779236907.990000,2026/05/20-08:28:27.990,0.139181857639
1779236908.190000,2026/05/20-08:28:28.190,0.113427734375
1779236908.390000,2026/05/20-08:28:28.390,-0.0767144097222
1779236908.590000,2026/05/20-08:28:28.590,0.373708767361
1779236908.830000,2026/05/20-08:28:28.830,-0.150689019097
1779236909.030000,2026/05/20-08:28:29.030,-0.196169704861
1779236909.230000,2026/05/20-08:28:29.230,0.166579861111
1779236909.430000,2026/05/20-08:28:29.430,0.0460286458333
1779236909.630000,2026/05/20-08:28:29.630,-0.314529079861
1779236909.830000,2026/05/20-08:28:29.830,0.169319661458
1779236910.070000,2026/05/20-08:28:30.070,0.0405490451389
1779236910.270000,2026/05/20-08:28:30.270,-0.320008680556
1779236910.470000,2026/05/20-08:28:30.470,-0.134798177083
1779236910.670000,2026/05/20-08:28:30.670,-0.204937065972
1779236910.870000,2026/05/20-08:28:30.870,-0.228499348958
1779236911.070000,2026/05/20-08:28:31.070,0.137537977431
1779236911.320000,2026/05/20-08:28:31.320,-0.255897352431
1779236911.510000,2026/05/20-08:28:31.510,-0.1578125
1779236911.710000,2026/05/20-08:28:31.710,-0.0109592013889
1779236911.910000,2026/05/20-08:28:31.910,-0.0142469618056
1779236912.110000,2026/05/20-08:28:32.110,0.214800347222
1779236912.310000,2026/05/20-08:28:32.310,-0.282747395833
1779236912.580000,2026/05/20-08:28:32.580,-0.103564453125
1779236912.790000,2026/05/20-08:28:32.790,0.103564453125
1779236912.990000,2026/05/20-08:28:32.990,0.116715494792
1779236913.190000,2026/05/20-08:28:33.190,0.172059461806
1779236913.390000,2026/05/20-08:28:33.390,2.08166817117e-15
1779236913.590000,2026/05/20-08:28:33.590,0.179730902778
1779236913.850000,2026/05/20-08:28:33.850,0.0410970052083
1779236914.070000,2026/05/20-08:28:34.070,0.28603515625
1779236914.270000,2026/05/20-08:28:34.270,0.0421929253472
1779236914.470000,2026/05/20-08:28:34.470,-0.0273980034722
1779236914.670000,2026/05/20-08:28:34.670,0.100276692708
1779236914.870000,2026/05/20-08:28:34.870,0.0657552083333
1779236915.120000,2026/05/20-08:28:35.120,0.143565538194
1779236915.310000,2026/05/20-08:28:35.310,-0.231239149306
1779236915.510000,2026/05/20-08:28:35.510,-0.184662543403
1779236915.710000,2026/05/20-08:28:35.710,-0.194525824653
1779236915.910000,2026/05/20-08:28:35.910,-0.190142144097
1779236916.110000,2026/05/20-08:28:36.110,0.04931640625
1779236916.320000,2026/05/20-08:28:36.320,-0.395079210069
1779236916.550000,2026/05/20-08:28:36.550,-0.265760633681
1779236916.750000,2026/05/20-08:28:36.750,0.493712022569
1779236916.950000,2026/05/20-08:28:36.950,-0.475629340278
1779236917.150000,2026/05/20-08:28:37.150,0.249869791667
1779236917.350000,2026/05/20-08:28:37.350,-0.143565538194
1779236917.570000,2026/05/20-08:28:37.570,-0.235622829861
1779236917.830000,2026/05/20-08:28:37.830,0.0400010850694
1779236918.030000,2026/05/20-08:28:38.030,0.291514756944
1779236918.230000,2026/05/20-08:28:38.230,0.0991807725694
1779236918.430000,2026/05/20-08:28:38.430,0.004931640625
1779236918.630000,2026/05/20-08:28:38.630,0.375352647569
1779236918.890000,2026/05/20-08:28:38.890,0.0712348090278
1779236919.110000,2026/05/20-08:28:39.110,0.0405490451389
1779236919.310000,2026/05/20-08:28:39.310,0.0109592013889
1779236919.510000,2026/05/20-08:28:39.510,0.130414496528
1779236919.710000,2026/05/20-08:28:39.710,0.0279459635417
1779236919.910000,2026/05/20-08:28:39.910,-0.105208333333
1779236920.170000,2026/05/20-08:28:40.170,-0.110139973958
1779236920.390000,2026/05/20-08:28:40.390,0.0312337239583
1779236920.590000,2026/05/20-08:28:40.590,-0.0383572048611
1779236920.790000,2026/05/20-08:28:40.790,0.034521484375
1779236920.990000,2026/05/20-08:28:40.990,0.06904296875
1779236921.190000,2026/05/20-08:28:41.190,0.294254557292
1779236921.430000,2026/05/20-08:28:41.430,-0.00712348090278
1779236921.630000,2026/05/20-08:28:41.630,0.164388020833
1779236921.830000,2026/05/20-08:28:41.830,-0.244390190972
1779236922.030000,2026/05/20-08:28:42.030,-0.0410970052083
1779236922.230000,2026/05/20-08:28:42.230,0.234526909722
1779236922.430000,2026/05/20-08:28:42.430,0.0471245659722
1779236922.680000,2026/05/20-08:28:42.680,-0.100824652778
1779236922.870000,2026/05/20-08:28:42.870,-0.0942491319444
1779236923.070000,2026/05/20-08:28:43.070,-0.0372612847222
1779236923.270000,2026/05/20-08:28:43.270,-0.073974609375
1779236923.470000,2026/05/20-08:28:43.470,-0.00986328125
1779236923.670000,2026/05/20-08:28:43.670,0.0432888454861
1779236923.950000,2026/05/20-08:28:43.950,-0.0723307291667
1779236924.150000,2026/05/20-08:28:44.150,-0.275623914931
1779236924.350000,2026/05/20-08:28:44.350,0.185210503472
1779236924.550000,2026/05/20-08:28:44.550,0.310693359375
1779236924.750000,2026/05/20-08:28:44.750,-0.157264539931
1779236924.950000,2026/05/20-08:28:44.950,0.0821940104167
1779236925.230000,2026/05/20-08:28:45.230,0.100824652778
1779236925.430000,2026/05/20-08:28:45.430,-0.148497178819
1779236925.630000,2026/05/20-08:28:45.630,-0.186854383681
1779236925.830000,2026/05/20-08:28:45.830,-0.351242404514
1779236926.030000,2026/05/20-08:28:46.030,-0.491520182292
1779236926.240000,2026/05/20-08:28:46.240,0.296446397569
1779236926.510000,2026/05/20-08:28:46.510,-0.324392361111
1779236926.710000,2026/05/20-08:28:46.710,0.133702256944
1779236926.910000,2026/05/20-08:28:46.910,-0.0213704427083
1779236927.110000,2026/05/20-08:28:47.110,-0.00383572048611
1779236927.310000,2026/05/20-08:28:47.310,-0.0263020833333
1779236927.520000,2026/05/20-08:28:47.520,0.0432888454861
1779236927.790000,2026/05/20-08:28:47.790,0.141921657986
1779236927.990000,2026/05/20-08:28:47.990,-0.164388020833
1779236928.190000,2026/05/20-08:28:48.190,-0.0893174913194
1779236928.390000,2026/05/20-08:28:48.390,0.0969889322917
1779236928.590000,2026/05/20-08:28:48.590,-0.0537000868056
1779236928.860000,2026/05/20-08:28:48.860,-0.0619194878472
1779236929.070000,2026/05/20-08:28:49.070,-0.116167534722
1779236929.270000,2026/05/20-08:28:49.270,0.0136990017361
1779236929.470000,2026/05/20-08:28:49.470,0.0635633680556
1779236929.670000,2026/05/20-08:28:49.670,-0.0202745225694
1779236929.870000,2026/05/20-08:28:49.870,-0.0630154079861
1779236930.150000,2026/05/20-08:28:50.150,-0.275075954861
1779236930.350000,2026/05/20-08:28:50.350,0.264664713542
1779236930.550000,2026/05/20-08:28:50.550,-0.0980848524306
1779236930.750000,2026/05/20-08:28:50.750,-0.00273980034722
1779236930.950000,2026/05/20-08:28:50.950,-0.0520562065972
1779236931.150000,2026/05/20-08:28:51.150,-0.120551215278
1779236931.430000,2026/05/20-08:28:51.430,0.0142469618056
1779236931.630000,2026/05/20-08:28:51.630,0.293158637153
1779236931.830000,2026/05/20-08:28:51.830,0.341379123264
1779236932.030000,2026/05/20-08:28:52.030,-0.0783582899306
1779236932.230000,2026/05/20-08:28:52.230,-0.0871256510417
1779236932.450000,2026/05/20-08:28:52.450,0.2169921875
1779236932.710000,2026/05/20-08:28:52.710,-0.313433159722
1779236932.910000,2026/05/20-08:28:52.910,0.130962456597
1779236933.110000,2026/05/20-08:28:53.110,0.00273980034722
1779236933.310000,2026/05/20-08:28:53.310,0.213704427083
1779236933.510000,2026/05/20-08:28:53.510,0.158360460069
1779236933.780000,2026/05/20-08:28:53.780,0.217540147569
1779236933.990000,2026/05/20-08:28:53.990,0.214800347222
1779236934.190000,2026/05/20-08:28:54.190,-0.0476725260417
1779236934.390000,2026/05/20-08:28:54.390,-0.0202745225695
1779236934.590000,2026/05/20-08:28:54.590,0.260828993056
1779236934.790000,2026/05/20-08:28:54.790,-0.0783582899306
1779236934.990000,2026/05/20-08:28:54.990,0.255349392361
1779236935.230000,2026/05/20-08:28:55.230,0.0695909288194
1779236935.430000,2026/05/20-08:28:55.430,-0.423573133681
1779236935.630000,2026/05/20-08:28:55.630,-0.319460720486
1779236935.830000,2026/05/20-08:28:55.830,-0.256993272569
1779236936.030000,2026/05/20-08:28:56.030,-0.0290418836806
1779236936.260000,2026/05/20-08:28:56.260,0.0805501302083
1779236936.510000,2026/05/20-08:28:56.510,0.0235622829861
1779236936.710000,2026/05/20-08:28:56.710,-0.299186197917
1779236936.910000,2026/05/20-08:28:56.910,-0.157264539931
1779236937.110000,2026/05/20-08:28:57.110,-0.280555555556
1779236937.310000,2026/05/20-08:28:57.310,0.054248046875
1779236937.570000,2026/05/20-08:28:57.570,-0.107948133681
1779236937.790000,2026/05/20-08:28:57.790,0.0306857638889
1779236937.990000,2026/05/20-08:28:57.990,0.034521484375
1779236938.190000,2026/05/20-08:28:58.190,0.140825737847
1779236938.390000,2026/05/20-08:28:58.390,0.0750705295139
1779236938.590000,2026/05/20-08:28:58.590,0.355626085069
1779236938.840000,2026/05/20-08:28:58.840,-0.220827907986
1779236939.030000,2026/05/20-08:28:59.030,-0.195621744792
1779236939.230000,2026/05/20-08:28:59.230,-0.272336154514
1779236939.430000,2026/05/20-08:28:59.430,-0.438916015625
1779236939.630000,2026/05/20-08:28:59.630,0.164935980903
1779236939.830000,2026/05/20-08:28:59.830,0.0986328125
1779236940.070000,2026/05/20-08:29:00.070,0.115619574653
1779236940.270000,2026/05/20-08:29:00.270,0.0158908420139
1779236940.470000,2026/05/20-08:29:00.470,0.0460286458333
1779236940.670000,2026/05/20-08:29:00.670,-0.219184027778
1779236940.870000,2026/05/20-08:29:00.870,-0.260828993056
1779236941.070000,2026/05/20-08:29:01.070,-0.233430989583
1779236941.350000,2026/05/20-08:29:01.350,0.0142469618056
1779236941.550000,2026/05/20-08:29:01.550,-0.230143229167
1779236941.750000,2026/05/20-08:29:01.750,-0.0268500434028
1779236941.950000,2026/05/20-08:29:01.950,0.139181857639
1779236942.150000,2026/05/20-08:29:02.150,-0.110687934028
1779236942.350000,2026/05/20-08:29:02.350,0.0526041666667
1779236942.630000,2026/05/20-08:29:02.630,0.321652560764
1779236942.830000,2026/05/20-08:29:02.830,-0.311241319444
1779236943.030000,2026/05/20-08:29:03.030,-0.0306857638889
1779236943.230000,2026/05/20-08:29:03.230,0.157264539931
1779236943.430000,2026/05/20-08:29:03.430,-0.230691189236
1779236943.640000,2026/05/20-08:29:03.640,0.0810980902778
1779236943.910000,2026/05/20-08:29:03.910,0.0723307291667
1779236944.110000,2026/05/20-08:29:04.110,-0.355078125
1779236944.310000,2026/05/20-08:29:04.310,-0.00328776041667
1779236944.510000,2026/05/20-08:29:04.510,-0.113427734375
1779236944.710000,2026/05/20-08:29:04.710,-0.293706597222
1779236944.930000,2026/05/20-08:29:04.930,-0.312337239583
1779236945.190000,2026/05/20-08:29:05.190,-0.0449327256944
1779236945.390000,2026/05/20-08:29:05.390,-0.117811414931
1779236945.590000,2026/05/20-08:29:05.590,-0.0624674479167
1779236945.790000,2026/05/20-08:29:05.790,-0.254801432292
1779236945.990000,2026/05/20-08:29:05.990,-0.0843858506944
1779236946.250000,2026/05/20-08:29:06.250,-0.1578125
1779236946.470000,2026/05/20-08:29:06.470,-0.0191786024306
1779236946.670000,2026/05/20-08:29:06.670,0.350694444444
1779236946.870000,2026/05/20-08:29:06.870,-0.141373697917
1779236947.070000,2026/05/20-08:29:07.070,0.0219184027778
1779236947.270000,2026/05/20-08:29:07.270,0.0635633680556
1779236947.480000,2026/05/20-08:29:07.480,-0.138633897569
1779236947.710000,2026/05/20-08:29:07.710,0.142469618056
1779236947.910000,2026/05/20-08:29:07.910,-0.0421929253472
1779236948.110000,2026/05/20-08:29:08.110,-0.279459635417
1779236948.310000,2026/05/20-08:29:08.310,0.0213704427083
1779236948.510000,2026/05/20-08:29:08.510,0.391243489583
1779236948.790000,2026/05/20-08:29:08.790,0.0673990885417
1779236948.990000,2026/05/20-08:29:08.990,-0.0257541232639
1779236949.190000,2026/05/20-08:29:09.190,-0.0186306423611
1779236949.390000,2026/05/20-08:29:09.390,-0.0465766059028
1779236949.590000,2026/05/20-08:29:09.590,0.23671875
1779236949.790000,2026/05/20-08:29:09.790,0.0361653645833
1779236950.070000,2026/05/20-08:29:10.070,0.004931640625
1779236950.270000,2026/05/20-08:29:10.270,0.0460286458333
1779236950.470000,2026/05/20-08:29:10.470,-0.256993272569
1779236950.670000,2026/05/20-08:29:10.670,-0.0263020833333
1779236950.870000,2026/05/20-08:29:10.870,-0.273432074653
1779236951.070000,2026/05/20-08:29:11.070,-0.073974609375
1779236951.350000,2026/05/20-08:29:11.350,0.02958984375
1779236951.550000,2026/05/20-08:29:11.550,-0.130962456597
1779236951.750000,2026/05/20-08:29:11.750,0.253705512153
1779236951.950000,2026/05/20-08:29:11.950,-0.272884114583
1779236952.150000,2026/05/20-08:29:12.150,0.0564398871528
1779236952.370000,2026/05/20-08:29:12.370,-0.278363715278
1779236952.630000,2026/05/20-08:29:12.630,-0.103564453125
1779236952.830000,2026/05/20-08:29:12.830,0.263568793403
1779236953.030000,2026/05/20-08:29:13.030,-0.120003255208
1779236953.230000,2026/05/20-08:29:13.230,0.0531521267361
1779236953.430000,2026/05/20-08:29:13.430,0.198909505208
1779236953.650000,2026/05/20-08:29:13.650,-0.201649305556
1779236953.910000,2026/05/20-08:29:13.910,0.0547960069444
1779236954.110000,2026/05/20-08:29:14.110,-0.0158908420139
1779236954.310000,2026/05/20-08:29:14.310,0.250965711806
1779236954.510000,2026/05/20-08:29:14.510,0.208224826389
1779236954.710000,2026/05/20-08:29:14.710,-0.02958984375
1779236954.960000,2026/05/20-08:29:14.960,-0.000547960069445
1779236955.190000,2026/05/20-08:29:15.190,0.0920572916667
1779236955.390000,2026/05/20-08:29:15.390,0.103564453125
1779236955.590000,2026/05/20-08:29:15.590,-0.223019748264
1779236955.790000,2026/05/20-08:29:15.790,-0.367133246528
1779236955.990000,2026/05/20-08:29:15.990,-0.132058376736
1779236956.200000,2026/05/20-08:29:16.200,0.144661458333
1779236956.430000,2026/05/20-08:29:16.430,-0.0202745225694
1779236956.630000,2026/05/20-08:29:16.630,-0.0816460503472
1779236956.830000,2026/05/20-08:29:16.830,0.00547960069445
1779236957.030000,2026/05/20-08:29:17.030,-0.218636067708
1779236957.230000,2026/05/20-08:29:17.230,0.192881944444
1779236957.450000,2026/05/20-08:29:17.450,0.0504123263889
1779236957.710000,2026/05/20-08:29:17.710,-0.0306857638889
1779236957.910000,2026/05/20-08:29:17.910,-0.0942491319444
1779236958.110000,2026/05/20-08:29:18.110,-0.167127821181
1779236958.310000,2026/05/20-08:29:18.310,-0.0153428819444
1779236958.510000,2026/05/20-08:29:18.510,-0.179730902778
1779236958.720000,2026/05/20-08:29:18.720,-0.303569878472
1779236958.950000,2026/05/20-08:29:18.950,-0.401106770833
1779236959.150000,2026/05/20-08:29:19.150,-0.111235894097
1779236959.350000,2026/05/20-08:29:19.350,0.0498643663194
1779236959.550000,2026/05/20-08:29:19.550,-0.300830078125
1779236959.750000,2026/05/20-08:29:19.750,-0.0164388020833
1779236959.990000,2026/05/20-08:29:19.990,0.0547960069444
1779236960.230000,2026/05/20-08:29:20.230,0.0120551215278
1779236960.430000,2026/05/20-08:29:20.430,-0.247677951389
1779236960.630000,2026/05/20-08:29:20.630,-0.138633897569
1779236960.830000,2026/05/20-08:29:20.830,0.138633897569
1779236961.030000,2026/05/20-08:29:21.030,-0.116167534722
1779236961.240000,2026/05/20-08:29:21.240,-0.173155381944
1779236961.470000,2026/05/20-08:29:21.470,0.212608506944
1779236961.670000,2026/05/20-08:29:21.670,0.378640407986
1779236961.870000,2026/05/20-08:29:21.870,-0.192881944444
1779236962.070000,2026/05/20-08:29:22.070,0.175895182292
1779236962.270000,2026/05/20-08:29:22.270,-0.0328776041667
1779236962.480000,2026/05/20-08:29:22.480,0.172607421875
1779236962.710000,2026/05/20-08:29:22.710,-0.0306857638889
1779236962.910000,2026/05/20-08:29:22.910,-0.102468532986
1779236963.110000,2026/05/20-08:29:23.110,-0.0219184027778
1779236963.310000,2026/05/20-08:29:23.310,0.191238064236
1779236963.510000,2026/05/20-08:29:23.510,0.180278862847
1779236963.710000,2026/05/20-08:29:23.710,0.0586317274306
1779236963.990000,2026/05/20-08:29:23.990,0.0361653645833
1779236964.190000,2026/05/20-08:29:24.190,0.106852213542
1779236964.390000,2026/05/20-08:29:24.390,0.170415581597
1779236964.590000,2026/05/20-08:29:24.590,-0.368777126736
1779236964.790000,2026/05/20-08:29:24.790,-0.322200520833
1779236965.000000,2026/05/20-08:29:25.000,0.107400173611
1779236965.270000,2026/05/20-08:29:25.270,0.315625
1779236965.470000,2026/05/20-08:29:25.470,-0.393983289931
1779236965.670000,2026/05/20-08:29:25.670,0.0306857638889
1779236965.870000,2026/05/20-08:29:25.870,0.117263454861
1779236966.070000,2026/05/20-08:29:26.070,0.14794921875
1779236966.280000,2026/05/20-08:29:26.280,0.149593098958
1779236966.550000,2026/05/20-08:29:26.550,-0.0334255642361
1779236966.750000,2026/05/20-08:29:26.750,-0.054248046875
1779236966.950000,2026/05/20-08:29:26.950,0.117263454861
1779236967.150000,2026/05/20-08:29:27.150,-0.0487684461806
1779236967.350000,2026/05/20-08:29:27.350,-0.100824652778
1779236967.610000,2026/05/20-08:29:27.610,-0.0175347222222
1779236967.830000,2026/05/20-08:29:27.830,-0.0904134114583
1779236968.030000,2026/05/20-08:29:28.030,0.140277777778
1779236968.230000,2026/05/20-08:29:28.230,-0.0915093315972
1779236968.430000,2026/05/20-08:29:28.430,0.336447482639
1779236968.630000,2026/05/20-08:29:28.630,0.153428819444
1779236968.880000,2026/05/20-08:29:28.880,0.0652072482639
1779236969.070000,2026/05/20-08:29:29.070,-0.0668511284722
1779236969.270000,2026/05/20-08:29:29.270,0.0646592881944
1779236969.470000,2026/05/20-08:29:29.470,-0.192333984375
1779236969.670000,2026/05/20-08:29:29.670,0.225211588542
1779236969.870000,2026/05/20-08:29:29.870,0.198909505208
1779236970.150000,2026/05/20-08:29:30.150,-0.224663628472
1779236970.350000,2026/05/20-08:29:30.350,0.0136990017361
1779236970.550000,2026/05/20-08:29:30.550,0.0109592013889
1779236970.750000,2026/05/20-08:29:30.750,-0.0301378038194
1779236970.950000,2026/05/20-08:29:30.950,-0.255897352431
1779236971.150000,2026/05/20-08:29:31.150,0.149045138889
1779236971.430000,2026/05/20-08:29:31.430,-0.152880859375
1779236971.630000,2026/05/20-08:29:31.630,-0.0772623697917
1779236971.830000,2026/05/20-08:29:31.830,-0.313433159722
1779236972.030000,2026/05/20-08:29:32.030,-0.00328776041666
1779236972.230000,2026/05/20-08:29:32.230,0.04931640625
1779236972.450000,2026/05/20-08:29:32.450,-0.115071614583
1779236972.710000,2026/05/20-08:29:32.710,0.283295355903
1779236972.910000,2026/05/20-08:29:32.910,-0.117263454861
1779236973.110000,2026/05/20-08:29:33.110,-0.201101345486
1779236973.310000,2026/05/20-08:29:33.310,0.276171875
1779236973.510000,2026/05/20-08:29:33.510,-0.172059461806
1779236973.730000,2026/05/20-08:29:33.730,0.163840060764
1779236973.950000,2026/05/20-08:29:33.950,0.197265625
1779236974.150000,2026/05/20-08:29:34.150,-0.14794921875
1779236974.350000,2026/05/20-08:29:34.350,0.201649305556
1779236974.550000,2026/05/20-08:29:34.550,-0.08876953125
1779236974.750000,2026/05/20-08:29:34.750,0.308501519097
1779236974.970000,2026/05/20-08:29:34.970,-0.0778103298611
1779236975.230000,2026/05/20-08:29:35.230,0.291514756944
1779236975.430000,2026/05/20-08:29:35.430,-0.0728786892361
1779236975.630000,2026/05/20-08:29:35.630,-0.0131510416667
1779236975.830000,2026/05/20-08:29:35.830,-0.458094618056
1779236976.030000,2026/05/20-08:29:36.030,0.0564398871528
1779236976.290000,2026/05/20-08:29:36.290,-0.16767578125
1779236976.510000,2026/05/20-08:29:36.510,0.186854383681
1779236976.710000,2026/05/20-08:29:36.710,-0.427956814236
1779236976.910000,2026/05/20-08:29:36.910,0.0712348090278
1779236977.110000,2026/05/20-08:29:37.110,-0.151236979167
1779236977.310000,2026/05/20-08:29:37.310,0.0389051649306
1779236977.580000,2026/05/20-08:29:37.580,-0.109044053819
1779236977.790000,2026/05/20-08:29:37.790,-0.191238064236
1779236977.990000,2026/05/20-08:29:37.990,-0.00821940104167
1779236978.190000,2026/05/20-08:29:38.190,0.0531521267361
1779236978.390000,2026/05/20-08:29:38.390,0.363845486111
1779236978.590000,2026/05/20-08:29:38.590,-0.004931640625
1779236978.840000,2026/05/20-08:29:38.840,0.287131076389
1779236979.030000,2026/05/20-08:29:39.030,-0.00328776041667
1779236979.230000,2026/05/20-08:29:39.230,0.121647135417
1779236979.430000,2026/05/20-08:29:39.430,-0.0706868489583
1779236979.630000,2026/05/20-08:29:39.630,-0.124386935764
1779236979.830000,2026/05/20-08:29:39.830,0.208224826389
1779236980.090000,2026/05/20-08:29:40.090,0.441655815972
1779236980.270000,2026/05/20-08:29:40.270,0.139729817708
1779236980.470000,2026/05/20-08:29:40.470,0.0460286458333
1779236980.670000,2026/05/20-08:29:40.670,0.113427734375
1779236980.870000,2026/05/20-08:29:40.870,-0.190142144097
1779236981.070000,2026/05/20-08:29:41.070,0.0378092447917
1779236981.340000,2026/05/20-08:29:41.340,-0.0854817708333
1779236981.550000,2026/05/20-08:29:41.550,0.109592013889
1779236981.750000,2026/05/20-08:29:41.750,-0.200553385417
1779236981.950000,2026/05/20-08:29:41.950,-0.0284939236111
1779236982.150000,2026/05/20-08:29:42.150,-0.233978949653
1779236982.350000,2026/05/20-08:29:42.350,-0.118907335069
1779236982.560000,2026/05/20-08:29:42.560,0.0158908420139
1779236982.790000,2026/05/20-08:29:42.790,-0.0449327256944
1779236982.990000,2026/05/20-08:29:42.990,-0.0695909288194
1779236983.190000,2026/05/20-08:29:43.190,-0.0224663628472
1779236983.390000,2026/05/20-08:29:43.390,0.277815755208
1779236983.590000,2026/05/20-08:29:43.590,0.237814670139
1779236983.800000,2026/05/20-08:29:43.800,-0.209868706597
1779236984.030000,2026/05/20-08:29:44.030,-0.117263454861
1779236984.230000,2026/05/20-08:29:44.230,-0.448779296875
1779236984.430000,2026/05/20-08:29:44.430,-0.288226996528
1779236984.630000,2026/05/20-08:29:44.630,-0.224115668403
1779236984.830000,2026/05/20-08:29:44.830,-0.1380859375
1779236985.090000,2026/05/20-08:29:45.090,0.0372612847222
1779236985.310000,2026/05/20-08:29:45.310,0.0591796875
1779236985.510000,2026/05/20-08:29:45.510,0.197813585069
1779236985.710000,2026/05/20-08:29:45.710,-0.18740234375
1779236985.910000,2026/05/20-08:29:45.910,0.0569878472222
1779236986.110000,2026/05/20-08:29:46.110,0.120551215278
1779236986.350000,2026/05/20-08:29:46.350,0.04931640625
1779236986.550000,2026/05/20-08:29:46.550,0.372612847222
1779236986.750000,2026/05/20-08:29:46.750,0.155620659722
1779236986.950000,2026/05/20-08:29:46.950,0.375900607639
1779236987.150000,2026/05/20-08:29:47.150,0.219731987847
1779236987.350000,2026/05/20-08:29:47.350,0.105208333333
1779236987.620000,2026/05/20-08:29:47.620,-0.0235622829861
1779236987.830000,2026/05/20-08:29:47.830,0.275623914931
1779236988.030000,2026/05/20-08:29:48.030,-0.064111328125
1779236988.230000,2026/05/20-08:29:48.230,0.248773871528
1779236988.430000,2026/05/20-08:29:48.430,0.0569878472222
1779236988.630000,2026/05/20-08:29:48.630,-0.0191786024306
1779236988.890000,2026/05/20-08:29:48.890,-0.352886284722
1779236989.110000,2026/05/20-08:29:49.110,0.104660373264
1779236989.310000,2026/05/20-08:29:49.310,-0.196169704861
1779236989.510000,2026/05/20-08:29:49.510,0.0602756076389
1779236989.710000,2026/05/20-08:29:49.710,0.537548828125
1779236989.910000,2026/05/20-08:29:49.910,-0.0947970920139
1779236990.190000,2026/05/20-08:29:50.190,-0.230691189236
1779236990.390000,2026/05/20-08:29:50.390,-0.0356174045139
1779236990.590000,2026/05/20-08:29:50.590,0.100276692708
1779236990.790000,2026/05/20-08:29:50.790,0.145757378472
1779236990.990000,2026/05/20-08:29:50.990,0.264116753472
1779236991.210000,2026/05/20-08:29:51.210,-0.276719835069
1779236991.470000,2026/05/20-08:29:51.470,0.350146484375
1779236991.670000,2026/05/20-08:29:51.670,0.320008680556
1779236991.870000,2026/05/20-08:29:51.870,-0.214252387153
1779236992.070000,2026/05/20-08:29:52.070,-0.154524739583
1779236992.270000,2026/05/20-08:29:52.270,0.227403428819
1779236992.520000,2026/05/20-08:29:52.520,-0.0465766059028
1779236992.750000,2026/05/20-08:29:52.750,-0.0805501302083
1779236992.950000,2026/05/20-08:29:52.950,0.322200520833
1779236993.150000,2026/05/20-08:29:53.150,0.109592013889
1779236993.350000,2026/05/20-08:29:53.350,0.155620659722
1779236993.550000,2026/05/20-08:29:53.550,-0.0761664496528
1779236993.810000,2026/05/20-08:29:53.810,0.0668511284722
1779236994.030000,2026/05/20-08:29:54.030,-0.174799262153
1779236994.230000,2026/05/20-08:29:54.230,0.0372612847222
1779236994.430000,2026/05/20-08:29:54.430,0.0400010850694
1779236994.630000,2026/05/20-08:29:54.630,0.243842230903
1779236994.830000,2026/05/20-08:29:54.830,-0.181922743056
1779236995.090000,2026/05/20-08:29:55.090,0.0460286458333
1779236995.310000,2026/05/20-08:29:55.310,0.312337239583
1779236995.510000,2026/05/20-08:29:55.510,-0.100824652778
1779236995.710000,2026/05/20-08:29:55.710,-0.00164388020833
1779236995.910000,2026/05/20-08:29:55.910,0.00767144097223
1779236996.110000,2026/05/20-08:29:56.110,0.387407769097
1779236996.360000,2026/05/20-08:29:56.360,-0.064111328125
1779236996.590000,2026/05/20-08:29:56.590,-0.173703342014
1779236996.790000,2026/05/20-08:29:56.790,0.277815755208
1779236996.990000,2026/05/20-08:29:56.990,0.128770616319
1779236997.190000,2026/05/20-08:29:57.190,-0.107948133681
1779236997.390000,2026/05/20-08:29:57.390,0.0635633680556
1779236997.640000,2026/05/20-08:29:57.640,-0.0487684461806
1779236997.830000,2026/05/20-08:29:57.830,0.0383572048611
1779236998.030000,2026/05/20-08:29:58.030,0.213704427083
1779236998.230000,2026/05/20-08:29:58.230,0.121099175347
1779236998.430000,2026/05/20-08:29:58.430,0.509602864583
1779236998.630000,2026/05/20-08:29:58.630,-0.0778103298611
1779236998.880000,2026/05/20-08:29:58.880,-0.0312337239583
1779236999.070000,2026/05/20-08:29:59.070,-0.0241102430556
1779236999.270000,2026/05/20-08:29:59.270,0.181922743056
1779236999.470000,2026/05/20-08:29:59.470,-0.117811414931
1779236999.670000,2026/05/20-08:29:59.670,-0.213156467014
1779236999.870000,2026/05/20-08:29:59.870,-0.100276692708
1779237000.120000,2026/05/20-08:30:00.120,-0.130962456597
1779237000.310000,2026/05/20-08:30:00.310,-0.0334255642361
1779237000.510000,2026/05/20-08:30:00.510,-0.173703342014
1779237000.710000,2026/05/20-08:30:00.710,0.0526041666667
1779237000.910000,2026/05/20-08:30:00.910,-0.140277777778
1779237001.110000,2026/05/20-08:30:01.110,-0.105208333333
1779237001.370000,2026/05/20-08:30:01.370,-0.180278862847
1779237001.550000,2026/05/20-08:30:01.550,-0.0717827690972
1779237001.750000,2026/05/20-08:30:01.750,-0.204937065972
1779237001.950000,2026/05/20-08:30:01.950,-0.136990017361
1779237002.150000,2026/05/20-08:30:02.150,-0.107400173611
1779237002.350000,2026/05/20-08:30:02.350,0.00767144097222
1779237002.600000,2026/05/20-08:30:02.600,-0.204389105903
1779237002.790000,2026/05/20-08:30:02.790,-0.0361653645833
1779237002.990000,2026/05/20-08:30:02.990,0.0487684461806
1779237003.190000,2026/05/20-08:30:03.190,0.0767144097222
1779237003.390000,2026/05/20-08:30:03.390,0.240554470486
1779237003.590000,2026/05/20-08:30:03.590,0.093701171875
1779237003.850000,2026/05/20-08:30:03.850,0.293158637153
1779237004.070000,2026/05/20-08:30:04.070,0.40439453125
1779237004.270000,2026/05/20-08:30:04.270,0.330967881944
1779237004.470000,2026/05/20-08:30:04.470,0.202197265625
1779237004.670000,2026/05/20-08:30:04.670,0.54248046875
1779237004.870000,2026/05/20-08:30:04.870,0.203841145833
1779237005.120000,2026/05/20-08:30:05.120,0.258089192708
1779237005.310000,2026/05/20-08:30:05.310,0.0608235677083
1779237005.510000,2026/05/20-08:30:05.510,0.221375868056
1779237005.710000,2026/05/20-08:30:05.710,0.323844401042
1779237005.910000,2026/05/20-08:30:05.910,0.168771701389
1779237006.110000,2026/05/20-08:30:06.110,0.0953450520833
1779237006.370000,2026/05/20-08:30:06.370,0.118907335069
1779237006.590000,2026/05/20-08:30:06.590,0.00931532118056
1779237006.790000,2026/05/20-08:30:06.790,0.0531521267361
1779237006.990000,2026/05/20-08:30:06.990,-0.129866536458
1779237007.190000,2026/05/20-08:30:07.190,0.0657552083333
1779237007.390000,2026/05/20-08:30:07.390,0.195621744792
1779237007.630000,2026/05/20-08:30:07.630,-0.0558919270833
1779237007.830000,2026/05/20-08:30:07.830,0.146305338542
1779237008.030000,2026/05/20-08:30:08.030,0.308501519097
1779237008.230000,2026/05/20-08:30:08.230,-0.247677951389
1779237008.430000,2026/05/20-08:30:08.430,-0.204389105903
1779237008.630000,2026/05/20-08:30:08.630,-0.151784939236
1779237008.910000,2026/05/20-08:30:08.910,-0.0745225694444
1779237009.110000,2026/05/20-08:30:09.110,0.196169704861
1779237009.310000,2026/05/20-08:30:09.310,-0.386311848958
1779237009.510000,2026/05/20-08:30:09.510,0.0756184895833
1779237009.710000,2026/05/20-08:30:09.710,0.0460286458333
1779237009.920000,2026/05/20-08:30:09.920,-0.121099175347
1779237010.190000,2026/05/20-08:30:10.190,-0.0361653645833
1779237010.390000,2026/05/20-08:30:10.390,-0.175895182292
1779237010.590000,2026/05/20-08:30:10.590,-0.503575303819
1779237010.790000,2026/05/20-08:30:10.790,-0.102468532986
1779237010.990000,2026/05/20-08:30:10.990,-0.275623914931
1779237011.220000,2026/05/20-08:30:11.220,-0.237814670139
1779237011.470000,2026/05/20-08:30:11.470,0.300830078125
1779237011.670000,2026/05/20-08:30:11.670,0.311789279514
1779237011.870000,2026/05/20-08:30:11.870,0.133154296875
1779237012.070000,2026/05/20-08:30:12.070,0.183566623264
1779237012.270000,2026/05/20-08:30:12.270,0.164388020833
1779237012.540000,2026/05/20-08:30:12.540,-0.161100260417
1779237012.750000,2026/05/20-08:30:12.750,-0.0602756076389
1779237012.950000,2026/05/20-08:30:12.950,-0.073974609375
1779237013.150000,2026/05/20-08:30:13.150,0.292062717014
1779237013.350000,2026/05/20-08:30:13.350,-0.0405490451389
1779237013.550000,2026/05/20-08:30:13.550,0.163840060764
1779237013.830000,2026/05/20-08:30:13.830,-0.0241102430556
1779237014.030000,2026/05/20-08:30:14.030,0.116167534722
1779237014.230000,2026/05/20-08:30:14.230,-0.233978949653
1779237014.430000,2026/05/20-08:30:14.430,0.107400173611
1779237014.630000,2026/05/20-08:30:14.630,0.112331814236
1779237014.830000,2026/05/20-08:30:14.830,-0.0849338107639
1779237015.110000,2026/05/20-08:30:15.110,-0.166579861111
1779237015.310000,2026/05/20-08:30:15.310,-0.152880859375
1779237015.510000,2026/05/20-08:30:15.510,-0.0515082465278
1779237015.710000,2026/05/20-08:30:15.710,0.0810980902778
1779237015.910000,2026/05/20-08:30:15.910,0.00547960069444
1779237016.120000,2026/05/20-08:30:16.120,0.0608235677083
1779237016.390000,2026/05/20-08:30:16.390,0.172059461806
1779237016.590000,2026/05/20-08:30:16.590,0.0104112413194
1779237016.790000,2026/05/20-08:30:16.790,0.223567708333
1779237016.990000,2026/05/20-08:30:16.990,0.0136990017361
1779237017.190000,2026/05/20-08:30:17.190,0.132058376736
1779237017.420000,2026/05/20-08:30:17.420,0.2564453125
1779237017.670000,2026/05/20-08:30:17.670,-0.334255642361
1779237017.870000,2026/05/20-08:30:17.870,-0.138633897569
1779237018.070000,2026/05/20-08:30:18.070,0.381928168403
1779237018.270000,2026/05/20-08:30:18.270,-0.287679036458
1779237018.470000,2026/05/20-08:30:18.470,-0.159456380208
1779237018.740000,2026/05/20-08:30:18.740,0.00438368055555
1779237018.950000,2026/05/20-08:30:18.950,0.257541232639
1779237019.150000,2026/05/20-08:30:19.150,0.0882215711806
1779237019.350000,2026/05/20-08:30:19.350,-0.122743055556
1779237019.550000,2026/05/20-08:30:19.550,0.155620659722
1779237019.750000,2026/05/20-08:30:19.750,0.02958984375
1779237020.000000,2026/05/20-08:30:20.000,-0.193977864583
1779237020.190000,2026/05/20-08:30:20.190,-0.0920572916667
1779237020.390000,2026/05/20-08:30:20.390,-0.0865776909722
1779237020.590000,2026/05/20-08:30:20.590,-0.328776041667
1779237020.790000,2026/05/20-08:30:20.790,0.212608506944
1779237020.990000,2026/05/20-08:30:20.990,0.242198350694
1779237021.250000,2026/05/20-08:30:21.250,0.0635633680556
1779237021.470000,2026/05/20-08:30:21.470,0.275623914931
1779237021.670000,2026/05/20-08:30:21.670,0.0586317274306
1779237021.870000,2026/05/20-08:30:21.870,-0.386311848958
1779237022.070000,2026/05/20-08:30:22.070,0.0953450520833
1779237022.270000,2026/05/20-08:30:22.270,0.259185112847
1779237022.520000,2026/05/20-08:30:22.520,0.352338324653
1779237022.710000,2026/05/20-08:30:22.710,-0.0619194878472
1779237022.910000,2026/05/20-08:30:22.910,-0.064111328125
1779237023.110000,2026/05/20-08:30:23.110,0.0783582899306
1779237023.310000,2026/05/20-08:30:23.310,-0.155072699653
1779237023.510000,2026/05/20-08:30:23.510,-0.0767144097222
1779237023.790000,2026/05/20-08:30:23.790,-0.173703342014
1779237023.990000,2026/05/20-08:30:23.990,-0.173703342014
1779237024.190000,2026/05/20-08:30:24.190,-0.157264539931
1779237024.390000,2026/05/20-08:30:24.390,-0.0301378038194
1779237024.590000,2026/05/20-08:30:24.590,-0.170963541667
1779237024.790000,2026/05/20-08:30:24.790,-0.138633897569
1779237025.070000,2026/05/20-08:30:25.070,-0.0920572916667
1779237025.270000,2026/05/20-08:30:25.270,-0.145209418403
1779237025.470000,2026/05/20-08:30:25.470,-0.451519097222
1779237025.670000,2026/05/20-08:30:25.670,-0.0558919270833
1779237025.870000,2026/05/20-08:30:25.870,0.219184027778
1779237026.100000,2026/05/20-08:30:26.100,-0.332611762153
1779237026.310000,2026/05/20-08:30:26.310,-0.171511501736
1779237026.510000,2026/05/20-08:30:26.510,0.00986328125
1779237026.710000,2026/05/20-08:30:26.710,0.00383572048611
1779237026.910000,2026/05/20-08:30:26.910,-0.466861979167
1779237027.110000,2026/05/20-08:30:27.110,0.228499348958
1779237027.350000,2026/05/20-08:30:27.350,0.0800021701389
1779237027.590000,2026/05/20-08:30:27.590,0.0427408854167
1779237027.790000,2026/05/20-08:30:27.790,0.240554470486
1779237027.990000,2026/05/20-08:30:27.990,-0.120551215278
1779237028.190000,2026/05/20-08:30:28.190,0.229047309028
1779237028.390000,2026/05/20-08:30:28.390,0.0723307291667
1779237028.640000,2026/05/20-08:30:28.640,0.133702256944
1779237028.870000,2026/05/20-08:30:28.870,-0.146305338542
1779237029.070000,2026/05/20-08:30:29.070,0.0821940104167
1779237029.270000,2026/05/20-08:30:29.270,-0.07890625
1779237029.470000,2026/05/20-08:30:29.470,0.034521484375
1779237029.670000,2026/05/20-08:30:29.670,0.230143229167
1779237029.960000,2026/05/20-08:30:29.960,0.243294270833
1779237030.150000,2026/05/20-08:30:30.150,0.222471788194
1779237030.350000,2026/05/20-08:30:30.350,0.30576171875
1779237030.550000,2026/05/20-08:30:30.550,-0.390147569444
1779237030.750000,2026/05/20-08:30:30.750,-0.0186306423611
1779237030.950000,2026/05/20-08:30:30.950,0.165483940972
1779237031.230000,2026/05/20-08:30:31.230,-0.264116753472
1779237031.430000,2026/05/20-08:30:31.430,0.00383572048611
1779237031.630000,2026/05/20-08:30:31.630,-0.429600694444
1779237031.830000,2026/05/20-08:30:31.830,0.242198350694
1779237032.030000,2026/05/20-08:30:32.030,-0.261376953125
1779237032.230000,2026/05/20-08:30:32.230,-0.111235894097
1779237032.480000,2026/05/20-08:30:32.480,-0.141921657986
1779237032.670000,2026/05/20-08:30:32.670,-0.0953450520833
1779237032.870000,2026/05/20-08:30:32.870,-0.310145399306
1779237033.070000,2026/05/20-08:30:33.070,0.083837890625
1779237033.270000,2026/05/20-08:30:33.270,0.16767578125
1779237033.470000,2026/05/20-08:30:33.470,-0.0367133246528
1779237033.750000,2026/05/20-08:30:33.750,-0.263568793403
1779237033.950000,2026/05/20-08:30:33.950,-0.0136990017361
1779237034.150000,2026/05/20-08:30:34.150,-0.0120551215278
1779237034.350000,2026/05/20-08:30:34.350,0.024658203125
1779237034.550000,2026/05/20-08:30:34.550,0.129866536458
1779237034.750000,2026/05/20-08:30:34.750,-0.121647135417
1779237035.010000,2026/05/20-08:30:35.010,-0.0213704427083
1779237035.230000,2026/05/20-08:30:35.230,-0.252609592014
1779237035.430000,2026/05/20-08:30:35.430,0.0602756076389
1779237035.630000,2026/05/20-08:30:35.630,-0.369325086806
1779237035.830000,2026/05/20-08:30:35.830,-0.0383572048611
1779237036.030000,2026/05/20-08:30:36.030,-0.073974609375
1779237036.310000,2026/05/20-08:30:36.310,0.118359375
1779237036.510000,2026/05/20-08:30:36.510,0.311789279514
1779237036.710000,2026/05/20-08:30:36.710,-0.20712890625
1779237036.910000,2026/05/20-08:30:36.910,0.161648220486
1779237037.110000,2026/05/20-08:30:37.110,0.112331814236
1779237037.330000,2026/05/20-08:30:37.330,-0.504123263889
1779237037.590000,2026/05/20-08:30:37.590,0.0383572048611
1779237037.790000,2026/05/20-08:30:37.790,-0.326036241319
1779237037.990000,2026/05/20-08:30:37.990,0.163292100694
1779237038.190000,2026/05/20-08:30:38.190,-0.332063802083
1779237038.390000,2026/05/20-08:30:38.390,-0.073974609375
1779237038.610000,2026/05/20-08:30:38.610,-0.354530164931
1779237038.870000,2026/05/20-08:30:38.870,0.093701171875
1779237039.070000,2026/05/20-08:30:39.070,0.213704427083
1779237039.270000,2026/05/20-08:30:39.270,0.150141059028
1779237039.470000,2026/05/20-08:30:39.470,0.0104112413194
1779237039.670000,2026/05/20-08:30:39.670,0.0301378038194
1779237039.930000,2026/05/20-08:30:39.930,-0.240554470486
1779237040.150000,2026/05/20-08:30:40.150,-0.0186306423611
1779237040.350000,2026/05/20-08:30:40.350,-0.173155381944
1779237040.550000,2026/05/20-08:30:40.550,0.024658203125
1779237040.750000,2026/05/20-08:30:40.750,0.0728786892361
1779237040.950000,2026/05/20-08:30:40.950,0.111783854167
1779237041.210000,2026/05/20-08:30:41.210,-0.0673990885417
1779237041.430000,2026/05/20-08:30:41.430,-0.384120008681
1779237041.630000,2026/05/20-08:30:41.630,-0.574810112847
1779237041.830000,2026/05/20-08:30:41.830,-0.0706868489583
1779237042.030000,2026/05/20-08:30:42.030,-0.00219184027778
1779237042.230000,2026/05/20-08:30:42.230,-0.197813585069
1779237042.480000,2026/05/20-08:30:42.480,-0.00109592013889
1779237042.670000,2026/05/20-08:30:42.670,-0.106852213542
1779237042.870000,2026/05/20-08:30:42.870,0.137537977431
1779237043.070000,2026/05/20-08:30:43.070,0.111235894097
1779237043.270000,2026/05/20-08:30:43.270,0.221375868056
1779237043.470000,2026/05/20-08:30:43.470,-0.0854817708333
1779237043.690000,2026/05/20-08:30:43.690,-0.196717664931
1779237043.910000,2026/05/20-08:30:43.910,0.316720920139
1779237044.110000,2026/05/20-08:30:44.110,-0.0169867621528
1779237044.310000,2026/05/20-08:30:44.310,-0.115071614583
1779237044.510000,2026/05/20-08:30:44.510,0.195621744792
1779237044.710000,2026/05/20-08:30:44.710,-0.196169704861
1779237044.920000,2026/05/20-08:30:44.920,0.116167534722
1779237045.190000,2026/05/20-08:30:45.190,-0.23671875
1779237045.390000,2026/05/20-08:30:45.390,0.267952473958
1779237045.590000,2026/05/20-08:30:45.590,-0.407682291667
1779237045.790000,2026/05/20-08:30:45.790,-0.0931532118056
1779237045.990000,2026/05/20-08:30:45.990,0.141373697917
1779237046.250000,2026/05/20-08:30:46.250,0.174799262153
1779237046.470000,2026/05/20-08:30:46.470,-0.0460286458333
1779237046.670000,2026/05/20-08:30:46.670,0.369873046875
1779237046.870000,2026/05/20-08:30:46.870,-0.0175347222222
1779237047.070000,2026/05/20-08:30:47.070,-0.198909505208
1779237047.270000,2026/05/20-08:30:47.270,-0.418641493056
1779237047.520000,2026/05/20-08:30:47.520,0.00219184027778
1779237047.710000,2026/05/20-08:30:47.710,0.288226996528
1779237047.910000,2026/05/20-08:30:47.910,0.431244574653
1779237048.110000,2026/05/20-08:30:48.110,-0.0882215711806
1779237048.310000,2026/05/20-08:30:48.310,0.064111328125
1779237048.510000,2026/05/20-08:30:48.510,0.186306423611
1779237048.790000,2026/05/20-08:30:48.790,0.0202745225694
1779237048.990000,2026/05/20-08:30:48.990,-0.0553439670139
1779237049.190000,2026/05/20-08:30:49.190,-0.151784939236
1779237049.390000,2026/05/20-08:30:49.390,0.327132161458
1779237049.590000,2026/05/20-08:30:49.590,-0.0186306423611
1779237049.790000,2026/05/20-08:30:49.790,-0.449327256944
1779237050.050000,2026/05/20-08:30:50.050,-0.103016493056
1779237050.230000,2026/05/20-08:30:50.230,0.0778103298611
1779237050.430000,2026/05/20-08:30:50.430,0.126578776042
1779237050.630000,2026/05/20-08:30:50.630,0.225211588542
1779237050.830000,2026/05/20-08:30:50.830,0.265212673611
1779237051.030000,2026/05/20-08:30:51.030,-0.265212673611
1779237051.290000,2026/05/20-08:30:51.290,0.128770616319
1779237051.470000,2026/05/20-08:30:51.470,-0.124386935764
1779237051.670000,2026/05/20-08:30:51.670,0.024658203125
1779237051.870000,2026/05/20-08:30:51.870,-0.0619194878472
1779237052.070000,2026/05/20-08:30:52.070,0.130962456597
1779237052.270000,2026/05/20-08:30:52.270,0.422477213542
1779237052.540000,2026/05/20-08:30:52.540,0.460834418403
1779237052.750000,2026/05/20-08:30:52.750,0.0591796875
1779237052.950000,2026/05/20-08:30:52.950,-0.330967881944
1779237053.150000,2026/05/20-08:30:53.150,0.313981119792
1779237053.350000,2026/05/20-08:30:53.350,-0.120003255208
1779237053.550000,2026/05/20-08:30:53.550,0.0104112413194
1779237053.800000,2026/05/20-08:30:53.800,0.130962456597
1779237053.990000,2026/05/20-08:30:53.990,-0.08876953125
1779237054.190000,2026/05/20-08:30:54.190,0.0230143229167
1779237054.390000,2026/05/20-08:30:54.390,0.0608235677083
1779237054.590000,2026/05/20-08:30:54.590,0.0350694444444
1779237054.790000,2026/05/20-08:30:54.790,-0.0421929253472
1779237055.040000,2026/05/20-08:30:55.040,0.113427734375
1779237055.230000,2026/05/20-08:30:55.230,0.0865776909722
1779237055.430000,2026/05/20-08:30:55.430,0.0805501302083
1779237055.630000,2026/05/20-08:30:55.630,0.163292100694
1779237055.830000,2026/05/20-08:30:55.830,0.299186197917
1779237056.030000,2026/05/20-08:30:56.030,0.181922743056
1779237056.300000,2026/05/20-08:30:56.300,0.373708767361
1779237056.510000,2026/05/20-08:30:56.510,-0.205485026042
1779237056.710000,2026/05/20-08:30:56.710,0.0476725260417
1779237056.910000,2026/05/20-08:30:56.910,0.275623914931
1779237057.110000,2026/05/20-08:30:57.110,0.12822265625
1779237057.310000,2026/05/20-08:30:57.310,-0.241650390625
1779237057.570000,2026/05/20-08:30:57.570,0.08876953125
1779237057.790000,2026/05/20-08:30:57.790,-0.367133246528
1779237057.990000,2026/05/20-08:30:57.990,-0.219184027778
1779237058.190000,2026/05/20-08:30:58.190,0.154524739583
1779237058.390000,2026/05/20-08:30:58.390,-0.215896267361
1779237058.590000,2026/05/20-08:30:58.590,-0.500287543403
1779237058.870000,2026/05/20-08:30:58.870,-0.150689019097
1779237059.070000,2026/05/20-08:30:59.070,0.393983289931
1779237059.270000,2026/05/20-08:30:59.270,-0.40439453125
1779237059.470000,2026/05/20-08:30:59.470,0.237814670139
1779237059.670000,2026/05/20-08:30:59.670,0.105208333333
1779237059.880000,2026/05/20-08:30:59.880,-0.0109592013889
1779237060.150000,2026/05/20-08:31:00.150,0.0843858506944
1779237060.350000,2026/05/20-08:31:00.350,0.0378092447917
1779237060.550000,2026/05/20-08:31:00.550,0.148497178819
1779237060.750000,2026/05/20-08:31:00.750,-0.0969889322917
1779237060.950000,2026/05/20-08:31:00.950,0.319460720486
1779237061.220000,2026/05/20-08:31:01.220,0.479465060764
1779237061.430000,2026/05/20-08:31:01.430,0.00438368055555
1779237061.630000,2026/05/20-08:31:01.630,-0.00602756076389
1779237061.830000,2026/05/20-08:31:01.830,-0.213156467014
1779237062.030000,2026/05/20-08:31:02.030,1.38777878078e-15
1779237062.230000,2026/05/20-08:31:02.230,0.610975477431
1779237062.510000,2026/05/20-08:31:02.510,-0.126030815972
1779237062.710000,2026/05/20-08:31:02.710,-0.1380859375
1779237062.910000,2026/05/20-08:31:02.910,-0.321652560764
1779237063.110000,2026/05/20-08:31:03.110,-0.0964409722222
1779237063.310000,2026/05/20-08:31:03.310,0.117811414931
1779237063.510000,2026/05/20-08:31:03.510,-0.258637152778
1779237063.790000,2026/05/20-08:31:03.790,0.0800021701389
1779237063.990000,2026/05/20-08:31:03.990,0.0367133246528
1779237064.190000,2026/05/20-08:31:04.190,-0.254801432292
1779237064.390000,2026/05/20-08:31:04.390,0.124934895833
1779237064.590000,2026/05/20-08:31:04.590,-0.112331814236
1779237064.800000,2026/05/20-08:31:04.800,-0.0569878472222
1779237065.070000,2026/05/20-08:31:05.070,-0.0800021701389
1779237065.270000,2026/05/20-08:31:05.270,-0.0306857638889
1779237065.470000,2026/05/20-08:31:05.470,-0.0646592881944
1779237065.670000,2026/05/20-08:31:05.670,0.00383572048611
1779237065.870000,2026/05/20-08:31:05.870,0.0657552083333
1779237066.090000,2026/05/20-08:31:06.090,0.0904134114583
1779237066.350000,2026/05/20-08:31:06.350,-0.148497178819
1779237066.550000,2026/05/20-08:31:06.550,-0.118907335069
1779237066.750000,2026/05/20-08:31:06.750,0.106852213542
1779237066.950000,2026/05/20-08:31:06.950,-0.0849338107639
1779237067.150000,2026/05/20-08:31:07.150,-0.134250217014
1779237067.360000,2026/05/20-08:31:07.360,-0.0142469618056
1779237067.590000,2026/05/20-08:31:07.590,0.162196180556
1779237067.790000,2026/05/20-08:31:07.790,-0.102468532986
1779237067.990000,2026/05/20-08:31:07.990,0.0695909288194
1779237068.190000,2026/05/20-08:31:08.190,0.299734157986
1779237068.390000,2026/05/20-08:31:08.390,0.494807942708
1779237068.610000,2026/05/20-08:31:08.610,-0.000547960069442
1779237068.870000,2026/05/20-08:31:08.870,-0.112879774306
1779237069.070000,2026/05/20-08:31:09.070,-0.36494140625
1779237069.270000,2026/05/20-08:31:09.270,0.110139973958
1779237069.470000,2026/05/20-08:31:09.470,0.180826822917
1779237069.670000,2026/05/20-08:31:09.670,0.206032986111
1779237069.900000,2026/05/20-08:31:09.900,0.183018663194
1779237070.150000,2026/05/20-08:31:10.150,0.0509602864583
1779237070.350000,2026/05/20-08:31:10.350,0.201649305556
1779237070.550000,2026/05/20-08:31:10.550,0.288774956597
1779237070.750000,2026/05/20-08:31:10.750,-0.284939236111
1779237070.950000,2026/05/20-08:31:10.950,0.307405598958
1779237071.210000,2026/05/20-08:31:11.210,0.266856553819
1779237071.390000,2026/05/20-08:31:11.390,0.388503689236
1779237071.590000,2026/05/20-08:31:11.590,-0.201649305556
1779237071.790000,2026/05/20-08:31:11.790,0.254801432292
1779237071.990000,2026/05/20-08:31:11.990,-0.250417751736
1779237072.190000,2026/05/20-08:31:12.190,0.109592013889
1779237072.400000,2026/05/20-08:31:12.400,-0.198361545139
1779237072.630000,2026/05/20-08:31:12.630,-0.083837890625
1779237072.830000,2026/05/20-08:31:12.830,0.132058376736
1779237073.030000,2026/05/20-08:31:13.030,-0.0843858506944
1779237073.230000,2026/05/20-08:31:13.230,-0.383572048611
1779237073.430000,2026/05/20-08:31:13.430,0.093701171875
1779237073.690000,2026/05/20-08:31:13.690,-0.106304253472
1779237073.910000,2026/05/20-08:31:13.910,0.0624674479167
1779237074.110000,2026/05/20-08:31:14.110,-0.161648220486
1779237074.310000,2026/05/20-08:31:14.310,-0.20712890625
1779237074.510000,2026/05/20-08:31:14.510,-0.0975368923611
1779237074.710000,2026/05/20-08:31:14.710,0.120003255208
1779237074.990000,2026/05/20-08:31:14.990,-0.129866536458
1779237075.190000,2026/05/20-08:31:15.190,0.06904296875
1779237075.390000,2026/05/20-08:31:15.390,-0.389051649306
1779237075.590000,2026/05/20-08:31:15.590,-0.162744140625
1779237075.790000,2026/05/20-08:31:15.790,0.0158908420139
1779237076.000000,2026/05/20-08:31:16.000,-0.000547960069445
1779237076.270000,2026/05/20-08:31:16.270,-0.133154296875
1779237076.470000,2026/05/20-08:31:16.470,0.0679470486111
1779237076.670000,2026/05/20-08:31:16.670,-0.07890625
1779237076.870000,2026/05/20-08:31:16.870,-0.044384765625
1779237077.070000,2026/05/20-08:31:17.070,-0.07890625
1779237077.290000,2026/05/20-08:31:17.290,0.014794921875
1779237077.550000,2026/05/20-08:31:17.550,0.179730902778
1779237077.750000,2026/05/20-08:31:17.750,-0.145209418403
1779237077.950000,2026/05/20-08:31:17.950,-0.310693359375
1779237078.150000,2026/05/20-08:31:18.150,-0.00876736111111
1779237078.350000,2026/05/20-08:31:18.350,-0.0958930121528
1779237078.570000,2026/05/20-08:31:18.570,-0.333159722222
1779237078.790000,2026/05/20-08:31:18.790,-0.119455295139
1779237078.990000,2026/05/20-08:31:18.990,-0.301925998264
1779237079.190000,2026/05/20-08:31:19.190,0.184114583333
1779237079.390000,2026/05/20-08:31:19.390,-0.139181857639
1779237079.590000,2026/05/20-08:31:19.590,-0.472889539931
1779237079.810000,2026/05/20-08:31:19.810,-0.213156467014
1779237080.030000,2026/05/20-08:31:20.030,0.121099175347
1779237080.230000,2026/05/20-08:31:20.230,-0.220279947917
1779237080.430000,2026/05/20-08:31:20.430,0.0854817708333
1779237080.630000,2026/05/20-08:31:20.630,0.0180826822917
1779237080.830000,2026/05/20-08:31:20.830,0.0898654513889
1779237081.060000,2026/05/20-08:31:21.060,0.130414496528
1779237081.270000,2026/05/20-08:31:21.270,-0.014794921875
1779237081.470000,2026/05/20-08:31:21.470,-0.00328776041667
1779237081.670000,2026/05/20-08:31:21.670,-0.168771701389
1779237081.870000,2026/05/20-08:31:21.870,0.000547960069446
1779237082.070000,2026/05/20-08:31:22.070,0.0591796875
1779237082.300000,2026/05/20-08:31:22.300,-0.0553439670139
1779237082.550000,2026/05/20-08:31:22.550,0.169319661458
1779237082.750000,2026/05/20-08:31:22.750,0.313981119792
1779237082.950000,2026/05/20-08:31:22.950,0.0120551215278
1779237083.150000,2026/05/20-08:31:23.150,0.153428819444
1779237083.350000,2026/05/20-08:31:23.350,0.0306857638889
1779237083.570000,2026/05/20-08:31:23.570,0.344118923611
1779237083.830000,2026/05/20-08:31:23.830,-0.132606336806
1779237084.030000,2026/05/20-08:31:24.030,0.0926052517361
1779237084.230000,2026/05/20-08:31:24.230,-0.00657552083333
1779237084.430000,2026/05/20-08:31:24.430,0.235622829861
1779237084.630000,2026/05/20-08:31:24.630,-0.329871961806
1779237084.890000,2026/05/20-08:31:24.890,-0.359461805556
1779237085.110000,2026/05/20-08:31:25.110,-0.192881944444
1779237085.310000,2026/05/20-08:31:25.310,0.159456380208
1779237085.510000,2026/05/20-08:31:25.510,-0.155072699653
1779237085.710000,2026/05/20-08:31:25.710,0.130962456597
1779237085.910000,2026/05/20-08:31:25.910,-0.308501519097
1779237086.150000,2026/05/20-08:31:26.150,-0.0854817708333
1779237086.350000,2026/05/20-08:31:26.350,0.00931532118056
1779237086.550000,2026/05/20-08:31:26.550,-0.4537109375
1779237086.750000,2026/05/20-08:31:26.750,-0.238910590278
1779237086.950000,2026/05/20-08:31:26.950,-0.0509602864583
1779237087.150000,2026/05/20-08:31:27.150,-0.448779296875
1779237087.430000,2026/05/20-08:31:27.430,-0.191786024306
1779237087.630000,2026/05/20-08:31:27.630,-0.0991807725694
1779237087.830000,2026/05/20-08:31:27.830,-0.398366970486
1779237088.030000,2026/05/20-08:31:28.030,-0.244390190972
1779237088.230000,2026/05/20-08:31:28.230,-0.200553385417
1779237088.440000,2026/05/20-08:31:28.440,0.0498643663194
1779237088.710000,2026/05/20-08:31:28.710,-0.178087022569
1779237088.910000,2026/05/20-08:31:28.910,0.0646592881944
1779237089.110000,2026/05/20-08:31:29.110,0.504123263889
1779237089.310000,2026/05/20-08:31:29.310,0.034521484375
1779237089.510000,2026/05/20-08:31:29.510,0.174251302083
1779237089.760000,2026/05/20-08:31:29.760,0.230143229167
1779237089.990000,2026/05/20-08:31:29.990,-0.0717827690972
1779237090.190000,2026/05/20-08:31:30.190,0.0871256510417
1779237090.390000,2026/05/20-08:31:30.390,0.0317816840278
1779237090.590000,2026/05/20-08:31:30.590,0.188498263889
1779237090.790000,2026/05/20-08:31:30.790,-0.0663031684028
1779237091.020000,2026/05/20-08:31:31.020,0.0849338107639
1779237091.270000,2026/05/20-08:31:31.270,-0.309597439236
1779237091.470000,2026/05/20-08:31:31.470,0.0367133246528
1779237091.670000,2026/05/20-08:31:31.670,0.0241102430556
1779237091.870000,2026/05/20-08:31:31.870,0.0268500434028
1779237092.070000,2026/05/20-08:31:32.070,-0.227951388889
1779237092.330000,2026/05/20-08:31:32.330,-0.0136990017361
1779237092.550000,2026/05/20-08:31:32.550,-0.112879774306
1779237092.750000,2026/05/20-08:31:32.750,0.288226996528
1779237092.950000,2026/05/20-08:31:32.950,0.130962456597
1779237093.150000,2026/05/20-08:31:33.150,0.263568793403
1779237093.350000,2026/05/20-08:31:33.350,-0.161648220486
1779237093.560000,2026/05/20-08:31:33.560,0.446039496528
1779237093.830000,2026/05/20-08:31:33.830,0.235622829861
1779237094.030000,2026/05/20-08:31:34.030,0.0405490451389
1779237094.230000,2026/05/20-08:31:34.230,0.301378038194
1779237094.430000,2026/05/20-08:31:34.430,0.0980848524306
1779237094.630000,2026/05/20-08:31:34.630,-0.331515842014
1779237094.880000,2026/05/20-08:31:34.880,0.105756293403
1779237095.070000,2026/05/20-08:31:35.070,-0.117811414931
1779237095.270000,2026/05/20-08:31:35.270,-0.185758463542
1779237095.470000,2026/05/20-08:31:35.470,0.0832899305556
1779237095.670000,2026/05/20-08:31:35.670,-0.0564398871528
1779237095.870000,2026/05/20-08:31:35.870,0.0410970052083
1779237096.120000,2026/05/20-08:31:36.120,-0.0926052517361
1779237096.350000,2026/05/20-08:31:36.350,0.219184027778
1779237096.550000,2026/05/20-08:31:36.550,0.0465766059028
1779237096.750000,2026/05/20-08:31:36.750,-0.379188368056
1779237096.950000,2026/05/20-08:31:36.950,-0.0202745225694
1779237097.150000,2026/05/20-08:31:37.150,-0.0684950086806
1779237097.430000,2026/05/20-08:31:37.430,0.250965711806
1779237097.630000,2026/05/20-08:31:37.630,0.237814670139
1779237097.830000,2026/05/20-08:31:37.830,-0.106852213542
1779237098.030000,2026/05/20-08:31:38.030,0.0230143229167
1779237098.230000,2026/05/20-08:31:38.230,-0.114523654514
1779237098.470000,2026/05/20-08:31:38.470,-0.0372612847222
1779237098.710000,2026/05/20-08:31:38.710,0.202745225694
1779237098.910000,2026/05/20-08:31:38.910,-0.494807942708
1779237099.110000,2026/05/20-08:31:39.110,0.156716579861
1779237099.310000,2026/05/20-08:31:39.310,0.0580837673611
1779237099.510000,2026/05/20-08:31:39.510,-0.0142469618056
1779237099.780000,2026/05/20-08:31:39.780,-0.0701388888889
1779237099.990000,2026/05/20-08:31:39.990,0.0909613715278
1779237100.190000,2026/05/20-08:31:40.190,-0.0306857638889
1779237100.390000,2026/05/20-08:31:40.390,0.291514756944
1779237100.590000,2026/05/20-08:31:40.590,0.218636067708
1779237100.790000,2026/05/20-08:31:40.790,0.236170789931
1779237101.070000,2026/05/20-08:31:41.070,-0.180826822917
1779237101.270000,2026/05/20-08:31:41.270,-0.250965711806
1779237101.470000,2026/05/20-08:31:41.470,-0.0312337239583
1779237101.670000,2026/05/20-08:31:41.670,-0.46357421875
1779237101.870000,2026/05/20-08:31:41.870,0.283295355903
1779237102.080000,2026/05/20-08:31:42.080,-0.443299696181
1779237102.350000,2026/05/20-08:31:42.350,-0.073974609375
1779237102.550000,2026/05/20-08:31:42.550,0.0339735243056
1779237102.750000,2026/05/20-08:31:42.750,-0.301925998264
1779237102.950000,2026/05/20-08:31:42.950,-0.118907335069
1779237103.150000,2026/05/20-08:31:43.150,0.0597276475694
1779237103.370000,2026/05/20-08:31:43.370,0.0772623697917
1779237103.630000,2026/05/20-08:31:43.630,-0.227951388889
1779237103.830000,2026/05/20-08:31:43.830,-0.103564453125
1779237104.030000,2026/05/20-08:31:44.030,2.08166817117e-15
1779237104.230000,2026/05/20-08:31:44.230,0.292610677083
1779237104.430000,2026/05/20-08:31:44.430,0.255897352431
1779237104.640000,2026/05/20-08:31:44.640,0.306857638889
1779237104.870000,2026/05/20-08:31:44.870,0.0471245659722
1779237105.070000,2026/05/20-08:31:45.070,0.283843315972
1779237105.270000,2026/05/20-08:31:45.270,0.120003255208
1779237105.470000,2026/05/20-08:31:45.470,0.100824652778
1779237105.670000,2026/05/20-08:31:45.670,-0.180278862847
1779237105.890000,2026/05/20-08:31:45.890,-0.417545572917
1779237106.110000,2026/05/20-08:31:46.110,-0.551795789931
1779237106.310000,2026/05/20-08:31:46.310,-0.241650390625
1779237106.510000,2026/05/20-08:31:46.510,-0.241650390625
1779237106.710000,2026/05/20-08:31:46.710,-0.209868706597
1779237106.910000,2026/05/20-08:31:46.910,-0.137537977431
1779237107.120000,2026/05/20-08:31:47.120,0.132606336806
1779237107.390000,2026/05/20-08:31:47.390,0.0361653645833
1779237107.590000,2026/05/20-08:31:47.590,-0.0372612847222
1779237107.790000,2026/05/20-08:31:47.790,-0.203841145833
1779237107.990000,2026/05/20-08:31:47.990,0.110139973958
1779237108.190000,2026/05/20-08:31:48.190,-0.230691189236
1779237108.410000,2026/05/20-08:31:48.410,-0.227951388889
1779237108.670000,2026/05/20-08:31:48.670,-0.0558919270833
1779237108.870000,2026/05/20-08:31:48.870,0.197265625
1779237109.070000,2026/05/20-08:31:49.070,0.370421006944
1779237109.270000,2026/05/20-08:31:49.270,0.114523654514
1779237109.470000,2026/05/20-08:31:49.470,0.0717827690972
1779237109.680000,2026/05/20-08:31:49.680,-0.214252387153
1779237109.950000,2026/05/20-08:31:49.950,-0.235622829861
1779237110.150000,2026/05/20-08:31:50.150,-0.228499348958
1779237110.350000,2026/05/20-08:31:50.350,0.02958984375
1779237110.550000,2026/05/20-08:31:50.550,0.477821180556
1779237110.750000,2026/05/20-08:31:50.750,0.0706868489583
1779237111.030000,2026/05/20-08:31:51.030,0.152880859375
1779237111.230000,2026/05/20-08:31:51.230,0.223019748264
1779237111.430000,2026/05/20-08:31:51.430,0.153976779514
1779237111.630000,2026/05/20-08:31:51.630,0.093701171875
1779237111.830000,2026/05/20-08:31:51.830,-0.204389105903
1779237112.030000,2026/05/20-08:31:52.030,0.151236979167
1779237112.280000,2026/05/20-08:31:52.280,-0.129318576389
1779237112.470000,2026/05/20-08:31:52.470,-0.0191786024306
1779237112.670000,2026/05/20-08:31:52.670,0.0104112413194
1779237112.870000,2026/05/20-08:31:52.870,0.073974609375
1779237113.070000,2026/05/20-08:31:53.070,0.180826822917
1779237113.270000,2026/05/20-08:31:53.270,-0.209320746528
1779237113.530000,2026/05/20-08:31:53.530,0.014794921875
1779237113.750000,2026/05/20-08:31:53.750,-0.0416449652778
1779237113.950000,2026/05/20-08:31:53.950,-0.0646592881944
1779237114.150000,2026/05/20-08:31:54.150,0.332063802083
1779237114.350000,2026/05/20-08:31:54.350,-0.0810980902778
1779237114.550000,2026/05/20-08:31:54.550,-0.064111328125
1779237114.810000,2026/05/20-08:31:54.810,-0.0646592881944
1779237114.990000,2026/05/20-08:31:54.990,-0.517274305556
1779237115.190000,2026/05/20-08:31:55.190,-0.598920355903
1779237115.390000,2026/05/20-08:31:55.390,0.460286458333
1779237115.590000,2026/05/20-08:31:55.590,0.0767144097222
1779237115.790000,2026/05/20-08:31:55.790,-0.187950303819
1779237116.000000,2026/05/20-08:31:56.000,0.0526041666667
1779237116.230000,2026/05/20-08:31:56.230,0.150689019097
1779237116.430000,2026/05/20-08:31:56.430,-0.0104112413194
1779237116.630000,2026/05/20-08:31:56.630,0.0701388888889
1779237116.830000,2026/05/20-08:31:56.830,0.152332899306
1779237117.030000,2026/05/20-08:31:57.030,-0.0553439670139
1779237117.250000,2026/05/20-08:31:57.250,0.137537977431
1779237117.510000,2026/05/20-08:31:57.510,0.0235622829861
1779237117.710000,2026/05/20-08:31:57.710,0.141921657986
1779237117.910000,2026/05/20-08:31:57.910,-0.234526909722
1779237118.110000,2026/05/20-08:31:58.110,0.0284939236111
1779237118.310000,2026/05/20-08:31:58.310,0.0323296440972
1779237118.560000,2026/05/20-08:31:58.560,0.194525824653
1779237118.790000,2026/05/20-08:31:58.790,0.0712348090278
1779237118.990000,2026/05/20-08:31:58.990,-0.170415581597
1779237119.190000,2026/05/20-08:31:59.190,-0.214800347222
1779237119.390000,2026/05/20-08:31:59.390,0.07890625
1779237119.590000,2026/05/20-08:31:59.590,0.00547960069445
1779237119.850000,2026/05/20-08:31:59.850,-0.384120008681
1779237120.070000,2026/05/20-08:32:00.070,-0.489876302083
1779237120.270000,2026/05/20-08:32:00.270,0.0821940104167
1779237120.470000,2026/05/20-08:32:00.470,-0.240554470486
1779237120.670000,2026/05/20-08:32:00.670,0.0558919270833
1779237120.870000,2026/05/20-08:32:00.870,0.104660373264
1779237121.130000,2026/05/20-08:32:01.130,0.0843858506944
1779237121.350000,2026/05/20-08:32:01.350,0.126030815972
1779237121.550000,2026/05/20-08:32:01.550,0.00657552083333
1779237121.750000,2026/05/20-08:32:01.750,0.261376953125
1779237121.950000,2026/05/20-08:32:01.950,0.0893174913194
1779237122.150000,2026/05/20-08:32:02.150,-0.215896267361
1779237122.400000,2026/05/20-08:32:02.400,-0.0926052517361
1779237122.590000,2026/05/20-08:32:02.590,0.0942491319444
1779237122.790000,2026/05/20-08:32:02.790,0.253157552083
1779237122.990000,2026/05/20-08:32:02.990,-0.263020833333
1779237123.190000,2026/05/20-08:32:03.190,-0.293706597222
1779237123.390000,2026/05/20-08:32:03.390,-0.228499348958
1779237123.630000,2026/05/20-08:32:03.630,-0.375900607639
1779237123.830000,2026/05/20-08:32:03.830,-0.355626085069
1779237124.030000,2026/05/20-08:32:04.030,-0.0487684461806
1779237124.230000,2026/05/20-08:32:04.230,-0.264664713542
1779237124.430000,2026/05/20-08:32:04.430,-0.0980848524306
1779237124.630000,2026/05/20-08:32:04.630,-0.04931640625
1779237124.880000,2026/05/20-08:32:04.880,-0.399462890625
1779237125.110000,2026/05/20-08:32:05.110,0.147401258681
1779237125.310000,2026/05/20-08:32:05.310,0.250965711806
1779237125.510000,2026/05/20-08:32:05.510,0.0827419704861
1779237125.710000,2026/05/20-08:32:05.710,0.0323296440972
1779237125.910000,2026/05/20-08:32:05.910,0.0569878472222
1779237126.180000,2026/05/20-08:32:06.180,0.40439453125
1779237126.390000,2026/05/20-08:32:06.390,0.60166015625
1779237126.590000,2026/05/20-08:32:06.590,0.4537109375
1779237126.790000,2026/05/20-08:32:06.790,-0.0591796875
1779237126.990000,2026/05/20-08:32:06.990,0.391791449653
1779237127.190000,2026/05/20-08:32:07.190,0.243294270833
1779237127.450000,2026/05/20-08:32:07.450,0.314529079861
1779237127.670000,2026/05/20-08:32:07.670,0.30576171875
1779237127.870000,2026/05/20-08:32:07.870,0.163292100694
1779237128.070000,2026/05/20-08:32:08.070,0.191786024306
1779237128.270000,2026/05/20-08:32:08.270,0.0657552083333
1779237128.470000,2026/05/20-08:32:08.470,0.168771701389
1779237128.730000,2026/05/20-08:32:08.730,0.0268500434028
1779237128.950000,2026/05/20-08:32:08.950,-0.2169921875
1779237129.150000,2026/05/20-08:32:09.150,-0.100824652778
1779237129.350000,2026/05/20-08:32:09.350,-0.0876736111111
1779237129.550000,2026/05/20-08:32:09.550,-0.176991102431
1779237129.750000,2026/05/20-08:32:09.750,-0.439463975694
1779237130.010000,2026/05/20-08:32:10.010,-0.0482204861111
1779237130.230000,2026/05/20-08:32:10.230,-0.466314019097
1779237130.430000,2026/05/20-08:32:10.430,-0.209868706597
1779237130.630000,2026/05/20-08:32:10.630,0.194525824653
1779237130.830000,2026/05/20-08:32:10.830,-0.454258897569
1779237131.030000,2026/05/20-08:32:11.030,-0.232883029514
1779237131.240000,2026/05/20-08:32:11.240,-0.421381293403
1779237131.470000,2026/05/20-08:32:11.470,-0.496999782986
1779237131.670000,2026/05/20-08:32:11.670,-0.0745225694444
1779237131.870000,2026/05/20-08:32:11.870,0.00931532118056
1779237132.070000,2026/05/20-08:32:12.070,-0.0405490451389
1779237132.270000,2026/05/20-08:32:12.270,0.0947970920139
1779237132.530000,2026/05/20-08:32:12.530,-0.0827419704861
1779237132.750000,2026/05/20-08:32:12.750,-0.0487684461806
1779237132.950000,2026/05/20-08:32:12.950,0.0131510416667
1779237133.150000,2026/05/20-08:32:13.150,0.151784939236
1779237133.350000,2026/05/20-08:32:13.350,-0.0865776909722
1779237133.550000,2026/05/20-08:32:13.550,0.06904296875
1779237133.800000,2026/05/20-08:32:13.800,-0.103564453125
1779237133.990000,2026/05/20-08:32:13.990,0.159456380208
1779237134.190000,2026/05/20-08:32:14.190,0.162744140625
1779237134.390000,2026/05/20-08:32:14.390,-0.120003255208
1779237134.590000,2026/05/20-08:32:14.590,-0.375900607639
1779237134.790000,2026/05/20-08:32:14.790,-0.213156467014
1779237135.030000,2026/05/20-08:32:15.030,0.244938151042
1779237135.230000,2026/05/20-08:32:15.230,-0.181922743056
1779237135.430000,2026/05/20-08:32:15.430,-0.293158637153
1779237135.630000,2026/05/20-08:32:15.630,-0.312885199653
1779237135.830000,2026/05/20-08:32:15.830,0.447135416667
1779237136.030000,2026/05/20-08:32:16.030,-0.0673990885417
1779237136.270000,2026/05/20-08:32:16.270,-0.0487684461806
1779237136.470000,2026/05/20-08:32:16.470,-0.426312934028
1779237136.670000,2026/05/20-08:32:16.670,0.142469618056
1779237136.870000,2026/05/20-08:32:16.870,0.0564398871528
1779237137.070000,2026/05/20-08:32:17.070,0.0378092447917
1779237137.270000,2026/05/20-08:32:17.270,-0.223019748264
1779237137.530000,2026/05/20-08:32:17.530,-0.0410970052083
1779237137.750000,2026/05/20-08:32:17.750,0.00219184027778
1779237137.950000,2026/05/20-08:32:17.950,0.164935980903
1779237138.150000,2026/05/20-08:32:18.150,-0.118907335069
1779237138.350000,2026/05/20-08:32:18.350,0.0279459635417
1779237138.550000,2026/05/20-08:32:18.550,-0.304665798611
1779237138.800000,2026/05/20-08:32:18.800,-0.158908420139
1779237138.990000,2026/05/20-08:32:18.990,0.00164388020833
1779237139.190000,2026/05/20-08:32:19.190,0.133154296875
1779237139.390000,2026/05/20-08:32:19.390,-0.240554470486
1779237139.590000,2026/05/20-08:32:19.590,-0.100824652778
1779237139.790000,2026/05/20-08:32:19.790,-0.125482855903
1779237140.050000,2026/05/20-08:32:20.050,-0.195073784722
1779237140.270000,2026/05/20-08:32:20.270,-0.215348307292
1779237140.470000,2026/05/20-08:32:20.470,-0.276171875
1779237140.670000,2026/05/20-08:32:20.670,0.00821940104167
1779237140.870000,2026/05/20-08:32:20.870,-0.164388020833
1779237141.070000,2026/05/20-08:32:21.070,0.0372612847222
1779237141.350000,2026/05/20-08:32:21.350,0.0202745225694
1779237141.550000,2026/05/20-08:32:21.550,0.0120551215278
1779237141.750000,2026/05/20-08:32:21.750,-0.295350477431
1779237141.950000,2026/05/20-08:32:21.950,0.137537977431
1779237142.150000,2026/05/20-08:32:22.150,0.210416666667
1779237142.350000,2026/05/20-08:32:22.350,0.0257541232639
1779237142.630000,2026/05/20-08:32:22.630,-0.149593098958
1779237142.830000,2026/05/20-08:32:22.830,0.0663031684028
1779237143.030000,2026/05/20-08:32:23.030,-0.0920572916667
1779237143.230000,2026/05/20-08:32:23.230,0.136442057292
1779237143.430000,2026/05/20-08:32:23.430,-0.278363715278
1779237143.630000,2026/05/20-08:32:23.630,0.0915093315972
1779237143.910000,2026/05/20-08:32:23.910,0.238362630208
1779237144.110000,2026/05/20-08:32:24.110,-0.0706868489583
1779237144.310000,2026/05/20-08:32:24.310,-0.337543402778
1779237144.510000,2026/05/20-08:32:24.510,-0.154524739583
1779237144.710000,2026/05/20-08:32:24.710,-0.00821940104167
1779237144.930000,2026/05/20-08:32:24.930,-0.18740234375
1779237145.190000,2026/05/20-08:32:25.190,-0.0547960069444
1779237145.390000,2026/05/20-08:32:25.390,0.024658203125
1779237145.590000,2026/05/20-08:32:25.590,0.283295355903
1779237145.790000,2026/05/20-08:32:25.790,-0.106304253472
1779237145.990000,2026/05/20-08:32:25.990,0.0219184027778
1779237146.240000,2026/05/20-08:32:26.240,0.197813585069
1779237146.470000,2026/05/20-08:32:26.470,0.132058376736
1779237146.670000,2026/05/20-08:32:26.670,0.233430989583
1779237146.870000,2026/05/20-08:32:26.870,0.431244574653
1779237147.070000,2026/05/20-08:32:27.070,0.338091362847
1779237147.270000,2026/05/20-08:32:27.270,0.0772623697917
1779237147.530000,2026/05/20-08:32:27.530,-0.0717827690972
1779237147.750000,2026/05/20-08:32:27.750,-0.151236979167
1779237147.950000,2026/05/20-08:32:27.950,0.126578776042
1779237148.150000,2026/05/20-08:32:28.150,0.105756293403
1779237148.350000,2026/05/20-08:32:28.350,0.139729817708
1779237148.550000,2026/05/20-08:32:28.550,0.206032986111
1779237148.810000,2026/05/20-08:32:28.810,0.02958984375
1779237149.030000,2026/05/20-08:32:29.030,0.123291015625
1779237149.230000,2026/05/20-08:32:29.230,-0.0180826822917
1779237149.430000,2026/05/20-08:32:29.430,0.0126030815972
1779237149.630000,2026/05/20-08:32:29.630,0.174799262153
1779237149.830000,2026/05/20-08:32:29.830,0.0339735243056
1779237150.110000,2026/05/20-08:32:30.110,0.270144314236
1779237150.310000,2026/05/20-08:32:30.310,0.289322916667
1779237150.510000,2026/05/20-08:32:30.510,-0.106852213542
1779237150.710000,2026/05/20-08:32:30.710,-0.342475043403
1779237150.910000,2026/05/20-08:32:30.910,-0.0827419704861
1779237151.120000,2026/05/20-08:32:31.120,-0.193429904514
1779237151.390000,2026/05/20-08:32:31.390,-0.172607421875
1779237151.590000,2026/05/20-08:32:31.590,-0.0460286458333
1779237151.790000,2026/05/20-08:32:31.790,-0.0668511284722
1779237151.990000,2026/05/20-08:32:31.990,-0.0591796875
1779237152.190000,2026/05/20-08:32:32.190,-0.163292100694
1779237152.400000,2026/05/20-08:32:32.400,-0.274527994792
1779237152.670000,2026/05/20-08:32:32.670,-0.249869791667
1779237152.870000,2026/05/20-08:32:32.870,0.101920572917
1779237153.070000,2026/05/20-08:32:33.070,0.155620659722
1779237153.270000,2026/05/20-08:32:33.270,-0.0268500434028
1779237153.470000,2026/05/20-08:32:33.470,0.306857638889
1779237153.710000,2026/05/20-08:32:33.710,0.386311848958
1779237153.950000,2026/05/20-08:32:33.950,0.124934895833
1779237154.150000,2026/05/20-08:32:34.150,0.229595269097
1779237154.350000,2026/05/20-08:32:34.350,-0.0400010850694
1779237154.550000,2026/05/20-08:32:34.550,-0.158360460069
1779237154.750000,2026/05/20-08:32:34.750,0.0558919270833
1779237155.030000,2026/05/20-08:32:35.030,-0.273432074653
1779237155.230000,2026/05/20-08:32:35.230,-0.0958930121528
1779237155.430000,2026/05/20-08:32:35.430,-0.0323296440972
1779237155.630000,2026/05/20-08:32:35.630,0.190142144097
1779237155.830000,2026/05/20-08:32:35.830,-0.351790364583
1779237156.030000,2026/05/20-08:32:36.030,-0.004931640625
1779237156.350000,2026/05/20-08:32:36.350,-0.0164388020833
1779237156.550000,2026/05/20-08:32:36.550,0.323844401042
1779237156.750000,2026/05/20-08:32:36.750,-0.0871256510417
1779237156.950000,2026/05/20-08:32:36.950,-0.0558919270833
1779237157.150000,2026/05/20-08:32:37.150,-0.202197265625
1779237157.360000,2026/05/20-08:32:37.360,-0.173155381944
1779237157.590000,2026/05/20-08:32:37.590,-0.448231336806
1779237157.790000,2026/05/20-08:32:37.790,-0.0131510416667
1779237157.990000,2026/05/20-08:32:37.990,-0.00547960069444
1779237158.190000,2026/05/20-08:32:38.190,0.220827907986
1779237158.390000,2026/05/20-08:32:38.390,0.206032986111
1779237158.620000,2026/05/20-08:32:38.620,-0.182470703125
1779237158.870000,2026/05/20-08:32:38.870,0.118907335069
1779237159.070000,2026/05/20-08:32:39.070,-0.129866536458
1779237159.270000,2026/05/20-08:32:39.270,-0.200553385417
1779237159.470000,2026/05/20-08:32:39.470,0.0202745225694
1779237159.670000,2026/05/20-08:32:39.670,0.350694444444
1779237159.940000,2026/05/20-08:32:39.940,0.123291015625
1779237160.150000,2026/05/20-08:32:40.150,-0.358913845486
1779237160.350000,2026/05/20-08:32:40.350,-0.175895182292
1779237160.550000,2026/05/20-08:32:40.550,0.304117838542
1779237160.750000,2026/05/20-08:32:40.750,0.0717827690972
1779237160.950000,2026/05/20-08:32:40.950,-0.574810112847
1779237161.190000,2026/05/20-08:32:41.190,0.140825737847
1779237161.390000,2026/05/20-08:32:41.390,-0.408230251736
1779237161.590000,2026/05/20-08:32:41.590,-0.0794542100694
1779237161.790000,2026/05/20-08:32:41.790,0.0460286458333
1779237161.990000,2026/05/20-08:32:41.990,-0.335899522569
1779237162.190000,2026/05/20-08:32:42.190,0.0816460503472
1779237162.450000,2026/05/20-08:32:42.450,0.0482204861111
1779237162.670000,2026/05/20-08:32:42.670,-0.140277777778
1779237162.870000,2026/05/20-08:32:42.870,-0.189594184028
1779237163.070000,2026/05/20-08:32:43.070,0.443299696181
1779237163.270000,2026/05/20-08:32:43.270,0.0142469618056
1779237163.470000,2026/05/20-08:32:43.470,0.167127821181
1779237163.720000,2026/05/20-08:32:43.720,0.236170789931
1779237163.910000,2026/05/20-08:32:43.910,0.0126030815972
1779237164.110000,2026/05/20-08:32:44.110,0.0180826822917
1779237164.310000,2026/05/20-08:32:44.310,0.0367133246528
1779237164.510000,2026/05/20-08:32:44.510,0.162744140625
1779237164.710000,2026/05/20-08:32:44.710,0.308501519097
1779237164.960000,2026/05/20-08:32:44.960,-0.0164388020833
1779237165.150000,2026/05/20-08:32:45.150,0.151784939236
1779237165.350000,2026/05/20-08:32:45.350,-0.0328776041667
1779237165.550000,2026/05/20-08:32:45.550,-0.288226996528
1779237165.750000,2026/05/20-08:32:45.750,0.0126030815972
1779237165.950000,2026/05/20-08:32:45.950,0.180278862847
1779237166.200000,2026/05/20-08:32:46.200,-0.0482204861111
1779237166.390000,2026/05/20-08:32:46.390,-0.0405490451389
1779237166.590000,2026/05/20-08:32:46.590,0.0964409722222
1779237166.790000,2026/05/20-08:32:46.790,-0.341927083333
1779237166.990000,2026/05/20-08:32:46.990,-0.00109592013889
1779237167.190000,2026/05/20-08:32:47.190,-0.280555555556
1779237167.440000,2026/05/20-08:32:47.440,-0.0421929253472
1779237167.630000,2026/05/20-08:32:47.630,0.014794921875
1779237167.830000,2026/05/20-08:32:47.830,-0.195073784722
1779237168.030000,2026/05/20-08:32:48.030,0.0586317274306
1779237168.230000,2026/05/20-08:32:48.230,0.179730902778
1779237168.430000,2026/05/20-08:32:48.430,-0.093701171875
1779237168.680000,2026/05/20-08:32:48.680,0.0109592013889
1779237168.910000,2026/05/20-08:32:48.910,0.115071614583
1779237169.110000,2026/05/20-08:32:49.110,-0.185758463542
1779237169.310000,2026/05/20-08:32:49.310,-0.178087022569
1779237169.510000,2026/05/20-08:32:49.510,-0.598372395833
1779237169.710000,2026/05/20-08:32:49.710,0.162744140625
1779237169.960000,2026/05/20-08:32:49.960,-0.279459635417
1779237170.150000,2026/05/20-08:32:50.150,0.209868706597
1779237170.350000,2026/05/20-08:32:50.350,-0.02958984375
1779237170.550000,2026/05/20-08:32:50.550,0.0575358072917
1779237170.750000,2026/05/20-08:32:50.750,0.00876736111111
1779237170.950000,2026/05/20-08:32:50.950,-0.00273980034722
1779237171.210000,2026/05/20-08:32:51.210,-0.0575358072917
1779237171.430000,2026/05/20-08:32:51.430,-0.064111328125
1779237171.630000,2026/05/20-08:32:51.630,-0.292062717014
1779237171.830000,2026/05/20-08:32:51.830,0.115619574653
1779237172.030000,2026/05/20-08:32:52.030,0.160552300347
1779237172.230000,2026/05/20-08:32:52.230,0.374256727431
1779237172.480000,2026/05/20-08:32:52.480,-0.191238064236
1779237172.670000,2026/05/20-08:32:52.670,-0.432340494792
1779237172.870000,2026/05/20-08:32:52.870,-0.175895182292
1779237173.070000,2026/05/20-08:32:53.070,-0.129866536458
1779237173.270000,2026/05/20-08:32:53.270,0.150689019097
1779237173.470000,2026/05/20-08:32:53.470,0.0750705295139
1779237173.720000,2026/05/20-08:32:53.720,-0.120551215278
1779237173.910000,2026/05/20-08:32:53.910,-0.0460286458333
1779237174.110000,2026/05/20-08:32:54.110,0.0208224826389
1779237174.310000,2026/05/20-08:32:54.310,-0.137537977431
1779237174.510000,2026/05/20-08:32:54.510,-0.221923828125
1779237174.710000,2026/05/20-08:32:54.710,0.0383572048611
1779237174.990000,2026/05/20-08:32:54.990,0.257541232639
1779237175.190000,2026/05/20-08:32:55.190,0.0668511284722
1779237175.390000,2026/05/20-08:32:55.390,0.163840060764
1779237175.590000,2026/05/20-08:32:55.590,0.104112413194
1779237175.790000,2026/05/20-08:32:55.790,0.193977864583
1779237175.990000,2026/05/20-08:32:55.990,-0.0268500434028
1779237176.270000,2026/05/20-08:32:56.270,0.166031901042
1779237176.470000,2026/05/20-08:32:56.470,0.343023003472
1779237176.670000,2026/05/20-08:32:56.670,-0.156716579861
1779237176.870000,2026/05/20-08:32:56.870,0.34521484375
1779237177.070000,2026/05/20-08:32:57.070,0.00876736111111
1779237177.280000,2026/05/20-08:32:57.280,-0.00712348090278
1779237177.550000,2026/05/20-08:32:57.550,0.1775390625
1779237177.750000,2026/05/20-08:32:57.750,0.00438368055556
1779237177.950000,2026/05/20-08:32:57.950,-0.190142144097
1779237178.150000,2026/05/20-08:32:58.150,-0.07890625
1779237178.350000,2026/05/20-08:32:58.350,0.201649305556
1779237178.560000,2026/05/20-08:32:58.560,0.218088107639
1779237178.830000,2026/05/20-08:32:58.830,0.387955729167
1779237179.030000,2026/05/20-08:32:59.030,-0.258637152778
1779237179.230000,2026/05/20-08:32:59.230,-0.207676866319
1779237179.430000,2026/05/20-08:32:59.430,-0.0334255642361
1779237179.630000,2026/05/20-08:32:59.630,-0.441107855903
1779237179.850000,2026/05/20-08:32:59.850,-0.0794542100694
1779237180.070000,2026/05/20-08:33:00.070,-0.0317816840278
1779237180.270000,2026/05/20-08:33:00.270,-0.351790364583
1779237180.470000,2026/05/20-08:33:00.470,-0.146305338542
1779237180.670000,2026/05/20-08:33:00.670,-0.0619194878472
1779237180.870000,2026/05/20-08:33:00.870,-0.198909505208
1779237181.120000,2026/05/20-08:33:01.120,-0.0783582899306
1779237181.350000,2026/05/20-08:33:01.350,-0.332611762153
1779237181.550000,2026/05/20-08:33:01.550,-0.0449327256944
1779237181.750000,2026/05/20-08:33:01.750,-0.249869791667
1779237181.950000,2026/05/20-08:33:01.950,0.0438368055556
1779237182.150000,2026/05/20-08:33:02.150,0.0997287326389
1779237182.410000,2026/05/20-08:33:02.410,-0.228499348958
1779237182.630000,2026/05/20-08:33:02.630,0.180826822917
1779237182.830000,2026/05/20-08:33:02.830,-0.113975694444
1779237183.030000,2026/05/20-08:33:03.030,-0.403298611111
1779237183.230000,2026/05/20-08:33:03.230,-0.0328776041667
1779237183.430000,2026/05/20-08:33:03.430,-0.201649305556
1779237183.680000,2026/05/20-08:33:03.680,-0.164935980903
1779237183.870000,2026/05/20-08:33:03.870,-0.387955729167
1779237184.070000,2026/05/20-08:33:04.070,-0.523849826389
1779237184.270000,2026/05/20-08:33:04.270,-0.121647135417
1779237184.470000,2026/05/20-08:33:04.470,-0.164935980903
1779237184.670000,2026/05/20-08:33:04.670,-0.339187282986
1779237184.910000,2026/05/20-08:33:04.910,0.190142144097
1779237185.110000,2026/05/20-08:33:05.110,-0.18740234375
1779237185.310000,2026/05/20-08:33:05.310,-0.143565538194
1779237185.510000,2026/05/20-08:33:05.510,0.100276692708
1779237185.710000,2026/05/20-08:33:05.710,-0.219184027778
1779237185.910000,2026/05/20-08:33:05.910,0.04931640625
1779237186.160000,2026/05/20-08:33:06.160,-0.366037326389
1779237186.350000,2026/05/20-08:33:06.350,-0.083837890625
1779237186.550000,2026/05/20-08:33:06.550,-0.122195095486
1779237186.750000,2026/05/20-08:33:06.750,0.275075954861
1779237186.950000,2026/05/20-08:33:06.950,-0.386311848958
1779237187.150000,2026/05/20-08:33:07.150,-0.213704427083
1779237187.410000,2026/05/20-08:33:07.410,-0.479465060764
1779237187.630000,2026/05/20-08:33:07.630,-0.409326171875
1779237187.830000,2026/05/20-08:33:07.830,0.109044053819
1779237188.030000,2026/05/20-08:33:08.030,-0.193429904514
1779237188.230000,2026/05/20-08:33:08.230,-0.128770616319
1779237188.430000,2026/05/20-08:33:08.430,-0.304665798611
1779237188.710000,2026/05/20-08:33:08.710,-0.113427734375
1779237188.910000,2026/05/20-08:33:08.910,-0.418641493056
1779237189.110000,2026/05/20-08:33:09.110,-0.0301378038194
1779237189.310000,2026/05/20-08:33:09.310,-0.309049479167
1779237189.510000,2026/05/20-08:33:09.510,-0.191786024306
1779237189.720000,2026/05/20-08:33:09.720,-0.361653645833
1779237189.990000,2026/05/20-08:33:09.990,0.0920572916667
1779237190.190000,2026/05/20-08:33:10.190,-0.136442057292
1779237190.390000,2026/05/20-08:33:10.390,0.326584201389
1779237190.590000,2026/05/20-08:33:10.590,-0.0745225694444
1779237190.790000,2026/05/20-08:33:10.790,-0.151784939236
1779237191.010000,2026/05/20-08:33:11.010,-0.324940321181
1779237191.230000,2026/05/20-08:33:11.230,-0.241102430556
1779237191.430000,2026/05/20-08:33:11.430,-0.00931532118055
1779237191.630000,2026/05/20-08:33:11.630,-0.350146484375
1779237191.830000,2026/05/20-08:33:11.830,-0.0504123263889
1779237192.030000,2026/05/20-08:33:12.030,0.233430989583
1779237192.250000,2026/05/20-08:33:12.250,-0.122743055556
1779237192.510000,2026/05/20-08:33:12.510,-0.270692274306
1779237192.710000,2026/05/20-08:33:12.710,-0.223567708333
1779237192.910000,2026/05/20-08:33:12.910,-0.0126030815972
1779237193.110000,2026/05/20-08:33:13.110,-0.185210503472
1779237193.310000,2026/05/20-08:33:13.310,-0.0591796875
1779237193.560000,2026/05/20-08:33:13.560,-0.129318576389
1779237193.790000,2026/05/20-08:33:13.790,-0.0882215711806
1779237193.990000,2026/05/20-08:33:13.990,-0.209868706597
1779237194.190000,2026/05/20-08:33:14.190,-0.374256727431
1779237194.390000,2026/05/20-08:33:14.390,-0.0663031684028
1779237194.590000,2026/05/20-08:33:14.590,0.237266710069
1779237194.850000,2026/05/20-08:33:14.850,0.10849609375
1779237195.070000,2026/05/20-08:33:15.070,-0.0657552083333
1779237195.270000,2026/05/20-08:33:15.270,0.00438368055555
1779237195.470000,2026/05/20-08:33:15.470,0.166031901042
1779237195.670000,2026/05/20-08:33:15.670,0.0284939236111
1779237195.870000,2026/05/20-08:33:15.870,-0.253705512153
1779237196.120000,2026/05/20-08:33:16.120,-0.250965711806
1779237196.310000,2026/05/20-08:33:16.310,0.183566623264
1779237196.510000,2026/05/20-08:33:16.510,-0.235622829861
1779237196.710000,2026/05/20-08:33:16.710,-0.133702256944
1779237196.910000,2026/05/20-08:33:16.910,-0.250965711806
1779237197.110000,2026/05/20-08:33:17.110,0.258089192708
1779237197.370000,2026/05/20-08:33:17.370,0.0734266493056
1779237197.590000,2026/05/20-08:33:17.590,-0.136442057292
1779237197.790000,2026/05/20-08:33:17.790,-0.130962456597
1779237197.990000,2026/05/20-08:33:17.990,-0.0197265625
1779237198.190000,2026/05/20-08:33:18.190,0.130962456597
1779237198.390000,2026/05/20-08:33:18.390,-0.178634982639
1779237236.780000,2026/05/20-08:33:56.780,-0.167127821181
1779237236.990000,2026/05/20-08:33:56.990,-0.363845486111
1779237237.270000,2026/05/20-08:33:57.270,-0.014794921875
1779237237.470000,2026/05/20-08:33:57.470,0.148497178819
1779237237.670000,2026/05/20-08:33:57.670,0.093701171875
1779237237.870000,2026/05/20-08:33:57.870,0.211512586806
1779237238.070000,2026/05/20-08:33:58.070,0.0136990017361
1779237238.270000,2026/05/20-08:33:58.270,-0.0586317274306
1779237238.530000,2026/05/20-08:33:58.530,0.295350477431
1779237238.710000,2026/05/20-08:33:58.710,0.122743055556
1779237238.910000,2026/05/20-08:33:58.910,0.260281032986
1779237239.110000,2026/05/20-08:33:59.110,-0.136990017361
1779237239.310000,2026/05/20-08:33:59.310,-0.173703342014
1779237239.510000,2026/05/20-08:33:59.510,-0.257541232639
1779237239.770000,2026/05/20-08:33:59.770,0.267404513889
1779237239.990000,2026/05/20-08:33:59.990,0.0169867621528
1779237240.190000,2026/05/20-08:34:00.190,-0.1578125
1779237240.390000,2026/05/20-08:34:00.390,0.309049479167
1779237240.590000,2026/05/20-08:34:00.590,-0.0630154079861
1779237240.790000,2026/05/20-08:34:00.790,-0.436176215278
1779237241.060000,2026/05/20-08:34:01.060,0.120551215278
1779237241.270000,2026/05/20-08:34:01.270,-0.0273980034722
1779237241.470000,2026/05/20-08:34:01.470,0.00438368055556
1779237241.670000,2026/05/20-08:34:01.670,0.181922743056
1779237241.870000,2026/05/20-08:34:01.870,0.231787109375
1779237242.070000,2026/05/20-08:34:02.070,0.0701388888889
1779237242.360000,2026/05/20-08:34:02.360,-0.0558919270833
1779237242.550000,2026/05/20-08:34:02.550,0.039453125
1779237242.750000,2026/05/20-08:34:02.750,0.123838975694
1779237242.950000,2026/05/20-08:34:02.950,-0.0778103298611
1779237243.150000,2026/05/20-08:34:03.150,0.278363715278
1779237243.350000,2026/05/20-08:34:03.350,-0.00547960069445
1779237243.600000,2026/05/20-08:34:03.600,-0.0410970052083
1779237243.790000,2026/05/20-08:34:03.790,-0.0471245659722
1779237243.990000,2026/05/20-08:34:03.990,0.22685546875
1779237244.190000,2026/05/20-08:34:04.190,-0.313981119792
1779237244.390000,2026/05/20-08:34:04.390,-0.397271050347
1779237244.590000,2026/05/20-08:34:04.590,0.00219184027778
1779237244.870000,2026/05/20-08:34:04.870,0.0405490451389
1779237245.070000,2026/05/20-08:34:05.070,0.0175347222222
1779237245.270000,2026/05/20-08:34:05.270,-0.0526041666667
1779237245.470000,2026/05/20-08:34:05.470,0.103016493056
1779237245.670000,2026/05/20-08:34:05.670,-0.0673990885417
1779237245.880000,2026/05/20-08:34:05.880,0.408230251736
1779237246.150000,2026/05/20-08:34:06.150,-0.0131510416667
1779237246.350000,2026/05/20-08:34:06.350,0.140825737847
1779237246.550000,2026/05/20-08:34:06.550,0.00657552083333
1779237246.750000,2026/05/20-08:34:06.750,0.480013020833
1779237246.950000,2026/05/20-08:34:06.950,0.0860297309028
1779237247.170000,2026/05/20-08:34:07.170,0.279459635417
1779237247.430000,2026/05/20-08:34:07.430,-0.0772623697917
1779237247.630000,2026/05/20-08:34:07.630,-0.156168619792
1779237247.830000,2026/05/20-08:34:07.830,-0.0284939236111
1779237248.030000,2026/05/20-08:34:08.030,-0.184662543403
1779237248.230000,2026/05/20-08:34:08.230,-0.0312337239583
1779237248.440000,2026/05/20-08:34:08.440,-0.220827907986
1779237248.670000,2026/05/20-08:34:08.670,-0.533165147569
1779237248.870000,2026/05/20-08:34:08.870,-0.247129991319
1779237249.070000,2026/05/20-08:34:09.070,-0.141921657986
1779237249.270000,2026/05/20-08:34:09.270,-0.265212673611
1779237249.470000,2026/05/20-08:34:09.470,0.0821940104167
1779237249.690000,2026/05/20-08:34:09.690,-0.346858723958
1779237249.950000,2026/05/20-08:34:09.950,0.125482855903
1779237250.150000,2026/05/20-08:34:10.150,0.375352647569
1779237250.350000,2026/05/20-08:34:10.350,-0.199457465278
1779237250.550000,2026/05/20-08:34:10.550,-0.133154296875
1779237250.750000,2026/05/20-08:34:10.750,-0.0389051649306
1779237250.960000,2026/05/20-08:34:10.960,-0.130962456597
1779237251.190000,2026/05/20-08:34:11.190,0.298638237847
1779237251.390000,2026/05/20-08:34:11.390,-0.0547960069444
1779237251.590000,2026/05/20-08:34:11.590,-0.229595269097
1779237251.790000,2026/05/20-08:34:11.790,-0.0301378038194
1779237251.990000,2026/05/20-08:34:11.990,-0.124386935764
1779237252.250000,2026/05/20-08:34:12.250,-0.285487196181
1779237252.470000,2026/05/20-08:34:12.470,0.16767578125
1779237252.670000,2026/05/20-08:34:12.670,0.161100260417
1779237252.870000,2026/05/20-08:34:12.870,0.123291015625
1779237253.070000,2026/05/20-08:34:13.070,0.163292100694
1779237253.270000,2026/05/20-08:34:13.270,-0.311241319444
1779237253.540000,2026/05/20-08:34:13.540,0.202197265625
1779237253.750000,2026/05/20-08:34:13.750,0.1578125
1779237253.950000,2026/05/20-08:34:13.950,-0.222471788194
1779237254.150000,2026/05/20-08:34:14.150,-0.151236979167
1779237254.350000,2026/05/20-08:34:14.350,0.123838975694
1779237254.550000,2026/05/20-08:34:14.550,-0.0684950086806
1779237254.800000,2026/05/20-08:34:14.800,0.412065972222
1779237254.990000,2026/05/20-08:34:14.990,0.130414496528
1779237255.190000,2026/05/20-08:34:15.190,-0.141921657986
1779237255.390000,2026/05/20-08:34:15.390,0.0772623697917
1779237255.590000,2026/05/20-08:34:15.590,-0.219184027778
1779237255.790000,2026/05/20-08:34:15.790,-0.637277560764
1779237256.060000,2026/05/20-08:34:16.060,-0.147401258681
1779237256.270000,2026/05/20-08:34:16.270,-0.133702256944
1779237256.470000,2026/05/20-08:34:16.470,0.190142144097
1779237256.670000,2026/05/20-08:34:16.670,-0.219731987847
1779237256.870000,2026/05/20-08:34:16.870,0.152880859375
1779237257.070000,2026/05/20-08:34:17.070,-0.136442057292
1779237257.320000,2026/05/20-08:34:17.320,0.300830078125
1779237257.510000,2026/05/20-08:34:17.510,-0.155072699653
1779237257.710000,2026/05/20-08:34:17.710,0.0104112413194
1779237257.910000,2026/05/20-08:34:17.910,0.004931640625
1779237258.110000,2026/05/20-08:34:18.110,0.0180826822917
1779237258.310000,2026/05/20-08:34:18.310,-0.0323296440972
1779237258.590000,2026/05/20-08:34:18.590,0.244938151042
1779237258.790000,2026/05/20-08:34:18.790,-0.0849338107639
1779237258.990000,2026/05/20-08:34:18.990,0.0750705295139
1779237259.190000,2026/05/20-08:34:19.190,0.120551215278
1779237259.390000,2026/05/20-08:34:19.390,-0.173155381944
1779237259.600000,2026/05/20-08:34:19.600,0.253705512153
1779237259.870000,2026/05/20-08:34:19.870,0.271240234375
1779237260.070000,2026/05/20-08:34:20.070,0.0706868489583
1779237260.270000,2026/05/20-08:34:20.270,-0.232883029514
1779237260.470000,2026/05/20-08:34:20.470,-0.448779296875
1779237260.670000,2026/05/20-08:34:20.670,-0.0893174913194
1779237260.900000,2026/05/20-08:34:20.900,0.290418836806
1779237261.150000,2026/05/20-08:34:21.150,-0.259185112847
1779237261.350000,2026/05/20-08:34:21.350,0.178634982639
1779237261.550000,2026/05/20-08:34:21.550,0.22685546875
1779237261.750000,2026/05/20-08:34:21.750,0.227951388889
1779237261.950000,2026/05/20-08:34:21.950,-0.333159722222
1779237262.220000,2026/05/20-08:34:22.220,-0.26630859375
1779237262.430000,2026/05/20-08:34:22.430,-0.227403428819
1779237262.630000,2026/05/20-08:34:22.630,0.197265625
1779237262.830000,2026/05/20-08:34:22.830,0.100276692708
1779237263.030000,2026/05/20-08:34:23.030,0.210964626736
1779237263.230000,2026/05/20-08:34:23.230,0.144113498264
1779237263.510000,2026/05/20-08:34:23.510,0.014794921875
1779237263.710000,2026/05/20-08:34:23.710,-0.160552300347
1779237263.910000,2026/05/20-08:34:23.910,-0.134798177083
1779237264.110000,2026/05/20-08:34:24.110,-0.2958984375
1779237264.310000,2026/05/20-08:34:24.310,0.054248046875
1779237264.510000,2026/05/20-08:34:24.510,0.2564453125
1779237264.790000,2026/05/20-08:34:24.790,0.288774956597
1779237264.990000,2026/05/20-08:34:24.990,0.0449327256944
1779237265.190000,2026/05/20-08:34:25.190,-0.0158908420139
1779237265.390000,2026/05/20-08:34:25.390,0.0580837673611
1779237265.590000,2026/05/20-08:34:25.590,-0.197265625
1779237265.800000,2026/05/20-08:34:25.800,0.406038411458
1779237266.070000,2026/05/20-08:34:26.070,0.0630154079861
1779237266.270000,2026/05/20-08:34:26.270,0.0515082465278
1779237266.470000,2026/05/20-08:34:26.470,0.123291015625
1779237266.670000,2026/05/20-08:34:26.670,0.194525824653
1779237266.870000,2026/05/20-08:34:26.870,0.107948133681
1779237267.130000,2026/05/20-08:34:27.130,-0.0876736111111
1779237267.350000,2026/05/20-08:34:27.350,0.320008680556
1779237267.550000,2026/05/20-08:34:27.550,-0.0241102430556
1779237267.750000,2026/05/20-08:34:27.750,0.229047309028
1779237267.950000,2026/05/20-08:34:27.950,-0.290966796875
1779237268.150000,2026/05/20-08:34:28.150,-0.320556640625
1779237268.380000,2026/05/20-08:34:28.380,-0.350694444444
1779237268.630000,2026/05/20-08:34:28.630,-0.471793619792
1779237268.830000,2026/05/20-08:34:28.830,-0.469053819444
1779237269.030000,2026/05/20-08:34:29.030,0.0909613715278
1779237269.230000,2026/05/20-08:34:29.230,0.0723307291667
1779237269.430000,2026/05/20-08:34:29.430,-0.0750705295139
1779237269.670000,2026/05/20-08:34:29.670,0.0317816840278
1779237269.870000,2026/05/20-08:34:29.870,-0.0526041666667
1779237270.070000,2026/05/20-08:34:30.070,-0.524945746528
1779237270.270000,2026/05/20-08:34:30.270,-0.122743055556
1779237270.470000,2026/05/20-08:34:30.470,-0.299186197917
1779237270.670000,2026/05/20-08:34:30.670,-0.596180555556
1779237270.950000,2026/05/20-08:34:30.950,-0.0487684461806
1779237271.150000,2026/05/20-08:34:31.150,-0.02958984375
1779237271.350000,2026/05/20-08:34:31.350,0.00602756076389
1779237271.550000,2026/05/20-08:34:31.550,-0.158908420139
1779237271.750000,2026/05/20-08:34:31.750,0.232883029514
1779237271.950000,2026/05/20-08:34:31.950,-0.0947970920139
1779237272.230000,2026/05/20-08:34:32.230,-0.116167534722
1779237272.430000,2026/05/20-08:34:32.430,-0.169867621528
1779237272.630000,2026/05/20-08:34:32.630,0.113427734375
1779237272.830000,2026/05/20-08:34:32.830,-0.0876736111111
1779237273.030000,2026/05/20-08:34:33.030,0.412613932292
1779237273.260000,2026/05/20-08:34:33.260,0.162744140625
1779237273.510000,2026/05/20-08:34:33.510,0.272884114583
1779237273.710000,2026/05/20-08:34:33.710,0.139181857639
1779237273.910000,2026/05/20-08:34:33.910,0.0197265625
1779237274.110000,2026/05/20-08:34:34.110,0.265760633681
1779237274.310000,2026/05/20-08:34:34.310,0.264664713542
1779237274.580000,2026/05/20-08:34:34.580,0.205485026042
1779237274.790000,2026/05/20-08:34:34.790,0.349598524306
1779237274.990000,2026/05/20-08:34:34.990,0.06904296875
1779237275.190000,2026/05/20-08:34:35.190,-0.0153428819444
1779237275.390000,2026/05/20-08:34:35.390,-0.198909505208
1779237275.590000,2026/05/20-08:34:35.590,0.268500434028
1779237275.870000,2026/05/20-08:34:35.870,-0.0865776909722
1779237276.070000,2026/05/20-08:34:36.070,-0.0663031684028
1779237276.270000,2026/05/20-08:34:36.270,0.469053819444
1779237276.470000,2026/05/20-08:34:36.470,0.215896267361
1779237276.670000,2026/05/20-08:34:36.670,0.0646592881944
1779237276.870000,2026/05/20-08:34:36.870,0.207676866319
1779237277.130000,2026/05/20-08:34:37.130,-0.397271050347
1779237277.310000,2026/05/20-08:34:37.310,0.146853298611
1779237277.510000,2026/05/20-08:34:37.510,0.024658203125
1779237277.710000,2026/05/20-08:34:37.710,0.147401258681
1779237277.910000,2026/05/20-08:34:37.910,0.0854817708333
1779237278.110000,2026/05/20-08:34:38.110,-0.107400173611
1779237278.360000,2026/05/20-08:34:38.360,0.0832899305556
1779237278.550000,2026/05/20-08:34:38.550,-0.255349392361
1779237278.750000,2026/05/20-08:34:38.750,-0.183566623264
1779237278.950000,2026/05/20-08:34:38.950,-0.231787109375
1779237279.150000,2026/05/20-08:34:39.150,0.0564398871528
1779237279.350000,2026/05/20-08:34:39.350,0.0624674479167
1779237279.630000,2026/05/20-08:34:39.630,0.267952473958
1779237279.830000,2026/05/20-08:34:39.830,-0.0465766059028
1779237280.030000,2026/05/20-08:34:40.030,-0.125482855903
1779237280.230000,2026/05/20-08:34:40.230,0.164935980903
1779237280.430000,2026/05/20-08:34:40.430,-0.0810980902778
1779237280.630000,2026/05/20-08:34:40.630,-0.0389051649306
1779237280.910000,2026/05/20-08:34:40.910,0.408230251736
1779237281.110000,2026/05/20-08:34:41.110,0.277815755208
1779237281.310000,2026/05/20-08:34:41.310,0.00109592013889
1779237281.510000,2026/05/20-08:34:41.510,-0.107948133681
1779237281.710000,2026/05/20-08:34:41.710,0.0378092447917
1779237281.950000,2026/05/20-08:34:41.950,-0.0947970920139
1779237282.190000,2026/05/20-08:34:42.190,0.0241102430556
1779237282.390000,2026/05/20-08:34:42.390,0.0438368055556
1779237282.590000,2026/05/20-08:34:42.590,0.132058376736
1779237282.790000,2026/05/20-08:34:42.790,-0.02958984375
1779237282.990000,2026/05/20-08:34:42.990,0.533713107639
1779237283.200000,2026/05/20-08:34:43.200,-0.214800347222
1779237283.470000,2026/05/20-08:34:43.470,0.100824652778
1779237283.670000,2026/05/20-08:34:43.670,-0.0213704427083
1779237283.870000,2026/05/20-08:34:43.870,-0.44384765625
1779237284.070000,2026/05/20-08:34:44.070,-0.0630154079861
1779237284.270000,2026/05/20-08:34:44.270,0.093701171875
1779237284.500000,2026/05/20-08:34:44.500,-0.0712348090278
1779237284.710000,2026/05/20-08:34:44.710,0.116715494792
1779237284.910000,2026/05/20-08:34:44.910,0.184662543403
1779237285.110000,2026/05/20-08:34:45.110,-0.347954644097
1779237285.310000,2026/05/20-08:34:45.310,0.0383572048611
1779237285.510000,2026/05/20-08:34:45.510,-0.169319661458
1779237285.720000,2026/05/20-08:34:45.720,-0.103016493056
1779237285.990000,2026/05/20-08:34:45.990,-0.154524739583
1779237286.190000,2026/05/20-08:34:46.190,-0.0537000868056
1779237286.390000,2026/05/20-08:34:46.390,-0.00328776041667
1779237286.590000,2026/05/20-08:34:46.590,-0.376996527778
1779237286.790000,2026/05/20-08:34:46.790,0.122195095486
1779237287.060000,2026/05/20-08:34:47.060,-0.083837890625
1779237287.270000,2026/05/20-08:34:47.270,-0.284939236111
1779237287.470000,2026/05/20-08:34:47.470,-0.0115071614583
1779237287.670000,2026/05/20-08:34:47.670,0.0947970920139
1779237287.870000,2026/05/20-08:34:47.870,-0.00273980034722
1779237288.070000,2026/05/20-08:34:48.070,0.0761664496528
1779237288.330000,2026/05/20-08:34:48.330,0.0947970920139
1779237288.550000,2026/05/20-08:34:48.550,-0.144661458333
1779237288.750000,2026/05/20-08:34:48.750,-0.0241102430556
1779237288.950000,2026/05/20-08:34:48.950,-0.218088107639
1779237289.150000,2026/05/20-08:34:49.150,-0.117811414931
1779237289.350000,2026/05/20-08:34:49.350,0.0876736111111
1779237289.630000,2026/05/20-08:34:49.630,-0.184114583333
1779237289.830000,2026/05/20-08:34:49.830,0.232335069444
1779237290.030000,2026/05/20-08:34:50.030,-0.292610677083
1779237290.230000,2026/05/20-08:34:50.230,-0.0389051649306
1779237290.430000,2026/05/20-08:34:50.430,0.0487684461806
1779237290.640000,2026/05/20-08:34:50.640,-0.0832899305556
1779237290.910000,2026/05/20-08:34:50.910,-0.128770616319
1779237291.110000,2026/05/20-08:34:51.110,-0.171511501736
1779237291.310000,2026/05/20-08:34:51.310,-0.0767144097222
1779237291.510000,2026/05/20-08:34:51.510,-0.162196180556
1779237291.710000,2026/05/20-08:34:51.710,-0.261376953125
1779237291.950000,2026/05/20-08:34:51.950,-0.290966796875
1779237292.190000,2026/05/20-08:34:52.190,-0.235622829861
1779237292.390000,2026/05/20-08:34:52.390,-0.267404513889
1779237292.590000,2026/05/20-08:34:52.590,0.165483940972
1779237292.790000,2026/05/20-08:34:52.790,0.360557725694
1779237292.990000,2026/05/20-08:34:52.990,-0.0367133246528
1779237293.240000,2026/05/20-08:34:53.240,0.366037326389
1779237293.470000,2026/05/20-08:34:53.470,0.26630859375
1779237293.670000,2026/05/20-08:34:53.670,0.218088107639
1779237293.870000,2026/05/20-08:34:53.870,0.0915093315972
1779237294.070000,2026/05/20-08:34:54.070,0.0416449652778
1779237294.270000,2026/05/20-08:34:54.270,0.0723307291667
1779237294.510000,2026/05/20-08:34:54.510,0.00547960069445
1779237294.710000,2026/05/20-08:34:54.710,0.118359375
1779237294.910000,2026/05/20-08:34:54.910,0.326036241319
1779237295.110000,2026/05/20-08:34:55.110,0.0876736111111
1779237295.310000,2026/05/20-08:34:55.310,-0.0882215711806
1779237295.510000,2026/05/20-08:34:55.510,-0.101372612847
1779237295.750000,2026/05/20-08:34:55.750,0.455902777778
1779237295.950000,2026/05/20-08:34:55.950,-0.2169921875
1779237296.150000,2026/05/20-08:34:56.150,0.310145399306
1779237296.350000,2026/05/20-08:34:56.350,-0.0131510416667
1779237296.550000,2026/05/20-08:34:56.550,0.499191623264
1779237296.750000,2026/05/20-08:34:56.750,0.141921657986
1779237297.030000,2026/05/20-08:34:57.030,0.0197265625
1779237297.230000,2026/05/20-08:34:57.230,-0.238362630208
1779237297.430000,2026/05/20-08:34:57.430,-0.427408854167
1779237297.630000,2026/05/20-08:34:57.630,-0.0926052517361
1779237297.830000,2026/05/20-08:34:57.830,-0.179730902778
1779237298.030000,2026/05/20-08:34:58.030,0.261924913194
1779237298.310000,2026/05/20-08:34:58.310,-0.121099175347
1779237298.510000,2026/05/20-08:34:58.510,-0.214800347222
1779237298.710000,2026/05/20-08:34:58.710,-0.231787109375
1779237298.910000,2026/05/20-08:34:58.910,-0.211512586806
1779237299.110000,2026/05/20-08:34:59.110,-0.193429904514
1779237299.360000,2026/05/20-08:34:59.360,-0.419189453125
1779237299.590000,2026/05/20-08:34:59.590,-0.190690104167
1779237299.790000,2026/05/20-08:34:59.790,-0.0684950086806
1779237299.990000,2026/05/20-08:34:59.990,0.0695909288194
1779237300.190000,2026/05/20-08:35:00.190,-0.327132161458
1779237300.390000,2026/05/20-08:35:00.390,0.353982204861
1779237300.610000,2026/05/20-08:35:00.610,0.0224663628472
1779237300.830000,2026/05/20-08:35:00.830,0.0909613715278
1779237301.030000,2026/05/20-08:35:01.030,0.191786024306
1779237301.230000,2026/05/20-08:35:01.230,0.0969889322917
1779237301.430000,2026/05/20-08:35:01.430,0.0208224826389
1779237301.630000,2026/05/20-08:35:01.630,-0.0537000868056
1779237301.850000,2026/05/20-08:35:01.850,0.389051649306
1779237302.110000,2026/05/20-08:35:02.110,0.0958930121528
1779237302.310000,2026/05/20-08:35:02.310,-0.116715494792
1779237302.510000,2026/05/20-08:35:02.510,-0.170963541667
1779237302.710000,2026/05/20-08:35:02.710,0.409874131944
1779237302.910000,2026/05/20-08:35:02.910,0.496451822917
1779237303.200000,2026/05/20-08:35:03.200,-0.00767144097222
1779237303.390000,2026/05/20-08:35:03.390,-0.107948133681
1779237303.590000,2026/05/20-08:35:03.590,0.220827907986
1779237303.790000,2026/05/20-08:35:03.790,0.152880859375
1779237303.990000,2026/05/20-08:35:03.990,-0.113975694444
1779237304.190000,2026/05/20-08:35:04.190,-0.121647135417
1779237304.470000,2026/05/20-08:35:04.470,-0.198361545139
1779237304.670000,2026/05/20-08:35:04.670,-0.396723090278
1779237304.870000,2026/05/20-08:35:04.870,0.118359375
1779237305.070000,2026/05/20-08:35:05.070,0.0224663628472
1779237305.270000,2026/05/20-08:35:05.270,-0.0756184895833
1779237305.470000,2026/05/20-08:35:05.470,-0.178087022569
1779237305.750000,2026/05/20-08:35:05.750,0.0931532118056
1779237305.950000,2026/05/20-08:35:05.950,0.192881944444
1779237306.150000,2026/05/20-08:35:06.150,-0.226307508681
1779237306.350000,2026/05/20-08:35:06.350,0.172059461806
1779237306.550000,2026/05/20-08:35:06.550,0.1380859375
1779237306.770000,2026/05/20-08:35:06.770,-0.0849338107639
1779237307.030000,2026/05/20-08:35:07.030,0.105208333333
1779237307.230000,2026/05/20-08:35:07.230,0.145209418403
1779237307.430000,2026/05/20-08:35:07.430,-0.0312337239583
1779237307.630000,2026/05/20-08:35:07.630,0.307405598958
1779237307.830000,2026/05/20-08:35:07.830,0.713991970486
1779237308.080000,2026/05/20-08:35:08.080,0.0273980034722
1779237308.310000,2026/05/20-08:35:08.310,0.0317816840278
1779237308.510000,2026/05/20-08:35:08.510,0.0969889322917
1779237308.710000,2026/05/20-08:35:08.710,0.123291015625
1779237308.910000,2026/05/20-08:35:08.910,-0.0509602864583
1779237309.110000,2026/05/20-08:35:09.110,-0.169319661458
1779237309.330000,2026/05/20-08:35:09.330,0.257541232639
1779237309.550000,2026/05/20-08:35:09.550,-0.0416449652778
1779237309.750000,2026/05/20-08:35:09.750,0.0591796875
1779237309.950000,2026/05/20-08:35:09.950,-0.448779296875
1779237310.150000,2026/05/20-08:35:10.150,0.128770616319
1779237310.350000,2026/05/20-08:35:10.350,-0.206032986111
1779237310.640000,2026/05/20-08:35:10.640,0.0843858506944
1779237310.870000,2026/05/20-08:35:10.870,0.162744140625
1779237311.070000,2026/05/20-08:35:11.070,0.359461805556
1779237311.270000,2026/05/20-08:35:11.270,-0.0186306423611
1779237311.470000,2026/05/20-08:35:11.470,-0.0361653645833
1779237311.670000,2026/05/20-08:35:11.670,-0.269596354167
1779237311.950000,2026/05/20-08:35:11.950,-0.0767144097222
1779237312.150000,2026/05/20-08:35:12.150,-0.252609592014
1779237312.350000,2026/05/20-08:35:12.350,0.205485026042
1779237312.550000,2026/05/20-08:35:12.550,0.158360460069
1779237312.750000,2026/05/20-08:35:12.750,0.344666883681
1779237312.950000,2026/05/20-08:35:12.950,0.0361653645833
1779237313.210000,2026/05/20-08:35:13.210,0.173155381944
1779237313.390000,2026/05/20-08:35:13.390,0.463026258681
1779237313.590000,2026/05/20-08:35:13.590,0.039453125
1779237313.790000,2026/05/20-08:35:13.790,-0.0268500434028
1779237313.990000,2026/05/20-08:35:13.990,-0.155072699653
1779237314.190000,2026/05/20-08:35:14.190,-0.261376953125
1779237314.450000,2026/05/20-08:35:14.450,0.0652072482639
1779237314.630000,2026/05/20-08:35:14.630,-0.339187282986
1779237314.830000,2026/05/20-08:35:14.830,0.00547960069444
1779237315.030000,2026/05/20-08:35:15.030,-0.324392361111
1779237315.230000,2026/05/20-08:35:15.230,-0.0712348090278
1779237315.430000,2026/05/20-08:35:15.430,0.0526041666667
1779237315.660000,2026/05/20-08:35:15.660,-0.0460286458333
1779237315.870000,2026/05/20-08:35:15.870,-0.279459635417
1779237316.070000,2026/05/20-08:35:16.070,0.206032986111
1779237316.270000,2026/05/20-08:35:16.270,0.054248046875
1779237316.470000,2026/05/20-08:35:16.470,0.0460286458333
1779237316.670000,2026/05/20-08:35:16.670,-0.195073784722
1779237316.890000,2026/05/20-08:35:16.890,-0.164388020833
1779237317.150000,2026/05/20-08:35:17.150,-0.0104112413194
1779237317.350000,2026/05/20-08:35:17.350,0.238910590278
1779237317.550000,2026/05/20-08:35:17.550,-0.201649305556
1779237317.750000,2026/05/20-08:35:17.750,0.229047309028
1779237317.950000,2026/05/20-08:35:17.950,0.175895182292
1779237318.220000,2026/05/20-08:35:18.220,0.0120551215278
1779237318.430000,2026/05/20-08:35:18.430,-0.204389105903
1779237318.630000,2026/05/20-08:35:18.630,-0.0860297309028
1779237318.830000,2026/05/20-08:35:18.830,0.237266710069
1779237319.030000,2026/05/20-08:35:19.030,0.0175347222222
1779237319.230000,2026/05/20-08:35:19.230,-0.114523654514
1779237319.500000,2026/05/20-08:35:19.500,0.0323296440972
1779237319.710000,2026/05/20-08:35:19.710,0.0947970920139
1779237319.910000,2026/05/20-08:35:19.910,0.415353732639
1779237320.110000,2026/05/20-08:35:20.110,0.0230143229167
1779237320.310000,2026/05/20-08:35:20.310,-0.443299696181
1779237320.510000,2026/05/20-08:35:20.510,-0.2564453125
1779237320.760000,2026/05/20-08:35:20.760,-0.0772623697917
1779237320.950000,2026/05/20-08:35:20.950,0.241102430556
1779237321.150000,2026/05/20-08:35:21.150,0.626318359375
1779237321.350000,2026/05/20-08:35:21.350,0.283843315972
1779237321.550000,2026/05/20-08:35:21.550,-0.153428819444
1779237321.750000,2026/05/20-08:35:21.750,0.144661458333
1779237322.000000,2026/05/20-08:35:22.000,-0.0980848524306
1779237322.190000,2026/05/20-08:35:22.190,-0.0695909288194
1779237322.390000,2026/05/20-08:35:22.390,0.0728786892361
1779237322.590000,2026/05/20-08:35:22.590,-0.0142469618056
1779237322.790000,2026/05/20-08:35:22.790,0.100824652778
1779237322.990000,2026/05/20-08:35:22.990,-0.28603515625
1779237323.250000,2026/05/20-08:35:23.250,0.378092447917
1779237323.430000,2026/05/20-08:35:23.430,0.281103515625
1779237323.630000,2026/05/20-08:35:23.630,-0.356174045139
1779237323.830000,2026/05/20-08:35:23.830,-0.0520562065972
1779237324.030000,2026/05/20-08:35:24.030,0.123291015625
1779237324.230000,2026/05/20-08:35:24.230,0.430148654514
1779237324.510000,2026/05/20-08:35:24.510,0.132606336806
1779237324.710000,2026/05/20-08:35:24.710,-0.0591796875
1779237324.910000,2026/05/20-08:35:24.910,-0.106852213542
1779237325.110000,2026/05/20-08:35:25.110,-0.039453125
1779237325.310000,2026/05/20-08:35:25.310,-0.244390190972
1779237325.530000,2026/05/20-08:35:25.530,-0.371516927083
1779237325.790000,2026/05/20-08:35:25.790,0.181374782986
1779237325.990000,2026/05/20-08:35:25.990,-0.146305338542
1779237326.190000,2026/05/20-08:35:26.190,-0.014794921875
1779237326.390000,2026/05/20-08:35:26.390,0.0350694444444
1779237326.590000,2026/05/20-08:35:26.590,-0.102468532986
1779237326.830000,2026/05/20-08:35:26.830,-0.0745225694444
1779237327.070000,2026/05/20-08:35:27.070,0.0191786024306
1779237327.270000,2026/05/20-08:35:27.270,0.0317816840278
1779237327.470000,2026/05/20-08:35:27.470,-0.0953450520833
1779237327.670000,2026/05/20-08:35:27.670,-0.248773871528
1779237327.870000,2026/05/20-08:35:27.870,-0.00712348090278
1779237328.120000,2026/05/20-08:35:28.120,-0.186306423611
1779237328.350000,2026/05/20-08:35:28.350,-0.191238064236
1779237328.550000,2026/05/20-08:35:28.550,-0.147401258681
1779237328.750000,2026/05/20-08:35:28.750,-0.0339735243056
1779237328.950000,2026/05/20-08:35:28.950,-0.0969889322917
1779237329.150000,2026/05/20-08:35:29.150,0.0504123263889
1779237329.410000,2026/05/20-08:35:29.410,0.164388020833
1779237329.630000,2026/05/20-08:35:29.630,0.120003255208
1779237329.830000,2026/05/20-08:35:29.830,-0.0882215711806
1779237330.030000,2026/05/20-08:35:30.030,-0.0871256510417
1779237330.230000,2026/05/20-08:35:30.230,0.00547960069445
1779237330.430000,2026/05/20-08:35:30.430,0.239458550347
1779237330.670000,2026/05/20-08:35:30.670,-0.448231336806
1779237330.870000,2026/05/20-08:35:30.870,0.113975694444
1779237331.070000,2026/05/20-08:35:31.070,-0.0750705295139
1779237331.270000,2026/05/20-08:35:31.270,-0.155072699653
1779237331.470000,2026/05/20-08:35:31.470,0.113975694444
1779237331.670000,2026/05/20-08:35:31.670,-0.158908420139
1779237331.940000,2026/05/20-08:35:31.940,-0.0646592881944
1779237332.150000,2026/05/20-08:35:32.150,-0.0597276475694
1779237332.350000,2026/05/20-08:35:32.350,-0.453162977431
1779237332.550000,2026/05/20-08:35:32.550,-0.0953450520833
1779237332.750000,2026/05/20-08:35:32.750,-0.0882215711806
1779237332.950000,2026/05/20-08:35:32.950,-0.189046223958
1779237333.230000,2026/05/20-08:35:33.230,-0.185758463542
1779237333.430000,2026/05/20-08:35:33.430,-0.176991102431
1779237333.630000,2026/05/20-08:35:33.630,0.064111328125
1779237333.830000,2026/05/20-08:35:33.830,-0.212060546875
1779237334.030000,2026/05/20-08:35:34.030,0.0306857638889
1779237334.230000,2026/05/20-08:35:34.230,0.105756293403
1779237334.510000,2026/05/20-08:35:34.510,0.340283203125
1779237334.710000,2026/05/20-08:35:34.710,-0.0745225694444
1779237334.910000,2026/05/20-08:35:34.910,0.0684950086806
1779237335.110000,2026/05/20-08:35:35.110,-0.235074869792
1779237335.310000,2026/05/20-08:35:35.310,0.115071614583
1779237335.510000,2026/05/20-08:35:35.510,0.0800021701389
1779237335.830000,2026/05/20-08:35:35.830,0.149593098958
1779237336.030000,2026/05/20-08:35:36.030,-0.307405598958
1779237336.230000,2026/05/20-08:35:36.230,-0.156168619792
1779237336.430000,2026/05/20-08:35:36.430,-0.0805501302083
1779237336.630000,2026/05/20-08:35:36.630,-0.0602756076389
1779237336.880000,2026/05/20-08:35:36.880,-0.103564453125
1779237337.110000,2026/05/20-08:35:37.110,-0.283295355903
1779237337.310000,2026/05/20-08:35:37.310,-0.0334255642361
1779237337.510000,2026/05/20-08:35:37.510,0.241650390625
1779237337.710000,2026/05/20-08:35:37.710,-0.134798177083
1779237337.910000,2026/05/20-08:35:37.910,-0.0301378038194
1779237338.170000,2026/05/20-08:35:38.170,-0.103016493056
1779237338.390000,2026/05/20-08:35:38.390,0.254253472222
1779237338.590000,2026/05/20-08:35:38.590,0.150141059028
1779237338.790000,2026/05/20-08:35:38.790,-0.255349392361
1779237338.990000,2026/05/20-08:35:38.990,-0.0136990017361
1779237339.190000,2026/05/20-08:35:39.190,-0.253157552083
1779237339.450000,2026/05/20-08:35:39.450,-0.0356174045139
1779237339.670000,2026/05/20-08:35:39.670,-0.0865776909722
1779237339.870000,2026/05/20-08:35:39.870,0.0679470486111
1779237340.070000,2026/05/20-08:35:40.070,0.083837890625
1779237340.270000,2026/05/20-08:35:40.270,-0.324392361111
1779237340.470000,2026/05/20-08:35:40.470,-0.0871256510417
1779237340.750000,2026/05/20-08:35:40.750,0.112331814236
1779237340.950000,2026/05/20-08:35:40.950,0.165483940972
1779237341.150000,2026/05/20-08:35:41.150,-0.138633897569
1779237341.350000,2026/05/20-08:35:41.350,0.0794542100694
1779237341.550000,2026/05/20-08:35:41.550,-0.218088107639
1779237341.750000,2026/05/20-08:35:41.750,0.284939236111
1779237342.030000,2026/05/20-08:35:42.030,0.127126736111
1779237342.230000,2026/05/20-08:35:42.230,0.0356174045139
1779237342.430000,2026/05/20-08:35:42.430,-0.00876736111111
1779237342.630000,2026/05/20-08:35:42.630,0.163292100694
1779237342.830000,2026/05/20-08:35:42.830,-0.169867621528
1779237343.040000,2026/05/20-08:35:43.040,0.105208333333
1779237343.310000,2026/05/20-08:35:43.310,-0.22685546875
1779237343.510000,2026/05/20-08:35:43.510,-0.189594184028
1779237343.710000,2026/05/20-08:35:43.710,0.0410970052083
1779237343.910000,2026/05/20-08:35:43.910,0.0876736111111
1779237344.110000,2026/05/20-08:35:44.110,-0.10849609375
1779237344.370000,2026/05/20-08:35:44.370,0.167127821181
1779237344.590000,2026/05/20-08:35:44.590,-0.0465766059028
1779237344.790000,2026/05/20-08:35:44.790,-0.229047309028
1779237344.990000,2026/05/20-08:35:44.990,0.182470703125
1779237345.190000,2026/05/20-08:35:45.190,-0.0279459635417
1779237345.390000,2026/05/20-08:35:45.390,-0.0509602864583
1779237345.670000,2026/05/20-08:35:45.670,-0.284391276042
1779237345.870000,2026/05/20-08:35:45.870,0.0158908420139
1779237346.070000,2026/05/20-08:35:46.070,-0.0663031684028
1779237346.270000,2026/05/20-08:35:46.270,0.168223741319
1779237346.470000,2026/05/20-08:35:46.470,-0.526041666667
1779237346.670000,2026/05/20-08:35:46.670,-0.221375868056
1779237346.950000,2026/05/20-08:35:46.950,-0.189594184028
1779237347.150000,2026/05/20-08:35:47.150,-0.228499348958
1779237347.350000,2026/05/20-08:35:47.350,-0.103564453125
1779237347.550000,2026/05/20-08:35:47.550,0.0569878472222
1779237347.750000,2026/05/20-08:35:47.750,0.039453125
1779237347.970000,2026/05/20-08:35:47.970,0.103564453125
1779237348.230000,2026/05/20-08:35:48.230,0.452615017361
1779237348.430000,2026/05/20-08:35:48.430,-0.103564453125
1779237348.630000,2026/05/20-08:35:48.630,0.146853298611
1779237348.830000,2026/05/20-08:35:48.830,0.0263020833333
1779237349.030000,2026/05/20-08:35:49.030,0.0745225694444
1779237350.190000,2026/05/20-08:35:50.190,0.215896267361
1779237351.190000,2026/05/20-08:35:51.190,-0.0860297309028
1779237352.190000,2026/05/20-08:35:52.190,0.244938151042
1779237353.190000,2026/05/20-08:35:53.190,0.390695529514
1779237354.190000,2026/05/20-08:35:54.190,0.229595269097
1779237355.200000,2026/05/20-08:35:55.200,-0.0509602864583
1779237356.220000,2026/05/20-08:35:56.220,-0.0169867621528
1779237357.200000,2026/05/20-08:35:57.200,0.0964409722222
1779237358.200000,2026/05/20-08:35:58.200,-0.174251302083
1779237359.200000,2026/05/20-08:35:59.200,0.0449327256944
1779237360.200000,2026/05/20-08:36:00.200,-0.20712890625
1779237361.200000,2026/05/20-08:36:01.200,0.327680121528
1779237362.230000,2026/05/20-08:36:02.230,-0.039453125
1779237363.200000,2026/05/20-08:36:03.200,0.148497178819
1779237364.200000,2026/05/20-08:36:04.200,-0.00164388020834
1779237365.200000,2026/05/20-08:36:05.200,-0.0991807725694
1779237366.200000,2026/05/20-08:36:06.200,0.0953450520833
1779237367.200000,2026/05/20-08:36:07.200,0.398914930556
1779237368.200000,2026/05/20-08:36:08.200,0.0646592881944
1779237369.230000,2026/05/20-08:36:09.230,0.168771701389
1779237370.200000,2026/05/20-08:36:10.200,0.153428819444
1779237371.200000,2026/05/20-08:36:11.200,0.215348307292
1779237372.200000,2026/05/20-08:36:12.200,-0.432888454861
1779237373.200000,2026/05/20-08:36:13.200,-0.267952473958
1779237374.200000,2026/05/20-08:36:14.200,-0.125482855903
1779237375.210000,2026/05/20-08:36:15.210,-0.184662543403
1779237376.200000,2026/05/20-08:36:16.200,0.252609592014
1779237377.200000,2026/05/20-08:36:17.200,-0.263020833333
1779237378.200000,2026/05/20-08:36:18.200,0.0646592881944
1779237379.200000,2026/05/20-08:36:19.200,0.0136990017361
1779237380.200000,2026/05/20-08:36:20.200,-0.0235622829861
1779237381.200000,2026/05/20-08:36:21.200,-0.0668511284722
1779237382.230000,2026/05/20-08:36:22.230,-0.145757378472
1779237383.200000,2026/05/20-08:36:23.200,-0.024658203125
1779237384.200000,2026/05/20-08:36:24.200,-0.145209418403
1779237385.200000,2026/05/20-08:36:25.200,-0.0158908420139
1779237386.200000,2026/05/20-08:36:26.200,0.125482855903
1779237387.200000,2026/05/20-08:36:27.200,-0.2564453125
1779237388.210000,2026/05/20-08:36:28.210,0.0476725260417
1779237389.210000,2026/05/20-08:36:29.210,0.231239149306
1779237390.200000,2026/05/20-08:36:30.200,0.0794542100694
1779237391.200000,2026/05/20-08:36:31.200,0.0893174913194
1779237392.200000,2026/05/20-08:36:32.200,0.0421929253472
1779237393.200000,2026/05/20-08:36:33.200,0.234526909722
1779237394.200000,2026/05/20-08:36:34.200,-0.283843315972
1779237395.240000,2026/05/20-08:36:35.240,-0.04931640625
1779237396.200000,2026/05/20-08:36:36.200,-0.378092447917
1779237397.200000,2026/05/20-08:36:37.200,0.168223741319
1779237398.200000,2026/05/20-08:36:38.200,-0.0969889322917
1779237399.200000,2026/05/20-08:36:39.200,0.153976779514
1779237400.200000,2026/05/20-08:36:40.200,-0.125482855903
1779237401.200000,2026/05/20-08:36:41.200,0.425217013889
1779237402.220000,2026/05/20-08:36:42.220,-0.277267795139
1779237403.200000,2026/05/20-08:36:43.200,0.226307508681
1779237404.200000,2026/05/20-08:36:44.200,0.0520562065972
1779237405.200000,2026/05/20-08:36:45.200,-0.276719835069
1779237406.200000,2026/05/20-08:36:46.200,0.39453125
1779237407.210000,2026/05/20-08:36:47.210,0.105756293403
1779237408.230000,2026/05/20-08:36:48.230,0.0827419704861
1779237409.200000,2026/05/20-08:36:49.200,-0.628510199653
1779237410.200000,2026/05/20-08:36:50.200,0.163840060764
1779237411.200000,2026/05/20-08:36:51.200,0.397819010417
1779237412.200000,2026/05/20-08:36:52.200,-0.0465766059028
1779237413.200000,2026/05/20-08:36:53.200,0.0652072482639
1779237414.200000,2026/05/20-08:36:54.200,0.0290418836806
1779237415.240000,2026/05/20-08:36:55.240,0.0898654513889
1779237416.200000,2026/05/20-08:36:56.200,-0.0569878472222
1779237417.200000,2026/05/20-08:36:57.200,-0.0115071614583
1779237418.200000,2026/05/20-08:36:58.200,-0.288226996528
1779237419.200000,2026/05/20-08:36:59.200,-0.0520562065972
1779237420.200000,2026/05/20-08:37:00.200,0.0668511284722
1779237421.210000,2026/05/20-08:37:01.210,0.161648220486
1779237422.210000,2026/05/20-08:37:02.210,0.18740234375
1779237423.210000,2026/05/20-08:37:03.210,0.0142469618056
1779237424.200000,2026/05/20-08:37:04.200,-0.0783582899306
1779237425.210000,2026/05/20-08:37:05.210,0.0663031684028
1779237426.200000,2026/05/20-08:37:06.200,-0.113427734375
1779237427.200000,2026/05/20-08:37:07.200,0.0728786892361
1779237428.230000,2026/05/20-08:37:08.230,-0.0191786024306
1779237429.200000,2026/05/20-08:37:09.200,0.129866536458
1779237430.200000,2026/05/20-08:37:10.200,0.0224663628472
1779237431.210000,2026/05/20-08:37:11.210,0.437272135417
1779237432.200000,2026/05/20-08:37:12.200,0.277267795139
1779237433.210000,2026/05/20-08:37:13.210,0.426312934028
1779237434.220000,2026/05/20-08:37:14.220,-0.0169867621528
1779237435.200000,2026/05/20-08:37:15.200,0.355078125
1779237436.200000,2026/05/20-08:37:16.200,0.184114583333
1779237437.200000,2026/05/20-08:37:17.200,-0.162744140625
1779237438.210000,2026/05/20-08:37:18.210,0.0701388888889
1779237439.210000,2026/05/20-08:37:19.210,-0.211512586806
1779237440.210000,2026/05/20-08:37:20.210,0.225759548611
1779237441.220000,2026/05/20-08:37:21.220,0.0920572916667
1779237442.200000,2026/05/20-08:37:22.200,-0.161648220486
1779237443.200000,2026/05/20-08:37:23.200,0.327132161458
1779237444.200000,2026/05/20-08:37:24.200,-0.238910590278
1779237445.200000,2026/05/20-08:37:25.200,0.073974609375
1779237446.200000,2026/05/20-08:37:26.200,-0.0827419704861
1779237447.240000,2026/05/20-08:37:27.240,0.0597276475694
1779237448.210000,2026/05/20-08:37:28.210,-0.579741753472
1779237449.200000,2026/05/20-08:37:29.200,-0.100276692708
1779237450.210000,2026/05/20-08:37:30.210,0.253157552083
1779237451.200000,2026/05/20-08:37:31.200,-0.200005425347
1779237452.200000,2026/05/20-08:37:32.200,-0.235074869792
1779237453.210000,2026/05/20-08:37:33.210,-0.357817925347
1779237454.210000,2026/05/20-08:37:34.210,-0.162744140625
1779237455.200000,2026/05/20-08:37:35.200,-0.268500434028
1779237456.200000,2026/05/20-08:37:36.200,0.0350694444444
1779237457.210000,2026/05/20-08:37:37.210,0.152332899306
1779237458.200000,2026/05/20-08:37:38.200,-0.302473958333
1779237459.200000,2026/05/20-08:37:39.200,-0.0712348090278
1779237460.240000,2026/05/20-08:37:40.240,0.136990017361
1779237461.200000,2026/05/20-08:37:41.200,0.293158637153
1779237462.200000,2026/05/20-08:37:42.200,0.176443142361
1779237463.200000,2026/05/20-08:37:43.200,0.00767144097222
1779237464.210000,2026/05/20-08:37:44.210,0.290418836806
1779237465.200000,2026/05/20-08:37:45.200,-0.101372612847
1779237466.200000,2026/05/20-08:37:46.200,-0.217540147569
1779237467.210000,2026/05/20-08:37:47.210,0.169867621528
1779237468.200000,2026/05/20-08:37:48.200,0.00219184027778
1779237469.200000,2026/05/20-08:37:49.200,-0.0569878472222
1779237470.200000,2026/05/20-08:37:50.200,-0.161648220486
1779237471.200000,2026/05/20-08:37:51.200,-0.230691189236
1779237472.210000,2026/05/20-08:37:52.210,-0.0783582899306
1779237473.230000,2026/05/20-08:37:53.230,0.0980848524306
1779237474.200000,2026/05/20-08:37:54.200,0.382476128472
1779237475.200000,2026/05/20-08:37:55.200,0.156168619792
1779237476.200000,2026/05/20-08:37:56.200,0.143565538194
1779237477.200000,2026/05/20-08:37:57.200,0.160004340278
1779237478.200000,2026/05/20-08:37:58.200,-0.280555555556
1779237479.200000,2026/05/20-08:37:59.200,0.121099175347
1779237480.210000,2026/05/20-08:38:00.210,0.451519097222
1779237481.200000,2026/05/20-08:38:01.200,0.139729817708
1779237482.200000,2026/05/20-08:38:02.200,-0.0805501302083
1779237483.200000,2026/05/20-08:38:03.200,-0.233978949653
1779237484.200000,2026/05/20-08:38:04.200,-0.0169867621528
1779237485.210000,2026/05/20-08:38:05.210,0.105208333333
1779237486.250000,2026/05/20-08:38:06.250,0.178634982639
1779237487.200000,2026/05/20-08:38:07.200,-0.00986328125
1779237488.200000,2026/05/20-08:38:08.200,-0.152880859375
1779237489.200000,2026/05/20-08:38:09.200,0.328776041667
1779237490.200000,2026/05/20-08:38:10.200,0.115619574653
1779237491.210000,2026/05/20-08:38:11.210,0.346858723958
1779237492.200000,2026/05/20-08:38:12.200,-0.186854383681
1779237493.210000,2026/05/20-08:38:13.210,0.0328776041667
1779237494.200000,2026/05/20-08:38:14.200,0.0898654513889
1779237495.210000,2026/05/20-08:38:15.210,-0.312337239583
1779237496.200000,2026/05/20-08:38:16.200,-0.100824652778
1779237497.200000,2026/05/20-08:38:17.200,0.0460286458333
1779237498.200000,2026/05/20-08:38:18.200,-0.301378038194
1779237499.230000,2026/05/20-08:38:19.230,0.150141059028
1779237500.200000,2026/05/20-08:38:20.200,0.228499348958
1779237501.200000,2026/05/20-08:38:21.200,-0.178634982639
1779237502.200000,2026/05/20-08:38:22.200,0.198361545139
1779237503.200000,2026/05/20-08:38:23.200,0.0624674479167
1779237504.200000,2026/05/20-08:38:24.200,0.230691189236
1779237505.210000,2026/05/20-08:38:25.210,-0.117263454861
1779237506.210000,2026/05/20-08:38:26.210,-0.201649305556
1779237507.200000,2026/05/20-08:38:27.200,-0.120003255208
1779237508.200000,2026/05/20-08:38:28.200,0.0734266493056
1779237509.200000,2026/05/20-08:38:29.200,0.0312337239583
1779237510.200000,2026/05/20-08:38:30.200,-0.0257541232639
1779237511.200000,2026/05/20-08:38:31.200,-0.0367133246528
1779237512.230000,2026/05/20-08:38:32.230,-0.0558919270833
1779237513.200000,2026/05/20-08:38:33.200,-0.0871256510417
1779237514.200000,2026/05/20-08:38:34.200,-0.0871256510417
1779237515.200000,2026/05/20-08:38:35.200,-0.174799262153
1779237516.200000,2026/05/20-08:38:36.200,0.0219184027778
1779237517.200000,2026/05/20-08:38:37.200,0.0273980034722
1779237518.210000,2026/05/20-08:38:38.210,-0.0158908420139
1779237519.200000,2026/05/20-08:38:39.200,-0.00602756076389
1779237520.200000,2026/05/20-08:38:40.200,0.139181857639
1779237521.200000,2026/05/20-08:38:41.200,-0.423025173611
1779237522.200000,2026/05/20-08:38:42.200,0.250965711806
1779237523.200000,2026/05/20-08:38:43.200,-0.0958930121528
1779237524.200000,2026/05/20-08:38:44.200,0.144113498264
1779237525.210000,2026/05/20-08:38:45.210,0.375352647569
1779237526.210000,2026/05/20-08:38:46.210,-0.367133246528
1779237527.200000,2026/05/20-08:38:47.200,0.0537000868055
1779237528.200000,2026/05/20-08:38:48.200,-0.00164388020834
1779237529.200000,2026/05/20-08:38:49.200,-0.0564398871528
1779237530.200000,2026/05/20-08:38:50.200,-0.166579861111
1779237531.220000,2026/05/20-08:38:51.220,0.149593098958
1779237532.200000,2026/05/20-08:38:52.200,-0.151784939236
1779237533.200000,2026/05/20-08:38:53.200,-0.127126736111
1779237534.210000,2026/05/20-08:38:54.210,0.215896267361
1779237535.200000,2026/05/20-08:38:55.200,-0.319460720486
1779237536.200000,2026/05/20-08:38:56.200,-0.152332899306
1779237537.200000,2026/05/20-08:38:57.200,0.0202745225694
1779237538.240000,2026/05/20-08:38:58.240,0.0580837673611
1779237539.200000,2026/05/20-08:38:59.200,-0.103016493056
1779237540.200000,2026/05/20-08:39:00.200,0.406586371528
1779237541.200000,2026/05/20-08:39:01.200,0.0306857638889
1779237542.200000,2026/05/20-08:39:02.200,-0.0367133246528
1779237543.200000,2026/05/20-08:39:03.200,-0.497547743056
1779237544.230000,2026/05/20-08:39:04.230,-0.0756184895833
1779237545.210000,2026/05/20-08:39:05.210,0.0882215711806
1779237546.200000,2026/05/20-08:39:06.200,0.252061631944
1779237547.210000,2026/05/20-08:39:07.210,0.0668511284722
1779237548.200000,2026/05/20-08:39:08.200,-0.395079210069
1779237549.200000,2026/05/20-08:39:09.200,0.0553439670139
1779237550.200000,2026/05/20-08:39:10.200,-0.260281032986
1779237551.210000,2026/05/20-08:39:11.210,0.0104112413194
1779237552.200000,2026/05/20-08:39:12.200,0.303021918403
1779237553.200000,2026/05/20-08:39:13.200,-0.183018663194
1779237554.200000,2026/05/20-08:39:14.200,-0.00657552083333
1779237555.200000,2026/05/20-08:39:15.200,0.242746310764
1779237556.200000,2026/05/20-08:39:16.200,0.0487684461806
1779237557.220000,2026/05/20-08:39:17.220,-0.0860297309028
1779237558.200000,2026/05/20-08:39:18.200,0.0191786024306
1779237559.200000,2026/05/20-08:39:19.200,0.149045138889
1779237560.200000,2026/05/20-08:39:20.200,-0.279459635417
1779237561.200000,2026/05/20-08:39:21.200,0.0926052517361
1779237562.200000,2026/05/20-08:39:22.200,-0.168223741319
1779237563.210000,2026/05/20-08:39:23.210,-0.123838975694
1779237564.210000,2026/05/20-08:39:24.210,0.160004340278
1779237565.200000,2026/05/20-08:39:25.200,0.143565538194
1779237566.200000,2026/05/20-08:39:26.200,-0.112331814236
1779237567.210000,2026/05/20-08:39:27.210,0.130414496528
1779237568.210000,2026/05/20-08:39:28.210,-0.170963541667
1779237569.210000,2026/05/20-08:39:29.210,0.410422092014
1779237570.230000,2026/05/20-08:39:30.230,0.0947970920139
1779237571.200000,2026/05/20-08:39:31.200,0
1779237572.200000,2026/05/20-08:39:32.200,0.163292100694
1779237573.210000,2026/05/20-08:39:33.210,0.445491536458
1779237574.200000,2026/05/20-08:39:34.200,-0.202745225694
1779237575.200000,2026/05/20-08:39:35.200,-0.073974609375
1779237576.210000,2026/05/20-08:39:36.210,-0.184662543403
1779237577.200000,2026/05/20-08:39:37.200,0.208772786458
1779237578.210000,2026/05/20-08:39:38.210,0.0520562065972
1779237579.200000,2026/05/20-08:39:39.200,-0.395079210069
1779237580.200000,2026/05/20-08:39:40.200,0.205485026042
1779237581.200000,2026/05/20-08:39:41.200,-0.328228081597
1779237582.210000,2026/05/20-08:39:42.210,-0.0673990885417
1779237583.260000,2026/05/20-08:39:43.260,0.100824652778
1779237584.210000,2026/05/20-08:39:44.210,-0.104112413194
1779237585.200000,2026/05/20-08:39:45.200,-0.123838975694
1779237586.210000,2026/05/20-08:39:46.210,-0.367681206597
1779237587.200000,2026/05/20-08:39:47.200,-0.126030815972
1779237588.210000,2026/05/20-08:39:48.210,-0.242198350694
1779237589.210000,2026/05/20-08:39:49.210,-0.250417751736
1779237590.210000,2026/05/20-08:39:50.210,0.236170789931
1779237591.200000,2026/05/20-08:39:51.200,0.105756293403
1779237592.200000,2026/05/20-08:39:52.200,0.0180826822917
1779237593.200000,2026/05/20-08:39:53.200,-0.0410970052083
1779237594.200000,2026/05/20-08:39:54.200,-0.321104600694
1779237595.210000,2026/05/20-08:39:55.210,0.371516927083
1779237596.250000,2026/05/20-08:39:56.250,-0.561659071181
1779237597.200000,2026/05/20-08:39:57.200,-0.0926052517361
1779237598.200000,2026/05/20-08:39:58.200,0.00986328125
1779237599.210000,2026/05/20-08:39:59.210,-0.224115668403
1779237600.210000,2026/05/20-08:40:00.210,-0.0586317274306
1779237601.200000,2026/05/20-08:40:01.200,-0.0728786892361
1779237602.200000,2026/05/20-08:40:02.200,0.00821940104167
1779237603.220000,2026/05/20-08:40:03.220,0.420285373264
1779237604.210000,2026/05/20-08:40:04.210,0.0405490451389
1779237605.200000,2026/05/20-08:40:05.200,-0.136990017361
1779237606.200000,2026/05/20-08:40:06.200,0.186306423611
1779237607.200000,2026/05/20-08:40:07.200,0.184114583333
1779237608.200000,2026/05/20-08:40:08.200,0.396175130208
1779237609.230000,2026/05/20-08:40:09.230,-0.0750705295139
1779237610.210000,2026/05/20-08:40:10.210,0.215896267361
1779237611.200000,2026/05/20-08:40:11.200,-0.226307508681
1779237612.200000,2026/05/20-08:40:12.200,0.303569878472
1779237613.210000,2026/05/20-08:40:13.210,-0.178087022569
1779237614.200000,2026/05/20-08:40:14.200,0.195621744792
1779237615.200000,2026/05/20-08:40:15.200,-0.10849609375
1779237616.230000,2026/05/20-08:40:16.230,0.0328776041667
1779237617.210000,2026/05/20-08:40:17.210,-0.0712348090278
1779237618.200000,2026/05/20-08:40:18.200,0.0509602864583
1779237619.200000,2026/05/20-08:40:19.200,-0.0915093315972
1779237620.210000,2026/05/20-08:40:20.210,0.36494140625
1779237621.200000,2026/05/20-08:40:21.200,0.00931532118055
1779237622.230000,2026/05/20-08:40:22.230,-0.243294270833
1779237623.200000,2026/05/20-08:40:23.200,-0.0860297309028
1779237624.210000,2026/05/20-08:40:24.210,-0.120551215278
1779237625.200000,2026/05/20-08:40:25.200,0.0860297309028
1779237626.200000,2026/05/20-08:40:26.200,0.375352647569
1779237627.200000,2026/05/20-08:40:27.200,0.309597439236
1779237628.200000,2026/05/20-08:40:28.200,0.225211588542
1779237629.220000,2026/05/20-08:40:29.220,-0.107400173611
1779237630.210000,2026/05/20-08:40:30.210,-0.0728786892361
1779237631.210000,2026/05/20-08:40:31.210,-0.241102430556
1779237632.200000,2026/05/20-08:40:32.200,-0.361653645833
1779237633.200000,2026/05/20-08:40:33.200,-0.272336154514
1779237634.200000,2026/05/20-08:40:34.200,0.234526909722
1779237635.210000,2026/05/20-08:40:35.210,0.0268500434028
1779237636.200000,2026/05/20-08:40:36.200,-0.282199435764
1779237637.200000,2026/05/20-08:40:37.200,0.216444227431
1779237638.200000,2026/05/20-08:40:38.200,-0.119455295139
1779237639.210000,2026/05/20-08:40:39.210,0.309049479167
1779237640.210000,2026/05/20-08:40:40.210,-0.0591796875
1779237641.210000,2026/05/20-08:40:41.210,-0.202197265625
1779237642.220000,2026/05/20-08:40:42.220,0.024658203125
1779237643.200000,2026/05/20-08:40:43.200,-0.175895182292
1779237644.210000,2026/05/20-08:40:44.210,-0.368229166667
1779237645.200000,2026/05/20-08:40:45.200,-0.0553439670139
1779237646.200000,2026/05/20-08:40:46.200,0.471245659722
1779237647.210000,2026/05/20-08:40:47.210,0.0290418836806
1779237648.220000,2026/05/20-08:40:48.220,-0.200553385417
1779237649.200000,2026/05/20-08:40:49.200,0.044384765625
1779237650.200000,2026/05/20-08:40:50.200,-0.039453125
1779237651.210000,2026/05/20-08:40:51.210,0.144113498264
1779237652.210000,2026/05/20-08:40:52.210,0.0306857638889
1779237653.210000,2026/05/20-08:40:53.210,-0.338091362847
1779237654.210000,2026/05/20-08:40:54.210,-0.137537977431
1779237655.260000,2026/05/20-08:40:55.260,0.0328776041667
1779237656.210000,2026/05/20-08:40:56.210,0.402202690972
1779237657.210000,2026/05/20-08:40:57.210,-0.145209418403
1779237658.200000,2026/05/20-08:40:58.200,-0.110687934028
1779237659.210000,2026/05/20-08:40:59.210,0.150689019097
1779237660.210000,2026/05/20-08:41:00.210,0.0723307291667
1779237661.220000,2026/05/20-08:41:01.220,0.0854817708333
1779237662.210000,2026/05/20-08:41:02.210,-0.126030815972
1779237663.210000,2026/05/20-08:41:03.210,0.196717664931
1779237664.200000,2026/05/20-08:41:04.200,-0.528233506944
1779237665.210000,2026/05/20-08:41:05.210,-0.294802517361
1779237666.210000,2026/05/20-08:41:06.210,-0.0821940104167
1779237667.210000,2026/05/20-08:41:07.210,0.201101345486
1779237668.230000,2026/05/20-08:41:08.230,0.398366970486
1779237669.210000,2026/05/20-08:41:09.210,-0.0958930121528
1779237670.210000,2026/05/20-08:41:10.210,-0.104660373264
1779237671.210000,2026/05/20-08:41:11.210,-0.00219184027778
1779237672.210000,2026/05/20-08:41:12.210,-0.390695529514
1779237673.210000,2026/05/20-08:41:13.210,0.180826822917
1779237674.210000,2026/05/20-08:41:14.210,0.151236979167
1779237675.220000,2026/05/20-08:41:15.220,-0.258089192708
1779237676.210000,2026/05/20-08:41:16.210,0.251513671875
1779237677.210000,2026/05/20-08:41:17.210,0.0668511284722
1779237678.210000,2026/05/20-08:41:18.210,-0.0794542100694
1779237679.210000,2026/05/20-08:41:19.210,-0.0191786024306
1779237680.210000,2026/05/20-08:41:20.210,0.300282118056
1779237681.240000,2026/05/20-08:41:21.240,0.0986328125
1779237682.200000,2026/05/20-08:41:22.200,-0.132606336806
1779237683.210000,2026/05/20-08:41:23.210,-0.0684950086806
1779237684.210000,2026/05/20-08:41:24.210,0.258637152778
1779237685.210000,2026/05/20-08:41:25.210,-0.04931640625
1779237686.210000,2026/05/20-08:41:26.210,0.191238064236
1779237687.210000,2026/05/20-08:41:27.210,0.185210503472
1779237688.230000,2026/05/20-08:41:28.230,-0.0893174913194
1779237689.210000,2026/05/20-08:41:29.210,-0.0482204861111
1779237690.210000,2026/05/20-08:41:30.210,-0.174251302083
1779237691.210000,2026/05/20-08:41:31.210,0.185758463542
1779237692.210000,2026/05/20-08:41:32.210,0.206580946181
1779237693.210000,2026/05/20-08:41:33.210,0.280007595486
1779237694.220000,2026/05/20-08:41:34.220,-0.248225911458
1779237695.210000,2026/05/20-08:41:35.210,0.423025173611
1779237696.210000,2026/05/20-08:41:36.210,0.0778103298611
1779237697.210000,2026/05/20-08:41:37.210,-0.0569878472222
1779237698.210000,2026/05/20-08:41:38.210,-0.106852213542
1779237699.210000,2026/05/20-08:41:39.210,-0.153976779514
1779237700.210000,2026/05/20-08:41:40.210,0.0356174045139
1779237701.250000,2026/05/20-08:41:41.250,0.191238064236
1779237702.210000,2026/05/20-08:41:42.210,0.112331814236
1779237703.210000,2026/05/20-08:41:43.210,-0.0213704427083
1779237704.210000,2026/05/20-08:41:44.210,0.0778103298611
1779237705.210000,2026/05/20-08:41:45.210,0.0323296440972
1779237706.210000,2026/05/20-08:41:46.210,0.256993272569
1779237707.210000,2026/05/20-08:41:47.210,-0.093701171875
1779237708.210000,2026/05/20-08:41:48.210,0.0356174045139
1779237709.210000,2026/05/20-08:41:49.210,0.157264539931
1779237710.210000,2026/05/20-08:41:50.210,0.0684950086806
1779237711.210000,2026/05/20-08:41:51.210,0.20712890625
1779237712.210000,2026/05/20-08:41:52.210,-0.120551215278
1779237713.210000,2026/05/20-08:41:53.210,-0.133702256944
1779237714.250000,2026/05/20-08:41:54.250,0.254801432292
1779237715.210000,2026/05/20-08:41:55.210,0.294254557292
1779237716.210000,2026/05/20-08:41:56.210,0.0646592881944
1779237717.210000,2026/05/20-08:41:57.210,-0.218088107639
1779237718.210000,2026/05/20-08:41:58.210,0.306857638889
1779237719.210000,2026/05/20-08:41:59.210,0.104112413194
1779237720.210000,2026/05/20-08:42:00.210,-0.0323296440972
1779237721.220000,2026/05/20-08:42:01.220,0.141373697917
1779237722.210000,2026/05/20-08:42:02.210,0.0208224826389
1779237723.210000,2026/05/20-08:42:03.210,-0.122743055556
1779237724.210000,2026/05/20-08:42:04.210,-0.0454806857639
1779237725.210000,2026/05/20-08:42:05.210,-0.244938151042
1779237726.210000,2026/05/20-08:42:06.210,-0.0460286458333
1779237727.240000,2026/05/20-08:42:07.240,0.0958930121528
1779237728.210000,2026/05/20-08:42:08.210,-0.00986328125
1779237729.210000,2026/05/20-08:42:09.210,0.382476128472
1779237730.210000,2026/05/20-08:42:10.210,0.205485026042
1779237731.210000,2026/05/20-08:42:11.210,0.0679470486111
1779237732.210000,2026/05/20-08:42:12.210,0.0849338107639
1779237733.210000,2026/05/20-08:42:13.210,-0.246034071181
1779237734.210000,2026/05/20-08:42:14.210,0.503575303819
1779237735.210000,2026/05/20-08:42:15.210,-0.0438368055556
1779237736.210000,2026/05/20-08:42:16.210,0.024658203125
1779237737.210000,2026/05/20-08:42:17.210,-0.139729817708
1779237738.210000,2026/05/20-08:42:18.210,0.0241102430556
1779237739.210000,2026/05/20-08:42:19.210,0.0317816840278
1779237740.240000,2026/05/20-08:42:20.240,0.205485026042
1779237741.210000,2026/05/20-08:42:21.210,-0.083837890625
1779237742.210000,2026/05/20-08:42:22.210,0.109592013889
1779237743.210000,2026/05/20-08:42:23.210,0.107948133681
1779237744.210000,2026/05/20-08:42:24.210,-0.140277777778
1779237745.210000,2026/05/20-08:42:25.210,-0.0449327256944
1779237746.210000,2026/05/20-08:42:26.210,0.308501519097
1779237747.210000,2026/05/20-08:42:27.210,-0.373708767361
1779237748.210000,2026/05/20-08:42:28.210,-0.4931640625
1779237749.210000,2026/05/20-08:42:29.210,-0.0257541232639
1779237750.210000,2026/05/20-08:42:30.210,-0.0476725260417
1779237751.210000,2026/05/20-08:42:31.210,0.191786024306
1779237752.210000,2026/05/20-08:42:32.210,-0.00438368055556
1779237753.230000,2026/05/20-08:42:33.230,-0.0361653645833
1779237754.210000,2026/05/20-08:42:34.210,-0.00931532118056
1779237755.210000,2026/05/20-08:42:35.210,-0.247129991319
1779237756.210000,2026/05/20-08:42:36.210,0.0717827690972
1779237757.210000,2026/05/20-08:42:37.210,0.18740234375
1779237758.210000,2026/05/20-08:42:38.210,-0.307405598958
1779237759.210000,2026/05/20-08:42:39.210,0.198361545139
1779237760.210000,2026/05/20-08:42:40.210,-0.208772786458
1779237761.210000,2026/05/20-08:42:41.210,0.0695909288194
1779237762.210000,2026/05/20-08:42:42.210,0.0208224826389
1779237763.210000,2026/05/20-08:42:43.210,-0.202197265625
1779237764.210000,2026/05/20-08:42:44.210,-0.112879774306
1779237765.210000,2026/05/20-08:42:45.210,0.254801432292
1779237766.230000,2026/05/20-08:42:46.230,0.116715494792
1779237767.210000,2026/05/20-08:42:47.210,-0.00383572048611
1779237768.210000,2026/05/20-08:42:48.210,0.127674696181
1779237769.210000,2026/05/20-08:42:49.210,-0.0290418836806
1779237770.210000,2026/05/20-08:42:50.210,0.083837890625
1779237771.210000,2026/05/20-08:42:51.210,0.353982204861
1779237772.210000,2026/05/20-08:42:52.210,-0.04931640625
1779237773.220000,2026/05/20-08:42:53.220,0.0668511284722
1779237774.210000,2026/05/20-08:42:54.210,-0.0416449652778
1779237775.210000,2026/05/20-08:42:55.210,-0.105208333333
1779237776.210000,2026/05/20-08:42:56.210,-0.0652072482639
1779237777.210000,2026/05/20-08:42:57.210,0.0958930121528
1779237778.210000,2026/05/20-08:42:58.210,0.203293185764
1779237779.240000,2026/05/20-08:42:59.240,0.253157552083
1779237780.210000,2026/05/20-08:43:00.210,-0.262472873264
1779237781.210000,2026/05/20-08:43:01.210,-0.361105685764
1779237782.210000,2026/05/20-08:43:02.210,-0.128770616319
1779237783.210000,2026/05/20-08:43:03.210,0.276171875
1779237784.210000,2026/05/20-08:43:04.210,0.124386935764
1779237785.210000,2026/05/20-08:43:05.210,-0.358913845486
1779237786.250000,2026/05/20-08:43:06.250,-0.0175347222222
1779237787.210000,2026/05/20-08:43:07.210,0.135894097222
1779237788.210000,2026/05/20-08:43:08.210,-0.398366970486
1779237789.210000,2026/05/20-08:43:09.210,-0.0893174913194
1779237790.210000,2026/05/20-08:43:10.210,-0.0224663628472
1779237791.210000,2026/05/20-08:43:11.210,0.0591796875
1779237792.210000,2026/05/20-08:43:12.210,0.073974609375
1779237793.220000,2026/05/20-08:43:13.220,0.000547960069449
1779237794.210000,2026/05/20-08:43:14.210,-0.104660373264
1779237795.210000,2026/05/20-08:43:15.210,-0.298090277778
1779237796.210000,2026/05/20-08:43:16.210,0.0290418836806
1779237797.210000,2026/05/20-08:43:17.210,0.179182942708
1779237798.210000,2026/05/20-08:43:18.210,0.0701388888889
1779237799.230000,2026/05/20-08:43:19.230,0.0504123263889
1779237800.210000,2026/05/20-08:43:20.210,0.184114583333
1779237801.210000,2026/05/20-08:43:21.210,0.0465766059028
1779237802.210000,2026/05/20-08:43:22.210,0.249321831597
1779237803.210000,2026/05/20-08:43:23.210,0.0356174045139
1779237804.210000,2026/05/20-08:43:24.210,0.333707682292
1779237805.210000,2026/05/20-08:43:25.210,0.189594184028
1779237806.220000,2026/05/20-08:43:26.220,-0.0252061631944
1779237807.210000,2026/05/20-08:43:27.210,0.238362630208
1779237808.210000,2026/05/20-08:43:28.210,-0.0734266493056
1779237809.210000,2026/05/20-08:43:29.210,-0.282747395833
1779237810.210000,2026/05/20-08:43:30.210,-0.549603949653
1779237811.210000,2026/05/20-08:43:31.210,-0.193977864583
1779237812.250000,2026/05/20-08:43:32.250,-0.0810980902778
1779237813.210000,2026/05/20-08:43:33.210,0.161648220486
1779237814.210000,2026/05/20-08:43:34.210,-0.148497178819
1779237815.210000,2026/05/20-08:43:35.210,0.338639322917
1779237816.210000,2026/05/20-08:43:36.210,0.170415581597
1779237817.210000,2026/05/20-08:43:37.210,0.293706597222
1779237818.210000,2026/05/20-08:43:38.210,-0.0657552083333
1779237819.230000,2026/05/20-08:43:39.230,0.0794542100694
1779237820.210000,2026/05/20-08:43:40.210,-0.0926052517361
1779237821.210000,2026/05/20-08:43:41.210,-0.20712890625
1779237822.210000,2026/05/20-08:43:42.210,-0.265760633681
1779237823.210000,2026/05/20-08:43:43.210,-0.131510416667
1779237824.210000,2026/05/20-08:43:44.210,0.0652072482639
1779237825.230000,2026/05/20-08:43:45.230,-0.083837890625
1779237826.210000,2026/05/20-08:43:46.210,0.452067057292
1779237827.210000,2026/05/20-08:43:47.210,-0.04931640625
1779237828.210000,2026/05/20-08:43:48.210,-0.00931532118056
1779237829.210000,2026/05/20-08:43:49.210,-0.0602756076389
1779237830.210000,2026/05/20-08:43:50.210,0.106304253472
1779237831.210000,2026/05/20-08:43:51.210,-0.104660373264
1779237832.280000,2026/05/20-08:43:52.280,0.124386935764
1779237833.210000,2026/05/20-08:43:53.210,-0.154524739583
1779237834.210000,2026/05/20-08:43:54.210,0.203293185764
1779237835.210000,2026/05/20-08:43:55.210,-0.293158637153
1779237836.210000,2026/05/20-08:43:56.210,0.0454806857639
1779237837.210000,2026/05/20-08:43:57.210,-0.144661458333
1779237838.210000,2026/05/20-08:43:58.210,0.0800021701389
1779237839.210000,2026/05/20-08:43:59.210,0.0290418836806
1779237840.210000,2026/05/20-08:44:00.210,0.419737413194
1779237841.210000,2026/05/20-08:44:01.210,0.0339735243056
1779237842.210000,2026/05/20-08:44:02.210,-0.178634982639
1779237843.210000,2026/05/20-08:44:03.210,-0.039453125
1779237844.210000,2026/05/20-08:44:04.210,-0.0323296440972
1779237845.240000,2026/05/20-08:44:05.240,0.106852213542
1779237846.210000,2026/05/20-08:44:06.210,-0.0328776041667
1779237847.210000,2026/05/20-08:44:07.210,0.344118923611
1779237848.210000,2026/05/20-08:44:08.210,-0.0312337239583
1779237849.210000,2026/05/20-08:44:09.210,-0.307405598958
1779237850.210000,2026/05/20-08:44:10.210,-0.361105685764
1779237851.210000,2026/05/20-08:44:11.210,-0.0745225694444
1779237852.210000,2026/05/20-08:44:12.210,0.153976779514
1779237853.210000,2026/05/20-08:44:13.210,-0.10849609375
1779237854.210000,2026/05/20-08:44:14.210,0.0372612847222
1779237855.210000,2026/05/20-08:44:15.210,-0.0646592881944
1779237856.210000,2026/05/20-08:44:16.210,-0.466861979167
1779237857.210000,2026/05/20-08:44:17.210,-0.0575358072917
1779237858.230000,2026/05/20-08:44:18.230,-0.000547960069443
1779237859.210000,2026/05/20-08:44:19.210,-0.0164388020833
1779237860.210000,2026/05/20-08:44:20.210,-0.36494140625
1779237861.210000,2026/05/20-08:44:21.210,-0.162744140625
1779237862.210000,2026/05/20-08:44:22.210,0.110687934028
1779237863.210000,2026/05/20-08:44:23.210,0.129318576389
1779237864.210000,2026/05/20-08:44:24.210,-0.139729817708
1779237865.220000,2026/05/20-08:44:25.220,0.122195095486
1779237866.210000,2026/05/20-08:44:26.210,0.340283203125
1779237867.210000,2026/05/20-08:44:27.210,0.243842230903
1779237868.210000,2026/05/20-08:44:28.210,0.0553439670139
1779237869.210000,2026/05/20-08:44:29.210,-0.0657552083333
1779237870.210000,2026/05/20-08:44:30.210,-0.0728786892361
1779237871.230000,2026/05/20-08:44:31.230,-0.202197265625
1779237872.210000,2026/05/20-08:44:32.210,0.0378092447917
1779237873.210000,2026/05/20-08:44:33.210,-0.266856553819
1779237874.210000,2026/05/20-08:44:34.210,0.221923828125
1779237875.210000,2026/05/20-08:44:35.210,-0.128770616319
1779237876.210000,2026/05/20-08:44:36.210,0.0350694444444
1779237877.210000,2026/05/20-08:44:37.210,-0.0926052517361
1779237878.220000,2026/05/20-08:44:38.220,0.0575358072917
1779237879.210000,2026/05/20-08:44:39.210,0.275623914931
1779237880.210000,2026/05/20-08:44:40.210,0.0230143229167
1779237881.210000,2026/05/20-08:44:41.210,-0.08876953125
1779237882.210000,2026/05/20-08:44:42.210,-0.164388020833
1779237883.210000,2026/05/20-08:44:43.210,0.129318576389
1779237884.210000,2026/05/20-08:44:44.210,0.358365885417
1779237885.210000,2026/05/20-08:44:45.210,-0.0482204861111
1779237886.210000,2026/05/20-08:44:46.210,-0.0487684461806
1779237887.210000,2026/05/20-08:44:47.210,0.269048394097
1779237888.210000,2026/05/20-08:44:48.210,-0.194525824653
1779237889.210000,2026/05/20-08:44:49.210,-0.184662543403
1779237890.210000,2026/05/20-08:44:50.210,-0.194525824653
1779237891.230000,2026/05/20-08:44:51.230,0.0120551215278
1779237892.210000,2026/05/20-08:44:52.210,0.204389105903
1779237893.210000,2026/05/20-08:44:53.210,0.399462890625
1779237894.210000,2026/05/20-08:44:54.210,-0.30576171875
1779237895.210000,2026/05/20-08:44:55.210,0.0849338107639
1779237896.210000,2026/05/20-08:44:56.210,-0.222471788194
1779237897.220000,2026/05/20-08:44:57.220,0.152332899306
1779237898.210000,2026/05/20-08:44:58.210,0.212060546875
1779237899.210000,2026/05/20-08:44:59.210,-0.294254557292
1779237900.210000,2026/05/20-08:45:00.210,0.315077039931
1779237901.210000,2026/05/20-08:45:01.210,-0.0460286458333
1779237902.210000,2026/05/20-08:45:02.210,-0.197813585069
1779237903.210000,2026/05/20-08:45:03.210,0.0767144097222
1779237904.240000,2026/05/20-08:45:04.240,-0.116715494792
1779237905.210000,2026/05/20-08:45:05.210,0.004931640625
1779237906.210000,2026/05/20-08:45:06.210,-0.113427734375
1779237907.210000,2026/05/20-08:45:07.210,-0.146853298611
1779237908.210000,2026/05/20-08:45:08.210,0.206580946181
1779237909.210000,2026/05/20-08:45:09.210,0.134250217014
1779237910.210000,2026/05/20-08:45:10.210,0.0126030815972
1779237911.210000,2026/05/20-08:45:11.210,0.124934895833
1779237912.210000,2026/05/20-08:45:12.210,-0.039453125
1779237913.210000,2026/05/20-08:45:13.210,-0.0131510416667
1779237914.210000,2026/05/20-08:45:14.210,-0.444395616319
1779237915.210000,2026/05/20-08:45:15.210,0.172607421875
1779237916.210000,2026/05/20-08:45:16.210,-0.247129991319
1779237917.220000,2026/05/20-08:45:17.220,0.336447482639
1779237918.210000,2026/05/20-08:45:18.210,0.401106770833
1779237919.210000,2026/05/20-08:45:19.210,0.004931640625
1779237920.210000,2026/05/20-08:45:20.210,0.109592013889
1779237921.210000,2026/05/20-08:45:21.210,0.146853298611
1779237922.210000,2026/05/20-08:45:22.210,0.00383572048611
1779237923.230000,2026/05/20-08:45:23.230,0.406038411458
1779237924.210000,2026/05/20-08:45:24.210,0.0783582899306
1779237925.210000,2026/05/20-08:45:25.210,-0.303569878472
1779237926.210000,2026/05/20-08:45:26.210,-0.141921657986
1779237927.210000,2026/05/20-08:45:27.210,-0.222471788194
1779237928.210000,2026/05/20-08:45:28.210,0.0142469618056
1779237929.210000,2026/05/20-08:45:29.210,-0.287679036458
1779237930.220000,2026/05/20-08:45:30.220,-0.0219184027778
1779237931.210000,2026/05/20-08:45:31.210,-0.303569878472
1779237932.210000,2026/05/20-08:45:32.210,0.0482204861111
1779237933.210000,2026/05/20-08:45:33.210,0.0761664496528
1779237934.210000,2026/05/20-08:45:34.210,-0.134798177083
1779237935.210000,2026/05/20-08:45:35.210,-0.0235622829861
1779237936.240000,2026/05/20-08:45:36.240,0.318912760417
1779237937.210000,2026/05/20-08:45:37.210,-0.569330512153
1779237938.210000,2026/05/20-08:45:38.210,-0.163292100694
1779237939.210000,2026/05/20-08:45:39.210,-0.154524739583
1779237940.210000,2026/05/20-08:45:40.210,0.164388020833
1779237941.210000,2026/05/20-08:45:41.210,0.0361653645833
1779237942.210000,2026/05/20-08:45:42.210,0.170963541667
1779237943.220000,2026/05/20-08:45:43.220,-0.148497178819
1779237944.210000,2026/05/20-08:45:44.210,0.309597439236
1779237945.210000,2026/05/20-08:45:45.210,0.0701388888889
1779237946.210000,2026/05/20-08:45:46.210,-0.160004340278
1779237947.210000,2026/05/20-08:45:47.210,-0.04931640625
1779237948.210000,2026/05/20-08:45:48.210,-0.237266710069
1779237949.220000,2026/05/20-08:45:49.220,-0.0416449652778
1779237950.210000,2026/05/20-08:45:50.210,0.158908420139
1779237951.210000,2026/05/20-08:45:51.210,0.0454806857639
1779237952.210000,2026/05/20-08:45:52.210,0.156168619792
1779237953.210000,2026/05/20-08:45:53.210,-0.164388020833
1779237954.210000,2026/05/20-08:45:54.210,-0.131510416667
1779237955.210000,2026/05/20-08:45:55.210,0.317268880208
1779237956.240000,2026/05/20-08:45:56.240,0.0745225694444
1779237957.210000,2026/05/20-08:45:57.210,0.00931532118056
1779237958.210000,2026/05/20-08:45:58.210,0.113427734375
1779237959.210000,2026/05/20-08:45:59.210,0.280007595486
1779237960.210000,2026/05/20-08:46:00.210,0.341379123264
1779237961.210000,2026/05/20-08:46:01.210,-0.392887369792
1779237962.220000,2026/05/20-08:46:02.220,0.0734266493056
1779237963.210000,2026/05/20-08:46:03.210,0.0657552083333
1779237964.210000,2026/05/20-08:46:04.210,-0.0679470486111
1779237965.210000,2026/05/20-08:46:05.210,-0.224115668403
1779237966.210000,2026/05/20-08:46:06.210,0.310693359375
1779237967.210000,2026/05/20-08:46:07.210,0.0164388020833
1779237968.210000,2026/05/20-08:46:08.210,0.233978949653
1779237969.230000,2026/05/20-08:46:09.230,-0.288774956597
1779237970.210000,2026/05/20-08:46:10.210,-0.0657552083333
1779237971.210000,2026/05/20-08:46:11.210,-0.170415581597
1779237972.210000,2026/05/20-08:46:12.210,-0.131510416667
1779237973.210000,2026/05/20-08:46:13.210,-0.158360460069
1779237974.210000,2026/05/20-08:46:14.210,-0.232335069444
1779237975.210000,2026/05/20-08:46:15.210,0.150141059028
1779237976.220000,2026/05/20-08:46:16.220,0.0213704427083
1779237977.210000,2026/05/20-08:46:17.210,-0.0131510416667
1779237978.210000,2026/05/20-08:46:18.210,-0.0657552083333
1779237979.210000,2026/05/20-08:46:19.210,0.0882215711806
1779237980.210000,2026/05/20-08:46:20.210,0.160004340278
1779237981.210000,2026/05/20-08:46:21.210,0.159456380208
1779237982.220000,2026/05/20-08:46:22.220,-0.311789279514
1779237983.210000,2026/05/20-08:46:23.210,0.414805772569
1779237984.210000,2026/05/20-08:46:24.210,-0.276171875
1779237985.210000,2026/05/20-08:46:25.210,-0.132606336806
1779237986.210000,2026/05/20-08:46:26.210,0.0537000868056
1779237987.210000,2026/05/20-08:46:27.210,-0.0241102430556
1779237988.210000,2026/05/20-08:46:28.210,0.201649305556
1779237989.240000,2026/05/20-08:46:29.240,-0.134250217014
1779237990.210000,2026/05/20-08:46:30.210,0.14794921875
1779237991.210000,2026/05/20-08:46:31.210,-0.435628255208
1779237992.210000,2026/05/20-08:46:32.210,-0.0372612847222
1779237993.210000,2026/05/20-08:46:33.210,-0.120551215278
1779237994.210000,2026/05/20-08:46:34.210,-0.493712022569
1779237995.220000,2026/05/20-08:46:35.220,0.149593098958
1779237996.210000,2026/05/20-08:46:36.210,0.281103515625
1779237997.210000,2026/05/20-08:46:37.210,0.184114583333
1779237998.210000,2026/05/20-08:46:38.210,0.0361653645833
1779237999.210000,2026/05/20-08:46:39.210,-0.291514756944
1779238000.210000,2026/05/20-08:46:40.210,0.492616102431
1779238001.210000,2026/05/20-08:46:41.210,0.150689019097
1779238002.240000,2026/05/20-08:46:42.240,0.118359375
1779238003.210000,2026/05/20-08:46:43.210,0.417545572917
1779238004.210000,2026/05/20-08:46:44.210,0.458094618056
1779238005.210000,2026/05/20-08:46:45.210,-0.640565321181
1779238006.210000,2026/05/20-08:46:46.210,0.0389051649306
1779238007.210000,2026/05/20-08:46:47.210,0.373160807292
1779238008.210000,2026/05/20-08:46:48.210,0.395627170139
1779238009.210000,2026/05/20-08:46:49.210,-0.0679470486111
1779238010.210000,2026/05/20-08:46:50.210,-0.186306423611
1779238011.210000,2026/05/20-08:46:51.210,-0.0219184027778
1779238012.210000,2026/05/20-08:46:52.210,0.004931640625
1779238013.210000,2026/05/20-08:46:53.210,0.0805501302083
1779238014.210000,2026/05/20-08:46:54.210,0.12822265625
1779238015.240000,2026/05/20-08:46:55.240,-0.0471245659722
1779238016.210000,2026/05/20-08:46:56.210,0.153976779514
1779238017.210000,2026/05/20-08:46:57.210,-0.301925998264
1779238018.210000,2026/05/20-08:46:58.210,0.0767144097222
1779238019.210000,2026/05/20-08:46:59.210,-0.122743055556
1779238020.210000,2026/05/20-08:47:00.210,-0.213704427083
1779238021.220000,2026/05/20-08:47:01.220,-0.0684950086806
1779238022.210000,2026/05/20-08:47:02.210,-0.233978949653
1779238023.210000,2026/05/20-08:47:03.210,-0.161100260417
1779238024.210000,2026/05/20-08:47:04.210,-0.115619574653
1779238025.210000,2026/05/20-08:47:05.210,-0.235074869792
1779238026.210000,2026/05/20-08:47:06.210,0.0909613715278
1779238027.210000,2026/05/20-08:47:07.210,0.00383572048611
1779238028.220000,2026/05/20-08:47:08.220,-0.00712348090278
1779238029.210000,2026/05/20-08:47:09.210,-0.141373697917
1779238030.210000,2026/05/20-08:47:10.210,-0.233978949653
1779238031.210000,2026/05/20-08:47:11.210,-0.181922743056
1779238032.210000,2026/05/20-08:47:12.210,-0.044384765625
1779238033.210000,2026/05/20-08:47:13.210,0.0432888454861
1779238034.220000,2026/05/20-08:47:14.220,0.136442057292
1779238035.210000,2026/05/20-08:47:15.210,0.287131076389
1779238036.210000,2026/05/20-08:47:16.210,-0.322748480903
1779238037.210000,2026/05/20-08:47:17.210,-0.219184027778
1779238038.210000,2026/05/20-08:47:18.210,-0.175895182292
1779238039.210000,2026/05/20-08:47:19.210,-0.0317816840278
1779238040.210000,2026/05/20-08:47:20.210,-0.410422092014
1779238041.230000,2026/05/20-08:47:21.230,0.608235677083
1779238042.210000,2026/05/20-08:47:22.210,0.299734157986
1779238043.210000,2026/05/20-08:47:23.210,-0.0860297309028
1779238044.210000,2026/05/20-08:47:24.210,0.263568793403
1779238045.210000,2026/05/20-08:47:25.210,0.142469618056
1779238046.210000,2026/05/20-08:47:26.210,0.0745225694444
1779238047.210000,2026/05/20-08:47:27.210,-0.0750705295139
1779238048.210000,2026/05/20-08:47:28.210,-0.153976779514
1779238049.210000,2026/05/20-08:47:29.210,0.174251302083
1779238050.210000,2026/05/20-08:47:30.210,0.133702256944
1779238051.210000,2026/05/20-08:47:31.210,-0.0180826822917
1779238052.210000,2026/05/20-08:47:32.210,0.0909613715278
1779238053.210000,2026/05/20-08:47:33.210,0.0723307291667
1779238054.240000,2026/05/20-08:47:34.240,0.354530164931
1779238055.210000,2026/05/20-08:47:35.210,-0.0383572048611
1779238056.210000,2026/05/20-08:47:36.210,-0.0597276475694
1779238057.210000,2026/05/20-08:47:37.210,0.132058376736
1779238058.210000,2026/05/20-08:47:38.210,0.238362630208
1779238059.210000,2026/05/20-08:47:39.210,0.0832899305556
1779238060.210000,2026/05/20-08:47:40.210,-0.361105685764
1779238061.210000,2026/05/20-08:47:41.210,0.312337239583
1779238062.210000,2026/05/20-08:47:42.210,-0.0810980902778
1779238063.210000,2026/05/20-08:47:43.210,0.000547960069443
1779238064.210000,2026/05/20-08:47:44.210,0.121099175347
1779238065.210000,2026/05/20-08:47:45.210,-0.0843858506944
1779238066.210000,2026/05/20-08:47:46.210,0.206580946181
1779238067.220000,2026/05/20-08:47:47.220,-0.475081380208
1779238068.210000,2026/05/20-08:47:48.210,0.000547960069448
1779238069.210000,2026/05/20-08:47:49.210,0.0427408854167
1779238070.210000,2026/05/20-08:47:50.210,0.0843858506944
1779238071.210000,2026/05/20-08:47:51.210,0.0323296440972
1779238072.210000,2026/05/20-08:47:52.210,0.144661458333
1779238073.220000,2026/05/20-08:47:53.220,-0.004931640625
1779238074.210000,2026/05/20-08:47:54.210,0.432888454861
1779238075.210000,2026/05/20-08:47:55.210,-0.10849609375
1779238076.210000,2026/05/20-08:47:56.210,-0.0383572048611
1779238077.210000,2026/05/20-08:47:57.210,0.295350477431
1779238078.210000,2026/05/20-08:47:58.210,0.120551215278
1779238079.210000,2026/05/20-08:47:59.210,0.104660373264
1779238080.240000,2026/05/20-08:48:00.240,-0.140825737847
1779238081.210000,2026/05/20-08:48:01.210,-0.326584201389
1779238082.210000,2026/05/20-08:48:02.210,0.0109592013889
1779238083.210000,2026/05/20-08:48:03.210,0.150689019097
1779238084.210000,2026/05/20-08:48:04.210,-0.00438368055555
1779238085.210000,2026/05/20-08:48:05.210,0.207676866319
1779238086.210000,2026/05/20-08:48:06.210,0.421929253472
1779238087.210000,2026/05/20-08:48:07.210,-0.119455295139
1779238088.210000,2026/05/20-08:48:08.210,-0.22685546875
1779238089.210000,2026/05/20-08:48:09.210,-0.151236979167
1779238090.210000,2026/05/20-08:48:10.210,-0.440011935764
1779238091.210000,2026/05/20-08:48:11.210,0.194525824653
1779238092.210000,2026/05/20-08:48:12.210,-0.139181857639
1779238093.220000,2026/05/20-08:48:13.220,0.140825737847
1779238094.210000,2026/05/20-08:48:14.210,0.0465766059028
1779238095.210000,2026/05/20-08:48:15.210,-0.0509602864583
1779238096.210000,2026/05/20-08:48:16.210,-0.00712348090278
1779238097.210000,2026/05/20-08:48:17.210,-0.131510416667
1779238098.210000,2026/05/20-08:48:18.210,-0.0509602864583
1779238099.210000,2026/05/20-08:48:19.210,-0.0586317274306
1779238100.230000,2026/05/20-08:48:20.230,-0.332611762153
1779238101.210000,2026/05/20-08:48:21.210,-0.0224663628472
1779238102.210000,2026/05/20-08:48:22.210,0.132606336806
1779238103.210000,2026/05/20-08:48:23.210,0.368229166667
1779238104.210000,2026/05/20-08:48:24.210,-0.104112413194
1779238105.210000,2026/05/20-08:48:25.210,-0.318364800347
1779238106.240000,2026/05/20-08:48:26.240,0.591796875
1779238107.210000,2026/05/20-08:48:27.210,0.0745225694444
1779238108.210000,2026/05/20-08:48:28.210,0.192333984375
1779238109.210000,2026/05/20-08:48:29.210,-0.208224826389
1779238110.210000,2026/05/20-08:48:30.210,0.214252387153
1779238111.210000,2026/05/20-08:48:31.210,0.103016493056
1779238112.210000,2026/05/20-08:48:32.210,0.0668511284722
1779238113.220000,2026/05/20-08:48:33.220,-0.300282118056
1779238114.210000,2026/05/20-08:48:34.210,0.275623914931
1779238115.210000,2026/05/20-08:48:35.210,0.139181857639
1779238116.210000,2026/05/20-08:48:36.210,-0.121099175347
1779238117.210000,2026/05/20-08:48:37.210,0.230691189236
1779238118.210000,2026/05/20-08:48:38.210,0.184662543403
1779238119.250000,2026/05/20-08:48:39.250,-0.338091362847
1779238120.210000,2026/05/20-08:48:40.210,-0.0876736111111
1779238121.210000,2026/05/20-08:48:41.210,-0.165483940972
1779238122.210000,2026/05/20-08:48:42.210,-0.311789279514
1779238123.210000,2026/05/20-08:48:43.210,0.174799262153
1779238124.210000,2026/05/20-08:48:44.210,-0.117811414931
1779238125.210000,2026/05/20-08:48:45.210,0.0712348090278
1779238126.260000,2026/05/20-08:48:46.260,0.211512586806
1779238127.210000,2026/05/20-08:48:47.210,0.111783854167
1779238128.210000,2026/05/20-08:48:48.210,0.1578125
1779238129.210000,2026/05/20-08:48:49.210,-0.204389105903
1779238130.210000,2026/05/20-08:48:50.210,-0.1380859375
1779238131.210000,2026/05/20-08:48:51.210,0.0361653645833
1779238132.220000,2026/05/20-08:48:52.220,-0.0750705295139
1779238133.210000,2026/05/20-08:48:53.210,-0.233430989583
1779238134.210000,2026/05/20-08:48:54.210,-0.276719835069
1779238135.210000,2026/05/20-08:48:55.210,-0.100824652778
1779238136.210000,2026/05/20-08:48:56.210,-0.126030815972
1779238137.210000,2026/05/20-08:48:57.210,-0.0723307291667
1779238138.210000,2026/05/20-08:48:58.210,-0.230691189236
1779238139.240000,2026/05/20-08:48:59.240,-0.285487196181
1779238140.210000,2026/05/20-08:49:00.210,0.211512586806
1779238141.210000,2026/05/20-08:49:01.210,-0.0219184027778
1779238142.210000,2026/05/20-08:49:02.210,0.0805501302083
1779238143.210000,2026/05/20-08:49:03.210,-0.0153428819444
1779238144.210000,2026/05/20-08:49:04.210,-0.0597276475694
1779238145.230000,2026/05/20-08:49:05.230,-0.174251302083
1779238146.210000,2026/05/20-08:49:06.210,0.408230251736
1779238147.210000,2026/05/20-08:49:07.210,0.202745225694
1779238148.210000,2026/05/20-08:49:08.210,0.0701388888889
1779238149.210000,2026/05/20-08:49:09.210,0.0608235677083
1779238150.210000,2026/05/20-08:49:10.210,0.109044053819
1779238151.210000,2026/05/20-08:49:11.210,-0.105756293403
1779238152.240000,2026/05/20-08:49:12.240,0.272884114583
1779238153.210000,2026/05/20-08:49:13.210,-0.0312337239583
1779238154.210000,2026/05/20-08:49:14.210,0.093701171875
1779238155.210000,2026/05/20-08:49:15.210,-0.0613715277778
1779238156.210000,2026/05/20-08:49:16.210,0.0778103298611
1779238157.210000,2026/05/20-08:49:17.210,0.288226996528
1779238158.220000,2026/05/20-08:49:18.220,-0.392887369792
1779238159.210000,2026/05/20-08:49:19.210,-0.317816840278
1779238160.210000,2026/05/20-08:49:20.210,-0.0964409722222
1779238161.210000,2026/05/20-08:49:21.210,-0.00273980034722
1779238162.210000,2026/05/20-08:49:22.210,0.113975694444
1779238163.210000,2026/05/20-08:49:23.210,0.111235894097
1779238164.210000,2026/05/20-08:49:24.210,-0.0164388020833
1779238165.230000,2026/05/20-08:49:25.230,0.1578125
1779238166.210000,2026/05/20-08:49:26.210,-0.223567708333
1779238167.210000,2026/05/20-08:49:27.210,-0.16767578125
1779238168.210000,2026/05/20-08:49:28.210,-0.330967881944
1779238169.210000,2026/05/20-08:49:29.210,-0.202745225694
1779238170.210000,2026/05/20-08:49:30.210,-0.127674696181
1779238171.220000,2026/05/20-08:49:31.220,0.122743055556
1779238172.210000,2026/05/20-08:49:32.210,-0.186854383681
1779238173.210000,2026/05/20-08:49:33.210,-0.135894097222
1779238174.210000,2026/05/20-08:49:34.210,-0.0164388020833
1779238175.210000,2026/05/20-08:49:35.210,0.0202745225694
1779238176.210000,2026/05/20-08:49:36.210,-0.0547960069444
1779238177.210000,2026/05/20-08:49:37.210,0.136990017361
1779238178.260000,2026/05/20-08:49:38.260,-0.239458550347
1779238179.210000,2026/05/20-08:49:39.210,0.128770616319
1779238180.210000,2026/05/20-08:49:40.210,-0.158360460069
1779238181.210000,2026/05/20-08:49:41.210,0.358365885417
1779238182.210000,2026/05/20-08:49:42.210,-0.112879774306
1779238183.210000,2026/05/20-08:49:43.210,-0.0202745225694
1779238184.210000,2026/05/20-08:49:44.210,0.378092447917
1779238185.210000,2026/05/20-08:49:45.210,-0.0438368055556
1779238186.210000,2026/05/20-08:49:46.210,0.318912760417
1779238187.210000,2026/05/20-08:49:47.210,0.034521484375
1779238188.210000,2026/05/20-08:49:48.210,-0.169319661458
1779238189.210000,2026/05/20-08:49:49.210,0.145757378472
1779238190.210000,2026/05/20-08:49:50.210,-0.039453125
1779238191.230000,2026/05/20-08:49:51.230,-0.26630859375
1779238192.210000,2026/05/20-08:49:52.210,0.0646592881944
1779238193.210000,2026/05/20-08:49:53.210,0.425764973958
1779238194.210000,2026/05/20-08:49:54.210,0.0734266493056
1779238195.210000,2026/05/20-08:49:55.210,-0.0854817708333
1779238196.210000,2026/05/20-08:49:56.210,-0.475081380208
1779238197.210000,2026/05/20-08:49:57.210,-0.0860297309028
1779238198.220000,2026/05/20-08:49:58.220,0.241650390625
1779238199.210000,2026/05/20-08:49:59.210,-0.0361653645833
1779238200.210000,2026/05/20-08:50:00.210,-0.169319661458
1779238201.210000,2026/05/20-08:50:01.210,-0.168223741319
1779238437.210000,2026/05/20-08:53:57.210,0.273980034722
1779238438.210000,2026/05/20-08:53:58.210,0.171511501736
1779238439.210000,2026/05/20-08:53:59.210,0.347406684028
1779238440.210000,2026/05/20-08:54:00.210,-0.212608506944
1779238441.210000,2026/05/20-08:54:01.210,-0.167127821181
1779238442.210000,2026/05/20-08:54:02.210,-0.266856553819
1779238443.210000,2026/05/20-08:54:03.210,-0.202197265625
1779238444.210000,2026/05/20-08:54:04.210,0.0865776909722
1779238445.210000,2026/05/20-08:54:05.210,0.132606336806
1779238446.210000,2026/05/20-08:54:06.210,0.556727430556
1779238447.210000,2026/05/20-08:54:07.210,0.225211588542
1779238448.210000,2026/05/20-08:54:08.210,-0.12822265625
1779238449.230000,2026/05/20-08:54:09.230,0.495355902778
1779238450.210000,2026/05/20-08:54:10.210,-0.523849826389
1779238451.210000,2026/05/20-08:54:11.210,-0.56220703125
1779238452.210000,2026/05/20-08:54:12.210,-0.289870876736
1779238453.210000,2026/05/20-08:54:13.210,0.193429904514
1779238454.210000,2026/05/20-08:54:14.210,0.262472873264
1779238455.210000,2026/05/20-08:54:15.210,0.175895182292
1779238456.220000,2026/05/20-08:54:16.220,-0.120003255208
1779238457.210000,2026/05/20-08:54:17.210,0.348502604167
1779238458.210000,2026/05/20-08:54:18.210,0.119455295139
1779238459.210000,2026/05/20-08:54:19.210,0.0252061631944
1779238460.210000,2026/05/20-08:54:20.210,0.164935980903
1779238461.210000,2026/05/20-08:54:21.210,-0.129866536458
1779238462.260000,2026/05/20-08:54:22.260,-0.351242404514
1779238463.210000,2026/05/20-08:54:23.210,0.112331814236
1779238464.210000,2026/05/20-08:54:24.210,0.229047309028
1779238465.210000,2026/05/20-08:54:25.210,-0.0460286458333
1779238466.210000,2026/05/20-08:54:26.210,0.120003255208
1779238467.210000,2026/05/20-08:54:27.210,-0.0230143229167
1779238468.210000,2026/05/20-08:54:28.210,0.176443142361
1779238469.210000,2026/05/20-08:54:29.210,-0.107400173611
1779238470.210000,2026/05/20-08:54:30.210,0.0427408854167
1779238471.210000,2026/05/20-08:54:31.210,-0.202197265625
1779238472.210000,2026/05/20-08:54:32.210,-0.144661458333
1779238473.210000,2026/05/20-08:54:33.210,0.127674696181
1779238474.210000,2026/05/20-08:54:34.210,0.353982204861
1779238475.230000,2026/05/20-08:54:35.230,0.163292100694
1779238476.210000,2026/05/20-08:54:36.210,-0.162744140625
1779238477.210000,2026/05/20-08:54:37.210,-0.358365885417
1779238478.210000,2026/05/20-08:54:38.210,0.118907335069
1779238479.210000,2026/05/20-08:54:39.210,0.0898654513889
1779238480.210000,2026/05/20-08:54:40.210,0.142469618056
1779238481.220000,2026/05/20-08:54:41.220,0.00383572048611
1779238482.210000,2026/05/20-08:54:42.210,0.0619194878472
1779238483.210000,2026/05/20-08:54:43.210,0.269048394097
1779238484.210000,2026/05/20-08:54:44.210,-0.58193359375
1779238485.210000,2026/05/20-08:54:45.210,-0.184114583333
1779238486.210000,2026/05/20-08:54:46.210,-0.0306857638889
1779238487.210000,2026/05/20-08:54:47.210,0.0153428819444
1779238488.220000,2026/05/20-08:54:48.220,0.195073784722
1779238489.210000,2026/05/20-08:54:49.210,0.241102430556
1779238490.210000,2026/05/20-08:54:50.210,0.351790364583
1779238491.210000,2026/05/20-08:54:51.210,-0.0920572916667
1779238492.210000,2026/05/20-08:54:52.210,-0.02958984375
1779238493.210000,2026/05/20-08:54:53.210,-0.331515842014
1779238494.240000,2026/05/20-08:54:54.240,0.0569878472222
1779238495.210000,2026/05/20-08:54:55.210,0.111783854167
1779238496.210000,2026/05/20-08:54:56.210,0.267952473958
1779238497.210000,2026/05/20-08:54:57.210,0.146305338542
1779238498.210000,2026/05/20-08:54:58.210,-0.164935980903
1779238499.210000,2026/05/20-08:54:59.210,0.0876736111111
1779238500.210000,2026/05/20-08:55:00.210,0.0920572916667
1779238501.270000,2026/05/20-08:55:01.270,0.448231336806
1779238502.210000,2026/05/20-08:55:02.210,0.249869791667
1779238503.210000,2026/05/20-08:55:03.210,-0.0235622829861
1779238504.210000,2026/05/20-08:55:04.210,-0.0767144097222
1779238505.210000,2026/05/20-08:55:05.210,0.162744140625
1779238506.210000,2026/05/20-08:55:06.210,0.110687934028
1779238507.230000,2026/05/20-08:55:07.230,-0.123291015625
1779238508.210000,2026/05/20-08:55:08.210,-0.488232421875
1779238509.210000,2026/05/20-08:55:09.210,-0.0400010850694
1779238510.210000,2026/05/20-08:55:10.210,-0.164388020833
1779238511.210000,2026/05/20-08:55:11.210,0.0553439670139
1779238512.210000,2026/05/20-08:55:12.210,0.247129991319
1779238513.210000,2026/05/20-08:55:13.210,0.0652072482639
1779238514.230000,2026/05/20-08:55:14.230,-0.1775390625
1779238515.210000,2026/05/20-08:55:15.210,-0.117811414931
1779238516.210000,2026/05/20-08:55:16.210,-0.126578776042
1779238517.210000,2026/05/20-08:55:17.210,-0.136442057292
1779238518.210000,2026/05/20-08:55:18.210,-0.173155381944
1779238519.210000,2026/05/20-08:55:19.210,0.303569878472
1779238520.220000,2026/05/20-08:55:20.220,0.0663031684028
1779238521.210000,2026/05/20-08:55:21.210,-0.0608235677083
1779238522.210000,2026/05/20-08:55:22.210,-0.169867621528
1779238523.210000,2026/05/20-08:55:23.210,-0.219184027778
1779238524.210000,2026/05/20-08:55:24.210,-0.0213704427083
1779238525.210000,2026/05/20-08:55:25.210,0.0865776909722
1779238526.210000,2026/05/20-08:55:26.210,-0.0608235677083
1779238527.240000,2026/05/20-08:55:27.240,-0.0328776041667
1779238528.210000,2026/05/20-08:55:28.210,-0.115071614583
1779238529.210000,2026/05/20-08:55:29.210,-0.112331814236
1779238530.210000,2026/05/20-08:55:30.210,0.0991807725694
1779238531.210000,2026/05/20-08:55:31.210,0.139729817708
1779238532.210000,2026/05/20-08:55:32.210,-0.221375868056
1779238533.230000,2026/05/20-08:55:33.230,-0.0706868489583
1779238534.210000,2026/05/20-08:55:34.210,-0.189046223958
1779238535.210000,2026/05/20-08:55:35.210,-0.0969889322917
1779238536.210000,2026/05/20-08:55:36.210,0.163292100694
1779238537.210000,2026/05/20-08:55:37.210,0.128770616319
1779238538.210000,2026/05/20-08:55:38.210,-0.139181857639
1779238539.210000,2026/05/20-08:55:39.210,0.00876736111111
1779238540.230000,2026/05/20-08:55:40.230,0.133702256944
1779238541.210000,2026/05/20-08:55:41.210,0.02958984375
1779238542.210000,2026/05/20-08:55:42.210,-0.183566623264
1779238543.210000,2026/05/20-08:55:43.210,-0.125482855903
1779238544.210000,2026/05/20-08:55:44.210,0.592892795139
1779238545.210000,2026/05/20-08:55:45.210,0.0273980034722
1779238546.220000,2026/05/20-08:55:46.220,-0.121647135417
1779238547.210000,2026/05/20-08:55:47.210,0.263020833333
1779238548.210000,2026/05/20-08:55:48.210,0.0378092447917
1779238549.210000,2026/05/20-08:55:49.210,0.07890625
1779238550.210000,2026/05/20-08:55:50.210,-0.196717664931
1779238551.210000,2026/05/20-08:55:51.210,-0.334255642361
1779238552.210000,2026/05/20-08:55:52.210,0.313433159722
1779238553.220000,2026/05/20-08:55:53.220,-0.230143229167
1779238554.210000,2026/05/20-08:55:54.210,-0.113975694444
1779238555.210000,2026/05/20-08:55:55.210,-0.132606336806
1779238556.210000,2026/05/20-08:55:56.210,-0.0224663628472
1779238557.210000,2026/05/20-08:55:57.210,0.643853081597
1779238558.210000,2026/05/20-08:55:58.210,-0.160004340278
1779238559.250000,2026/05/20-08:55:59.250,-0.0624674479167
1779238560.210000,2026/05/20-08:56:00.210,0.0964409722222
1779238561.210000,2026/05/20-08:56:01.210,-0.0252061631944
1779238562.210000,2026/05/20-08:56:02.210,0.204937065972
1779238563.210000,2026/05/20-08:56:03.210,-0.381928168403
1779238564.210000,2026/05/20-08:56:04.210,-0.305213758681
1779238565.210000,2026/05/20-08:56:05.210,0.144661458333
1779238566.210000,2026/05/20-08:56:06.210,-0.105208333333
1779238567.210000,2026/05/20-08:56:07.210,3.46944695195e-15
1779238568.210000,2026/05/20-08:56:08.210,-0.0821940104167
1779238569.210000,2026/05/20-08:56:09.210,-0.0454806857639
1779238570.210000,2026/05/20-08:56:10.210,-0.386859809028
1779238571.210000,2026/05/20-08:56:11.210,-0.282199435764
1779238572.240000,2026/05/20-08:56:12.240,0.147401258681
1779238573.210000,2026/05/20-08:56:13.210,-0.105756293403
1779238574.210000,2026/05/20-08:56:14.210,-0.0164388020833
1779238575.210000,2026/05/20-08:56:15.210,0.0717827690972
1779238576.210000,2026/05/20-08:56:16.210,0.127674696181
1779238577.210000,2026/05/20-08:56:17.210,0.324940321181
1779238578.210000,2026/05/20-08:56:18.210,0.101372612847
1779238579.210000,2026/05/20-08:56:19.210,0.233430989583
1779238580.210000,2026/05/20-08:56:20.210,-0.00273980034722
1779238581.210000,2026/05/20-08:56:21.210,-0.146305338542
1779238582.210000,2026/05/20-08:56:22.210,0.143565538194
1779238583.210000,2026/05/20-08:56:23.210,-0.00109592013889
1779238584.210000,2026/05/20-08:56:24.210,-0.100276692708
1779238585.230000,2026/05/20-08:56:25.230,-0.00821940104167
1779238586.210000,2026/05/20-08:56:26.210,0.172059461806
1779238587.210000,2026/05/20-08:56:27.210,0.0871256510417
1779238588.210000,2026/05/20-08:56:28.210,0.679470486111
1779238589.210000,2026/05/20-08:56:29.210,0.23671875
1779238590.210000,2026/05/20-08:56:30.210,-0.118907335069
1779238591.220000,2026/05/20-08:56:31.220,-0.166031901042
1779238592.210000,2026/05/20-08:56:32.210,0.379736328125
1779238593.210000,2026/05/20-08:56:33.210,-0.120551215278
1779238594.210000,2026/05/20-08:56:34.210,-0.00876736111111
1779238595.210000,2026/05/20-08:56:35.210,-0.0663031684028
1779238596.210000,2026/05/20-08:56:36.210,0.112879774306
1779238597.210000,2026/05/20-08:56:37.210,-0.239458550347
1779238598.260000,2026/05/20-08:56:38.260,-0.0701388888889
1779238599.210000,2026/05/20-08:56:39.210,-0.0213704427083
1779238600.210000,2026/05/20-08:56:40.210,0.0646592881944
1779238601.210000,2026/05/20-08:56:41.210,0.0920572916667
1779238602.210000,2026/05/20-08:56:42.210,0.270692274306
1779238603.210000,2026/05/20-08:56:43.210,-0.415901692708
1779238604.210000,2026/05/20-08:56:44.210,0.0372612847222
1779238605.210000,2026/05/20-08:56:45.210,0.379188368056
1779238606.210000,2026/05/20-08:56:46.210,0.107948133681
1779238607.210000,2026/05/20-08:56:47.210,0.204937065972
1779238608.210000,2026/05/20-08:56:48.210,0.186854383681
1779238609.210000,2026/05/20-08:56:49.210,0.269596354167
1779238610.210000,2026/05/20-08:56:50.210,0.160552300347
1779238611.250000,2026/05/20-08:56:51.250,0.179730902778
1779238612.210000,2026/05/20-08:56:52.210,-0.191786024306
1779238613.210000,2026/05/20-08:56:53.210,0.154524739583
1779238614.210000,2026/05/20-08:56:54.210,-0.236170789931
1779238615.210000,2026/05/20-08:56:55.210,0.0504123263889
1779238616.210000,2026/05/20-08:56:56.210,0.120003255208
1779238617.220000,2026/05/20-08:56:57.220,-0.497547743056
1779238618.210000,2026/05/20-08:56:58.210,-0.034521484375
1779238619.210000,2026/05/20-08:56:59.210,0.0728786892361
1779238620.210000,2026/05/20-08:57:00.210,0.0263020833333
1779238621.210000,2026/05/20-08:57:01.210,0.225759548611
1779238622.210000,2026/05/20-08:57:02.210,0.034521484375
1779238623.210000,2026/05/20-08:57:03.210,0.135346137153
1779238624.240000,2026/05/20-08:57:04.240,0.130414496528
1779238625.210000,2026/05/20-08:57:05.210,0.263568793403
1779238626.210000,2026/05/20-08:57:06.210,0.064111328125
1779238627.210000,2026/05/20-08:57:07.210,-0.171511501736
1779238628.210000,2026/05/20-08:57:08.210,-0.034521484375
1779238629.210000,2026/05/20-08:57:09.210,-0.180826822917
1779238630.210000,2026/05/20-08:57:10.210,0.419189453125
1779238631.210000,2026/05/20-08:57:11.210,-0.0635633680556
1779238632.210000,2026/05/20-08:57:12.210,-0.216444227431
1779238633.210000,2026/05/20-08:57:13.210,0.0109592013889
1779238634.210000,2026/05/20-08:57:14.210,-0.317816840278
1779238635.210000,2026/05/20-08:57:15.210,0.0728786892361
1779238636.210000,2026/05/20-08:57:16.210,0.179182942708
1779238637.240000,2026/05/20-08:57:17.240,-0.00986328125
1779238638.210000,2026/05/20-08:57:18.210,-0.402750651042
1779238639.210000,2026/05/20-08:57:19.210,-0.223567708333
1779238640.210000,2026/05/20-08:57:20.210,0.131510416667
1779238641.210000,2026/05/20-08:57:21.210,0.224115668403
1779238642.210000,2026/05/20-08:57:22.210,0.418641493056
1779238643.210000,2026/05/20-08:57:23.210,-0.0717827690972
1779238644.220000,2026/05/20-08:57:24.220,-0.0323296440972
1779238645.210000,2026/05/20-08:57:25.210,0.364393446181
1779238646.210000,2026/05/20-08:57:26.210,0.0164388020833
1779238647.210000,2026/05/20-08:57:27.210,0.0120551215278
1779238648.210000,2026/05/20-08:57:28.210,0.175347222222
1779238649.210000,2026/05/20-08:57:29.210,0.0761664496528
1779238650.230000,2026/05/20-08:57:30.230,0.116715494792
1779238651.210000,2026/05/20-08:57:31.210,-0.0410970052083
1779238652.210000,2026/05/20-08:57:32.210,0.0109592013889
1779238653.210000,2026/05/20-08:57:33.210,0.367681206597
1779238654.210000,2026/05/20-08:57:34.210,0.08876953125
1779238655.210000,2026/05/20-08:57:35.210,0.688785807292
1779238656.210000,2026/05/20-08:57:36.210,-0.270692274306
1779238657.230000,2026/05/20-08:57:37.230,-0.160552300347
1779238658.210000,2026/05/20-08:57:38.210,0.144661458333
1779238659.210000,2026/05/20-08:57:39.210,-0.147401258681
1779238660.210000,2026/05/20-08:57:40.210,0.644949001736
1779238661.210000,2026/05/20-08:57:41.210,0.487684461806
1779238662.210000,2026/05/20-08:57:42.210,-0.125482855903
1779238663.210000,2026/05/20-08:57:43.210,0.0575358072917
1779238664.210000,2026/05/20-08:57:44.210,0.10849609375
1779238665.210000,2026/05/20-08:57:45.210,-0.270144314236
1779238666.210000,2026/05/20-08:57:46.210,0.124934895833
1779238667.210000,2026/05/20-08:57:47.210,0.146305338542
1779238668.210000,2026/05/20-08:57:48.210,0.234526909722
1779238669.210000,2026/05/20-08:57:49.210,-0.195621744792
1779238670.230000,2026/05/20-08:57:50.230,-0.04931640625
1779238671.210000,2026/05/20-08:57:51.210,-0.0800021701389
1779238672.210000,2026/05/20-08:57:52.210,-0.107948133681
1779238673.210000,2026/05/20-08:57:53.210,0.122195095486
1779238674.210000,2026/05/20-08:57:54.210,-0.196169704861
1779238675.210000,2026/05/20-08:57:55.210,0.354530164931
1779238676.210000,2026/05/20-08:57:56.210,-0.447683376736
1779238677.210000,2026/05/20-08:57:57.210,-0.214252387153
1779238678.210000,2026/05/20-08:57:58.210,-0.064111328125
1779238679.210000,2026/05/20-08:57:59.210,-0.0767144097222
1779238680.210000,2026/05/20-08:58:00.210,0.0416449652778
1779238681.210000,2026/05/20-08:58:01.210,0.0668511284722
1779238682.210000,2026/05/20-08:58:02.210,-0.389599609375
1779238683.250000,2026/05/20-08:58:03.250,0.223019748264
1779238684.210000,2026/05/20-08:58:04.210,-0.416997612847
1779238685.210000,2026/05/20-08:58:05.210,-0.164388020833
1779238686.210000,2026/05/20-08:58:06.210,0.123838975694
1779238687.210000,2026/05/20-08:58:07.210,-0.0778103298611
1779238688.210000,2026/05/20-08:58:08.210,-0.176991102431
1779238689.230000,2026/05/20-08:58:09.230,-0.306309678819
1779238690.210000,2026/05/20-08:58:10.210,-0.0876736111111
1779238691.210000,2026/05/20-08:58:11.210,-0.00328776041667
1779238692.210000,2026/05/20-08:58:12.210,0.0421929253472
1779238693.210000,2026/05/20-08:58:13.210,-0.0312337239583
1779238694.210000,2026/05/20-08:58:14.210,-0.146305338542
1779238695.210000,2026/05/20-08:58:15.210,0.106304253472
1779238696.230000,2026/05/20-08:58:16.230,-0.0334255642361
1779238697.210000,2026/05/20-08:58:17.210,-0.0778103298611
1779238698.210000,2026/05/20-08:58:18.210,0.174799262153
1779238699.210000,2026/05/20-08:58:19.210,0.143565538194
1779238700.210000,2026/05/20-08:58:20.210,0.0569878472222
1779238701.210000,2026/05/20-08:58:21.210,0.0306857638889
1779238702.230000,2026/05/20-08:58:22.230,-0.283295355903
1779238703.210000,2026/05/20-08:58:23.210,0.109044053819
1779238704.210000,2026/05/20-08:58:24.210,0.00876736111111
1779238705.210000,2026/05/20-08:58:25.210,-0.0213704427083
1779238706.210000,2026/05/20-08:58:26.210,-0.156716579861
1779238707.210000,2026/05/20-08:58:27.210,-0.34521484375
1779238708.210000,2026/05/20-08:58:28.210,0.169319661458
1779238709.210000,2026/05/20-08:58:29.210,-0.0372612847222
1779238710.210000,2026/05/20-08:58:30.210,-0.179182942708
1779238711.210000,2026/05/20-08:58:31.210,-0.0997287326389
1779238712.210000,2026/05/20-08:58:32.210,-0.244390190972
1779238713.210000,2026/05/20-08:58:33.210,0.283295355903
1779238714.210000,2026/05/20-08:58:34.210,-0.213704427083
1779238715.250000,2026/05/20-08:58:35.250,-0.0175347222222
1779238716.210000,2026/05/20-08:58:36.210,-0.16767578125
1779238717.210000,2026/05/20-08:58:37.210,0.310145399306
1779238718.210000,2026/05/20-08:58:38.210,0.332063802083
1779238719.210000,2026/05/20-08:58:39.210,0.106304253472
1779238720.210000,2026/05/20-08:58:40.210,-0.0767144097222
1779238721.210000,2026/05/20-08:58:41.210,0.200005425347
1779238722.230000,2026/05/20-08:58:42.230,0.211512586806
1779238723.210000,2026/05/20-08:58:43.210,0.210964626736
1779238724.210000,2026/05/20-08:58:44.210,-0.00383572048611
1779238725.210000,2026/05/20-08:58:45.210,0.0997287326389
1779238726.210000,2026/05/20-08:58:46.210,0.119455295139
1779238727.210000,2026/05/20-08:58:47.210,-0.387407769097
1779238728.260000,2026/05/20-08:58:48.260,0.146853298611
1779238729.210000,2026/05/20-08:58:49.210,-0.180826822917
1779238730.210000,2026/05/20-08:58:50.210,-0.204389105903
1779238731.210000,2026/05/20-08:58:51.210,-0.0701388888889
1779238732.210000,2026/05/20-08:58:52.210,-0.302473958333
1779238733.210000,2026/05/20-08:58:53.210,-0.00164388020833
1779238734.210000,2026/05/20-08:58:54.210,0.119455295139
1779238735.210000,2026/05/20-08:58:55.210,-0.496999782986
1779238736.210000,2026/05/20-08:58:56.210,0.0832899305556
1779238737.210000,2026/05/20-08:58:57.210,-0.0920572916667
1779238738.210000,2026/05/20-08:58:58.210,0.158360460069
1779238739.210000,2026/05/20-08:58:59.210,0.0213704427083
1779238740.210000,2026/05/20-08:59:00.210,-0.0454806857639
1779238741.240000,2026/05/20-08:59:01.240,0.0975368923611
1779238742.210000,2026/05/20-08:59:02.210,-0.322200520833
1779238743.210000,2026/05/20-08:59:03.210,-0.300830078125
1779238744.210000,2026/05/20-08:59:04.210,-0.12822265625
1779238745.210000,2026/05/20-08:59:05.210,0.0471245659722
1779238746.210000,2026/05/20-08:59:06.210,-0.193977864583
1779238747.210000,2026/05/20-08:59:07.210,-0.149593098958
1779238748.220000,2026/05/20-08:59:08.220,0.0630154079861
1779238749.210000,2026/05/20-08:59:09.210,0.396723090278
1779238750.210000,2026/05/20-08:59:10.210,0.0849338107639
1779238751.210000,2026/05/20-08:59:11.210,0.0273980034722
1779238752.210000,2026/05/20-08:59:12.210,0.171511501736
1779238753.210000,2026/05/20-08:59:13.210,-0.195073784722
1779238754.260000,2026/05/20-08:59:14.260,-0.0191786024306
1779238755.210000,2026/05/20-08:59:15.210,-0.0241102430556
1779238756.210000,2026/05/20-08:59:16.210,0.133154296875
1779238757.210000,2026/05/20-08:59:17.210,-0.0947970920139
1779238758.210000,2026/05/20-08:59:18.210,0.152332899306
1779238759.210000,2026/05/20-08:59:19.210,-0.148497178819
1779238760.210000,2026/05/20-08:59:20.210,-0.0213704427083
1779238761.230000,2026/05/20-08:59:21.230,0.301378038194
1779238762.210000,2026/05/20-08:59:22.210,-0.331515842014
1779238763.210000,2026/05/20-08:59:23.210,0.00273980034722
1779238764.210000,2026/05/20-08:59:24.210,0.0953450520833
1779238765.210000,2026/05/20-08:59:25.210,-0.0268500434028
1779238766.210000,2026/05/20-08:59:26.210,-0.360557725694
1779238767.240000,2026/05/20-08:59:27.240,-0.410970052083
1779238768.210000,2026/05/20-08:59:28.210,0.127126736111
1779238769.210000,2026/05/20-08:59:29.210,0.230143229167
1779238770.210000,2026/05/20-08:59:30.210,-0.0284939236111
1779238771.210000,2026/05/20-08:59:31.210,-0.162196180556
1779238772.210000,2026/05/20-08:59:32.210,-0.237814670139
1779238773.210000,2026/05/20-08:59:33.210,-0.0810980902778
1779238774.220000,2026/05/20-08:59:34.220,0.279459635417
1779238775.210000,2026/05/20-08:59:35.210,0.249869791667
1779238776.210000,2026/05/20-08:59:36.210,0.280007595486
1779238777.210000,2026/05/20-08:59:37.210,-0.112879774306
1779238778.210000,2026/05/20-08:59:38.210,-0.136442057292
1779238779.210000,2026/05/20-08:59:39.210,0.40439453125
1779238780.240000,2026/05/20-08:59:40.240,-0.0410970052083
1779238781.210000,2026/05/20-08:59:41.210,0.0487684461806
1779238782.210000,2026/05/20-08:59:42.210,0.0323296440972
1779238783.210000,2026/05/20-08:59:43.210,-0.044384765625
1779238784.210000,2026/05/20-08:59:44.210,-0.260828993056
1779238785.210000,2026/05/20-08:59:45.210,-0.141373697917
1779238786.210000,2026/05/20-08:59:46.210,-0.0454806857639
1779238787.210000,2026/05/20-08:59:47.210,0.140825737847
1779238788.210000,2026/05/20-08:59:48.210,0.00383572048611
1779238789.210000,2026/05/20-08:59:49.210,0.0350694444444
1779238790.210000,2026/05/20-08:59:50.210,-0.251513671875
1779238791.210000,2026/05/20-08:59:51.210,-0.105208333333
1779238792.210000,2026/05/20-08:59:52.210,-0.643853081597
1779238793.270000,2026/05/20-08:59:53.270,-0.0772623697917
1779238794.210000,2026/05/20-08:59:54.210,0.339735243056
1779238795.210000,2026/05/20-08:59:55.210,-0.0975368923611
1779238796.210000,2026/05/20-08:59:56.210,0.256993272569
1779238797.210000,2026/05/20-08:59:57.210,0.341379123264
1779238798.210000,2026/05/20-08:59:58.210,0.00931532118056
1779238799.210000,2026/05/20-08:59:59.210,0.287131076389
1779238800.220000,2026/05/20-09:00:00.220,-0.0580837673611
1779238801.210000,2026/05/20-09:00:01.210,-0.28603515625
1779238802.210000,2026/05/20-09:00:02.210,-0.0547960069444
1779238803.210000,2026/05/20-09:00:03.210,-0.0991807725694
1779238804.210000,2026/05/20-09:00:04.210,-0.0400010850694
1779238805.210000,2026/05/20-09:00:05.210,-0.207676866319
1779238806.220000,2026/05/20-09:00:06.220,0.114523654514
1779238807.210000,2026/05/20-09:00:07.210,-0.0175347222222
1779238808.210000,2026/05/20-09:00:08.210,-0.296994357639
1779238809.210000,2026/05/20-09:00:09.210,-0.0334255642361
1779238810.210000,2026/05/20-09:00:10.210,-0.00328776041667
1779238811.210000,2026/05/20-09:00:11.210,0.138633897569
1779238812.210000,2026/05/20-09:00:12.210,-0.331515842014
1779238813.240000,2026/05/20-09:00:13.240,0.268500434028
1779238814.210000,2026/05/20-09:00:14.210,0.143565538194
1779238815.210000,2026/05/20-09:00:15.210,-0.123291015625
1779238816.210000,2026/05/20-09:00:16.210,0.110687934028
1779238817.210000,2026/05/20-09:00:17.210,-0.306857638889
1779238818.210000,2026/05/20-09:00:18.210,-0.129318576389
1779238819.220000,2026/05/20-09:00:19.220,-0.119455295139
1779238820.210000,2026/05/20-09:00:20.210,-0.199457465278
1779238821.210000,2026/05/20-09:00:21.210,0.146853298611
1779238822.210000,2026/05/20-09:00:22.210,-0.187950303819
1779238823.210000,2026/05/20-09:00:23.210,-0.109592013889
1779238824.210000,2026/05/20-09:00:24.210,0.313981119792
1779238825.210000,2026/05/20-09:00:25.210,-0.596180555556
1779238826.240000,2026/05/20-09:00:26.240,0.00273980034722
1779238827.210000,2026/05/20-09:00:27.210,-0.447683376736
1779238828.210000,2026/05/20-09:00:28.210,0.137537977431
1779238829.210000,2026/05/20-09:00:29.210,0.339187282986
1779238830.210000,2026/05/20-09:00:30.210,0.134250217014
1779238831.210000,2026/05/20-09:00:31.210,0.116167534722
1779238832.230000,2026/05/20-09:00:32.230,0.0334255642361
1779238833.210000,2026/05/20-09:00:33.210,-0.247677951389
1779238834.210000,2026/05/20-09:00:34.210,0.215348307292
1779238835.210000,2026/05/20-09:00:35.210,0.195621744792
1779238836.210000,2026/05/20-09:00:36.210,-0.363297526042
1779238837.210000,2026/05/20-09:00:37.210,-0.0454806857639
1779238838.210000,2026/05/20-09:00:38.210,0.159456380208
1779238839.230000,2026/05/20-09:00:39.230,-0.2169921875
1779238840.210000,2026/05/20-09:00:40.210,-0.0126030815972
1779238841.210000,2026/05/20-09:00:41.210,-0.277815755208
1779238842.210000,2026/05/20-09:00:42.210,-0.270144314236
1779238843.210000,2026/05/20-09:00:43.210,0.0597276475694
1779238844.210000,2026/05/20-09:00:44.210,0.423573133681
1779238845.210000,2026/05/20-09:00:45.210,-0.118907335069
1779238846.210000,2026/05/20-09:00:46.210,0.306309678819
1779238847.210000,2026/05/20-09:00:47.210,0.0520562065972
1779238848.210000,2026/05/20-09:00:48.210,0.0778103298611
1779238849.210000,2026/05/20-09:00:49.210,-0.00438368055556
1779238850.210000,2026/05/20-09:00:50.210,0.0290418836806
1779238851.210000,2026/05/20-09:00:51.210,0.356722005208
1779238852.250000,2026/05/20-09:00:52.250,0.311241319444
1779238853.210000,2026/05/20-09:00:53.210,-0.363297526042
1779238854.210000,2026/05/20-09:00:54.210,-0.0257541232639
1779238855.210000,2026/05/20-09:00:55.210,-0.269596354167
1779238856.210000,2026/05/20-09:00:56.210,0.262472873264
1779238857.210000,2026/05/20-09:00:57.210,0.158360460069
1779238858.210000,2026/05/20-09:00:58.210,0.232335069444
1779238859.230000,2026/05/20-09:00:59.230,-0.143017578125
1779238860.210000,2026/05/20-09:01:00.210,-0.311789279514
1779238861.210000,2026/05/20-09:01:01.210,0.227403428819
1779238862.210000,2026/05/20-09:01:02.210,-0.0164388020833
1779238863.210000,2026/05/20-09:01:03.210,0.173155381944
1779238864.210000,2026/05/20-09:01:04.210,0.0635633680556
1779238865.240000,2026/05/20-09:01:05.240,0.140277777778
1779238866.210000,2026/05/20-09:01:06.210,0.165483940972
1779238867.210000,2026/05/20-09:01:07.210,0.218088107639
1779238868.210000,2026/05/20-09:01:08.210,0.247677951389
1779238869.210000,2026/05/20-09:01:09.210,-0.173155381944
1779238870.210000,2026/05/20-09:01:10.210,-0.0427408854167
1779238871.210000,2026/05/20-09:01:11.210,-0.0915093315972
1779238872.220000,2026/05/20-09:01:12.220,0.0531521267361
1779238873.210000,2026/05/20-09:01:13.210,0.129866536458
1779238874.210000,2026/05/20-09:01:14.210,0.358913845486
1779238875.210000,2026/05/20-09:01:15.210,-0.104660373264
1779238876.210000,2026/05/20-09:01:16.210,0.184662543403
1779238877.210000,2026/05/20-09:01:17.210,0.00986328125
1779238878.250000,2026/05/20-09:01:18.250,-0.07890625
1779238879.210000,2026/05/20-09:01:19.210,0.361105685764
1779238880.210000,2026/05/20-09:01:20.210,0.140825737847
1779238881.210000,2026/05/20-09:01:21.210,0.175347222222
1779238882.210000,2026/05/20-09:01:22.210,0.064111328125
1779238883.210000,2026/05/20-09:01:23.210,-0.004931640625
1779238884.210000,2026/05/20-09:01:24.210,-0.150689019097
1779238885.220000,2026/05/20-09:01:25.220,-0.134798177083
1779238886.210000,2026/05/20-09:01:26.210,0.155620659722
1779238887.210000,2026/05/20-09:01:27.210,-0.117263454861
1779238888.210000,2026/05/20-09:01:28.210,-0.105756293403
1779238889.210000,2026/05/20-09:01:29.210,-0.113427734375
1779238890.210000,2026/05/20-09:01:30.210,0.0449327256944
1779238891.240000,2026/05/20-09:01:31.240,0
1779238892.210000,2026/05/20-09:01:32.210,0.22685546875
1779238893.210000,2026/05/20-09:01:33.210,0.210416666667
1779238894.210000,2026/05/20-09:01:34.210,0.122743055556
1779238895.210000,2026/05/20-09:01:35.210,-0.425764973958
1779238896.210000,2026/05/20-09:01:36.210,0.193429904514
1779238897.210000,2026/05/20-09:01:37.210,-0.170963541667
1779238898.230000,2026/05/20-09:01:38.230,-0.133154296875
1779238899.210000,2026/05/20-09:01:39.210,0.306857638889
1779238900.210000,2026/05/20-09:01:40.210,0.191786024306
1779238901.210000,2026/05/20-09:01:41.210,-0.126030815972
1779238902.210000,2026/05/20-09:01:42.210,0.0427408854167
1779238903.210000,2026/05/20-09:01:43.210,-0.00712348090277
1779238904.250000,2026/05/20-09:01:44.250,0.512342664931
1779238905.210000,2026/05/20-09:01:45.210,0.0750705295139
1779238906.210000,2026/05/20-09:01:46.210,-0.232883029514
1779238907.210000,2026/05/20-09:01:47.210,0.160004340278
1779238908.210000,2026/05/20-09:01:48.210,0.140825737847
1779238909.210000,2026/05/20-09:01:49.210,-0.153976779514
1779238910.210000,2026/05/20-09:01:50.210,-0.0230143229167
1779238911.220000,2026/05/20-09:01:51.220,0.00219184027778
1779238912.210000,2026/05/20-09:01:52.210,0.188498263889
1779238913.210000,2026/05/20-09:01:53.210,0.0646592881944
1779238914.210000,2026/05/20-09:01:54.210,-0.000547960069445
1779238915.210000,2026/05/20-09:01:55.210,-0.231239149306
1779238916.210000,2026/05/20-09:01:56.210,-0.168771701389
1779238917.260000,2026/05/20-09:01:57.260,-0.141373697917
1779238918.210000,2026/05/20-09:01:58.210,0.104112413194
1779238919.210000,2026/05/20-09:01:59.210,-0.00986328125
1779238920.210000,2026/05/20-09:02:00.210,-0.241650390625
1779238921.210000,2026/05/20-09:02:01.210,0.0646592881944
1779238922.210000,2026/05/20-09:02:02.210,0.0931532118056
1779238923.210000,2026/05/20-09:02:03.210,-0.116715494792
1779238924.210000,2026/05/20-09:02:04.210,-0.100824652778
1779238925.210000,2026/05/20-09:02:05.210,-0.336995442708
1779238926.210000,2026/05/20-09:02:06.210,-0.110687934028
1779238927.210000,2026/05/20-09:02:07.210,0.478369140625
1779238928.210000,2026/05/20-09:02:08.210,-0.348502604167
1779238929.210000,2026/05/20-09:02:09.210,0.158908420139
1779238930.220000,2026/05/20-09:02:10.220,0.0323296440972
1779238931.210000,2026/05/20-09:02:11.210,0.0350694444444
1779238932.210000,2026/05/20-09:02:12.210,0.224115668403
1779238933.210000,2026/05/20-09:02:13.210,0.151784939236
1779238934.210000,2026/05/20-09:02:14.210,-0.288774956597
1779238935.210000,2026/05/20-09:02:15.210,0.00438368055555
1779238936.210000,2026/05/20-09:02:16.210,-0.129866536458
1779238937.240000,2026/05/20-09:02:17.240,-0.2169921875
1779238938.210000,2026/05/20-09:02:18.210,0.153428819444
1779238939.210000,2026/05/20-09:02:19.210,-0.118907335069
1779238940.210000,2026/05/20-09:02:20.210,-0.0136990017361
1779238941.210000,2026/05/20-09:02:21.210,0.191786024306
1779238942.210000,2026/05/20-09:02:22.210,-0.263568793403
1779238943.220000,2026/05/20-09:02:23.220,0.351790364583
1779238944.210000,2026/05/20-09:02:24.210,0.0695909288194
1779238945.210000,2026/05/20-09:02:25.210,-2.77555756156e-15
1779238946.210000,2026/05/20-09:02:26.210,0.182470703125
1779238947.210000,2026/05/20-09:02:27.210,0.00876736111111
1779238948.210000,2026/05/20-09:02:28.210,-0.221375868056
1779238949.210000,2026/05/20-09:02:29.210,0.313981119792
1779238950.230000,2026/05/20-09:02:30.230,-0.184662543403
1779238951.210000,2026/05/20-09:02:31.210,-0.0389051649306
1779238952.210000,2026/05/20-09:02:32.210,0.0876736111111
1779238953.210000,2026/05/20-09:02:33.210,-0.188498263889
1779238954.210000,2026/05/20-09:02:34.210,-0.109592013889
1779238955.210000,2026/05/20-09:02:35.210,0.130414496528
1779238956.220000,2026/05/20-09:02:36.220,0.0191786024306
1779238957.210000,2026/05/20-09:02:37.210,-0.263568793403
1779238958.210000,2026/05/20-09:02:38.210,0.0580837673611
1779238959.210000,2026/05/20-09:02:39.210,-0.214800347222
1779238960.210000,2026/05/20-09:02:40.210,-0.0865776909722
1779238961.210000,2026/05/20-09:02:41.210,-0.269596354167
1779238962.210000,2026/05/20-09:02:42.210,-0.0969889322917
1779238963.240000,2026/05/20-09:02:43.240,-0.00109592013889
1779238964.210000,2026/05/20-09:02:44.210,0.0619194878472
1779238965.210000,2026/05/20-09:02:45.210,0.183566623264
1779238966.210000,2026/05/20-09:02:46.210,0.0273980034722
1779238967.210000,2026/05/20-09:02:47.210,-0.0964409722222
1779238968.210000,2026/05/20-09:02:48.210,-0.389599609375
1779238969.220000,2026/05/20-09:02:49.220,-0.290418836806
1779238970.210000,2026/05/20-09:02:50.210,0.333159722222
1779238971.210000,2026/05/20-09:02:51.210,0.366585286458
1779238972.210000,2026/05/20-09:02:52.210,0.08876953125
1779238973.210000,2026/05/20-09:02:53.210,-0.153976779514
1779238974.210000,2026/05/20-09:02:54.210,0.140825737847
1779238975.210000,2026/05/20-09:02:55.210,-0.237814670139
1779238976.240000,2026/05/20-09:02:56.240,0.120003255208
1779238977.210000,2026/05/20-09:02:57.210,-0.0504123263889
1779238978.210000,2026/05/20-09:02:58.210,0.136990017361
1779238979.210000,2026/05/20-09:02:59.210,-0.0427408854167
1779238980.210000,2026/05/20-09:03:00.210,0.155072699653
1779238981.210000,2026/05/20-09:03:01.210,-0.0898654513889
1779238982.230000,2026/05/20-09:03:02.230,0.0504123263889
1779238983.210000,2026/05/20-09:03:03.210,-0.141373697917
1779238984.210000,2026/05/20-09:03:04.210,-0.528233506944
1779238985.210000,2026/05/20-09:03:05.210,0.1578125
1779238986.210000,2026/05/20-09:03:06.210,-0.0410970052083
1779238987.210000,2026/05/20-09:03:07.210,0.0164388020833
1779238988.210000,2026/05/20-09:03:08.210,-0.123291015625
1779238989.230000,2026/05/20-09:03:09.230,0.193977864583
1779238990.210000,2026/05/20-09:03:10.210,0.0564398871528
1779238991.210000,2026/05/20-09:03:11.210,0.148497178819
1779238992.210000,2026/05/20-09:03:12.210,-0.00767144097222
1779238993.210000,2026/05/20-09:03:13.210,0.0454806857639
1779238994.210000,2026/05/20-09:03:14.210,-0.0405490451389
1779238995.220000,2026/05/20-09:03:15.220,0.024658203125
1779238996.210000,2026/05/20-09:03:16.210,0.0213704427083
1779238997.210000,2026/05/20-09:03:17.210,-0.0169867621528
1779238998.210000,2026/05/20-09:03:18.210,0.186854383681
1779238999.210000,2026/05/20-09:03:19.210,-0.0356174045139
1779239000.210000,2026/05/20-09:03:20.210,0.624126519097
1779239001.210000,2026/05/20-09:03:21.210,-0.312337239583
1779239002.260000,2026/05/20-09:03:22.260,-0.0109592013889
1779239003.210000,2026/05/20-09:03:23.210,0.277267795139
1779239004.210000,2026/05/20-09:03:24.210,0.23671875
1779239005.210000,2026/05/20-09:03:25.210,0.0482204861111
1779239006.210000,2026/05/20-09:03:26.210,-0.239458550347
1779239007.210000,2026/05/20-09:03:27.210,0.0306857638889
1779239008.210000,2026/05/20-09:03:28.210,-0.127126736111
1779239009.220000,2026/05/20-09:03:29.220,0.0531521267361
1779239010.210000,2026/05/20-09:03:30.210,0.0723307291667
1779239011.210000,2026/05/20-09:03:31.210,0.0312337239583
1779239012.210000,2026/05/20-09:03:32.210,-0.102468532986
1779239013.210000,2026/05/20-09:03:33.210,-0.105756293403
1779239014.210000,2026/05/20-09:03:34.210,-0.298090277778
1779239015.220000,2026/05/20-09:03:35.220,0.00438368055555
1779239016.210000,2026/05/20-09:03:36.210,-0.0854817708333
1779239017.210000,2026/05/20-09:03:37.210,0.34521484375
1779239018.210000,2026/05/20-09:03:38.210,-0.203293185764
1779239019.210000,2026/05/20-09:03:39.210,0.401106770833
1779239020.210000,2026/05/20-09:03:40.210,0.116715494792
1779239021.210000,2026/05/20-09:03:41.210,-0.118359375
1779239022.220000,2026/05/20-09:03:42.220,0.209320746528
1779239023.210000,2026/05/20-09:03:43.210,-0.0761664496528
1779239024.210000,2026/05/20-09:03:44.210,-0.0383572048611
1779239025.210000,2026/05/20-09:03:45.210,0.226307508681
1779239026.210000,2026/05/20-09:03:46.210,0.486040581597
1779239027.210000,2026/05/20-09:03:47.210,0.197265625
1779239028.250000,2026/05/20-09:03:48.250,-0.188498263889
1779239029.210000,2026/05/20-09:03:49.210,-0.313981119792
1779239030.210000,2026/05/20-09:03:50.210,0.366037326389
1779239031.210000,2026/05/20-09:03:51.210,-0.245486111111
1779239032.210000,2026/05/20-09:03:52.210,-0.204389105903
1779239033.210000,2026/05/20-09:03:53.210,0.354530164931
1779239034.220000,2026/05/20-09:03:54.220,0.110687934028
1779239035.210000,2026/05/20-09:03:55.210,-0.0564398871528
1779239036.210000,2026/05/20-09:03:56.210,0.501931423611
1779239037.210000,2026/05/20-09:03:57.210,0.0827419704861
1779239038.210000,2026/05/20-09:03:58.210,0.324940321181
1779239039.210000,2026/05/20-09:03:59.210,-0.161648220486
1779239040.210000,2026/05/20-09:04:00.210,-0.0915093315972
1779239041.250000,2026/05/20-09:04:01.250,-0.117811414931
1779239042.210000,2026/05/20-09:04:02.210,-0.204389105903
1779239043.210000,2026/05/20-09:04:03.210,-0.112879774306
1779239044.210000,2026/05/20-09:04:04.210,-0.0317816840278
1779239045.210000,2026/05/20-09:04:05.210,0.318912760417
1779239046.210000,2026/05/20-09:04:06.210,-0.0191786024306
1779239047.210000,2026/05/20-09:04:07.210,0.0569878472222
1779239048.220000,2026/05/20-09:04:08.220,0.160004340278
1779239049.210000,2026/05/20-09:04:09.210,-0.107948133681
1779239050.210000,2026/05/20-09:04:10.210,0.155620659722
1779239051.210000,2026/05/20-09:04:11.210,-0.123838975694
1779239052.210000,2026/05/20-09:04:12.210,-0.0306857638889
1779239053.210000,2026/05/20-09:04:13.210,0.290966796875
1779239054.240000,2026/05/20-09:04:14.240,0.296994357639
1779239055.210000,2026/05/20-09:04:15.210,-0.112331814236
1779239056.210000,2026/05/20-09:04:16.210,0.04931640625
1779239057.210000,2026/05/20-09:04:17.210,-0.124386935764
1779239058.210000,2026/05/20-09:04:18.210,0.273432074653
1779239059.210000,2026/05/20-09:04:19.210,0.311241319444
1779239060.220000,2026/05/20-09:04:20.220,0.144113498264
1779239061.210000,2026/05/20-09:04:21.210,-0.248773871528
1779239062.210000,2026/05/20-09:04:22.210,-0.0153428819444
1779239063.210000,2026/05/20-09:04:23.210,0.298638237847
1779239064.210000,2026/05/20-09:04:24.210,0.0931532118056
1779239065.210000,2026/05/20-09:04:25.210,-0.146853298611
1779239066.210000,2026/05/20-09:04:26.210,0.0657552083333
1779239067.230000,2026/05/20-09:04:27.230,-0.14794921875
1779239068.210000,2026/05/20-09:04:28.210,0.2564453125
1779239069.210000,2026/05/20-09:04:29.210,0.5720703125
1779239070.210000,2026/05/20-09:04:30.210,0.124934895833
1779239071.210000,2026/05/20-09:04:31.210,-0.0597276475694
1779239072.210000,2026/05/20-09:04:32.210,-0.150141059028
1779239073.210000,2026/05/20-09:04:33.210,0.127674696181
1779239074.220000,2026/05/20-09:04:34.220,-0.124934895833
1779239075.210000,2026/05/20-09:04:35.210,-0.238910590278
1779239076.210000,2026/05/20-09:04:36.210,-0.442751736111
1779239077.210000,2026/05/20-09:04:37.210,-0.464122178819
1779239078.210000,2026/05/20-09:04:38.210,-0.00657552083334
1779239079.210000,2026/05/20-09:04:39.210,0.0454806857639
1779239080.280000,2026/05/20-09:04:40.280,0.151236979167
1779239081.210000,2026/05/20-09:04:41.210,0.221923828125
1779239082.210000,2026/05/20-09:04:42.210,0.0684950086806
1779239083.210000,2026/05/20-09:04:43.210,-0.156716579861
1779239084.210000,2026/05/20-09:04:44.210,0.156168619792
1779239085.210000,2026/05/20-09:04:45.210,-0.173155381944
1779239086.210000,2026/05/20-09:04:46.210,-0.172607421875
1779239087.220000,2026/05/20-09:04:47.220,-0.0438368055556
1779239088.210000,2026/05/20-09:04:48.210,0.0986328125
1779239089.210000,2026/05/20-09:04:49.210,0.132606336806
1779239090.210000,2026/05/20-09:04:50.210,-0.596728515625
1779239091.210000,2026/05/20-09:04:51.210,-0.423573133681
1779239092.210000,2026/05/20-09:04:52.210,0.233430989583
1779239093.270000,2026/05/20-09:04:53.270,-0.0180826822917
1779239094.210000,2026/05/20-09:04:54.210,0.154524739583
1779239095.210000,2026/05/20-09:04:55.210,-0.00657552083333
1779239096.210000,2026/05/20-09:04:56.210,-0.0383572048611
1779239097.210000,2026/05/20-09:04:57.210,-0.200005425347
1779239098.210000,2026/05/20-09:04:58.210,0.461382378472
1779239099.210000,2026/05/20-09:04:59.210,0.0131510416667
1779239100.220000,2026/05/20-09:05:00.220,-0.361653645833
1779239101.210000,2026/05/20-09:05:01.210,0.224115668403
1779239102.210000,2026/05/20-09:05:02.210,-0.133702256944
1779239103.210000,2026/05/20-09:05:03.210,0.117811414931
1779239104.210000,2026/05/20-09:05:04.210,0.0652072482639
1779239105.210000,2026/05/20-09:05:05.210,-0.0115071614583
1779239106.230000,2026/05/20-09:05:06.230,-0.0427408854167
1779239107.210000,2026/05/20-09:05:07.210,-0.208772786458
1779239108.210000,2026/05/20-09:05:08.210,0.257541232639
1779239109.210000,2026/05/20-09:05:09.210,-0.246034071181
1779239110.210000,2026/05/20-09:05:10.210,-0.160004340278
1779239111.210000,2026/05/20-09:05:11.210,-0.145209418403
1779239112.210000,2026/05/20-09:05:12.210,-0.0224663628472
1779239113.280000,2026/05/20-09:05:13.280,0.0553439670139
1779239114.210000,2026/05/20-09:05:14.210,-0.212060546875
1779239115.210000,2026/05/20-09:05:15.210,0.101920572917
1779239116.210000,2026/05/20-09:05:16.210,0.204389105903
1779239117.210000,2026/05/20-09:05:17.210,-0.351790364583
1779239118.210000,2026/05/20-09:05:18.210,-0.0882215711806
1779239119.230000,2026/05/20-09:05:19.230,0.160004340278
1779239120.210000,2026/05/20-09:05:20.210,-0.358365885417
1779239121.210000,2026/05/20-09:05:21.210,-0.20712890625
1779239122.210000,2026/05/20-09:05:22.210,0.0816460503472
1779239123.210000,2026/05/20-09:05:23.210,0.192881944444
1779239124.210000,2026/05/20-09:05:24.210,-0.152880859375
1779239125.210000,2026/05/20-09:05:25.210,-0.363297526042
1779239126.260000,2026/05/20-09:05:26.260,0.0537000868056
1779239127.210000,2026/05/20-09:05:27.210,-0.0668511284722
1779239128.210000,2026/05/20-09:05:28.210,0.0317816840278
1779239129.210000,2026/05/20-09:05:29.210,-0.0893174913194
1779239130.210000,2026/05/20-09:05:30.210,-0.0876736111111
1779239131.210000,2026/05/20-09:05:31.210,-0.0339735243056
1779239132.210000,2026/05/20-09:05:32.210,0.00602756076389
1779239133.220000,2026/05/20-09:05:33.220,-0.00876736111111
1779239134.210000,2026/05/20-09:05:34.210,0.164935980903
1779239135.210000,2026/05/20-09:05:35.210,-0.104660373264
1779239136.210000,2026/05/20-09:05:36.210,-0.110139973958
1779239137.210000,2026/05/20-09:05:37.210,0.0383572048611
1779239138.210000,2026/05/20-09:05:38.210,-0.0865776909722
1779239139.260000,2026/05/20-09:05:39.260,-0.161100260417
1779239140.210000,2026/05/20-09:05:40.210,-0.208224826389
1779239141.210000,2026/05/20-09:05:41.210,0.164935980903
1779239142.210000,2026/05/20-09:05:42.210,-0.0673990885417
1779239143.210000,2026/05/20-09:05:43.210,-0.135346137153
1779239144.210000,2026/05/20-09:05:44.210,-0.0306857638889
1779239145.210000,2026/05/20-09:05:45.210,0.131510416667
1779239146.210000,2026/05/20-09:05:46.210,0.298638237847
1779239147.210000,2026/05/20-09:05:47.210,-0.0871256510417
1779239148.210000,2026/05/20-09:05:48.210,-0.04931640625
1779239149.210000,2026/05/20-09:05:49.210,-0.419737413194
1779239150.210000,2026/05/20-09:05:50.210,0.034521484375
1779239151.210000,2026/05/20-09:05:51.210,0.224663628472
1779239152.270000,2026/05/20-09:05:52.270,0.0893174913194
1779239153.210000,2026/05/20-09:05:53.210,0.233430989583
1779239154.210000,2026/05/20-09:05:54.210,0.226307508681
1779239155.210000,2026/05/20-09:05:55.210,-0.154524739583
1779239156.210000,2026/05/20-09:05:56.210,-0.156716579861
1779239157.210000,2026/05/20-09:05:57.210,-0.10849609375
1779239158.210000,2026/05/20-09:05:58.210,-0.145757378472
1779239159.230000,2026/05/20-09:05:59.230,-0.196169704861
1779239160.210000,2026/05/20-09:06:00.210,-0.179730902778
1779239161.210000,2026/05/20-09:06:01.210,0.346858723958
1779239162.210000,2026/05/20-09:06:02.210,0.168771701389
1779239163.210000,2026/05/20-09:06:03.210,-0.133154296875
1779239164.210000,2026/05/20-09:06:04.210,0.450971137153
1779239165.240000,2026/05/20-09:06:05.240,0.00712348090278
1779239166.210000,2026/05/20-09:06:06.210,-0.272884114583
1779239167.210000,2026/05/20-09:06:07.210,-0.241650390625
1779239168.210000,2026/05/20-09:06:08.210,0.0197265625
1779239169.210000,2026/05/20-09:06:09.210,0.144661458333
1779239170.210000,2026/05/20-09:06:10.210,0.0158908420139
1779239171.210000,2026/05/20-09:06:11.210,0.227403428819
1779239172.220000,2026/05/20-09:06:12.220,0.145209418403
1779239173.210000,2026/05/20-09:06:13.210,0.0969889322917
1779239174.210000,2026/05/20-09:06:14.210,0.235074869792
1779239175.210000,2026/05/20-09:06:15.210,-0.263568793403
1779239176.210000,2026/05/20-09:06:16.210,-0.165483940972
1779239177.210000,2026/05/20-09:06:17.210,-0.0361653645833
1779239178.220000,2026/05/20-09:06:18.220,0.0684950086806
1779239179.210000,2026/05/20-09:06:19.210,-0.109044053819
1779239180.210000,2026/05/20-09:06:20.210,-0.230143229167
1779239181.210000,2026/05/20-09:06:21.210,-0.242746310764
1779239182.210000,2026/05/20-09:06:22.210,-0.0405490451389
1779239183.210000,2026/05/20-09:06:23.210,-0.317268880208
1779239184.210000,2026/05/20-09:06:24.210,-0.310693359375
1779239185.230000,2026/05/20-09:06:25.230,0.113975694444
1779239186.210000,2026/05/20-09:06:26.210,-0.0608235677083
1779239187.210000,2026/05/20-09:06:27.210,-0.064111328125
1779239188.210000,2026/05/20-09:06:28.210,-0.0252061631944
1779239189.210000,2026/05/20-09:06:29.210,0.0202745225694
1779239190.210000,2026/05/20-09:06:30.210,-0.0361653645833
1779239191.230000,2026/05/20-09:06:31.230,0.0723307291667
1779239192.210000,2026/05/20-09:06:32.210,0.168223741319
1779239193.210000,2026/05/20-09:06:33.210,-0.0876736111111
1779239194.210000,2026/05/20-09:06:34.210,-0.1775390625
1779239195.210000,2026/05/20-09:06:35.210,-0.216444227431
1779239196.210000,2026/05/20-09:06:36.210,-0.497547743056
1779239197.210000,2026/05/20-09:06:37.210,-0.0230143229167
1779239198.260000,2026/05/20-09:06:38.260,0.0104112413194
1779239199.210000,2026/05/20-09:06:39.210,-0.0515082465278
1779239200.210000,2026/05/20-09:06:40.210,-0.172059461806
1779239201.210000,2026/05/20-09:06:41.210,-0.0460286458333
1779239202.210000,2026/05/20-09:06:42.210,-0.0997287326389
1779239203.210000,2026/05/20-09:06:43.210,0.269048394097
1779239204.250000,2026/05/20-09:06:44.250,0.478917100694
1779239205.210000,2026/05/20-09:06:45.210,0.00602756076389
1779239206.210000,2026/05/20-09:06:46.210,0.145209418403
1779239207.210000,2026/05/20-09:06:47.210,0.155620659722
1779239208.210000,2026/05/20-09:06:48.210,-0.0893174913194
1779239209.210000,2026/05/20-09:06:49.210,0.174251302083
1779239210.210000,2026/05/20-09:06:50.210,-0.0323296440972
1779239211.220000,2026/05/20-09:06:51.220,0.127674696181
1779239212.210000,2026/05/20-09:06:52.210,-0.364393446181
1779239213.210000,2026/05/20-09:06:53.210,0.118359375
1779239214.210000,2026/05/20-09:06:54.210,0.367133246528
1779239215.210000,2026/05/20-09:06:55.210,0.169867621528
1779239216.210000,2026/05/20-09:06:56.210,-0.0723307291667
1779239217.270000,2026/05/20-09:06:57.270,-0.117811414931
1779239218.210000,2026/05/20-09:06:58.210,0.154524739583
1779239219.210000,2026/05/20-09:06:59.210,-0.102468532986
1779239220.210000,2026/05/20-09:07:00.210,0.186306423611
1779239221.210000,2026/05/20-09:07:01.210,-0.225759548611
1779239222.210000,2026/05/20-09:07:02.210,1.73472347598e-15
1779239223.220000,2026/05/20-09:07:03.220,-0.004931640625
1779239224.220000,2026/05/20-09:07:04.220,0.103016493056
1779239225.210000,2026/05/20-09:07:05.210,0.120003255208
1779239226.210000,2026/05/20-09:07:06.210,-0.00986328125
1779239227.210000,2026/05/20-09:07:07.210,-0.0893174913194
1779239228.210000,2026/05/20-09:07:08.210,0.145757378472
1779239229.210000,2026/05/20-09:07:09.210,-0.0120551215278
1779239230.260000,2026/05/20-09:07:10.260,-0.304665798611
1779239231.210000,2026/05/20-09:07:11.210,0.00438368055556
1779239232.210000,2026/05/20-09:07:12.210,0.136442057292
1779239233.210000,2026/05/20-09:07:13.210,-0.170963541667
1779239234.210000,2026/05/20-09:07:14.210,-0.161648220486
1779239235.210000,2026/05/20-09:07:15.210,-0.190142144097
1779239236.220000,2026/05/20-09:07:16.220,-0.207676866319
1779239237.210000,2026/05/20-09:07:17.210,-0.0328776041667
1779239238.210000,2026/05/20-09:07:18.210,0.0980848524306
1779239239.210000,2026/05/20-09:07:19.210,0.231239149306
1779239240.210000,2026/05/20-09:07:20.210,0.124934895833
1779239241.210000,2026/05/20-09:07:21.210,-0.170415581597
1779239242.210000,2026/05/20-09:07:22.210,0.0580837673611
1779239243.240000,2026/05/20-09:07:23.240,-0.0926052517361
1779239244.210000,2026/05/20-09:07:24.210,-0.145757378472
1779239245.210000,2026/05/20-09:07:25.210,0.129866536458
1779239246.210000,2026/05/20-09:07:26.210,-0.0684950086806
1779239247.210000,2026/05/20-09:07:27.210,0.112879774306
1779239248.210000,2026/05/20-09:07:28.210,0.146305338542
1779239249.220000,2026/05/20-09:07:29.220,-0.214252387153
1779239250.210000,2026/05/20-09:07:30.210,-0.0317816840278
1779239251.210000,2026/05/20-09:07:31.210,-0.324392361111
1779239252.210000,2026/05/20-09:07:32.210,0.237814670139
1779239253.210000,2026/05/20-09:07:33.210,-0.129318576389
1779239254.210000,2026/05/20-09:07:34.210,0.343023003472
1779239255.210000,2026/05/20-09:07:35.210,0.245486111111
1779239256.270000,2026/05/20-09:07:36.270,0.0515082465278
1779239257.210000,2026/05/20-09:07:37.210,-0.0805501302083
1779239258.210000,2026/05/20-09:07:38.210,-0.192333984375
1779239259.210000,2026/05/20-09:07:39.210,0.110139973958
1779239260.210000,2026/05/20-09:07:40.210,0.208772786458
1779239261.210000,2026/05/20-09:07:41.210,0.0224663628472
1779239262.210000,2026/05/20-09:07:42.210,0.0487684461806
1779239263.220000,2026/05/20-09:07:43.220,-0.239458550347
1779239264.210000,2026/05/20-09:07:44.210,-0.104112413194
1779239265.210000,2026/05/20-09:07:45.210,-0.320008680556
1779239266.210000,2026/05/20-09:07:46.210,-0.233430989583
1779239267.210000,2026/05/20-09:07:47.210,-0.313981119792
1779239268.210000,2026/05/20-09:07:48.210,-0.214800347222
1779239269.260000,2026/05/20-09:07:49.260,-0.093701171875
1779239270.210000,2026/05/20-09:07:50.210,0.136990017361
1779239271.210000,2026/05/20-09:07:51.210,0.173155381944
1779239272.210000,2026/05/20-09:07:52.210,0.217540147569
1779239273.210000,2026/05/20-09:07:53.210,0.0268500434028
1779239274.210000,2026/05/20-09:07:54.210,0.0849338107639
1779239275.220000,2026/05/20-09:07:55.220,0.191238064236
1779239276.210000,2026/05/20-09:07:56.210,-0.163292100694
1779239277.210000,2026/05/20-09:07:57.210,0.363297526042
1779239278.210000,2026/05/20-09:07:58.210,-0.0263020833333
1779239279.210000,2026/05/20-09:07:59.210,-0.0778103298611
1779239280.210000,2026/05/20-09:08:00.210,0.175347222222
1779239281.210000,2026/05/20-09:08:01.210,-0.0580837673611
1779239282.260000,2026/05/20-09:08:02.260,-0.266856553819
1779239283.210000,2026/05/20-09:08:03.210,0.0953450520833
1779239284.210000,2026/05/20-09:08:04.210,0.100276692708
1779239285.210000,2026/05/20-09:08:05.210,-0.208772786458
1779239286.210000,2026/05/20-09:08:06.210,-0.296994357639
1779239287.210000,2026/05/20-09:08:07.210,-0.134250217014
1779239288.210000,2026/05/20-09:08:08.210,0.203293185764
1779239289.220000,2026/05/20-09:08:09.220,-0.153428819444
1779239290.210000,2026/05/20-09:08:10.210,-0.241650390625
1779239291.210000,2026/05/20-09:08:11.210,-0.136442057292
1779239292.210000,2026/05/20-09:08:12.210,0.151784939236
1779239293.210000,2026/05/20-09:08:13.210,0.260828993056
1779239294.210000,2026/05/20-09:08:14.210,0.153428819444
1779239295.270000,2026/05/20-09:08:15.270,-0.138633897569
1779239296.210000,2026/05/20-09:08:16.210,-0.083837890625
1779239297.210000,2026/05/20-09:08:17.210,0.0301378038194
1779239298.210000,2026/05/20-09:08:18.210,-0.255349392361
1779239299.210000,2026/05/20-09:08:19.210,-0.00712348090278
1779239300.210000,2026/05/20-09:08:20.210,-0.00547960069444
1779239301.210000,2026/05/20-09:08:21.210,-0.257541232639
1779239302.240000,2026/05/20-09:08:22.240,0.116167534722
1779239303.210000,2026/05/20-09:08:23.210,0.176443142361
1779239304.210000,2026/05/20-09:08:24.210,0.103016493056
1779239305.210000,2026/05/20-09:08:25.210,0.287679036458
1779239306.210000,2026/05/20-09:08:26.210,0.100276692708
1779239307.210000,2026/05/20-09:08:27.210,0.0673990885417
1779239308.230000,2026/05/20-09:08:28.230,-0.260281032986
1779239309.210000,2026/05/20-09:08:29.210,-0.307953559028
1779239310.210000,2026/05/20-09:08:30.210,-0.139729817708
1779239311.210000,2026/05/20-09:08:31.210,-0.202197265625
1779239312.210000,2026/05/20-09:08:32.210,0.205485026042
1779239313.210000,2026/05/20-09:08:33.210,-0.142469618056
1779239314.210000,2026/05/20-09:08:34.210,0.0252061631944
1779239315.220000,2026/05/20-09:08:35.220,0.0356174045139
1779239316.210000,2026/05/20-09:08:36.210,-0.235074869792
1779239317.210000,2026/05/20-09:08:37.210,-0.00657552083333
1779239318.210000,2026/05/20-09:08:38.210,-0.321104600694
1779239319.210000,2026/05/20-09:08:39.210,-0.06904296875
1779239320.210000,2026/05/20-09:08:40.210,-0.00438368055556
1779239321.240000,2026/05/20-09:08:41.240,-0.349598524306
1779239322.210000,2026/05/20-09:08:42.210,0.0454806857639
1779239323.210000,2026/05/20-09:08:43.210,0.386311848958
1779239324.210000,2026/05/20-09:08:44.210,0.0619194878472
1779239325.210000,2026/05/20-09:08:45.210,-0.0975368923611
1779239326.210000,2026/05/20-09:08:46.210,-0.0224663628472
1779239327.220000,2026/05/20-09:08:47.220,0.282199435764
1779239328.210000,2026/05/20-09:08:48.210,-0.145209418403
1779239329.210000,2026/05/20-09:08:49.210,0.0558919270833
1779239330.210000,2026/05/20-09:08:50.210,0.253705512153
1779239331.210000,2026/05/20-09:08:51.210,0.279459635417
1779239332.210000,2026/05/20-09:08:52.210,0.0136990017361
1779239333.210000,2026/05/20-09:08:53.210,0.0964409722222
1779239334.230000,2026/05/20-09:08:54.230,-0.093701171875
1779239335.210000,2026/05/20-09:08:55.210,0.0865776909722
1779239336.210000,2026/05/20-09:08:56.210,-0.0679470486111
1779239337.210000,2026/05/20-09:08:57.210,-0.379736328125
1779239338.210000,2026/05/20-09:08:58.210,-0.300830078125
1779239339.210000,2026/05/20-09:08:59.210,0.0410970052083
1779239340.220000,2026/05/20-09:09:00.220,0.136442057292
1779239341.210000,2026/05/20-09:09:01.210,-0.311789279514
1779239342.210000,2026/05/20-09:09:02.210,0.241102430556
1779239343.210000,2026/05/20-09:09:03.210,0.118359375
1779239344.210000,2026/05/20-09:09:04.210,-0.228499348958
1779239345.210000,2026/05/20-09:09:05.210,-0.0871256510417
1779239346.210000,2026/05/20-09:09:06.210,-0.0465766059028
1779239347.250000,2026/05/20-09:09:07.250,0.0372612847222
1779239348.210000,2026/05/20-09:09:08.210,0.0465766059028
1779239349.210000,2026/05/20-09:09:09.210,-0.0350694444444
1779239350.210000,2026/05/20-09:09:10.210,-0.0378092447917
1779239351.210000,2026/05/20-09:09:11.210,-0.337543402778
1779239352.210000,2026/05/20-09:09:12.210,-0.311241319444
1779239353.220000,2026/05/20-09:09:13.220,0.0169867621528
1779239354.210000,2026/05/20-09:09:14.210,-0.0843858506944
1779239355.210000,2026/05/20-09:09:15.210,-0.102468532986
1779239356.210000,2026/05/20-09:09:16.210,-0.100276692708
1779239357.210000,2026/05/20-09:09:17.210,-0.179182942708
1779239358.210000,2026/05/20-09:09:18.210,-0.0635633680556
1779239359.210000,2026/05/20-09:09:19.210,-0.120003255208
1779239360.220000,2026/05/20-09:09:20.220,-0.00219184027778
1779239361.210000,2026/05/20-09:09:21.210,-0.209320746528
1779239362.210000,2026/05/20-09:09:22.210,0.00767144097222
1779239363.210000,2026/05/20-09:09:23.210,0.124386935764
1779239364.210000,2026/05/20-09:09:24.210,-0.224663628472
1779239365.210000,2026/05/20-09:09:25.210,0.161100260417
1779239366.210000,2026/05/20-09:09:26.210,-0.277815755208
1779239367.220000,2026/05/20-09:09:27.220,0.158360460069
1779239368.210000,2026/05/20-09:09:28.210,0.0372612847222
1779239369.210000,2026/05/20-09:09:29.210,-0.169319661458
1779239370.210000,2026/05/20-09:09:30.210,-0.0219184027778
1779239371.210000,2026/05/20-09:09:31.210,0.200553385417
1779239372.210000,2026/05/20-09:09:32.210,-0.0405490451389
1779239373.230000,2026/05/20-09:09:33.230,-0.169867621528
1779239374.210000,2026/05/20-09:09:34.210,-0.0202745225694
1779239375.210000,2026/05/20-09:09:35.210,-0.392887369792
1779239376.210000,2026/05/20-09:09:36.210,-0.226307508681
1779239377.210000,2026/05/20-09:09:37.210,0.189594184028
1779239378.210000,2026/05/20-09:09:38.210,0.0389051649306
1779239379.220000,2026/05/20-09:09:39.220,0.0893174913194
1779239380.220000,2026/05/20-09:09:40.220,-0.196717664931
1779239381.210000,2026/05/20-09:09:41.210,-0.106304253472
1779239382.210000,2026/05/20-09:09:42.210,0.0389051649306
1779239383.210000,2026/05/20-09:09:43.210,0.208224826389
1779239384.210000,2026/05/20-09:09:44.210,-0.271788194444
1779239385.210000,2026/05/20-09:09:45.210,0.10849609375
1779239386.250000,2026/05/20-09:09:46.250,0.274527994792
1779239387.210000,2026/05/20-09:09:47.210,-0.0317816840278
1779239388.210000,2026/05/20-09:09:48.210,0.303021918403
1779239389.210000,2026/05/20-09:09:49.210,0.0416449652778
1779239390.210000,2026/05/20-09:09:50.210,0.208772786458
1779239391.210000,2026/05/20-09:09:51.210,-0.22685546875
1779239392.210000,2026/05/20-09:09:52.210,-0.0657552083333
1779239393.220000,2026/05/20-09:09:53.220,0.167127821181
1779239394.210000,2026/05/20-09:09:54.210,-0.358365885417
1779239395.210000,2026/05/20-09:09:55.210,0.182470703125
1779239396.210000,2026/05/20-09:09:56.210,-0.158360460069
1779239397.210000,2026/05/20-09:09:57.210,-0.241102430556
1779239398.210000,2026/05/20-09:09:58.210,-0.0400010850694
1779239399.250000,2026/05/20-09:09:59.250,-0.0509602864583
1779239400.210000,2026/05/20-09:10:00.210,0.166031901042
1779239401.210000,2026/05/20-09:10:01.210,0.213156467014
1779239402.210000,2026/05/20-09:10:02.210,-0.222471788194
1779239403.210000,2026/05/20-09:10:03.210,0.252061631944
1779239404.210000,2026/05/20-09:10:04.210,-0.137537977431
1779239405.210000,2026/05/20-09:10:05.210,0.280555555556
1779239406.280000,2026/05/20-09:10:06.280,0.190142144097
1779239407.210000,2026/05/20-09:10:07.210,0.10849609375
1779239408.210000,2026/05/20-09:10:08.210,0.0197265625
1779239409.210000,2026/05/20-09:10:09.210,0.300830078125
1779239410.210000,2026/05/20-09:10:10.210,0.0427408854167
1779239411.210000,2026/05/20-09:10:11.210,0.563302951389
1779239412.250000,2026/05/20-09:10:12.250,-0.0975368923611
1779239413.210000,2026/05/20-09:10:13.210,-0.118907335069
1779239414.210000,2026/05/20-09:10:14.210,0.0980848524306
1779239415.210000,2026/05/20-09:10:15.210,0.319460720486
1779239416.210000,2026/05/20-09:10:16.210,0.306309678819
1779239417.210000,2026/05/20-09:10:17.210,-0.227403428819
1779239418.210000,2026/05/20-09:10:18.210,0.132058376736
1779239419.230000,2026/05/20-09:10:19.230,-0.152332899306
1779239420.210000,2026/05/20-09:10:20.210,-0.353434244792
1779239421.210000,2026/05/20-09:10:21.210,-0.0832899305556
1779239422.210000,2026/05/20-09:10:22.210,0.130414496528
1779239423.210000,2026/05/20-09:10:23.210,-0.418093532986
1779239424.210000,2026/05/20-09:10:24.210,-0.00602756076389
1779239425.230000,2026/05/20-09:10:25.230,-0.0169867621528
1779239426.210000,2026/05/20-09:10:26.210,-0.0202745225694
1779239427.210000,2026/05/20-09:10:27.210,-0.159456380208
1779239428.210000,2026/05/20-09:10:28.210,0.0438368055556
1779239429.210000,2026/05/20-09:10:29.210,0.267404513889
1779239430.210000,2026/05/20-09:10:30.210,0.224663628472
1779239431.210000,2026/05/20-09:10:31.210,-0.0126030815972
1779239432.220000,2026/05/20-09:10:32.220,-0.0438368055556
1779239433.210000,2026/05/20-09:10:33.210,-0.244390190972
1779239434.210000,2026/05/20-09:10:34.210,0.104112413194
1779239435.210000,2026/05/20-09:10:35.210,-0.204937065972
1779239436.210000,2026/05/20-09:10:36.210,0.210964626736
1779239437.210000,2026/05/20-09:10:37.210,0.153428819444
1779239438.240000,2026/05/20-09:10:38.240,0.00767144097222
1779239439.210000,2026/05/20-09:10:39.210,-0.0805501302083
1779239440.210000,2026/05/20-09:10:40.210,0.0158908420139
1779239441.210000,2026/05/20-09:10:41.210,0.192881944444
1779239442.210000,2026/05/20-09:10:42.210,0.224115668403
1779239443.210000,2026/05/20-09:10:43.210,0.26630859375
1779239444.220000,2026/05/20-09:10:44.220,0.0805501302083
1779239445.210000,2026/05/20-09:10:45.210,0.233430989583
1779239446.210000,2026/05/20-09:10:46.210,0.261376953125
1779239447.210000,2026/05/20-09:10:47.210,-0.102468532986
1779239448.210000,2026/05/20-09:10:48.210,-0.138633897569
1779239449.210000,2026/05/20-09:10:49.210,0.034521484375
1779239450.210000,2026/05/20-09:10:50.210,-0.275623914931
1779239451.300000,2026/05/20-09:10:51.300,0.145209418403
1779239452.210000,2026/05/20-09:10:52.210,0.00712348090278
1779239453.210000,2026/05/20-09:10:53.210,0.168223741319
1779239454.210000,2026/05/20-09:10:54.210,-0.224663628472
1779239455.210000,2026/05/20-09:10:55.210,-0.180278862847
1779239456.210000,2026/05/20-09:10:56.210,-0.267404513889
1779239457.220000,2026/05/20-09:10:57.220,0.122195095486
1779239458.220000,2026/05/20-09:10:58.220,0.18740234375
1779239459.210000,2026/05/20-09:10:59.210,-0.0657552083333
1779239460.210000,2026/05/20-09:11:00.210,-0.109044053819
1779239461.210000,2026/05/20-09:11:01.210,-0.06904296875
1779239462.210000,2026/05/20-09:11:02.210,-0.0526041666667
1779239463.210000,2026/05/20-09:11:03.210,-0.0597276475694
1779239464.250000,2026/05/20-09:11:04.250,0.0120551215278
1779239465.210000,2026/05/20-09:11:05.210,-0.250417751736
1779239466.210000,2026/05/20-09:11:06.210,0.448231336806
1779239467.210000,2026/05/20-09:11:07.210,-0.0893174913194
1779239468.210000,2026/05/20-09:11:08.210,0.0421929253472
1779239469.210000,2026/05/20-09:11:09.210,-0.00712348090278
1779239470.220000,2026/05/20-09:11:10.220,-0.232335069444
1779239471.220000,2026/05/20-09:11:11.220,-0.0575358072917
1779239472.210000,2026/05/20-09:11:12.210,-0.161648220486
1779239473.210000,2026/05/20-09:11:13.210,0.0328776041667
1779239474.210000,2026/05/20-09:11:14.210,-0.00931532118056
1779239475.210000,2026/05/20-09:11:15.210,-0.298638237847
1779239476.210000,2026/05/20-09:11:16.210,-0.264664713542
1779239477.250000,2026/05/20-09:11:17.250,-0.0915093315972
1779239478.210000,2026/05/20-09:11:18.210,0.296446397569
1779239479.210000,2026/05/20-09:11:19.210,-0.0772623697917
1779239480.210000,2026/05/20-09:11:20.210,-0.213704427083
1779239481.210000,2026/05/20-09:11:21.210,-0.252061631944
1779239482.210000,2026/05/20-09:11:22.210,0.145757378472
1779239483.220000,2026/05/20-09:11:23.220,-0.0893174913194
1779239484.210000,2026/05/20-09:11:24.210,0.221923828125
1779239485.210000,2026/05/20-09:11:25.210,-0.310145399306
1779239486.210000,2026/05/20-09:11:26.210,-0.0383572048611
1779239487.210000,2026/05/20-09:11:27.210,-0.193429904514
1779239488.210000,2026/05/20-09:11:28.210,-0.20712890625
1779239489.210000,2026/05/20-09:11:29.210,0.285487196181
1779239490.240000,2026/05/20-09:11:30.240,0.0980848524306
1779239491.210000,2026/05/20-09:11:31.210,0.253157552083
1779239492.210000,2026/05/20-09:11:32.210,-0.0389051649306
1779239493.210000,2026/05/20-09:11:33.210,0.301378038194
1779239494.210000,2026/05/20-09:11:34.210,-0.00328776041667
1779239495.210000,2026/05/20-09:11:35.210,-0.0876736111111
1779239496.220000,2026/05/20-09:11:36.220,-0.0969889322917
1779239497.220000,2026/05/20-09:11:37.220,0.0306857638889
1779239498.210000,2026/05/20-09:11:38.210,-0.164388020833
1779239499.210000,2026/05/20-09:11:39.210,0.101372612847
1779239500.210000,2026/05/20-09:11:40.210,-0.28603515625
1779239501.210000,2026/05/20-09:11:41.210,0.039453125
1779239502.210000,2026/05/20-09:11:42.210,-0.0219184027778
1779239503.230000,2026/05/20-09:11:43.230,0.0663031684028
1779239504.210000,2026/05/20-09:11:44.210,0.333159722222
1779239505.210000,2026/05/20-09:11:45.210,-0.0372612847222
1779239506.210000,2026/05/20-09:11:46.210,-0.105756293403
1779239507.210000,2026/05/20-09:11:47.210,-0.247129991319
1779239508.210000,2026/05/20-09:11:48.210,0.0558919270833
1779239509.230000,2026/05/20-09:11:49.230,-0.0136990017361
1779239510.210000,2026/05/20-09:11:50.210,-0.314529079861
1779239511.210000,2026/05/20-09:11:51.210,0.0104112413194
1779239512.210000,2026/05/20-09:11:52.210,-0.161100260417
1779239513.210000,2026/05/20-09:11:53.210,-0.318912760417
1779239514.210000,2026/05/20-09:11:54.210,0.0263020833333
1779239515.210000,2026/05/20-09:11:55.210,-0.224115668403
1779239516.250000,2026/05/20-09:11:56.250,-0.0312337239583
1779239517.210000,2026/05/20-09:11:57.210,-0.105756293403
1779239518.210000,2026/05/20-09:11:58.210,-0.169867621528
1779239519.210000,2026/05/20-09:11:59.210,0.00438368055555
1779239520.210000,2026/05/20-09:12:00.210,0.174251302083
1779239521.210000,2026/05/20-09:12:01.210,0.0421929253472
1779239522.220000,2026/05/20-09:12:02.220,0.0263020833333
1779239523.220000,2026/05/20-09:12:03.220,0.110139973958
1779239524.210000,2026/05/20-09:12:04.210,0.267404513889
1779239525.210000,2026/05/20-09:12:05.210,0.0646592881944
1779239526.210000,2026/05/20-09:12:06.210,0.328228081597
1779239527.210000,2026/05/20-09:12:07.210,-0.0575358072917
1779239528.210000,2026/05/20-09:12:08.210,-0.295350477431
1779239529.250000,2026/05/20-09:12:09.250,0.0849338107639
1779239530.210000,2026/05/20-09:12:10.210,-0.223567708333
1779239531.210000,2026/05/20-09:12:11.210,0.136990017361
1779239532.210000,2026/05/20-09:12:12.210,-0.0301378038194
1779239533.210000,2026/05/20-09:12:13.210,0.0301378038194
1779239534.210000,2026/05/20-09:12:14.210,0.578097873264
1779239535.220000,2026/05/20-09:12:15.220,0.0547960069444
1779239536.210000,2026/05/20-09:12:16.210,-0.149045138889
1779239537.210000,2026/05/20-09:12:17.210,0.109592013889
1779239538.210000,2026/05/20-09:12:18.210,-0.208224826389
1779239539.210000,2026/05/20-09:12:19.210,-0.315625
1779239540.210000,2026/05/20-09:12:20.210,0.0180826822917
1779239541.210000,2026/05/20-09:12:21.210,0.209868706597
1779239542.240000,2026/05/20-09:12:22.240,0.0980848524306
1779239543.210000,2026/05/20-09:12:23.210,-0.182470703125
1779239544.210000,2026/05/20-09:12:24.210,0.07890625
1779239545.210000,2026/05/20-09:12:25.210,-0.355078125
1779239546.210000,2026/05/20-09:12:26.210,0.154524739583
1779239547.210000,2026/05/20-09:12:27.210,0.184114583333
1779239548.220000,2026/05/20-09:12:28.220,-0.134798177083
1779239549.210000,2026/05/20-09:12:29.210,-0.0350694444444
1779239550.210000,2026/05/20-09:12:30.210,-0.294802517361
1779239551.210000,2026/05/20-09:12:31.210,-0.0767144097222
1779239552.210000,2026/05/20-09:12:32.210,0.231239149306
1779239553.210000,2026/05/20-09:12:33.210,-0.132606336806
1779239554.210000,2026/05/20-09:12:34.210,-0.286583116319
1779239555.250000,2026/05/20-09:12:35.250,0.113427734375
1779239556.210000,2026/05/20-09:12:36.210,-0.0350694444444
1779239557.210000,2026/05/20-09:12:37.210,-0.00547960069444
1779239558.210000,2026/05/20-09:12:38.210,0.0947970920139
1779239559.210000,2026/05/20-09:12:39.210,0.0821940104167
1779239560.210000,2026/05/20-09:12:40.210,-0.0109592013889
1779239561.220000,2026/05/20-09:12:41.220,0.0723307291667
1779239562.220000,2026/05/20-09:12:42.220,-0.255349392361
1779239563.210000,2026/05/20-09:12:43.210,-0.565494791667
1779239564.210000,2026/05/20-09:12:44.210,-0.161648220486
1779239565.210000,2026/05/20-09:12:45.210,-0.246034071181
1779239566.210000,2026/05/20-09:12:46.210,-0.07890625
1779239567.210000,2026/05/20-09:12:47.210,-0.004931640625
1779239568.240000,2026/05/20-09:12:48.240,0.0400010850694
1779239569.210000,2026/05/20-09:12:49.210,0.316172960069
1779239570.210000,2026/05/20-09:12:50.210,-0.195073784722
1779239571.210000,2026/05/20-09:12:51.210,-0.218088107639
1779239572.210000,2026/05/20-09:12:52.210,-0.0827419704861
1779239573.210000,2026/05/20-09:12:53.210,-0.360009765625
1779239574.220000,2026/05/20-09:12:54.220,-0.224663628472
1779239575.220000,2026/05/20-09:12:55.220,-0.110139973958
1779239576.210000,2026/05/20-09:12:56.210,0.0142469618056
1779239577.210000,2026/05/20-09:12:57.210,-0.202745225694
1779239578.210000,2026/05/20-09:12:58.210,-0.307405598958
1779239579.210000,2026/05/20-09:12:59.210,0.0410970052083
1779239580.210000,2026/05/20-09:13:00.210,0.06904296875
1779239581.240000,2026/05/20-09:13:01.240,-0.275075954861
1779239582.220000,2026/05/20-09:13:02.220,0.0454806857639
1779239583.210000,2026/05/20-09:13:03.210,-0.00547960069445
1779239584.210000,2026/05/20-09:13:04.210,-0.138633897569
1779239585.210000,2026/05/20-09:13:05.210,-0.402750651042
1779239586.210000,2026/05/20-09:13:06.210,-0.284939236111
1779239587.220000,2026/05/20-09:13:07.220,0.159456380208
1779239588.210000,2026/05/20-09:13:08.210,0.0120551215278
1779239589.210000,2026/05/20-09:13:09.210,-0.2169921875
1779239590.210000,2026/05/20-09:13:10.210,-0.0558919270833
1779239591.210000,2026/05/20-09:13:11.210,0.343023003472
1779239592.210000,2026/05/20-09:13:12.210,0.00602756076388
1779239593.210000,2026/05/20-09:13:13.210,-0.0312337239583
1779239594.230000,2026/05/20-09:13:14.230,0.144661458333
1779239595.210000,2026/05/20-09:13:15.210,0.0312337239583
1779239596.210000,2026/05/20-09:13:16.210,0.00767144097222
1779239597.210000,2026/05/20-09:13:17.210,0.524397786458
1779239598.210000,2026/05/20-09:13:18.210,0.357269965278
1779239599.210000,2026/05/20-09:13:19.210,0.372064887153
1779239600.220000,2026/05/20-09:13:20.220,0.0104112413194
1779239601.210000,2026/05/20-09:13:21.210,0.259185112847
1779239602.210000,2026/05/20-09:13:22.210,0.416997612847
1779239603.220000,2026/05/20-09:13:23.220,-0.436724175347
1779239604.210000,2026/05/20-09:13:24.210,0.172607421875
1779239605.210000,2026/05/20-09:13:25.210,0.139181857639
1779239606.210000,2026/05/20-09:13:26.210,0.142469618056
1779239607.220000,2026/05/20-09:13:27.220,-0.231239149306
1779239608.210000,2026/05/20-09:13:28.210,-0.131510416667
1779239609.210000,2026/05/20-09:13:29.210,0.160004340278
1779239610.210000,2026/05/20-09:13:30.210,0.172059461806
1779239611.210000,2026/05/20-09:13:31.210,-0.00438368055555
1779239612.210000,2026/05/20-09:13:32.210,0.0126030815972
1779239613.220000,2026/05/20-09:13:33.220,-0.397819010417
1779239614.220000,2026/05/20-09:13:34.220,-0.256993272569
1779239615.210000,2026/05/20-09:13:35.210,0.0515082465278
1779239616.210000,2026/05/20-09:13:36.210,0.0684950086806
1779239617.210000,2026/05/20-09:13:37.210,0.147401258681
1779239618.210000,2026/05/20-09:13:38.210,-0.0953450520833
1779239619.210000,2026/05/20-09:13:39.210,-0.00328776041667
1779239620.230000,2026/05/20-09:13:40.230,-0.263568793403
1779239621.210000,2026/05/20-09:13:41.210,-0.0268500434028
1779239622.210000,2026/05/20-09:13:42.210,0.0794542100694
1779239623.220000,2026/05/20-09:13:43.220,-0.105208333333
1779239624.220000,2026/05/20-09:13:44.220,0.118359375
1779239625.210000,2026/05/20-09:13:45.210,0.0104112413194
1779239626.220000,2026/05/20-09:13:46.220,-0.0652072482639
1779239627.210000,2026/05/20-09:13:47.210,0.101372612847
1779239628.220000,2026/05/20-09:13:48.220,-0.10849609375
1779239629.210000,2026/05/20-09:13:49.210,0.158908420139
1779239630.210000,2026/05/20-09:13:50.210,0.0756184895833
1779239631.210000,2026/05/20-09:13:51.210,-0.227951388889
1779239632.220000,2026/05/20-09:13:52.220,0.232883029514
1779239633.240000,2026/05/20-09:13:53.240,-0.0926052517361
1779239634.220000,2026/05/20-09:13:54.220,0.12822265625
1779239635.210000,2026/05/20-09:13:55.210,0.073974609375
1779239636.210000,2026/05/20-09:13:56.210,-0.151236979167
1779239637.210000,2026/05/20-09:13:57.210,0.284391276042
1779239638.220000,2026/05/20-09:13:58.220,-0.225759548611
1779239639.220000,2026/05/20-09:13:59.220,0.135894097222
1779239640.210000,2026/05/20-09:14:00.210,0.215348307292
1779239641.220000,2026/05/20-09:14:01.220,0.243842230903
1779239642.220000,2026/05/20-09:14:02.220,0.24658203125
1779239643.210000,2026/05/20-09:14:03.210,-0.202197265625
1779239644.220000,2026/05/20-09:14:04.220,0.0712348090278
1779239645.210000,2026/05/20-09:14:05.210,-0.0224663628472
1779239646.230000,2026/05/20-09:14:06.230,-0.270144314236
1779239647.220000,2026/05/20-09:14:07.220,-0.183566623264
1779239648.210000,2026/05/20-09:14:08.210,-0.0865776909722
1779239649.220000,2026/05/20-09:14:09.220,-0.105756293403
1779239650.220000,2026/05/20-09:14:10.220,0.20712890625
1779239651.210000,2026/05/20-09:14:11.210,0.23671875
1779239652.230000,2026/05/20-09:14:12.230,0.054248046875
1779239653.210000,2026/05/20-09:14:13.210,0.0213704427083
1779239654.220000,2026/05/20-09:14:14.220,-0.360009765625
1779239655.210000,2026/05/20-09:14:15.210,0.166579861111
1779239656.220000,2026/05/20-09:14:16.220,-0.0471245659722
1779239657.220000,2026/05/20-09:14:17.220,0.410970052083
1779239658.220000,2026/05/20-09:14:18.220,0.184114583333
1779239659.240000,2026/05/20-09:14:19.240,-0.00767144097222
1779239660.210000,2026/05/20-09:14:20.210,0.306857638889
1779239661.210000,2026/05/20-09:14:21.210,0.352886284722
1779239662.210000,2026/05/20-09:14:22.210,0.0706868489583
1779239663.220000,2026/05/20-09:14:23.220,-0.124386935764
1779239664.210000,2026/05/20-09:14:24.210,-0.248773871528
1779239665.220000,2026/05/20-09:14:25.220,-0.14794921875
1779239666.220000,2026/05/20-09:14:26.220,0.00986328125
1779239667.210000,2026/05/20-09:14:27.210,0.121647135417
1779239668.220000,2026/05/20-09:14:28.220,-0.00219184027778
1779239669.210000,2026/05/20-09:14:29.210,-0.115619574653
1779239670.210000,2026/05/20-09:14:30.210,0.271240234375
1779239671.210000,2026/05/20-09:14:31.210,-0.247677951389
1779239672.240000,2026/05/20-09:14:32.240,0.107400173611
1779239673.220000,2026/05/20-09:14:33.220,-0.00602756076389
1779239674.220000,2026/05/20-09:14:34.220,0.401654730903
1779239675.210000,2026/05/20-09:14:35.210,0.0854817708333
1779239676.210000,2026/05/20-09:14:36.210,-0.0904134114583
1779239677.220000,2026/05/20-09:14:37.220,-0.216444227431
1779239678.220000,2026/05/20-09:14:38.220,0.14794921875
1779239679.250000,2026/05/20-09:14:39.250,0.0416449652778
1779239680.220000,2026/05/20-09:14:40.220,0.110139973958
1779239681.220000,2026/05/20-09:14:41.220,-0.0679470486111
1779239682.210000,2026/05/20-09:14:42.210,-0.153428819444
1779239683.220000,2026/05/20-09:14:43.220,-0.208224826389
1779239684.220000,2026/05/20-09:14:44.220,0.196717664931
1779239685.240000,2026/05/20-09:14:45.240,-0.259733072917
1779239686.210000,2026/05/20-09:14:46.210,-0.291514756944
1779239687.210000,2026/05/20-09:14:47.210,-0.0312337239583
1779239688.210000,2026/05/20-09:14:48.210,0.00273980034722
1779239689.220000,2026/05/20-09:14:49.220,-0.107948133681
1779239690.220000,2026/05/20-09:14:50.220,0.465766059028
1779239691.220000,2026/05/20-09:14:51.220,-0.130414496528
1779239692.220000,2026/05/20-09:14:52.220,-0.2564453125
1779239693.210000,2026/05/20-09:14:53.210,0.124386935764
1779239694.210000,2026/05/20-09:14:54.210,0.00876736111111
1779239695.220000,2026/05/20-09:14:55.220,-0.0224663628472
1779239696.210000,2026/05/20-09:14:56.210,-0.1380859375
1779239697.220000,2026/05/20-09:14:57.220,-0.154524739583
1779239698.260000,2026/05/20-09:14:58.260,-0.00931532118055
1779239699.210000,2026/05/20-09:14:59.210,0.0635633680556
1779239700.220000,2026/05/20-09:15:00.220,-0.166031901042
1779239701.210000,2026/05/20-09:15:01.210,0.0991807725694
1779239702.210000,2026/05/20-09:15:02.210,0.06904296875
1779239703.220000,2026/05/20-09:15:03.220,0.103016493056
1779239704.220000,2026/05/20-09:15:04.220,-0.0460286458333
1779239705.220000,2026/05/20-09:15:05.220,-0.2169921875
1779239706.210000,2026/05/20-09:15:06.210,-0.358913845486
1779239707.220000,2026/05/20-09:15:07.220,0.112879774306
1779239708.220000,2026/05/20-09:15:08.220,-0.0832899305556
1779239709.220000,2026/05/20-09:15:09.220,0.0547960069444
1779239710.220000,2026/05/20-09:15:10.220,0.22685546875
1779239711.230000,2026/05/20-09:15:11.230,0.123838975694
1779239712.220000,2026/05/20-09:15:12.220,0.0476725260417
1779239713.220000,2026/05/20-09:15:13.220,0.304117838542
1779239714.220000,2026/05/20-09:15:14.220,0.140825737847
1779239715.220000,2026/05/20-09:15:15.220,0.0964409722222
1779239716.220000,2026/05/20-09:15:16.220,0.250417751736
1779239717.210000,2026/05/20-09:15:17.210,0.0323296440972
1779239718.230000,2026/05/20-09:15:18.230,0.326584201389
1779239719.220000,2026/05/20-09:15:19.220,-0.0849338107639
1779239720.210000,2026/05/20-09:15:20.210,-0.0180826822917
1779239721.220000,2026/05/20-09:15:21.220,0.0312337239583
1779239722.220000,2026/05/20-09:15:22.220,-0.228499348958
1779239723.220000,2026/05/20-09:15:23.220,0.18740234375
1779239724.230000,2026/05/20-09:15:24.230,-0.0460286458333
1779239725.220000,2026/05/20-09:15:25.220,0.0695909288194
1779239726.220000,2026/05/20-09:15:26.220,-0.209868706597
1779239727.210000,2026/05/20-09:15:27.210,0.00602756076389
1779239728.210000,2026/05/20-09:15:28.210,-0.215896267361
1779239729.220000,2026/05/20-09:15:29.220,0.0460286458333
1779239730.220000,2026/05/20-09:15:30.220,-0.112879774306
1779239731.260000,2026/05/20-09:15:31.260,0.134250217014
1779239732.220000,2026/05/20-09:15:32.220,-0.0476725260417
1779239733.220000,2026/05/20-09:15:33.220,0.164935980903
1779239734.210000,2026/05/20-09:15:34.210,-0.0684950086806
1779239735.220000,2026/05/20-09:15:35.220,0.269048394097
1779239736.220000,2026/05/20-09:15:36.220,0.106304253472
1779239737.230000,2026/05/20-09:15:37.230,-0.0301378038194
1779239738.220000,2026/05/20-09:15:38.220,0.219184027778
1779239739.210000,2026/05/20-09:15:39.210,0.173703342014
1779239740.210000,2026/05/20-09:15:40.210,0.0597276475694
1779239741.220000,2026/05/20-09:15:41.220,-0.508506944444
1779239742.220000,2026/05/20-09:15:42.220,-0.083837890625
1779239743.220000,2026/05/20-09:15:43.220,0.0805501302083
1779239744.240000,2026/05/20-09:15:44.240,0.133154296875
1779239745.220000,2026/05/20-09:15:45.220,0.428504774306
1779239746.220000,2026/05/20-09:15:46.220,0.104112413194
1779239747.220000,2026/05/20-09:15:47.220,-0.0630154079861
1779239748.220000,2026/05/20-09:15:48.220,0.0410970052083
1779239749.220000,2026/05/20-09:15:49.220,-0.138633897569
1779239750.250000,2026/05/20-09:15:50.250,0.125482855903
1779239751.220000,2026/05/20-09:15:51.220,0.122195095486
1779239752.220000,2026/05/20-09:15:52.220,0.0208224826389
1779239753.220000,2026/05/20-09:15:53.220,0.06904296875
1779239754.220000,2026/05/20-09:15:54.220,0.0673990885417
1779239755.220000,2026/05/20-09:15:55.220,-0.140825737847
1779239756.220000,2026/05/20-09:15:56.220,-0.0109592013889
1779239757.270000,2026/05/20-09:15:57.270,-0.238362630208
1779239758.220000,2026/05/20-09:15:58.220,0.073974609375
1779239759.220000,2026/05/20-09:15:59.220,0.0389051649306
1779239760.220000,2026/05/20-09:16:00.220,0.28603515625
1779239761.210000,2026/05/20-09:16:01.210,0.113427734375
1779239762.220000,2026/05/20-09:16:02.220,0.0520562065972
1779239763.230000,2026/05/20-09:16:03.230,0.00438368055556
1779239764.220000,2026/05/20-09:16:04.220,0.116715494792
1779239765.220000,2026/05/20-09:16:05.220,-0.0663031684028
1779239766.220000,2026/05/20-09:16:06.220,-0.0717827690972
1779239767.220000,2026/05/20-09:16:07.220,0.302473958333
1779239768.220000,2026/05/20-09:16:08.220,0.445491536458
1779239769.220000,2026/05/20-09:16:09.220,0.014794921875
1779239770.240000,2026/05/20-09:16:10.240,0.128770616319
1779239771.220000,2026/05/20-09:16:11.220,-0.0816460503472
1779239772.220000,2026/05/20-09:16:12.220,0.113427734375
1779239773.220000,2026/05/20-09:16:13.220,0.260828993056
1779239774.220000,2026/05/20-09:16:14.220,0.0290418836806
1779239775.210000,2026/05/20-09:16:15.210,0.0372612847222
1779239776.250000,2026/05/20-09:16:16.250,0.267952473958
1779239777.210000,2026/05/20-09:16:17.210,-0.00657552083334
1779239778.220000,2026/05/20-09:16:18.220,0.02958984375
1779239779.220000,2026/05/20-09:16:19.220,0.170415581597
1779239780.220000,2026/05/20-09:16:20.220,0.12822265625
1779239781.220000,2026/05/20-09:16:21.220,0.30576171875
1779239782.220000,2026/05/20-09:16:22.220,-0.156168619792
1779239783.230000,2026/05/20-09:16:23.230,0.0800021701389
1779239784.220000,2026/05/20-09:16:24.220,-0.292062717014
1779239785.220000,2026/05/20-09:16:25.220,-0.376448567708
1779239786.220000,2026/05/20-09:16:26.220,-0.0821940104167
1779239787.220000,2026/05/20-09:16:27.220,0.111235894097
1779239788.220000,2026/05/20-09:16:28.220,-0.255897352431
1779239789.230000,2026/05/20-09:16:29.230,0.201649305556
1779239790.220000,2026/05/20-09:16:30.220,0.185210503472
1779239791.220000,2026/05/20-09:16:31.220,-0.244390190972
1779239792.220000,2026/05/20-09:16:32.220,-0.150141059028
1779239793.220000,2026/05/20-09:16:33.220,0.395079210069
1779239794.220000,2026/05/20-09:16:34.220,-0.14794921875
1779239795.220000,2026/05/20-09:16:35.220,0.253705512153
1779239796.250000,2026/05/20-09:16:36.250,-0.378092447917
1779239797.220000,2026/05/20-09:16:37.220,-0.106304253472
1779239798.220000,2026/05/20-09:16:38.220,0.244938151042
1779239799.220000,2026/05/20-09:16:39.220,-0.226307508681
1779239800.220000,2026/05/20-09:16:40.220,-0.0312337239583
1779239801.220000,2026/05/20-09:16:41.220,0.112331814236
1779239802.220000,2026/05/20-09:16:42.220,-0.134798177083
1779239803.220000,2026/05/20-09:16:43.220,-0.0876736111111
1779239804.220000,2026/05/20-09:16:44.220,0.144661458333
1779239805.220000,2026/05/20-09:16:45.220,-0.118907335069
1779239806.220000,2026/05/20-09:16:46.220,0.0958930121528
1779239807.220000,2026/05/20-09:16:47.220,0.034521484375
1779239808.220000,2026/05/20-09:16:48.220,0.180278862847
1779239809.240000,2026/05/20-09:16:49.240,0.306857638889
1779239810.220000,2026/05/20-09:16:50.220,-0.244938151042
1779239811.220000,2026/05/20-09:16:51.220,0.404942491319
1779239812.220000,2026/05/20-09:16:52.220,-0.179182942708
1779239813.220000,2026/05/20-09:16:53.220,-0.127674696181
1779239814.220000,2026/05/20-09:16:54.220,-0.261924913194
1779239815.220000,2026/05/20-09:16:55.220,-0.369873046875
1779239816.220000,2026/05/20-09:16:56.220,-0.06904296875
1779239817.220000,2026/05/20-09:16:57.220,0.121099175347
1779239818.220000,2026/05/20-09:16:58.220,0.0104112413194
1779239819.220000,2026/05/20-09:16:59.220,0.300282118056
1779239820.220000,2026/05/20-09:17:00.220,-0.0898654513889
1779239821.220000,2026/05/20-09:17:01.220,0.130414496528
1779239822.280000,2026/05/20-09:17:02.280,0.192333984375
1779239823.220000,2026/05/20-09:17:03.220,-0.113427734375
1779239824.220000,2026/05/20-09:17:04.220,0.0389051649306
1779239825.220000,2026/05/20-09:17:05.220,0.0695909288194
1779239826.220000,2026/05/20-09:17:06.220,0.0871256510417
1779239827.220000,2026/05/20-09:17:07.220,-0.109044053819
1779239828.220000,2026/05/20-09:17:08.220,0.044384765625
1779239829.220000,2026/05/20-09:17:09.220,0.328228081597
1779239830.220000,2026/05/20-09:17:10.220,-0.0920572916667
1779239831.220000,2026/05/20-09:17:11.220,0.113427734375
1779239832.220000,2026/05/20-09:17:12.220,-0.117811414931
1779239833.220000,2026/05/20-09:17:13.220,-0.0356174045139
1779239834.220000,2026/05/20-09:17:14.220,-0.00438368055556
1779239835.250000,2026/05/20-09:17:15.250,-0.118359375
1779239836.220000,2026/05/20-09:17:16.220,0.0854817708333
1779239837.220000,2026/05/20-09:17:17.220,-0.00931532118055
1779239838.220000,2026/05/20-09:17:18.220,0.00383572048611
1779239839.220000,2026/05/20-09:17:19.220,-0.136442057292
1779239840.220000,2026/05/20-09:17:20.220,-0.150141059028
1779239841.220000,2026/05/20-09:17:21.220,-0.00164388020833
1779239842.220000,2026/05/20-09:17:22.220,-0.168771701389
1779239843.220000,2026/05/20-09:17:23.220,-0.132058376736
1779239844.220000,2026/05/20-09:17:24.220,0.0547960069444
1779239845.220000,2026/05/20-09:17:25.220,0.148497178819
1779239846.220000,2026/05/20-09:17:26.220,-0.0191786024306
1779239847.220000,2026/05/20-09:17:27.220,-0.130414496528
1779239848.250000,2026/05/20-09:17:28.250,-0.0169867621528
1779239849.220000,2026/05/20-09:17:29.220,0.283843315972
1779239850.220000,2026/05/20-09:17:30.220,0.0564398871528
1779239851.220000,2026/05/20-09:17:31.220,0.436724175347
1779239852.220000,2026/05/20-09:17:32.220,-0.1380859375
1779239853.220000,2026/05/20-09:17:33.220,0.132606336806
1779239854.220000,2026/05/20-09:17:34.220,0.465218098958
1779239855.220000,2026/05/20-09:17:35.220,-0.206032986111
1779239856.220000,2026/05/20-09:17:36.220,0.242198350694
1779239857.220000,2026/05/20-09:17:37.220,-0.444943576389
1779239858.220000,2026/05/20-09:17:38.220,-0.0997287326389
1779239859.220000,2026/05/20-09:17:39.220,0.0646592881944
1779239860.220000,2026/05/20-09:17:40.220,-0.0684950086806
1779239861.250000,2026/05/20-09:17:41.250,-0.134250217014
1779239862.220000,2026/05/20-09:17:42.220,-0.231787109375
1779239863.220000,2026/05/20-09:17:43.220,0.110139973958
1779239864.220000,2026/05/20-09:17:44.220,0.0920572916667
1779239865.220000,2026/05/20-09:17:45.220,0.0602756076389
1779239866.220000,2026/05/20-09:17:46.220,0.0504123263889
1779239867.220000,2026/05/20-09:17:47.220,-0.369325086806
1779239868.220000,2026/05/20-09:17:48.220,0.100824652778
1779239869.220000,2026/05/20-09:17:49.220,0.0312337239583
1779239870.220000,2026/05/20-09:17:50.220,-0.151236979167
1779239871.220000,2026/05/20-09:17:51.220,0.254801432292
1779239872.220000,2026/05/20-09:17:52.220,-0.0421929253472
1779239873.220000,2026/05/20-09:17:53.220,0.179182942708
1779239874.250000,2026/05/20-09:17:54.250,0.00602756076389
1779239875.220000,2026/05/20-09:17:55.220,0.0301378038194
1779239876.220000,2026/05/20-09:17:56.220,0.243842230903
1779239877.220000,2026/05/20-09:17:57.220,-0.0679470486111
1779239878.220000,2026/05/20-09:17:58.220,0.0673990885417
1779239879.220000,2026/05/20-09:17:59.220,0.0410970052083
1779239880.220000,2026/05/20-09:18:00.220,-0.0104112413194
1779239881.220000,2026/05/20-09:18:01.220,0.156716579861
1779239882.220000,2026/05/20-09:18:02.220,0.247677951389
1779239883.220000,2026/05/20-09:18:03.220,-0.0816460503472
1779239884.220000,2026/05/20-09:18:04.220,-0.0969889322917
1779239885.220000,2026/05/20-09:18:05.220,0.170415581597
1779239886.220000,2026/05/20-09:18:06.220,0.207676866319
1779239887.250000,2026/05/20-09:18:07.250,0.409874131944
1779239888.220000,2026/05/20-09:18:08.220,0.0602756076389
1779239889.220000,2026/05/20-09:18:09.220,-0.269596354167
1779239890.220000,2026/05/20-09:18:10.220,0.0421929253472
1779239891.220000,2026/05/20-09:18:11.220,-0.0646592881944
1779239892.220000,2026/05/20-09:18:12.220,0.135346137153
1779239893.220000,2026/05/20-09:18:13.220,-0.0169867621528
1779239894.220000,2026/05/20-09:18:14.220,-0.0367133246528
1779239895.220000,2026/05/20-09:18:15.220,-0.00986328125
1779239896.220000,2026/05/20-09:18:16.220,0.288226996528
1779239897.220000,2026/05/20-09:18:17.220,0.0471245659722
1779239898.220000,2026/05/20-09:18:18.220,-0.240554470486
1779239899.220000,2026/05/20-09:18:19.220,0.282199435764
1779239900.230000,2026/05/20-09:18:20.230,0.322200520833
1779239901.220000,2026/05/20-09:18:21.220,0.233430989583
1779239902.220000,2026/05/20-09:18:22.220,0.184114583333
1779239903.220000,2026/05/20-09:18:23.220,-0.0482204861111
1779239904.220000,2026/05/20-09:18:24.220,0.0427408854167
1779239905.220000,2026/05/20-09:18:25.220,0.0706868489583
1779239906.220000,2026/05/20-09:18:26.220,0.275623914931
1779239907.230000,2026/05/20-09:18:27.230,0.00547960069445
1779239908.220000,2026/05/20-09:18:28.220,-0.396723090278
1779239909.220000,2026/05/20-09:18:29.220,0.299186197917
1779239910.220000,2026/05/20-09:18:30.220,0.248225911458
1779239911.220000,2026/05/20-09:18:31.220,-0.179182942708
1779239912.220000,2026/05/20-09:18:32.220,0.262472873264
1779239913.240000,2026/05/20-09:18:33.240,0.227951388889
1779239914.220000,2026/05/20-09:18:34.220,0.180278862847
1779239915.220000,2026/05/20-09:18:35.220,0.123291015625
1779239916.220000,2026/05/20-09:18:36.220,0.0630154079861
1779239917.220000,2026/05/20-09:18:37.220,-0.0416449652778
1779239918.220000,2026/05/20-09:18:38.220,-0.0153428819444
1779239919.220000,2026/05/20-09:18:39.220,0.0263020833333
1779239920.230000,2026/05/20-09:18:40.230,-0.237266710069
1779239921.220000,2026/05/20-09:18:41.220,-0.435080295139
1779239922.220000,2026/05/20-09:18:42.220,0.146305338542
1779239923.220000,2026/05/20-09:18:43.220,0.0854817708333
1779239924.220000,2026/05/20-09:18:44.220,0.128770616319
1779239925.220000,2026/05/20-09:18:45.220,0.560563151042
1779239926.230000,2026/05/20-09:18:46.230,0.0115071614583
1779239927.220000,2026/05/20-09:18:47.220,0.464122178819
1779239928.220000,2026/05/20-09:18:48.220,0.282199435764
1779239929.220000,2026/05/20-09:18:49.220,0.147401258681
1779239930.220000,2026/05/20-09:18:50.220,0.277815755208
1779239931.220000,2026/05/20-09:18:51.220,0.0153428819444
1779239932.220000,2026/05/20-09:18:52.220,-0.329871961806
1779239933.260000,2026/05/20-09:18:53.260,0.0515082465278
1779239934.220000,2026/05/20-09:18:54.220,0.0449327256944
1779239935.220000,2026/05/20-09:18:55.220,-0.169867621528
1779239936.220000,2026/05/20-09:18:56.220,-0.42412109375
1779239937.220000,2026/05/20-09:18:57.220,0.197813585069
1779239938.220000,2026/05/20-09:18:58.220,0.159456380208
1779239939.220000,2026/05/20-09:18:59.220,0.20712890625
1779239940.220000,2026/05/20-09:19:00.220,0.0153428819444
1779239941.220000,2026/05/20-09:19:01.220,0.107400173611
1779239942.220000,2026/05/20-09:19:02.220,0.117811414931
1779239943.220000,2026/05/20-09:19:03.220,-0.212608506944
1779239944.220000,2026/05/20-09:19:04.220,0.152880859375
1779239945.220000,2026/05/20-09:19:05.220,-0.014794921875
1779239946.220000,2026/05/20-09:19:06.220,-0.0400010850694
1779239947.220000,2026/05/20-09:19:07.220,-0.00219184027778
1779239948.220000,2026/05/20-09:19:08.220,-0.139729817708
1779239949.220000,2026/05/20-09:19:09.220,0.570426432292
1779239950.220000,2026/05/20-09:19:10.220,0.284939236111
1779239951.220000,2026/05/20-09:19:11.220,0.189594184028
1779239952.260000,2026/05/20-09:19:12.260,-0.00383572048611
1779239953.220000,2026/05/20-09:19:13.220,-0.115071614583
1779239954.220000,2026/05/20-09:19:14.220,-0.320008680556
1779239955.220000,2026/05/20-09:19:15.220,0.0613715277778
1779239956.220000,2026/05/20-09:19:16.220,-0.02958984375
1779239957.220000,2026/05/20-09:19:17.220,0.0986328125
1779239958.250000,2026/05/20-09:19:18.250,0.232883029514
1779239959.220000,2026/05/20-09:19:19.220,0.193429904514
1779239960.220000,2026/05/20-09:19:20.220,0.180826822917
1779239961.220000,2026/05/20-09:19:21.220,-0.0734266493056
1779239962.220000,2026/05/20-09:19:22.220,-0.00547960069444
1779239963.220000,2026/05/20-09:19:23.220,0.0695909288194
1779239964.220000,2026/05/20-09:19:24.220,-0.093701171875
1779239965.220000,2026/05/20-09:19:25.220,0.0252061631944
1779239966.220000,2026/05/20-09:19:26.220,-0.0613715277778
1779239967.220000,2026/05/20-09:19:27.220,0.0432888454861
1779239968.220000,2026/05/20-09:19:28.220,0.024658203125
1779239969.220000,2026/05/20-09:19:29.220,-0.0909613715278
1779239970.220000,2026/05/20-09:19:30.220,-0.123291015625
1779239971.230000,2026/05/20-09:19:31.230,-0.673990885417
1779239972.220000,2026/05/20-09:19:32.220,0.334803602431
1779239973.220000,2026/05/20-09:19:33.220,0.158360460069
1779239974.220000,2026/05/20-09:19:34.220,-0.02958984375
1779239975.220000,2026/05/20-09:19:35.220,-0.280555555556
1779239976.220000,2026/05/20-09:19:36.220,0.083837890625
1779239977.220000,2026/05/20-09:19:37.220,-0.0520562065972
1779239978.250000,2026/05/20-09:19:38.250,0.0904134114583
1779239979.220000,2026/05/20-09:19:39.220,0.129866536458
1779239980.220000,2026/05/20-09:19:40.220,0.0805501302083
1779239981.220000,2026/05/20-09:19:41.220,-0.386859809028
1779239982.220000,2026/05/20-09:19:42.220,0.121099175347
1779239983.220000,2026/05/20-09:19:43.220,0.529877387153
1779239984.220000,2026/05/20-09:19:44.220,0.261924913194
1779239985.220000,2026/05/20-09:19:45.220,0.163292100694
1779239986.220000,2026/05/20-09:19:46.220,-0.14794921875
1779239987.220000,2026/05/20-09:19:47.220,-0.160552300347
1779239988.220000,2026/05/20-09:19:48.220,-0.247677951389
1779239989.220000,2026/05/20-09:19:49.220,0.168223741319
1779239990.220000,2026/05/20-09:19:50.220,0.284939236111
1779239991.250000,2026/05/20-09:19:51.250,-0.0323296440972
1779239992.220000,2026/05/20-09:19:52.220,-0.137537977431
1779239993.220000,2026/05/20-09:19:53.220,0.281103515625
1779239994.220000,2026/05/20-09:19:54.220,0.0564398871528
1779239995.220000,2026/05/20-09:19:55.220,0.316720920139
1779239996.220000,2026/05/20-09:19:56.220,-0.0306857638889
1779239997.230000,2026/05/20-09:19:57.230,0.000547960069447
1779239998.220000,2026/05/20-09:19:58.220,-0.0476725260417
1779239999.220000,2026/05/20-09:19:59.220,0.0904134114583
1779240000.220000,2026/05/20-09:20:00.220,0.416997612847
1779240001.220000,2026/05/20-09:20:01.220,-0.140277777778
1779240002.220000,2026/05/20-09:20:02.220,0.158360460069
1779240003.220000,2026/05/20-09:20:03.220,-0.0257541232639
1779240004.230000,2026/05/20-09:20:04.230,-0.0652072482639
1779240005.220000,2026/05/20-09:20:05.220,0.113975694444
1779240006.220000,2026/05/20-09:20:06.220,-0.0706868489583
1779240007.220000,2026/05/20-09:20:07.220,-0.0509602864583
1779240008.220000,2026/05/20-09:20:08.220,-0.0547960069444
1779240009.220000,2026/05/20-09:20:09.220,0.295350477431
1779240010.230000,2026/05/20-09:20:10.230,0.247129991319
1779240011.220000,2026/05/20-09:20:11.220,0.0115071614583
1779240012.220000,2026/05/20-09:20:12.220,0.328228081597
1779240013.220000,2026/05/20-09:20:13.220,0.264116753472
1779240014.220000,2026/05/20-09:20:14.220,-0.164935980903
1779240015.220000,2026/05/20-09:20:15.220,-0.321104600694
1779240016.220000,2026/05/20-09:20:16.220,-0.333707682292
1779240017.260000,2026/05/20-09:20:17.260,0.141373697917
1779240018.220000,2026/05/20-09:20:18.220,-0.0498643663194
1779240019.220000,2026/05/20-09:20:19.220,-0.23671875
1779240020.220000,2026/05/20-09:20:20.220,-0.191238064236
1779240021.220000,2026/05/20-09:20:21.220,0.235074869792
1779240022.220000,2026/05/20-09:20:22.220,-0.396723090278
1779240023.240000,2026/05/20-09:20:23.240,-0.128770616319
1779240024.220000,2026/05/20-09:20:24.220,-0.144661458333
1779240025.220000,2026/05/20-09:20:25.220,0.169867621528
1779240026.220000,2026/05/20-09:20:26.220,-0.233978949653
1779240027.220000,2026/05/20-09:20:27.220,-0.284939236111
1779240028.220000,2026/05/20-09:20:28.220,0.156168619792
1779240029.220000,2026/05/20-09:20:29.220,0.112331814236
1779240030.250000,2026/05/20-09:20:30.250,0.0586317274305
1779240031.220000,2026/05/20-09:20:31.220,0.168223741319
1779240032.220000,2026/05/20-09:20:32.220,-0.223567708333
1779240033.220000,2026/05/20-09:20:33.220,-0.240006510417
1779240034.220000,2026/05/20-09:20:34.220,0.0931532118056
1779240035.220000,2026/05/20-09:20:35.220,-0.0465766059028
1779240036.230000,2026/05/20-09:20:36.230,0.228499348958
1779240037.220000,2026/05/20-09:20:37.220,0.256993272569
1779240038.220000,2026/05/20-09:20:38.220,-0.304117838542
1779240039.220000,2026/05/20-09:20:39.220,-0.0158908420139
1779240040.220000,2026/05/20-09:20:40.220,0.00328776041667
1779240041.220000,2026/05/20-09:20:41.220,-0.273980034722
1779240042.220000,2026/05/20-09:20:42.220,-0.211512586806
1779240043.260000,2026/05/20-09:20:43.260,0.257541232639
1779240044.220000,2026/05/20-09:20:44.220,-0.00273980034722
1779240045.220000,2026/05/20-09:20:45.220,-0.0263020833333
1779240046.220000,2026/05/20-09:20:46.220,-0.08876953125
1779240047.220000,2026/05/20-09:20:47.220,-0.130414496528
1779240048.220000,2026/05/20-09:20:48.220,0.348502604167
1779240049.270000,2026/05/20-09:20:49.270,-0.121647135417
1779240050.220000,2026/05/20-09:20:50.220,-0.0306857638889
1779240051.220000,2026/05/20-09:20:51.220,-0.00547960069444
1779240052.220000,2026/05/20-09:20:52.220,0.0312337239583
1779240053.220000,2026/05/20-09:20:53.220,0.248773871528
1779240054.220000,2026/05/20-09:20:54.220,0.130962456597
1779240055.220000,2026/05/20-09:20:55.220,0.0750705295139
1779240056.230000,2026/05/20-09:20:56.230,-0.0986328125
1779240057.220000,2026/05/20-09:20:57.220,0.1775390625
1779240058.220000,2026/05/20-09:20:58.220,0.0389051649306
1779240059.220000,2026/05/20-09:20:59.220,-0.0498643663194
1779240060.220000,2026/05/20-09:21:00.220,0.453162977431
1779240061.220000,2026/05/20-09:21:01.220,0.0772623697917
1779240062.240000,2026/05/20-09:21:02.240,-0.00712348090277
1779240063.220000,2026/05/20-09:21:03.220,0.0213704427083
1779240064.220000,2026/05/20-09:21:04.220,0.118907335069
1779240065.220000,2026/05/20-09:21:05.220,-0.0328776041667
1779240066.220000,2026/05/20-09:21:06.220,0.197265625
1779240067.220000,2026/05/20-09:21:07.220,-0.364393446181
1779240068.220000,2026/05/20-09:21:08.220,0.0695909288194
1779240069.230000,2026/05/20-09:21:09.230,-0.22685546875
1779240070.220000,2026/05/20-09:21:10.220,0.106304253472
1779240071.220000,2026/05/20-09:21:11.220,-0.290966796875
1779240072.220000,2026/05/20-09:21:12.220,-0.181374782986
1779240073.220000,2026/05/20-09:21:13.220,-0.0465766059028
1779240074.220000,2026/05/20-09:21:14.220,0.198909505208
1779240075.220000,2026/05/20-09:21:15.220,0.306857638889
1779240076.220000,2026/05/20-09:21:16.220,-0.110139973958
1779240077.220000,2026/05/20-09:21:17.220,-0.0520562065972
1779240078.220000,2026/05/20-09:21:18.220,0.184114583333
1779240079.220000,2026/05/20-09:21:19.220,-0.237266710069
1779240080.220000,2026/05/20-09:21:20.220,0.0608235677083
1779240081.220000,2026/05/20-09:21:21.220,0.00931532118056
1779240082.260000,2026/05/20-09:21:22.260,-0.117263454861
1779240083.220000,2026/05/20-09:21:23.220,-0.0361653645833
1779240084.220000,2026/05/20-09:21:24.220,-0.0865776909722
1779240085.220000,2026/05/20-09:21:25.220,-0.313981119792
1779240086.220000,2026/05/20-09:21:26.220,-0.142469618056
1779240087.220000,2026/05/20-09:21:27.220,0.0849338107639
1779240088.220000,2026/05/20-09:21:28.220,-0.356722005208
1779240089.220000,2026/05/20-09:21:29.220,-0.398914930556
1779240090.220000,2026/05/20-09:21:30.220,-0.210416666667
1779240091.220000,2026/05/20-09:21:31.220,0.12822265625
1779240092.220000,2026/05/20-09:21:32.220,-0.329324001736
1779240093.220000,2026/05/20-09:21:33.220,-0.0854817708333
1779240094.220000,2026/05/20-09:21:34.220,-0.129866536458
1779240095.240000,2026/05/20-09:21:35.240,-0.0564398871528
1779240096.220000,2026/05/20-09:21:36.220,0.0591796875
1779240097.220000,2026/05/20-09:21:37.220,-0.004931640625
1779240098.220000,2026/05/20-09:21:38.220,-0.232335069444
1779240099.220000,2026/05/20-09:21:39.220,0.307405598958
1779240100.220000,2026/05/20-09:21:40.220,0.0800021701389
1779240101.220000,2026/05/20-09:21:41.220,0.597276475694
1779240102.230000,2026/05/20-09:21:42.230,-0.0312337239583
1779240103.220000,2026/05/20-09:21:43.220,-0.180278862847
1779240104.220000,2026/05/20-09:21:44.220,-0.158360460069
1779240105.220000,2026/05/20-09:21:45.220,0.249869791667
1779240106.220000,2026/05/20-09:21:46.220,0.294254557292
1779240107.220000,2026/05/20-09:21:47.220,-0.287679036458
1779240108.250000,2026/05/20-09:21:48.250,-0.123838975694
1779240109.220000,2026/05/20-09:21:49.220,0.0438368055556
1779240110.220000,2026/05/20-09:21:50.220,-0.353434244792
1779240111.220000,2026/05/20-09:21:51.220,0.160004340278
1779240112.220000,2026/05/20-09:21:52.220,0.104660373264
1779240113.220000,2026/05/20-09:21:53.220,0.233430989583
1779240114.220000,2026/05/20-09:21:54.220,0.110139973958
1779240115.230000,2026/05/20-09:21:55.230,-0.361653645833
1779240116.220000,2026/05/20-09:21:56.220,0.158360460069
1779240117.220000,2026/05/20-09:21:57.220,-0.0893174913194
1779240118.220000,2026/05/20-09:21:58.220,0.0712348090278
1779240119.220000,2026/05/20-09:21:59.220,0.0876736111111
1779240120.220000,2026/05/20-09:22:00.220,-0.192881944444
1779240121.230000,2026/05/20-09:22:01.230,0.278363715278
1779240122.220000,2026/05/20-09:22:02.220,-0.304665798611
1779240123.220000,2026/05/20-09:22:03.220,0.495355902778
1779240124.220000,2026/05/20-09:22:04.220,0.121099175347
1779240125.220000,2026/05/20-09:22:05.220,-0.0465766059028
1779240126.220000,2026/05/20-09:22:06.220,0.171511501736
1779240127.220000,2026/05/20-09:22:07.220,-0.106852213542
1779240128.230000,2026/05/20-09:22:08.230,-0.247129991319
1779240129.220000,2026/05/20-09:22:09.220,0.192881944444
1779240130.220000,2026/05/20-09:22:10.220,-0.404942491319
1779240131.220000,2026/05/20-09:22:11.220,0.109592013889
1779240132.220000,2026/05/20-09:22:12.220,0.206580946181
1779240133.220000,2026/05/20-09:22:13.220,-0.0986328125
1779240134.240000,2026/05/20-09:22:14.240,-0.128770616319
1779240135.220000,2026/05/20-09:22:15.220,-0.159456380208
1779240136.220000,2026/05/20-09:22:16.220,0.00438368055555
1779240137.220000,2026/05/20-09:22:17.220,0.189046223958
1779240138.220000,2026/05/20-09:22:18.220,0.0219184027778
1779240139.220000,2026/05/20-09:22:19.220,0.155072699653
1779240140.220000,2026/05/20-09:22:20.220,-0.3353515625
1779240141.260000,2026/05/20-09:22:21.260,0.300830078125
1779240142.220000,2026/05/20-09:22:22.220,-0.461930338542
1779240143.220000,2026/05/20-09:22:23.220,-0.308501519097
1779240144.220000,2026/05/20-09:22:24.220,-0.0438368055556
1779240145.220000,2026/05/20-09:22:25.220,0.0421929253472
1779240146.220000,2026/05/20-09:22:26.220,0.486040581597
1779240147.250000,2026/05/20-09:22:27.250,0.0980848524305
1779240148.220000,2026/05/20-09:22:28.220,-0.170415581597
1779240149.220000,2026/05/20-09:22:29.220,0.0745225694444
1779240150.220000,2026/05/20-09:22:30.220,0.137537977431
1779240151.220000,2026/05/20-09:22:31.220,-0.0624674479167
1779240152.220000,2026/05/20-09:22:32.220,0.100276692708
1779240153.220000,2026/05/20-09:22:33.220,0.144661458333
1779240154.240000,2026/05/20-09:22:34.240,0.0126030815972
1779240155.220000,2026/05/20-09:22:35.220,-0.378640407986
1779240156.220000,2026/05/20-09:22:36.220,-0.0180826822917
1779240157.220000,2026/05/20-09:22:37.220,-0.233978949653
1779240158.220000,2026/05/20-09:22:38.220,-0.459190538194
1779240159.220000,2026/05/20-09:22:39.220,0.0438368055556
1779240160.220000,2026/05/20-09:22:40.220,-0.0547960069444
1779240161.220000,2026/05/20-09:22:41.220,-0.0241102430556
1779240162.220000,2026/05/20-09:22:42.220,0.314529079861
1779240163.220000,2026/05/20-09:22:43.220,0.0673990885417
1779240164.220000,2026/05/20-09:22:44.220,-0.0191786024306
1779240165.220000,2026/05/20-09:22:45.220,-0.197813585069
1779240166.220000,2026/05/20-09:22:46.220,0.126030815972
1779240167.250000,2026/05/20-09:22:47.250,-0.175347222222
1779240168.220000,2026/05/20-09:22:48.220,-0.00986328125
1779240169.220000,2026/05/20-09:22:49.220,0.0389051649306
1779240170.220000,2026/05/20-09:22:50.220,-0.0126030815972
1779240171.220000,2026/05/20-09:22:51.220,-0.0279459635417
1779240172.220000,2026/05/20-09:22:52.220,0.0454806857639
1779240173.220000,2026/05/20-09:22:53.220,-0.0460286458333
1779240174.220000,2026/05/20-09:22:54.220,-0.0169867621528
1779240175.220000,2026/05/20-09:22:55.220,-0.07890625
1779240176.220000,2026/05/20-09:22:56.220,-0.364393446181
1779240177.220000,2026/05/20-09:22:57.220,0.327132161458
1779240178.220000,2026/05/20-09:22:58.220,-0.155620659722
1779240179.220000,2026/05/20-09:22:59.220,0.0169867621528
1779240180.240000,2026/05/20-09:23:00.240,-0.156168619792
1779240181.220000,2026/05/20-09:23:01.220,-0.129866536458
1779240182.220000,2026/05/20-09:23:02.220,0.367681206597
1779240183.220000,2026/05/20-09:23:03.220,0.0679470486111
1779240184.220000,2026/05/20-09:23:04.220,0.389051649306
1779240185.220000,2026/05/20-09:23:05.220,0.250965711806
1779240186.220000,2026/05/20-09:23:06.220,0.0876736111111
1779240187.250000,2026/05/20-09:23:07.250,0.122743055556
1779240188.220000,2026/05/20-09:23:08.220,-0.000547960069444
1779240189.220000,2026/05/20-09:23:09.220,0.210964626736
1779240190.220000,2026/05/20-09:23:10.220,0.194525824653
1779240191.220000,2026/05/20-09:23:11.220,0.195073784722
1779240192.220000,2026/05/20-09:23:12.220,-0.293158637153
1779240193.230000,2026/05/20-09:23:13.230,-0.0942491319444
1779240194.220000,2026/05/20-09:23:14.220,-0.402750651042
1779240195.220000,2026/05/20-09:23:15.220,0.126030815972
1779240196.220000,2026/05/20-09:23:16.220,-0.145757378472
1779240197.220000,2026/05/20-09:23:17.220,-0.141921657986
1779240198.220000,2026/05/20-09:23:18.220,0.0131510416667
1779240199.220000,2026/05/20-09:23:19.220,0.0860297309028
1779240200.240000,2026/05/20-09:23:20.240,-0.299186197917
1779240201.220000,2026/05/20-09:23:21.220,0.419737413194
1779240202.220000,2026/05/20-09:23:22.220,0.0306857638889
1779240203.220000,2026/05/20-09:23:23.220,0.0564398871528
1779240204.220000,2026/05/20-09:23:24.220,-0.064111328125
1779240205.220000,2026/05/20-09:23:25.220,0.02958984375
1779240206.220000,2026/05/20-09:23:26.220,-0.00602756076389
1779240207.220000,2026/05/20-09:23:27.220,0.284939236111
1779240208.220000,2026/05/20-09:23:28.220,0.224115668403
1779240209.220000,2026/05/20-09:23:29.220,0.100276692708
1779240210.220000,2026/05/20-09:23:30.220,0.202197265625
1779240211.220000,2026/05/20-09:23:31.220,0.197265625
1779240212.220000,2026/05/20-09:23:32.220,0.419189453125
1779240213.270000,2026/05/20-09:23:33.270,-0.346310763889
1779240214.220000,2026/05/20-09:23:34.220,0.000547960069444
1779240215.220000,2026/05/20-09:23:35.220,0.0356174045139
1779240216.220000,2026/05/20-09:23:36.220,-0.263020833333
1779240217.220000,2026/05/20-09:23:37.220,0.0504123263889
1779240218.220000,2026/05/20-09:23:38.220,-0.0564398871528
1779240219.220000,2026/05/20-09:23:39.220,0.0975368923611
1779240220.230000,2026/05/20-09:23:40.230,-0.0126030815972
1779240221.220000,2026/05/20-09:23:41.220,-0.0263020833333
1779240222.220000,2026/05/20-09:23:42.220,0.0558919270833
1779240223.220000,2026/05/20-09:23:43.220,0.283295355903
1779240224.220000,2026/05/20-09:23:44.220,0.239458550347
1779240225.220000,2026/05/20-09:23:45.220,-0.339735243056
1779240226.240000,2026/05/20-09:23:46.240,-0.391791449653
1779240227.220000,2026/05/20-09:23:47.220,-0.0465766059028
1779240228.220000,2026/05/20-09:23:48.220,-0.179730902778
1779240229.220000,2026/05/20-09:23:49.220,-0.4734375
1779240230.220000,2026/05/20-09:23:50.220,0.198361545139
1779240231.220000,2026/05/20-09:23:51.220,0.161100260417
1779240232.220000,2026/05/20-09:23:52.220,-0.245486111111
1779240233.250000,2026/05/20-09:23:53.250,-0.0657552083333
1779240234.220000,2026/05/20-09:23:54.220,0.139181857639
1779240235.220000,2026/05/20-09:23:55.220,0.133154296875
1779240236.220000,2026/05/20-09:23:56.220,-0.196169704861
1779240237.220000,2026/05/20-09:23:57.220,0.00547960069445
1779240238.220000,2026/05/20-09:23:58.220,0.154524739583
1779240239.250000,2026/05/20-09:23:59.250,-0.0953450520833
1779240240.220000,2026/05/20-09:24:00.220,-0.00986328125
1779240241.220000,2026/05/20-09:24:01.220,-0.105756293403
1779240242.220000,2026/05/20-09:24:02.220,0.105756293403
1779240243.220000,2026/05/20-09:24:03.220,-0.0597276475694
1779240244.220000,2026/05/20-09:24:04.220,-0.0219184027778
1779240245.220000,2026/05/20-09:24:05.220,-0.319460720486
1779240246.250000,2026/05/20-09:24:06.250,-0.182470703125
1779240247.220000,2026/05/20-09:24:07.220,0.126030815972
1779240248.220000,2026/05/20-09:24:08.220,-0.387955729167
1779240249.220000,2026/05/20-09:24:09.220,-0.257541232639
1779240250.220000,2026/05/20-09:24:10.220,0.0454806857639
1779240251.220000,2026/05/20-09:24:11.220,0.137537977431
1779240252.230000,2026/05/20-09:24:12.230,0.160004340278
1779240253.220000,2026/05/20-09:24:13.220,0.0460286458333
1779240254.220000,2026/05/20-09:24:14.220,-0.376448567708
1779240255.220000,2026/05/20-09:24:15.220,-0.121099175347
1779240256.220000,2026/05/20-09:24:16.220,0.186306423611
1779240257.220000,2026/05/20-09:24:17.220,0.282747395833
1779240258.220000,2026/05/20-09:24:18.220,0.00767144097222
1779240259.240000,2026/05/20-09:24:19.240,0.00767144097222
1779240260.220000,2026/05/20-09:24:20.220,0.101920572917
1779240261.220000,2026/05/20-09:24:21.220,0.184662543403
1779240262.220000,2026/05/20-09:24:22.220,-0.429600694444
1779240263.220000,2026/05/20-09:24:23.220,-0.0460286458333
1779240264.220000,2026/05/20-09:24:24.220,0.254801432292
1779240265.220000,2026/05/20-09:24:25.220,-0.203293185764
1779240266.220000,2026/05/20-09:24:26.220,-0.0515082465278
1779240267.220000,2026/05/20-09:24:27.220,-0.267404513889
1779240268.220000,2026/05/20-09:24:28.220,0.459738498264
1779240269.220000,2026/05/20-09:24:29.220,0.0449327256944
1779240270.220000,2026/05/20-09:24:30.220,-0.24658203125
1779240271.220000,2026/05/20-09:24:31.220,-0.0509602864583
1779240272.230000,2026/05/20-09:24:32.230,0.361105685764
1779240273.220000,2026/05/20-09:24:33.220,0.166031901042
1779240274.220000,2026/05/20-09:24:34.220,0.443299696181
1779240275.220000,2026/05/20-09:24:35.220,0.163292100694
1779240276.220000,2026/05/20-09:24:36.220,-0.0772623697917
1779240277.220000,2026/05/20-09:24:37.220,0.0432888454861
1779240278.220000,2026/05/20-09:24:38.220,0.242198350694
1779240279.230000,2026/05/20-09:24:39.230,0.119455295139
1779240280.220000,2026/05/20-09:24:40.220,0.227951388889
1779240281.220000,2026/05/20-09:24:41.220,0.352338324653
1779240282.220000,2026/05/20-09:24:42.220,0.311241319444
1779240283.220000,2026/05/20-09:24:43.220,0.139181857639
1779240284.220000,2026/05/20-09:24:44.220,0.0241102430556
1779240285.240000,2026/05/20-09:24:45.240,0.305213758681
1779240286.220000,2026/05/20-09:24:46.220,0.170963541667
1779240287.220000,2026/05/20-09:24:47.220,0.0520562065972
1779240288.220000,2026/05/20-09:24:48.220,0.246034071181
1779240289.220000,2026/05/20-09:24:49.220,-0.0520562065972
1779240290.220000,2026/05/20-09:24:50.220,-0.0427408854167
1779240291.220000,2026/05/20-09:24:51.220,-0.175895182292
1779240292.220000,2026/05/20-09:24:52.220,0.149593098958
1779240293.220000,2026/05/20-09:24:53.220,0.039453125
1779240294.220000,2026/05/20-09:24:54.220,0.0378092447917
1779240295.220000,2026/05/20-09:24:55.220,0.00876736111111
1779240296.220000,2026/05/20-09:24:56.220,0.0273980034722
1779240297.220000,2026/05/20-09:24:57.220,0.155072699653
1779240298.250000,2026/05/20-09:24:58.250,0.0509602864583
1779240299.220000,2026/05/20-09:24:59.220,0.204389105903
1779240300.220000,2026/05/20-09:25:00.220,0.197813585069
1779240301.220000,2026/05/20-09:25:01.220,0.263020833333
1779240302.220000,2026/05/20-09:25:02.220,0.257541232639
1779240303.220000,2026/05/20-09:25:03.220,-0.148497178819
1779240304.230000,2026/05/20-09:25:04.230,0.18740234375
1779240305.220000,2026/05/20-09:25:05.220,-0.158360460069
1779240306.220000,2026/05/20-09:25:06.220,-0.330967881944
1779240307.220000,2026/05/20-09:25:07.220,0.124386935764
1779240308.220000,2026/05/20-09:25:08.220,-0.1775390625
1779240309.220000,2026/05/20-09:25:09.220,0.200553385417
1779240310.220000,2026/05/20-09:25:10.220,-0.593988715278
1779240311.220000,2026/05/20-09:25:11.220,0.195621744792
1779240312.220000,2026/05/20-09:25:12.220,-0.0876736111111
1779240313.220000,2026/05/20-09:25:13.220,0.186306423611
1779240314.220000,2026/05/20-09:25:14.220,0.115071614583
1779240315.220000,2026/05/20-09:25:15.220,0.229595269097
1779240316.220000,2026/05/20-09:25:16.220,0.0323296440972
1779240317.250000,2026/05/20-09:25:17.250,0.0230143229167
1779240318.220000,2026/05/20-09:25:18.220,-0.0410970052083
1779240319.220000,2026/05/20-09:25:19.220,0.213156467014
1779240320.220000,2026/05/20-09:25:20.220,0.165483940972
1779240321.220000,2026/05/20-09:25:21.220,0.0169867621528
1779240322.220000,2026/05/20-09:25:22.220,-0.0750705295139
1779240323.220000,2026/05/20-09:25:23.220,0.152332899306
1779240324.250000,2026/05/20-09:25:24.250,-0.00273980034722
1779240325.220000,2026/05/20-09:25:25.220,-0.141373697917
1779240326.220000,2026/05/20-09:25:26.220,-0.489876302083
1779240327.220000,2026/05/20-09:25:27.220,-0.0120551215278
1779240328.220000,2026/05/20-09:25:28.220,-0.346310763889
1779240329.220000,2026/05/20-09:25:29.220,-0.403298611111
1779240330.240000,2026/05/20-09:25:30.240,0.281651475694
1779240331.220000,2026/05/20-09:25:31.220,-0.170415581597
1779240332.220000,2026/05/20-09:25:32.220,0.289870876736
1779240333.220000,2026/05/20-09:25:33.220,0.261924913194
1779240334.220000,2026/05/20-09:25:34.220,0.0279459635417
1779240335.220000,2026/05/20-09:25:35.220,0.0356174045139
1779240336.220000,2026/05/20-09:25:36.220,-0.319460720486
1779240337.260000,2026/05/20-09:25:37.260,0.174799262153
1779240338.220000,2026/05/20-09:25:38.220,0.129866536458
1779240339.220000,2026/05/20-09:25:39.220,0.0268500434028
1779240340.220000,2026/05/20-09:25:40.220,-0.0515082465278
1779240341.220000,2026/05/20-09:25:41.220,-0.0531521267361
1779240342.220000,2026/05/20-09:25:42.220,0.00547960069444
1779240343.230000,2026/05/20-09:25:43.230,-0.259733072917
1779240344.220000,2026/05/20-09:25:44.220,0.0416449652778
1779240345.220000,2026/05/20-09:25:45.220,0.0323296440972
1779240346.220000,2026/05/20-09:25:46.220,0.212060546875
1779240347.220000,2026/05/20-09:25:47.220,-0.0997287326389
1779240348.220000,2026/05/20-09:25:48.220,0.073974609375
1779240349.220000,2026/05/20-09:25:49.220,0.0684950086806
1779240350.240000,2026/05/20-09:25:50.240,0.197813585069
1779240351.220000,2026/05/20-09:25:51.220,-0.0438368055556
1779240352.220000,2026/05/20-09:25:52.220,0.0537000868056
1779240353.220000,2026/05/20-09:25:53.220,0.294802517361
1779240354.220000,2026/05/20-09:25:54.220,-0.409326171875
1779240355.220000,2026/05/20-09:25:55.220,0.530425347222
1779240356.220000,2026/05/20-09:25:56.220,0.0164388020833
1779240357.220000,2026/05/20-09:25:57.220,0.073974609375
1779240358.220000,2026/05/20-09:25:58.220,-0.450971137153
1779240359.220000,2026/05/20-09:25:59.220,-0.10849609375
1779240360.220000,2026/05/20-09:26:00.220,0.00712348090278
1779240361.220000,2026/05/20-09:26:01.220,0.235622829861
1779240362.220000,2026/05/20-09:26:02.220,-0.0706868489583
1779240363.240000,2026/05/20-09:26:03.240,0.220279947917
1779240364.220000,2026/05/20-09:26:04.220,0.158908420139
1779240365.220000,2026/05/20-09:26:05.220,0.213156467014
1779240366.220000,2026/05/20-09:26:06.220,0.227951388889
1779240367.220000,2026/05/20-09:26:07.220,0.153976779514
1779240368.220000,2026/05/20-09:26:08.220,0.054248046875
1779240369.220000,2026/05/20-09:26:09.220,-0.014794921875
1779240370.230000,2026/05/20-09:26:10.230,-0.0876736111111
1779240371.220000,2026/05/20-09:26:11.220,0.342475043403
1779240372.220000,2026/05/20-09:26:12.220,-0.0931532118056
1779240373.220000,2026/05/20-09:26:13.220,-0.353434244792
1779240374.220000,2026/05/20-09:26:14.220,-0.294802517361
1779240375.220000,2026/05/20-09:26:15.220,0.171511501736
1779240376.240000,2026/05/20-09:26:16.240,0.310693359375
1779240377.220000,2026/05/20-09:26:17.220,0.213156467014
1779240378.220000,2026/05/20-09:26:18.220,0.0323296440972
1779240379.220000,2026/05/20-09:26:19.220,-0.0449327256944
1779240380.220000,2026/05/20-09:26:20.220,0.242746310764
1779240381.220000,2026/05/20-09:26:21.220,-0.0306857638889
1779240382.220000,2026/05/20-09:26:22.220,0.221923828125
1779240383.240000,2026/05/20-09:26:23.240,-0.106852213542
1779240384.220000,2026/05/20-09:26:24.220,-0.12822265625
1779240385.220000,2026/05/20-09:26:25.220,0.156716579861
1779240386.220000,2026/05/20-09:26:26.220,0.08876953125
1779240387.220000,2026/05/20-09:26:27.220,-0.0849338107639
1779240388.220000,2026/05/20-09:26:28.220,-0.116715494792
1779240389.240000,2026/05/20-09:26:29.240,-0.143565538194
1779240390.220000,2026/05/20-09:26:30.220,0.241102430556
1779240391.220000,2026/05/20-09:26:31.220,-0.152880859375
1779240392.220000,2026/05/20-09:26:32.220,-0.004931640625
1779240393.220000,2026/05/20-09:26:33.220,0.204389105903
1779240394.220000,2026/05/20-09:26:34.220,-0.193429904514
1779240395.220000,2026/05/20-09:26:35.220,-0.201101345486
1779240396.270000,2026/05/20-09:26:36.270,0.225211588542
1779240397.220000,2026/05/20-09:26:37.220,0.115071614583
1779240398.220000,2026/05/20-09:26:38.220,0.00438368055555
1779240399.220000,2026/05/20-09:26:39.220,-0.122743055556
1779240400.220000,2026/05/20-09:26:40.220,0.000547960069443
1779240401.220000,2026/05/20-09:26:41.220,-0.189046223958
1779240402.240000,2026/05/20-09:26:42.240,0.141921657986
1779240403.220000,2026/05/20-09:26:43.220,0.129318576389
1779240404.220000,2026/05/20-09:26:44.220,-0.217540147569
1779240405.220000,2026/05/20-09:26:45.220,-0.0186306423611
1779240406.220000,2026/05/20-09:26:46.220,0.0471245659722
1779240407.220000,2026/05/20-09:26:47.220,0.351242404514
1779240408.220000,2026/05/20-09:26:48.220,-0.0706868489583
1779240409.240000,2026/05/20-09:26:49.240,-0.0268500434028
1779240410.220000,2026/05/20-09:26:50.220,0.273980034722
1779240411.220000,2026/05/20-09:26:51.220,-0.0537000868056
1779240412.220000,2026/05/20-09:26:52.220,-0.300830078125
1779240413.220000,2026/05/20-09:26:53.220,0.279459635417
1779240414.220000,2026/05/20-09:26:54.220,0.0915093315972
1779240415.240000,2026/05/20-09:26:55.240,0.138633897569
1779240416.220000,2026/05/20-09:26:56.220,0.228499348958
1779240417.220000,2026/05/20-09:26:57.220,-0.00328776041667
1779240418.220000,2026/05/20-09:26:58.220,0.0668511284722
1779240419.220000,2026/05/20-09:26:59.220,0.0531521267361
1779240420.220000,2026/05/20-09:27:00.220,0.171511501736
1779240421.220000,2026/05/20-09:27:01.220,-0.388503689236
1779240422.240000,2026/05/20-09:27:02.240,-0.0284939236111
1779240423.220000,2026/05/20-09:27:03.220,0.482204861111
1779240424.220000,2026/05/20-09:27:04.220,-0.288226996528
1779240425.220000,2026/05/20-09:27:05.220,-0.274527994792
1779240426.220000,2026/05/20-09:27:06.220,0.0180826822917
1779240427.220000,2026/05/20-09:27:07.220,0.274527994792
1779240428.220000,2026/05/20-09:27:08.220,0.367681206597
1779240429.230000,2026/05/20-09:27:09.230,-0.195073784722
1779240430.220000,2026/05/20-09:27:10.220,0.226307508681
1779240431.220000,2026/05/20-09:27:11.220,-0.246034071181
1779240432.220000,2026/05/20-09:27:12.220,0.0832899305556
1779240433.220000,2026/05/20-09:27:13.220,-0.424669053819
1779240434.220000,2026/05/20-09:27:14.220,0.122743055556
1779240435.240000,2026/05/20-09:27:15.240,0.420833333333
1779240436.220000,2026/05/20-09:27:16.220,-0.0553439670139
1779240437.220000,2026/05/20-09:27:17.220,-0.160552300347
1779240438.220000,2026/05/20-09:27:18.220,0.185210503472
1779240439.220000,2026/05/20-09:27:19.220,0.150689019097
1779240440.220000,2026/05/20-09:27:20.220,-0.0805501302083
1779240441.220000,2026/05/20-09:27:21.220,-0.384120008681
1779240442.260000,2026/05/20-09:27:22.260,-0.155620659722
1779240443.220000,2026/05/20-09:27:23.220,0.224663628472
1779240444.220000,2026/05/20-09:27:24.220,-0.528781467014
1779240445.220000,2026/05/20-09:27:25.220,-0.0800021701389
1779240446.220000,2026/05/20-09:27:26.220,0.557823350694
1779240447.220000,2026/05/20-09:27:27.220,0.0136990017361
1779240448.230000,2026/05/20-09:27:28.230,0.0169867621528
1779240449.220000,2026/05/20-09:27:29.220,0.168771701389
1779240450.220000,2026/05/20-09:27:30.220,-0.310145399306
1779240451.220000,2026/05/20-09:27:31.220,-0.0317816840278
1779240452.220000,2026/05/20-09:27:32.220,-0.362201605903
1779240453.220000,2026/05/20-09:27:33.220,0.198909505208
1779240454.220000,2026/05/20-09:27:34.220,0.000547960069443
1779240455.240000,2026/05/20-09:27:35.240,0.183566623264
1779240456.220000,2026/05/20-09:27:36.220,0.0120551215278
1779240457.220000,2026/05/20-09:27:37.220,0.0230143229167
1779240458.220000,2026/05/20-09:27:38.220,0.299734157986
1779240459.220000,2026/05/20-09:27:39.220,-0.307405598958
1779240460.220000,2026/05/20-09:27:40.220,-0.274527994792
1779240461.250000,2026/05/20-09:27:41.250,-0.498095703125
1779240462.220000,2026/05/20-09:27:42.220,-0.290966796875
1779240463.220000,2026/05/20-09:27:43.220,0.590700954861
1779240464.220000,2026/05/20-09:27:44.220,0.0306857638889
1779240465.220000,2026/05/20-09:27:45.220,0.409874131944
1779240466.220000,2026/05/20-09:27:46.220,-0.0454806857639
1779240467.220000,2026/05/20-09:27:47.220,-0.333159722222
1779240468.260000,2026/05/20-09:27:48.260,-0.189046223958
1779240469.220000,2026/05/20-09:27:49.220,-0.103016493056
1779240470.220000,2026/05/20-09:27:50.220,-0.254801432292
1779240471.220000,2026/05/20-09:27:51.220,0.224115668403
1779240472.220000,2026/05/20-09:27:52.220,-0.343023003472
1779240473.220000,2026/05/20-09:27:53.220,0.138633897569
1779240474.250000,2026/05/20-09:27:54.250,-0.0432888454861
1779240475.220000,2026/05/20-09:27:55.220,-0.0920572916667
1779240476.220000,2026/05/20-09:27:56.220,0.162744140625
1779240477.220000,2026/05/20-09:27:57.220,0.103564453125
1779240478.220000,2026/05/20-09:27:58.220,-0.0723307291667
1779240479.220000,2026/05/20-09:27:59.220,-0.0849338107639
1779240480.220000,2026/05/20-09:28:00.220,0.0290418836806
1779240481.250000,2026/05/20-09:28:01.250,-0.195073784722
1779240482.220000,2026/05/20-09:28:02.220,-0.398914930556
1779240483.220000,2026/05/20-09:28:03.220,-0.223567708333
1779240484.220000,2026/05/20-09:28:04.220,0.0520562065972
1779240485.220000,2026/05/20-09:28:05.220,-0.00657552083333
1779240486.220000,2026/05/20-09:28:06.220,0.313981119792
1779240487.230000,2026/05/20-09:28:07.230,-0.170415581597
1779240488.220000,2026/05/20-09:28:08.220,0.054248046875
1779240489.220000,2026/05/20-09:28:09.220,0.0854817708333
1779240490.220000,2026/05/20-09:28:10.220,0.233978949653
1779240491.220000,2026/05/20-09:28:11.220,0.342475043403
1779240492.220000,2026/05/20-09:28:12.220,0.0356174045139
1779240493.220000,2026/05/20-09:28:13.220,0.0860297309028
1779240494.260000,2026/05/20-09:28:14.260,-0.129866536458
1779240495.220000,2026/05/20-09:28:15.220,0.189594184028
1779240496.220000,2026/05/20-09:28:16.220,-0.0564398871528
1779240497.220000,2026/05/20-09:28:17.220,-0.146305338542
1779240498.220000,2026/05/20-09:28:18.220,-0.07890625
1779240499.220000,2026/05/20-09:28:19.220,-0.0624674479167
1779240500.220000,2026/05/20-09:28:20.220,-0.0750705295139
1779240501.220000,2026/05/20-09:28:21.220,-0.0684950086806
1779240502.220000,2026/05/20-09:28:22.220,-0.252061631944
1779240503.220000,2026/05/20-09:28:23.220,0.273432074653
1779240504.220000,2026/05/20-09:28:24.220,0.145209418403
1779240505.220000,2026/05/20-09:28:25.220,0.502479383681
1779240506.220000,2026/05/20-09:28:26.220,0.385763888889
1779240507.230000,2026/05/20-09:28:27.230,0.0498643663194
1779240508.220000,2026/05/20-09:28:28.220,0.334255642361
1779240509.220000,2026/05/20-09:28:29.220,-0.0865776909722
1779240510.220000,2026/05/20-09:28:30.220,0.194525824653
1779240511.220000,2026/05/20-09:28:31.220,-0.118907335069
1779240512.220000,2026/05/20-09:28:32.220,-0.0816460503472
1779240513.220000,2026/05/20-09:28:33.220,0.133154296875
1779240514.290000,2026/05/20-09:28:34.290,-0.208772786458
1779240515.220000,2026/05/20-09:28:35.220,-0.0235622829861
1779240516.220000,2026/05/20-09:28:36.220,0.293158637153
1779240517.220000,2026/05/20-09:28:37.220,-0.0602756076389
1779240518.220000,2026/05/20-09:28:38.220,0.0663031684028
1779240519.220000,2026/05/20-09:28:39.220,-0.0608235677083
1779240520.230000,2026/05/20-09:28:40.230,0.145757378472
1779240521.220000,2026/05/20-09:28:41.220,0.140825737847
1779240522.220000,2026/05/20-09:28:42.220,0.0476725260417
1779240523.220000,2026/05/20-09:28:43.220,0.0339735243056
1779240524.220000,2026/05/20-09:28:44.220,-0.314529079861
1779240525.220000,2026/05/20-09:28:45.220,-0.514534505208
1779240526.220000,2026/05/20-09:28:46.220,0.117811414931
1779240527.250000,2026/05/20-09:28:47.250,-0.317268880208
1779240528.220000,2026/05/20-09:28:48.220,0.0591796875
1779240529.220000,2026/05/20-09:28:49.220,0.0591796875
1779240530.220000,2026/05/20-09:28:50.220,0.321104600694
1779240531.220000,2026/05/20-09:28:51.220,-0.0646592881944
1779240532.220000,2026/05/20-09:28:52.220,0.362201605903
1779240533.230000,2026/05/20-09:28:53.230,-0.107400173611
1779240534.220000,2026/05/20-09:28:54.220,-0.0706868489583
1779240535.220000,2026/05/20-09:28:55.220,-0.0756184895833
1779240536.220000,2026/05/20-09:28:56.220,0.161100260417
1779240537.220000,2026/05/20-09:28:57.220,-0.245486111111
1779240538.220000,2026/05/20-09:28:58.220,-0.336447482639
1779240539.220000,2026/05/20-09:28:59.220,0.142469618056
1779240540.240000,2026/05/20-09:29:00.240,-0.366037326389
1779240541.220000,2026/05/20-09:29:01.220,-0.268500434028
1779240542.220000,2026/05/20-09:29:02.220,-0.0931532118056
1779240543.220000,2026/05/20-09:29:03.220,-0.127674696181
1779240544.220000,2026/05/20-09:29:04.220,-0.00876736111111
1779240545.220000,2026/05/20-09:29:05.220,0.0328776041667
1779240546.250000,2026/05/20-09:29:06.250,0.327680121528
1779240547.220000,2026/05/20-09:29:07.220,0.252609592014
1779240548.220000,2026/05/20-09:29:08.220,0.0778103298611
1779240549.220000,2026/05/20-09:29:09.220,-0.216444227431
1779240550.220000,2026/05/20-09:29:10.220,-0.185210503472
1779240551.220000,2026/05/20-09:29:11.220,0.0701388888889
1779240552.220000,2026/05/20-09:29:12.220,0.0931532118056
1779240553.220000,2026/05/20-09:29:13.220,0.193977864583
1779240554.220000,2026/05/20-09:29:14.220,0.0531521267361
1779240555.220000,2026/05/20-09:29:15.220,0.0602756076389
1779240556.220000,2026/05/20-09:29:16.220,-0.0339735243056
1779240557.220000,2026/05/20-09:29:17.220,0.213156467014
1779240558.220000,2026/05/20-09:29:18.220,-0.198909505208
1779240559.240000,2026/05/20-09:29:19.240,-0.0169867621528
1779240560.220000,2026/05/20-09:29:20.220,0.185758463542
1779240561.220000,2026/05/20-09:29:21.220,0.0383572048611
1779240562.220000,2026/05/20-09:29:22.220,0.219731987847
1779240563.220000,2026/05/20-09:29:23.220,-0.200553385417
1779240564.220000,2026/05/20-09:29:24.220,-0.305213758681
1779240565.220000,2026/05/20-09:29:25.220,-0.251513671875
1779240566.250000,2026/05/20-09:29:26.250,-0.0986328125
1779240567.220000,2026/05/20-09:29:27.220,-0.473985460069
1779240568.220000,2026/05/20-09:29:28.220,0.590152994792
1779240569.220000,2026/05/20-09:29:29.220,-0.0663031684028
1779240570.220000,2026/05/20-09:29:30.220,0.0898654513889
1779240571.220000,2026/05/20-09:29:31.220,-0.183566623264
1779240572.240000,2026/05/20-09:29:32.240,0.144113498264
1779240573.220000,2026/05/20-09:29:33.220,0.120003255208
1779240574.220000,2026/05/20-09:29:34.220,0.160004340278
1779240575.220000,2026/05/20-09:29:35.220,-0.198909505208
1779240576.220000,2026/05/20-09:29:36.220,0.101920572917
1779240577.220000,2026/05/20-09:29:37.220,-0.233978949653
1779240578.220000,2026/05/20-09:29:38.220,0.0213704427083
1779240579.240000,2026/05/20-09:29:39.240,0.320556640625
1779240580.220000,2026/05/20-09:29:40.220,0.044384765625
1779240581.220000,2026/05/20-09:29:41.220,1.38777878078e-15
1779240582.220000,2026/05/20-09:29:42.220,-0.208224826389
1779240583.220000,2026/05/20-09:29:43.220,-0.123291015625
1779240584.220000,2026/05/20-09:29:44.220,0.0328776041667
1779240585.240000,2026/05/20-09:29:45.240,-0.0416449652778
1779240586.220000,2026/05/20-09:29:46.220,-0.237266710069
1779240587.220000,2026/05/20-09:29:47.220,0.0482204861111
1779240588.220000,2026/05/20-09:29:48.220,-0.109592013889
1779240589.220000,2026/05/20-09:29:49.220,-0.227403428819
1779240590.220000,2026/05/20-09:29:50.220,-0.26630859375
1779240591.220000,2026/05/20-09:29:51.220,0.3353515625
1779240592.260000,2026/05/20-09:29:52.260,0.166031901042
1779240593.220000,2026/05/20-09:29:53.220,-0.282747395833
1779240594.220000,2026/05/20-09:29:54.220,0.0991807725694
1779240595.220000,2026/05/20-09:29:55.220,-0.156716579861
1779240596.220000,2026/05/20-09:29:56.220,0.217540147569
1779240597.220000,2026/05/20-09:29:57.220,0.0465766059028
1779240598.230000,2026/05/20-09:29:58.230,-0.175347222222
1779240599.220000,2026/05/20-09:29:59.220,0.170415581597
1779240600.220000,2026/05/20-09:30:00.220,-0.381380208333
1779240601.220000,2026/05/20-09:30:01.220,0.269048394097
1779240602.220000,2026/05/20-09:30:02.220,-0.200005425347
1779240603.220000,2026/05/20-09:30:03.220,0.014794921875
1779240604.220000,2026/05/20-09:30:04.220,0.254253472222
1779240605.250000,2026/05/20-09:30:05.250,-0.334255642361
1779240606.220000,2026/05/20-09:30:06.220,0.0498643663194
1779240607.220000,2026/05/20-09:30:07.220,0.236170789931
1779240608.220000,2026/05/20-09:30:08.220,0.143017578125
1779240609.220000,2026/05/20-09:30:09.220,0.219184027778
1779240610.220000,2026/05/20-09:30:10.220,0.464670138889
1779240611.240000,2026/05/20-09:30:11.240,0.113427734375
1779240612.220000,2026/05/20-09:30:12.220,0.366585286458
1779240613.220000,2026/05/20-09:30:13.220,0.424669053819
1779240614.220000,2026/05/20-09:30:14.220,0.2169921875
1779240615.220000,2026/05/20-09:30:15.220,0.223567708333
1779240616.220000,2026/05/20-09:30:16.220,0.0931532118056
1779240617.220000,2026/05/20-09:30:17.220,-0.0273980034722
1779240618.260000,2026/05/20-09:30:18.260,0.0537000868056
1779240619.220000,2026/05/20-09:30:19.220,-0.119455295139
1779240620.220000,2026/05/20-09:30:20.220,0.259733072917
1779240621.220000,2026/05/20-09:30:21.220,0.198361545139
1779240622.220000,2026/05/20-09:30:22.220,0.039453125
1779240623.220000,2026/05/20-09:30:23.220,0.329871961806
1779240624.220000,2026/05/20-09:30:24.220,0.0947970920139
1779240625.220000,2026/05/20-09:30:25.220,0.106304253472
1779240626.220000,2026/05/20-09:30:26.220,-0.182470703125
1779240627.220000,2026/05/20-09:30:27.220,0.172059461806
1779240628.220000,2026/05/20-09:30:28.220,-0.122195095486
1779240629.220000,2026/05/20-09:30:29.220,-0.149045138889
1779240630.220000,2026/05/20-09:30:30.220,-0.0180826822917
1779240631.260000,2026/05/20-09:30:31.260,0.135894097222
1779240632.220000,2026/05/20-09:30:32.220,-0.106304253472
1779240633.220000,2026/05/20-09:30:33.220,-0.143565538194
1779240634.220000,2026/05/20-09:30:34.220,0.0410970052083
1779240635.220000,2026/05/20-09:30:35.220,-0.171511501736
1779240636.220000,2026/05/20-09:30:36.220,0.0526041666667
1779240637.220000,2026/05/20-09:30:37.220,-0.0356174045139
1779240638.220000,2026/05/20-09:30:38.220,-0.188498263889
1779240639.220000,2026/05/20-09:30:39.220,-0.201101345486
1779240640.220000,2026/05/20-09:30:40.220,0.0893174913194
1779240641.220000,2026/05/20-09:30:41.220,-0.336995442708
1779240642.220000,2026/05/20-09:30:42.220,0.0827419704861
1779240643.220000,2026/05/20-09:30:43.220,-0.0290418836806
1779240644.280000,2026/05/20-09:30:44.280,0.132058376736
1779240645.220000,2026/05/20-09:30:45.220,0.133702256944
1779240646.220000,2026/05/20-09:30:46.220,-0.204937065972
1779240647.220000,2026/05/20-09:30:47.220,-0.175347222222
1779240648.220000,2026/05/20-09:30:48.220,0.00109592013888
1779240649.220000,2026/05/20-09:30:49.220,0.0969889322917
1779240650.220000,2026/05/20-09:30:50.220,-0.0471245659722
1779240651.220000,2026/05/20-09:30:51.220,-0.209868706597
1779240652.220000,2026/05/20-09:30:52.220,0.0619194878472
1779240653.220000,2026/05/20-09:30:53.220,-0.243842230903
1779240654.220000,2026/05/20-09:30:54.220,-0.0679470486111
1779240655.220000,2026/05/20-09:30:55.220,0.176991102431
1779240656.220000,2026/05/20-09:30:56.220,-0.195073784722
1779240657.250000,2026/05/20-09:30:57.250,-0.500835503472
1779240658.220000,2026/05/20-09:30:58.220,0.0980848524306
1779240659.220000,2026/05/20-09:30:59.220,0.0356174045139
1779240660.220000,2026/05/20-09:31:00.220,0.291514756944
1779240661.220000,2026/05/20-09:31:01.220,-0.0575358072917
1779240662.220000,2026/05/20-09:31:02.220,-0.0553439670139
1779240663.220000,2026/05/20-09:31:03.220,0.185758463542
1779240664.220000,2026/05/20-09:31:04.220,0.109044053819
1779240665.220000,2026/05/20-09:31:05.220,-0.188498263889
1779240666.220000,2026/05/20-09:31:06.220,0.132606336806
1779240667.220000,2026/05/20-09:31:07.220,0.0268500434028
1779240668.220000,2026/05/20-09:31:08.220,-0.219184027778
1779240669.220000,2026/05/20-09:31:09.220,0.054248046875
1779240670.240000,2026/05/20-09:31:10.240,-0.123291015625
1779240671.220000,2026/05/20-09:31:11.220,0.447135416667
1779240672.220000,2026/05/20-09:31:12.220,0.004931640625
1779240673.220000,2026/05/20-09:31:13.220,0.1380859375
1779240674.220000,2026/05/20-09:31:14.220,0.0109592013889
1779240675.220000,2026/05/20-09:31:15.220,0.264116753472
1779240676.220000,2026/05/20-09:31:16.220,-0.106852213542
1779240677.230000,2026/05/20-09:31:17.230,0.0164388020833
1779240678.220000,2026/05/20-09:31:18.220,0.00986328125
1779240679.220000,2026/05/20-09:31:19.220,-0.0915093315972
1779240680.220000,2026/05/20-09:31:20.220,0.332063802083
1779240681.220000,2026/05/20-09:31:21.220,0.160004340278
1779240682.220000,2026/05/20-09:31:22.220,-0.361105685764
1779240683.280000,2026/05/20-09:31:23.280,-0.1775390625
1779240684.220000,2026/05/20-09:31:24.220,-0.26630859375
1779240685.220000,2026/05/20-09:31:25.220,0.0624674479167
1779240686.220000,2026/05/20-09:31:26.220,-0.202197265625
1779240687.220000,2026/05/20-09:31:27.220,-0.07890625
1779240688.220000,2026/05/20-09:31:28.220,0.219184027778
1779240689.230000,2026/05/20-09:31:29.230,-0.195621744792
1779240690.220000,2026/05/20-09:31:30.220,-0.0350694444444
1779240691.220000,2026/05/20-09:31:31.220,-0.0334255642361
1779240692.220000,2026/05/20-09:31:32.220,-0.344118923611
1779240693.220000,2026/05/20-09:31:33.220,-0.155072699653
1779240694.220000,2026/05/20-09:31:34.220,0.0772623697917
1779240695.220000,2026/05/20-09:31:35.220,-0.135894097222
1779240696.250000,2026/05/20-09:31:36.250,0.184662543403
1779240697.220000,2026/05/20-09:31:37.220,-0.10849609375
1779240698.220000,2026/05/20-09:31:38.220,-0.0657552083333
1779240699.220000,2026/05/20-09:31:39.220,0.0136990017361
1779240700.220000,2026/05/20-09:31:40.220,0.105208333333
1779240701.220000,2026/05/20-09:31:41.220,-0.242746310764
1779240702.240000,2026/05/20-09:31:42.240,-0.0882215711806
1779240703.220000,2026/05/20-09:31:43.220,0.338639322917
1779240704.220000,2026/05/20-09:31:44.220,0.0169867621528
1779240705.220000,2026/05/20-09:31:45.220,-0.245486111111
1779240706.220000,2026/05/20-09:31:46.220,-0.0169867621528
1779240707.220000,2026/05/20-09:31:47.220,-0.144661458333
1779240708.220000,2026/05/20-09:31:48.220,0.0301378038194
1779240709.240000,2026/05/20-09:31:49.240,-0.0898654513889
1779240710.220000,2026/05/20-09:31:50.220,0.116715494792
1779240711.220000,2026/05/20-09:31:51.220,-0.317816840278
1779240712.220000,2026/05/20-09:31:52.220,0.111235894097
1779240713.220000,2026/05/20-09:31:53.220,0.0482204861111
1779240714.220000,2026/05/20-09:31:54.220,-0.184114583333
1779240715.230000,2026/05/20-09:31:55.230,-0.163292100694
1779240716.220000,2026/05/20-09:31:56.220,0.285487196181
1779240717.220000,2026/05/20-09:31:57.220,-0.239458550347
1779240718.220000,2026/05/20-09:31:58.220,0.141921657986
1779240719.220000,2026/05/20-09:31:59.220,-0.218088107639
1779240720.220000,2026/05/20-09:32:00.220,-0.0312337239583
1779240721.220000,2026/05/20-09:32:01.220,0.183566623264
1779240722.250000,2026/05/20-09:32:02.250,0.136442057292
1779240723.220000,2026/05/20-09:32:03.220,-0.426860894097
1779240724.220000,2026/05/20-09:32:04.220,-0.0657552083333
1779240725.220000,2026/05/20-09:32:05.220,0.0279459635417
1779240726.220000,2026/05/20-09:32:06.220,-0.151784939236
1779240727.220000,2026/05/20-09:32:07.220,-0.0800021701389
1779240728.230000,2026/05/20-09:32:08.230,0.139181857639
1779240729.220000,2026/05/20-09:32:09.220,-0.101372612847
1779240730.220000,2026/05/20-09:32:10.220,0.479465060764
1779240731.220000,2026/05/20-09:32:11.220,0.131510416667
1779240732.220000,2026/05/20-09:32:12.220,-0.02958984375
1779240733.220000,2026/05/20-09:32:13.220,-0.0646592881944
1779240734.220000,2026/05/20-09:32:14.220,-0.147401258681
1779240735.280000,2026/05/20-09:32:15.280,0.308501519097
1779240736.220000,2026/05/20-09:32:16.220,-0.281651475694
1779240737.220000,2026/05/20-09:32:17.220,-0.38466796875
1779240738.220000,2026/05/20-09:32:18.220,0.535356987847
1779240739.220000,2026/05/20-09:32:19.220,0.073974609375
1779240740.220000,2026/05/20-09:32:20.220,0.160004340278
1779240741.220000,2026/05/20-09:32:21.220,-0.0504123263889
1779240742.220000,2026/05/20-09:32:22.220,-0.397819010417
1779240743.220000,2026/05/20-09:32:23.220,0.0350694444444
1779240744.220000,2026/05/20-09:32:24.220,0.294802517361
1779240745.220000,2026/05/20-09:32:25.220,-0.259733072917
1779240746.220000,2026/05/20-09:32:26.220,-0.0695909288194
1779240747.220000,2026/05/20-09:32:27.220,-0.00273980034722
1779240748.240000,2026/05/20-09:32:28.240,0.146305338542
1779240749.220000,2026/05/20-09:32:29.220,0.0515082465278
1779240750.220000,2026/05/20-09:32:30.220,-0.0991807725694
1779240751.220000,2026/05/20-09:32:31.220,0.116715494792
1779240752.220000,2026/05/20-09:32:32.220,-0.20712890625
1779240753.220000,2026/05/20-09:32:33.220,0.296446397569
1779240754.220000,2026/05/20-09:32:34.220,0.150689019097
1779240755.220000,2026/05/20-09:32:35.220,0.118359375
1779240756.220000,2026/05/20-09:32:36.220,0.0668511284722
1779240757.220000,2026/05/20-09:32:37.220,-0.110687934028
1779240758.220000,2026/05/20-09:32:38.220,0.0964409722222
1779240759.220000,2026/05/20-09:32:39.220,0.0164388020833
1779240760.220000,2026/05/20-09:32:40.220,0.136442057292
1779240761.260000,2026/05/20-09:32:41.260,0.0471245659722
1779240762.220000,2026/05/20-09:32:42.220,-0.2169921875
1779240763.220000,2026/05/20-09:32:43.220,-0.201649305556
1779240764.220000,2026/05/20-09:32:44.220,-0.4931640625
1779240765.220000,2026/05/20-09:32:45.220,0.0876736111111
1779240766.220000,2026/05/20-09:32:46.220,-0.512342664931
1779240767.220000,2026/05/20-09:32:47.220,-0.129318576389
1779240768.230000,2026/05/20-09:32:48.230,-0.0876736111111
1779240769.220000,2026/05/20-09:32:49.220,0.228499348958
1779240770.220000,2026/05/20-09:32:50.220,-0.0515082465278
1779240771.220000,2026/05/20-09:32:51.220,-0.290418836806
1779240772.220000,2026/05/20-09:32:52.220,-0.00164388020833
1779240773.220000,2026/05/20-09:32:53.220,-0.14794921875
1779240774.250000,2026/05/20-09:32:54.250,-0.0882215711806
1779240775.220000,2026/05/20-09:32:55.220,0.259733072917
1779240776.220000,2026/05/20-09:32:56.220,-0.004931640625
1779240777.220000,2026/05/20-09:32:57.220,-0.0580837673611
1779240778.220000,2026/05/20-09:32:58.220,-0.204937065972
1779240779.220000,2026/05/20-09:32:59.220,0.0975368923611
1779240780.220000,2026/05/20-09:33:00.220,0.154524739583
1779240781.230000,2026/05/20-09:33:01.230,0.288226996528
1779240782.220000,2026/05/20-09:33:02.220,0.223019748264
1779240783.220000,2026/05/20-09:33:03.220,-0.336995442708
1779240784.220000,2026/05/20-09:33:04.220,-0.0613715277778
1779240785.220000,2026/05/20-09:33:05.220,0.073974609375
1779240786.220000,2026/05/20-09:33:06.220,0.197813585069
1779240787.240000,2026/05/20-09:33:07.240,0.0526041666667
1779240788.220000,2026/05/20-09:33:08.220,0.225759548611
1779240789.220000,2026/05/20-09:33:09.220,-0.00931532118055
1779240790.220000,2026/05/20-09:33:10.220,0.121647135417
1779240791.220000,2026/05/20-09:33:11.220,0.361105685764
1779240792.220000,2026/05/20-09:33:12.220,0.340283203125
1779240793.220000,2026/05/20-09:33:13.220,0.185758463542
1779240794.230000,2026/05/20-09:33:14.230,0.406586371528
1779240795.220000,2026/05/20-09:33:15.220,0.316720920139
1779240796.220000,2026/05/20-09:33:16.220,0.201649305556
1779240797.220000,2026/05/20-09:33:17.220,0.0126030815972
1779240798.220000,2026/05/20-09:33:18.220,-0.352338324653
1779240799.220000,2026/05/20-09:33:19.220,0.191238064236
1779240800.250000,2026/05/20-09:33:20.250,-0.267952473958
1779240801.220000,2026/05/20-09:33:21.220,0.122195095486
1779240802.220000,2026/05/20-09:33:22.220,-0.00109592013889
1779240803.220000,2026/05/20-09:33:23.220,-0.0400010850694
1779240804.220000,2026/05/20-09:33:24.220,0.158908420139
1779240805.220000,2026/05/20-09:33:25.220,-0.0854817708333
1779240806.220000,2026/05/20-09:33:26.220,-0.377544487847
1779240807.230000,2026/05/20-09:33:27.230,-0.105208333333
1779240808.220000,2026/05/20-09:33:28.220,0.0756184895833
1779240809.220000,2026/05/20-09:33:29.220,-0.34521484375
1779240810.220000,2026/05/20-09:33:30.220,0.370421006944
1779240811.220000,2026/05/20-09:33:31.220,-0.0131510416667
1779240812.220000,2026/05/20-09:33:32.220,0.150689019097
1779240813.290000,2026/05/20-09:33:33.290,0.129866536458
1779240814.220000,2026/05/20-09:33:34.220,0.366037326389
1779240815.220000,2026/05/20-09:33:35.220,-0.416449652778
1779240816.220000,2026/05/20-09:33:36.220,0.379188368056
1779240817.220000,2026/05/20-09:33:37.220,-0.145757378472
1779240818.220000,2026/05/20-09:33:38.220,0.367133246528
1779240819.220000,2026/05/20-09:33:39.220,0.184114583333
1779240820.230000,2026/05/20-09:33:40.230,-0.117811414931
1779240821.220000,2026/05/20-09:33:41.220,-0.183566623264
1779240822.220000,2026/05/20-09:33:42.220,0.215896267361
1779240823.220000,2026/05/20-09:33:43.220,0.138633897569
1779240824.220000,2026/05/20-09:33:44.220,-0.225759548611
1779240825.220000,2026/05/20-09:33:45.220,-0.0706868489583
1779240826.260000,2026/05/20-09:33:46.260,0.247129991319
1779240827.220000,2026/05/20-09:33:47.220,-0.111235894097
1779240828.220000,2026/05/20-09:33:48.220,-0.145757378472
1779240829.220000,2026/05/20-09:33:49.220,-0.369873046875
1779240830.220000,2026/05/20-09:33:50.220,-0.0558919270833
1779240831.220000,2026/05/20-09:33:51.220,-0.204389105903
1779240832.220000,2026/05/20-09:33:52.220,0.249869791667
1779240833.270000,2026/05/20-09:33:53.270,-0.219731987847
1779240834.220000,2026/05/20-09:33:54.220,0.0920572916667
1779240835.220000,2026/05/20-09:33:55.220,-0.00219184027778
1779240836.220000,2026/05/20-09:33:56.220,0.552891710069
1779240837.220000,2026/05/20-09:33:57.220,-0.256993272569
1779240838.220000,2026/05/20-09:33:58.220,0.0476725260417
1779240839.240000,2026/05/20-09:33:59.240,0.287131076389
1779240840.220000,2026/05/20-09:34:00.220,-0.199457465278
1779240841.220000,2026/05/20-09:34:01.220,-0.073974609375
1779240842.220000,2026/05/20-09:34:02.220,-0.356174045139
1779240843.220000,2026/05/20-09:34:03.220,-0.36494140625
1779240844.220000,2026/05/20-09:34:04.220,0.064111328125
1779240845.220000,2026/05/20-09:34:05.220,0.0169867621528
1779240846.220000,2026/05/20-09:34:06.220,-0.221375868056
1779240847.220000,2026/05/20-09:34:07.220,-0.120551215278
1779240848.220000,2026/05/20-09:34:08.220,-0.118359375
1779240849.220000,2026/05/20-09:34:09.220,0.0263020833333
1779240850.220000,2026/05/20-09:34:10.220,-0.350146484375
1779240851.220000,2026/05/20-09:34:11.220,0.112331814236
1779240852.250000,2026/05/20-09:34:12.250,0.311241319444
1779240853.220000,2026/05/20-09:34:13.220,-0.0230143229167
1779240854.220000,2026/05/20-09:34:14.220,0.0104112413194
1779240855.220000,2026/05/20-09:34:15.220,-0.0712348090278
1779240856.220000,2026/05/20-09:34:16.220,-0.283843315972
1779240857.220000,2026/05/20-09:34:17.220,-0.163292100694
1779240858.220000,2026/05/20-09:34:18.220,0.336447482639
1779240859.220000,2026/05/20-09:34:19.220,-0.064111328125
1779240860.220000,2026/05/20-09:34:20.220,-0.00767144097222
1779240861.220000,2026/05/20-09:34:21.220,-0.0947970920139
1779240862.220000,2026/05/20-09:34:22.220,0.116167534722
1779240863.220000,2026/05/20-09:34:23.220,0.034521484375
1779240864.220000,2026/05/20-09:34:24.220,0.0449327256944
1779240865.250000,2026/05/20-09:34:25.250,-0.510698784722
1779240866.220000,2026/05/20-09:34:26.220,-0.0515082465278
1779240867.220000,2026/05/20-09:34:27.220,-0.0504123263889
1779240868.220000,2026/05/20-09:34:28.220,-0.0860297309028
1779240869.220000,2026/05/20-09:34:29.220,-0.0169867621528
1779240870.220000,2026/05/20-09:34:30.220,-0.237266710069
1779240871.220000,2026/05/20-09:34:31.220,-0.054248046875
1779240872.250000,2026/05/20-09:34:32.250,-0.0476725260417
1779240873.220000,2026/05/20-09:34:33.220,0.160552300347
1779240874.220000,2026/05/20-09:34:34.220,0.0460286458333
1779240875.220000,2026/05/20-09:34:35.220,0.143017578125
1779240876.220000,2026/05/20-09:34:36.220,0.257541232639
1779240877.220000,2026/05/20-09:34:37.220,0.0334255642361
1779240878.260000,2026/05/20-09:34:38.260,0.0389051649306
1779240879.220000,2026/05/20-09:34:39.220,-0.06904296875
1779240880.220000,2026/05/20-09:34:40.220,-0.357817925347
1779240881.220000,2026/05/20-09:34:41.220,0.120003255208
1779240882.220000,2026/05/20-09:34:42.220,0.117263454861
1779240883.220000,2026/05/20-09:34:43.220,-0.034521484375
1779240884.220000,2026/05/20-09:34:44.220,-0.160552300347
1779240885.280000,2026/05/20-09:34:45.280,0.305213758681
1779240886.220000,2026/05/20-09:34:46.220,-0.132058376736
1779240887.220000,2026/05/20-09:34:47.220,-0.0175347222222
1779240888.220000,2026/05/20-09:34:48.220,0.145209418403
1779240889.220000,2026/05/20-09:34:49.220,0.210416666667
1779240890.220000,2026/05/20-09:34:50.220,-0.144661458333
1779240891.240000,2026/05/20-09:34:51.240,0.298638237847
1779240892.220000,2026/05/20-09:34:52.220,-0.152332899306
1779240893.220000,2026/05/20-09:34:53.220,-0.0520562065972
1779240894.220000,2026/05/20-09:34:54.220,0.486040581597
1779240895.220000,2026/05/20-09:34:55.220,0.227951388889
1779240896.220000,2026/05/20-09:34:56.220,-0.0202745225694
1779240897.220000,2026/05/20-09:34:57.220,-0.152880859375
1779240898.220000,2026/05/20-09:34:58.220,-0.125482855903
1779240899.220000,2026/05/20-09:34:59.220,-0.0126030815972
1779240900.220000,2026/05/20-09:35:00.220,0.253705512153
1779240901.220000,2026/05/20-09:35:01.220,-0.248225911458
1779240902.220000,2026/05/20-09:35:02.220,-0.184114583333
1779240903.220000,2026/05/20-09:35:03.220,0.0449327256944
1779240904.260000,2026/05/20-09:35:04.260,-0.175347222222
1779240905.220000,2026/05/20-09:35:05.220,-0.243842230903
1779240906.220000,2026/05/20-09:35:06.220,0.366037326389
1779240907.220000,2026/05/20-09:35:07.220,0.723307291667
1779240908.220000,2026/05/20-09:35:08.220,-0.0175347222222
1779240909.220000,2026/05/20-09:35:09.220,0.273980034722
1779240910.220000,2026/05/20-09:35:10.220,-0.227951388889
1779240911.220000,2026/05/20-09:35:11.220,-0.486588541667
1779240912.220000,2026/05/20-09:35:12.220,-0.183566623264
1779240913.220000,2026/05/20-09:35:13.220,0.460834418403
1779240914.220000,2026/05/20-09:35:14.220,0.490972222222
1779240915.220000,2026/05/20-09:35:15.220,-0.383572048611
1779240916.220000,2026/05/20-09:35:16.220,-0.104112413194
1779240917.260000,2026/05/20-09:35:17.260,-0.113427734375
1779240918.220000,2026/05/20-09:35:18.220,0.255897352431
1779240919.220000,2026/05/20-09:35:19.220,0.221923828125
1779240920.220000,2026/05/20-09:35:20.220,-0.129866536458
1779240921.220000,2026/05/20-09:35:21.220,0.0915093315972
1779240922.220000,2026/05/20-09:35:22.220,0.141921657986
1779240923.220000,2026/05/20-09:35:23.220,0.276171875
1779240924.220000,2026/05/20-09:35:24.220,-0.238362630208
1779240925.220000,2026/05/20-09:35:25.220,-0.161648220486
1779240926.220000,2026/05/20-09:35:26.220,-0.240006510417
1779240927.220000,2026/05/20-09:35:27.220,0.193429904514
1779240928.220000,2026/05/20-09:35:28.220,-0.217540147569
1779240929.220000,2026/05/20-09:35:29.220,0.239458550347
1779240930.240000,2026/05/20-09:35:30.240,-0.0816460503472
1779240931.220000,2026/05/20-09:35:31.220,0.00383572048611
1779240932.220000,2026/05/20-09:35:32.220,-0.00219184027777
1779240933.220000,2026/05/20-09:35:33.220,0.199457465278
1779240934.220000,2026/05/20-09:35:34.220,0.317816840278
1779240935.220000,2026/05/20-09:35:35.220,0.0591796875
1779240936.230000,2026/05/20-09:35:36.230,-0.260828993056
1779240937.220000,2026/05/20-09:35:37.220,-0.23671875
1779240938.220000,2026/05/20-09:35:38.220,-0.024658203125
1779240939.220000,2026/05/20-09:35:39.220,0.520562065972
1779240940.220000,2026/05/20-09:35:40.220,0.00273980034722
1779240941.220000,2026/05/20-09:35:41.220,0.367133246528
1779240942.220000,2026/05/20-09:35:42.220,-0.168223741319
1779240943.240000,2026/05/20-09:35:43.240,0.186854383681
1779240944.220000,2026/05/20-09:35:44.220,-0.126578776042
1779240945.220000,2026/05/20-09:35:45.220,0.0367133246528
1779240946.220000,2026/05/20-09:35:46.220,-0.530425347222
1779240947.220000,2026/05/20-09:35:47.220,0.0328776041667
1779240948.220000,2026/05/20-09:35:48.220,0.0684950086806
1779240949.230000,2026/05/20-09:35:49.230,-0.127126736111
1779240950.220000,2026/05/20-09:35:50.220,-0.318364800347
1779240951.220000,2026/05/20-09:35:51.220,-0.509602864583
1779240952.220000,2026/05/20-09:35:52.220,0.2169921875
1779240953.220000,2026/05/20-09:35:53.220,0.120551215278
1779240954.220000,2026/05/20-09:35:54.220,0.373160807292
1779240955.220000,2026/05/20-09:35:55.220,-0.342475043403
1779240956.260000,2026/05/20-09:35:56.260,-0.140277777778
1779240957.220000,2026/05/20-09:35:57.220,-0.0624674479167
1779240958.220000,2026/05/20-09:35:58.220,0.102468532986
1779240959.220000,2026/05/20-09:35:59.220,0.282747395833
1779240960.220000,2026/05/20-09:36:00.220,0.0750705295139
1779240961.220000,2026/05/20-09:36:01.220,0.192333984375
1779240962.220000,2026/05/20-09:36:02.220,-0.250417751736
1779240963.230000,2026/05/20-09:36:03.230,-0.111783854167
1779240964.220000,2026/05/20-09:36:04.220,-0.153976779514
1779240965.220000,2026/05/20-09:36:05.220,-0.231239149306
1779240966.220000,2026/05/20-09:36:06.220,-0.0723307291667
1779240967.220000,2026/05/20-09:36:07.220,0.0230143229167
1779240968.220000,2026/05/20-09:36:08.220,0.0279459635417
1779240969.230000,2026/05/20-09:36:09.230,-0.413709852431
1779240970.220000,2026/05/20-09:36:10.220,-0.0235622829861
1779240971.220000,2026/05/20-09:36:11.220,-0.320556640625
1779240972.220000,2026/05/20-09:36:12.220,-0.0263020833333
1779240973.220000,2026/05/20-09:36:13.220,-0.286583116319
1779240974.220000,2026/05/20-09:36:14.220,0.0263020833333
1779240975.220000,2026/05/20-09:36:15.220,-0.151236979167
1779240976.260000,2026/05/20-09:36:16.260,-0.179182942708
1779240977.220000,2026/05/20-09:36:17.220,-0.244938151042
1779240978.220000,2026/05/20-09:36:18.220,-0.00328776041667
1779240979.220000,2026/05/20-09:36:19.220,-0.121647135417
1779240980.220000,2026/05/20-09:36:20.220,0.265760633681
1779240981.220000,2026/05/20-09:36:21.220,0.0876736111111
1779240982.220000,2026/05/20-09:36:22.220,0.490972222222
1779240983.250000,2026/05/20-09:36:23.250,0.125482855903
1779240984.220000,2026/05/20-09:36:24.220,0.00547960069444
1779240985.220000,2026/05/20-09:36:25.220,-0.0756184895833
1779240986.220000,2026/05/20-09:36:26.220,-0.08876953125
1779240987.220000,2026/05/20-09:36:27.220,-0.00657552083333
1779240988.220000,2026/05/20-09:36:28.220,0.180826822917
1779240989.220000,2026/05/20-09:36:29.220,0.221375868056
1779240990.220000,2026/05/20-09:36:30.220,0.0602756076389
1779240991.220000,2026/05/20-09:36:31.220,0.375352647569
1779240992.220000,2026/05/20-09:36:32.220,0.0761664496528
1779240993.220000,2026/05/20-09:36:33.220,0.116715494792
1779240994.220000,2026/05/20-09:36:34.220,0.221923828125
1779240995.220000,2026/05/20-09:36:35.220,-0.0668511284722
1779240996.260000,2026/05/20-09:36:36.260,0.0915093315972
1779240997.220000,2026/05/20-09:36:37.220,0.0219184027778
1779240998.220000,2026/05/20-09:36:38.220,0.219184027778
1779240999.220000,2026/05/20-09:36:39.220,-0.0624674479167
1779241000.220000,2026/05/20-09:36:40.220,0.0115071614583
1779241001.220000,2026/05/20-09:36:41.220,0.389051649306
1779241002.220000,2026/05/20-09:36:42.220,0.163292100694
1779241003.230000,2026/05/20-09:36:43.230,-0.386859809028
1779241004.220000,2026/05/20-09:36:44.220,0.0553439670139
1779241005.220000,2026/05/20-09:36:45.220,-0.2169921875
1779241006.220000,2026/05/20-09:36:46.220,-0.014794921875
1779241007.220000,2026/05/20-09:36:47.220,0.259185112847
1779241008.220000,2026/05/20-09:36:48.220,-0.173155381944
1779241009.250000,2026/05/20-09:36:49.250,-0.111783854167
1779241010.220000,2026/05/20-09:36:50.220,0.353434244792
